<?xml version="1.0" encoding="utf-8"?>
<COLLADA xmlns="http://www.collada.org/2005/11/COLLADASchema" version="1.4.1" xmlns:xsi="http://www.w3.org/2001/XMLSchema-instance">
  <asset>
    <contributor>
      <author>Blender User</author>
      <authoring_tool>Blender 2.83.5</authoring_tool>
    </contributor>
    <created>2026-01-10T14:15:26</created>
    <modified>2026-01-10T14:15:26</modified>
    <unit name="meter" meter="1"/>
    <up_axis>Z_UP</up_axis>
  </asset>
  <library_effects>
    <effect id="Material-effect">
      <profile_COMMON>
        <newparam sid="Main-surface">
          <surface type="2D">
            <init_from>Main</init_from>
          </surface>
        </newparam>
        <newparam sid="Main-sampler">
          <sampler2D>
            <source>Main-surface</source>
          </sampler2D>
        </newparam>
        <technique sid="common">
          <lambert>
            <emission>
              <color sid="emission">0 0 0 1</color>
            </emission>
            <diffuse>
              <texture texture="Main-sampler" texcoord="UVMap"/>
            </diffuse>
            <index_of_refraction>
              <float sid="ior">1.45</float>
            </index_of_refraction>
          </lambert>
        </technique>
      </profile_COMMON>
    </effect>
  </library_effects>
  <library_images>
    <image id="Main" name="Main">
      <init_from>Main.png</init_from>
    </image>
  </library_images>
  <library_materials>
    <material id="Material-material" name="Material">
      <instance_effect url="#Material-effect"/>
    </material>
  </library_materials>
  <library_geometries>
    <geometry id="Cube_002-mesh" name="Cube.002">
      <mesh>
        <source id="Cube_002-mesh-positions">
          <float_array id="Cube_002-mesh-positions-array" count="1743">9 -9.000001 -0.1412315 9 -9.000001 17.85877 -9.000001 -9 -0.1412315 -9.000001 -9 17.85877 9.000001 9 -0.1412315 9.000001 9 17.85877 -9 9.000001 -0.1412315 -9 9.000001 17.85877 -6.79481e-7 -9 -0.1412315 9 -9.000001 8.858769 -6.79481e-7 -9 17.85877 -9.000001 -9 8.858769 -9 6.79481e-7 -0.1412315 -9 6.79481e-7 17.85877 -9 9.000001 8.858769 6.79481e-7 9 -0.1412315 6.79481e-7 9 17.85877 9.000001 9 8.858769 9 -6.79481e-7 -0.1412315 9 -6.79481e-7 17.85877 0 0 22.35354 0 0 -0.1412315 6.79481e-7 9 8.858769 -9 6.79481e-7 8.858769 4.5 -9 -0.1412315 9 -9.000001 13.35877 -4.5 -9 17.85877 -9.000001 -9 4.358768 -9 -4.5 -0.1412315 -9 4.5 17.85877 -9 9.000001 4.358768 -4.5 9 -0.1412315 4.5 9 17.85877 9.000001 9 4.358768 9 4.5 -0.1412315 9 -4.5 17.85877 -4.5 -9 -0.1412315 9 -9.000001 4.358768 4.5 -9 17.85877 -9.000001 -9 13.35877 -9 4.5 -0.1412315 -9 -4.5 17.85877 -9 9.000001 13.35877 4.5 9 -0.1412315 -4.5 9 17.85877 9.000001 9 13.35877 9 -4.5 -0.1412315 9 4.5 17.85877 4.5 -3.39741e-7 20.84379 -4.5 3.39741e-7 20.84379 3.39741e-7 4.5 20.84379 -3.39741e-7 -4.5 20.84379 4.5 -3.39741e-7 -0.1412315 -4.5 3.39741e-7 -0.1412315 -3.39741e-7 -4.5 -0.1412315 3.39741e-7 4.5 -0.1412315 9 -4.5 8.858769 9 4.5 8.858769 9 -6.79481e-7 4.358768 9 -6.79481e-7 13.35877 4.5 9 8.858769 -4.5 9 8.858769 6.79481e-7 9 4.358768 6.79481e-7 9 13.35877 -9 4.5 8.858769 -9 -4.5 8.858769 -9 6.79481e-7 4.358768 -9 6.79481e-7 13.35877 4.5 -9 8.858769 -6.79481e-7 -9 13.35877 4.5 -9 13.35877 4.5 -9 4.358768 -9 -4.5 13.35877 -9 -4.5 4.358768 -9 4.5 4.358768 -4.5 9 13.35877 -4.5 9 4.358768 4.5 9 4.358768 9 4.5 13.35877 9 4.5 4.358768 9 -4.5 4.358768 -4.5 4.5 -0.1412315 -4.5 -4.5 -0.1412315 4.5 -4.5 -0.1412315 -4.5 -4.5 20.84379 -4.5 4.5 20.84379 4.5 4.5 20.84379 4.5 -4.5 20.84379 4.5 4.5 -0.1412315 9 -4.5 13.35877 4.5 9 13.35877 -9 4.5 13.35877 -4.5 -9 13.35877 6.75 -9.000001 -0.1412315 9 -9.000001 15.60877 -6.750001 -9 17.85877 -9.000001 -9 2.108768 -9.000001 -6.75 -0.1412315 -9 6.750001 17.85877 -9 9.000001 2.108768 -6.75 9.000001 -0.1412315 6.750001 9 17.85877 9.000001 9 2.108768 9.000001 6.75 -0.1412315 9 -6.750001 17.85877 -2.250001 -9 -0.1412315 9 -9.000001 6.608768 2.249999 -9 17.85877 -9.000001 -9 11.10877 -9 2.250001 -0.1412315 -9 -2.249999 17.85877 -9 9.000001 11.10877 2.250001 9 -0.1412315 -2.249999 9 17.85877 9.000001 9 11.10877 9 -2.250001 -0.1412315 9 2.249999 17.85877 6.75 -5.09611e-7 19.34532 -2.25 1.6987e-7 22.35354 5.09611e-7 6.75 19.34532 -1.6987e-7 -2.25 22.35354 6.75 -5.09611e-7 -0.1412315 -2.25 1.6987e-7 -0.1412315 -5.09611e-7 -6.75 -0.1412315 1.6987e-7 2.25 -0.1412315 9 -6.750001 8.858769 9 -6.79481e-7 2.108768 6.750001 9 8.858769 -2.249999 9 8.858769 6.79481e-7 9 2.108768 6.79481e-7 9 11.10877 -9 6.750001 8.858769 -9 -2.249999 8.858769 -9 6.79481e-7 2.108768 -9 6.79481e-7 11.10877 2.249999 -9 8.858769 -6.79481e-7 -9 11.10877 2.249999 -9 -0.1412315 9 -9.000001 11.10877 -2.250001 -9 17.85877 -9.000001 -9 6.608768 -9 -2.249999 -0.1412315 -9 2.250001 17.85877 -9 9.000001 6.608768 -2.249999 9 -0.1412315 2.250001 9 17.85877 9.000001 9 6.608768 9 2.249999 -0.1412315 9 -2.250001 17.85877 -6.750001 -9 -0.1412315 9 -9.000001 2.108768 6.75 -9.000001 17.85877 -9.000001 -9 15.60877 -9 6.750001 -0.1412315 -9.000001 -6.75 17.85877 -9 9.000001 15.60877 6.750001 9 -0.1412315 -6.75 9.000001 17.85877 9.000001 9 15.60877 9 -6.750001 -0.1412315 9.000001 6.75 17.85877 2.25 -1.6987e-7 22.35354 -6.75 5.09611e-7 19.34532 1.6987e-7 2.25 22.35354 -5.09611e-7 -6.75 19.34532 2.25 -1.6987e-7 -0.1412315 -6.75 5.09611e-7 -0.1412315 -1.6987e-7 -2.25 -0.1412315 5.09611e-7 6.75 -0.1412315 9.000001 6.75 8.858769 9 -6.79481e-7 6.608768 9 -6.79481e-7 15.60877 2.250001 9 8.858769 -6.75 9.000001 8.858769 6.79481e-7 9 6.608768 6.79481e-7 9 15.60877 -9 2.250001 8.858769 -9.000001 -6.75 8.858769 -9 6.79481e-7 6.608768 -9 6.79481e-7 15.60877 6.75 -9.000001 8.858769 -6.79481e-7 -9 15.60877 2.249999 -9 13.35877 6.75 -9.000001 13.35877 4.5 -9 11.10877 4.5 -9 15.60877 2.249999 -9 4.358768 6.75 -9.000001 4.358768 4.5 -9 2.108768 4.5 -9 6.608768 -9 -2.249999 13.35877 -9.000001 -6.75 13.35877 -9 -4.5 11.10877 -9 -4.5 15.60877 -9 -2.249999 4.358768 -9.000001 -6.75 4.358768 -9 -4.5 2.108768 -9 -4.5 6.608768 -9 6.750001 4.358768 -9 2.250001 4.358768 -9 4.5 2.108768 -9 4.5 6.608768 -2.249999 9 13.35877 -6.75 9.000001 13.35877 -4.5 9 11.10877 -4.5 9 15.60877 -2.249999 9 4.358768 -6.75 9.000001 4.358768 -4.5 9 2.108768 -4.5 9 6.608768 6.750001 9 4.358768 2.250001 9 4.358768 4.5 9 2.108768 4.5 9 6.608768 9 2.249999 13.35877 9.000001 6.75 13.35877 9 4.5 11.10877 9 4.5 15.60877 9 2.249999 4.358768 9.000001 6.75 4.358768 9 4.5 2.108768 9 4.5 6.608768 9 -6.750001 4.358768 9 -2.250001 4.358768 9 -4.5 2.108768 9 -4.5 6.608768 -2.25 4.5 -0.1412315 -6.75 4.5 -0.1412315 -4.5 2.25 -0.1412315 -4.5 6.750001 -0.1412315 -2.25 -4.5 -0.1412315 -6.750001 -4.5 -0.1412315 -4.5 -6.75 -0.1412315 -4.5 -2.25 -0.1412315 6.75 -4.5 -0.1412315 2.25 -4.5 -0.1412315 4.5 -6.750001 -0.1412315 4.5 -2.25 -0.1412315 -2.25 -4.5 20.84379 -6.750001 -4.5 19.34532 -4.5 -2.25 20.84379 -4.5 -6.75 19.34532 -2.25 4.5 20.84379 -6.75 4.5 19.34532 -4.5 6.750001 19.34532 -4.5 2.25 20.84379 6.750001 4.5 19.34532 2.25 4.5 20.84379 4.5 6.75 19.34532 4.5 2.25 20.84379 6.75 -4.5 19.34532 2.25 -4.5 20.84379 4.5 -2.25 20.84379 4.5 -6.750001 19.34532 6.750001 4.5 -0.1412315 2.25 4.5 -0.1412315 4.5 2.25 -0.1412315 4.5 6.75 -0.1412315 9 -6.750001 13.35877 9 -2.250001 13.35877 9 -4.5 11.10877 9 -4.5 15.60877 6.750001 9 13.35877 2.250001 9 13.35877 4.5 9 11.10877 4.5 9 15.60877 -9 6.750001 13.35877 -9 2.250001 13.35877 -9 4.5 11.10877 -9 4.5 15.60877 -6.750001 -9 13.35877 -2.250001 -9 13.35877 -4.5 -9 11.10877 -4.5 -9 15.60877 -2.250001 -9 15.60877 -2.250001 -9 11.10877 -6.750001 -9 11.10877 -9 2.250001 15.60877 -9 2.250001 11.10877 -9 6.750001 11.10877 2.250001 9 15.60877 2.250001 9 11.10877 6.750001 9 11.10877 9 -2.250001 15.60877 9 -6.750001 11.10877 2.25 6.75 -0.1412315 2.25 2.25 -0.1412315 6.75 2.25 -0.1412315 2.25 -6.75 19.34532 2.25 -2.25 22.35354 6.75 -2.25 19.34532 2.25 2.25 22.35354 2.25 6.75 19.34532 6.750001 6.75 19.34532 -6.75 2.25 19.34532 -6.75 6.750001 19.34532 -2.25 6.75 19.34532 -6.750001 -6.75 19.34532 -6.75 -2.25 19.34532 -2.25 -2.25 22.35354 2.25 -2.25 -0.1412315 2.25 -6.75 -0.1412315 6.75 -6.750001 -0.1412315 -6.75 -2.25 -0.1412315 -6.750001 -6.75 -0.1412315 -2.25 -6.75 -0.1412315 -6.75 6.750001 -0.1412315 -6.75 2.25 -0.1412315 -2.25 2.25 -0.1412315 9 -2.250001 6.608768 9 -2.250001 2.108768 9 -6.750001 2.108768 9.000001 6.75 6.608768 9.000001 6.75 2.108768 9 2.249999 2.108768 9.000001 6.75 15.60877 9.000001 6.75 11.10877 2.250001 9 6.608768 2.250001 9 2.108768 6.750001 9 2.108768 -6.75 9.000001 6.608768 -6.75 9.000001 2.108768 -2.249999 9 2.108768 -6.75 9.000001 15.60877 -6.75 9.000001 11.10877 -2.249999 9 11.10877 -9 2.250001 6.608768 -9 2.250001 2.108768 -9 6.750001 2.108768 -9.000001 -6.75 6.608768 -9.000001 -6.75 2.108768 -9 -2.249999 2.108768 -9.000001 -6.75 15.60877 -9.000001 -6.75 11.10877 -9 -2.249999 11.10877 6.75 -9.000001 6.608768 6.75 -9.000001 2.108768 2.249999 -9 2.108768 6.75 -9.000001 15.60877 6.75 -9.000001 11.10877 2.249999 -9 11.10877 2.249999 -9 15.60877 2.249999 -9 6.608768 -9 -2.249999 15.60877 -9 -2.249999 6.608768 -9 6.750001 6.608768 -2.249999 9 15.60877 -2.249999 9 6.608768 6.750001 9 6.608768 9 2.249999 15.60877 9 -6.750001 6.608768 -2.25 6.75 -0.1412315 -2.25 -2.25 -0.1412315 6.75 -2.25 -0.1412315 -2.25 -6.75 19.34532 -2.25 2.25 22.35354 6.75 2.25 19.34532 6.75 -6.750001 19.34532 6.750001 6.75 -0.1412315 9 -6.750001 15.60877 6.750001 9 15.60877 -9 6.750001 15.60877 -6.750001 -9 15.60877 -1.125001 -9 -0.1412315 -6.79481e-7 -9 0.983768 -5.625 -9 -0.1412315 -4.5 -9 0.983768 -3.375001 -9 -0.1412315 -3.375001 -9 11.10877 -1.125001 -9 11.10877 -5.625 -9 11.10877 -2.250001 -9 0.983768 -6.750001 -9 0.983768 -5.625 -9 0.983768 -1.125001 -9 0.983768 -3.375001 -9 0.983768 -3.937501 -9 11.10877 -1.687501 -9 11.10877 -6.187501 -9 11.10877 -2.812501 -9 11.10877 -0.5625007 -9 11.10877 -5.0625 -9 11.10877 -6.187501 -9 0.983768 -5.0625 -9 0.983768 -1.687501 -9 0.983768 -0.5625007 -9 0.983768 -3.937501 -9 0.983768 -2.812501 -9 0.983768 1.124999 -9 -0.1412315 -7.875001 -9 -0.1412315 -6.79481e-7 -9 -0.1412315 -4.5 -9 -0.1412315 -2.250001 -9 -0.1412315 -6.750001 -9 -0.1412315 -1.125001 -9 -0.1412315 -6.79481e-7 -9 0.983768 -5.625 -9 -0.1412315 -4.5 -9 0.983768 -3.375001 -9 -0.1412315 -2.250001 -9 0.983768 -6.750001 -9 0.983768 -5.625 -9 0.983768 -1.125001 -9 0.983768 -3.375001 -9 0.983768 -6.187501 -9 0.983768 -5.0625 -9 0.983768 -1.687501 -9 0.983768 -0.5625007 -9 0.983768 -3.937501 -9 0.983768 -2.812501 -9 0.983768 -8.15377e-7 -10.8 -0.1412315 -4.500001 -10.8 -0.1412315 -2.250001 -10.8 -0.1412315 -6.750001 -10.8 -0.1412315 -1.125001 -10.8 -0.1412315 -8.15377e-7 -10.8 0.983768 -5.625001 -10.8 -0.1412315 -4.500001 -10.8 0.983768 -3.375001 -10.8 -0.1412315 -2.250001 -10.8 0.983768 -6.750001 -10.8 0.983768 -5.625001 -10.8 0.983768 -1.125001 -10.8 0.983768 -3.375001 -10.8 0.983768 -6.187501 -10.8 0.983768 -5.062501 -10.8 0.983768 -1.687501 -10.8 0.983768 -0.5625008 -10.8 0.983768 -3.937501 -10.8 0.983768 -2.812501 -10.8 0.983768 1.124999 -9 11.10877 -7.875001 -9 11.10877 9 -6.79481e-7 11.10877 9 2.249999 8.858769 9 -2.250001 11.10877 9 2.249999 11.10877 9 2.249999 6.608768 9 -2.250001 8.858769 9 1.124999 6.608768 9 -1.125001 6.608768 9 2.249999 7.733768 9 -2.250001 7.733768 9 -1.125001 11.10877 9 -2.250001 9.983769 9 1.124999 11.10877 9 2.249999 9.983769 9 0.5624994 6.608768 9 -1.687501 6.608768 9 2.249999 7.171268 9 -2.250001 7.171268 9 1.687499 8.858769 9 -0.5625007 11.10877 9 -2.250001 9.421269 9 1.687499 11.10877 9 2.249999 9.421269 9 -6.79481e-7 7.171268 9 1.687499 6.608768 9 -0.5625007 6.608768 9 2.249999 8.296269 9 -2.250001 8.296269 9 -1.687501 11.10877 9 -2.250001 10.54627 9 -1.687501 8.858769 9 0.5624994 11.10877 9 -6.79481e-7 10.54627 9 2.249999 10.54627 9 1.124999 10.54627 9 1.687499 9.983769 9 1.124999 7.171268 9 1.687499 7.733768 9 -1.687501 7.733768 9 -1.125001 7.171268 9 -1.125001 10.54627 9 -1.687501 9.983769 9 -1.687501 10.54627 9 -0.5625007 10.54627 9 -0.5625007 7.171268 9 -1.687501 7.171268 9 1.687499 7.171268 9 0.5624994 7.171268 9 0.5624994 10.54627 9 1.687499 10.54627 9 1.687499 9.421269 9 1.687499 8.296269 9 -1.687501 8.296269 9 -1.687501 9.421269 9.293956 -7.01674e-7 6.608768 9.293956 -2.250001 6.608768 9.293956 -7.01674e-7 11.10877 9.293956 2.249999 8.858769 9.293956 -2.250001 11.10877 9.293956 2.249999 11.10877 9.293956 2.249999 6.608768 9.293956 -2.250001 8.858769 9.293956 1.124999 6.608768 9.293956 -1.125001 6.608768 9.293956 2.249999 7.733768 9.293956 -2.250001 7.733768 9.293956 -1.125001 11.10877 9.293956 -2.250001 9.983769 9.293956 1.124999 11.10877 9.293956 2.249999 9.983769 9.293956 0.5624993 6.608768 9.293956 -1.687501 6.608768 9.293956 2.249999 7.171268 9.293956 -2.250001 7.171268 9.293956 1.687499 8.858769 9.293956 -0.5625007 11.10877 9.293956 -2.250001 9.421269 9.293956 1.687499 11.10877 9.293956 2.249999 9.421269 9.293956 -7.01674e-7 7.171268 9.293956 1.687499 6.608768 9.293956 -0.5625007 6.608768 9.293956 2.249999 8.296269 9.293956 -2.250001 8.296269 9.293956 -1.687501 11.10877 9.293956 -2.250001 10.54627 9.293956 -1.687501 8.858769 9.293956 0.5624993 11.10877 9.293956 -7.01674e-7 10.54627 9.293956 2.249999 10.54627 9.293956 1.124999 10.54627 9.293956 1.687499 9.983769 9.293956 1.124999 7.171268 9.293956 1.687499 7.733768 9.293956 -1.687501 7.733768 9.293956 -1.125001 7.171268 9.293956 -1.125001 10.54627 9.293956 -1.687501 9.983769 9.293956 -1.687501 10.54627 9.293956 -0.5625007 10.54627 9.293956 -0.5625007 7.171268 9.293956 -1.687501 7.171268 9.293956 1.687499 7.171268 9.293956 0.5624993 7.171268 9.293956 0.5624993 10.54627 9.293956 1.687499 10.54627 9.293956 1.687499 9.421269 9.293956 1.687499 8.296269 9.293956 -1.687501 8.296269 9.293956 -1.687501 9.421269 -3.375001 -9 13.35877 -5.625 -9 13.35877 -1.125001 -9 13.35877 -6.79481e-7 -9 12.23377 -4.5 -9 12.23377 -2.250001 -9 12.23377 -6.750001 -9 12.23377 -6.79481e-7 -9 11.67127 -6.750001 -9 11.67127 -5.625 -9 12.23377 -1.125001 -9 12.23377 -3.375001 -9 12.23377 -7.27194e-7 -9.631978 11.10877 -4.500001 -9.631978 11.10877 -2.250001 -9.631978 11.10877 -6.750001 -9.631977 11.10877 -3.375001 -9.631978 11.10877 -1.125001 -9.631978 11.10877 -5.625001 -9.631978 11.10877 -3.937501 -9.631978 11.10877 -1.687501 -9.631978 11.10877 -6.187501 -9.631978 11.10877 -2.812501 -9.631978 11.10877 -0.5625007 -9.631978 11.10877 -5.062501 -9.631978 11.10877 -7.27194e-7 -9.631978 12.23377 -4.500001 -9.631978 12.23377 -2.250001 -9.631978 12.23377 -6.750001 -9.631977 12.23377 -7.27194e-7 -9.631978 11.67127 -4.500001 -9.631978 11.67127 -2.250001 -9.631978 11.67127 -6.750001 -9.631977 11.67127 -5.625001 -9.631978 12.23377 -1.125001 -9.631978 12.23377 -3.375001 -9.631978 12.23377 -5.625001 -9.631978 11.67127 -3.375001 -9.631978 11.67127 -1.125001 -9.631978 11.67127</float_array>
          <technique_common>
            <accessor source="#Cube_002-mesh-positions-array" count="581" stride="3">
              <param name="X" type="float"/>
              <param name="Y" type="float"/>
              <param name="Z" type="float"/>
            </accessor>
          </technique_common>
        </source>
        <source id="Cube_002-mesh-normals">
          <float_array id="Cube_002-mesh-normals-array" count="615">0 -1 0 -1 0 0 0 1 0 1 0 0 0 0 -1 0 -0.5512426 0.8343451 0.5512438 0 0.8343443 -5.9844e-7 0 1 0 -0.5512431 0.8343448 0 0 -1 -4.23855e-7 -1 0 -4.23855e-7 -1 0 -1 7.5352e-7 0 -1 7.5352e-7 0 -1 7.5352e-7 0 4.23855e-7 1 0 4.23855e-7 1 0 1 -7.5352e-7 0 1 -7.5352e-7 0 1 -7.5352e-7 0 0 0 -1 -4.96936e-7 -0.557189 0.8303858 -0.5543076 0 0.8323121 0 -0.551243 0.8343448 0 0.5543068 0.8323124 -0.5543065 0 0.8323128 -0.554306 0 0.832313 0.551243 -3.14348e-7 0.8343448 7.29812e-7 0.5543069 0.8323124 0.5571895 0 0.8303855 0.5512431 0 0.8343447 -4.93721e-7 -0.5571891 0.8303858 -5.25797e-7 -0.5512429 0.8343449 0 0 -1 -8.4771e-7 -1 0 4.23855e-7 1 0 0 0 -1 0 0 -1 4.94866e-7 -0.5543068 0.8323125 0 -0.5543068 0.8323124 0 -0.551243 0.8343448 0.5571885 0 0.8303861 0 0 1 7.54489e-7 -0.5571891 0.8303858 0.5512441 0 0.834344 0.5543076 0 0.8323119 0.5543068 0 0.8323125 0.5571888 -3.12857e-7 0.8303859 0 0.5571889 0.8303859 -5.9844e-7 0 1 0 0.5512429 0.8343449 0 0.5512428 0.8343449 0 0.5543069 0.8323125 0.5512424 0 0.8343451 6.73091e-7 0.5512428 0.8343449 0.5543065 0 0.8323128 -0.5543076 0 0.8323119 -0.5512431 0 0.8343448 -0.5512424 0 0.8343452 6.73092e-7 0.5512433 0.8343446 -0.5512432 0 0.8343447 -0.5512433 0 0.8343446 0 0.5512428 0.8343449 0 0.5512433 0.8343447 7.29812e-7 0.5543068 0.8323124 0 -0.5543071 0.8323123 -0.551243 0 0.8343448 0 -0.5512428 0.8343449 -0.5543057 0 0.8323132 -0.5512421 0 0.8343455 -0.5512431 0 0.8343447 -0.5571894 0 0.8303854 0 -0.5571889 0.8303858 0 0 -1 0 0 -1 0 0 -1 4.23855e-7 1 0 4.23855e-7 1 0 -4.23855e-7 -1 0 0 0 -1 0 0 -1 0 -0.5543069 0.8323125 4.94866e-7 -0.5543069 0.8323124 7.31595e-7 -0.5512428 0.8343449 0 0.5571889 0.8303858 -0.5571884 3.12856e-7 0.8303861 -0.5571885 0 0.8303861 0.5512433 0 0.8343446 0.5543059 -3.13582e-7 0.8323131 0.5543074 0 0.8323121 0.5512428 -3.14348e-7 0.8343449 0 -0.5543069 0.8323124 0 -0.551243 0.8343449 -8.4771e-7 -1 0 -4.23855e-7 -1 0 0 0.5571889 0.8303858 0 0.5543071 0.8323123 0 0.5571891 0.8303858 0 0.5543069 0.8323124 0 0.5512426 0.8343451 -0.5571887 3.12857e-7 0.830386 -0.5512424 0 0.8343451 0.5571884 -3.12856e-7 0.8303861 0.5512432 0 0.8343447 0 0 1 0 0.9845626 -0.1750331 1.64864e-6 0.9845626 -0.1750333 1 0 0 -1.69542e-6 -1 0 0 0 -1 1 0 0 0 0 1 1 0 0 -1.69542e-6 -1 0 2.8838e-6 0 -1 -2.24127e-6 0 1 -5.17013e-6 0 1 2.7856e-6 0 1 5.76761e-6 0 -1 5.97475e-7 0 1 -1.92503e-6 0 1 3.52634e-6 0 1 1 0 0 -1.69542e-6 -1 0 -2.68272e-6 0 -1 -7.14227e-7 0 1 1.13028e-6 1 0 0.5512422 0 0.8343453 0 0 -1 -4.23855e-7 -1 0 0 0 -1 0 0 -1 0 -0.5571889 0.8303859 -0.5543059 3.13582e-7 0.8323132 -1.25739e-6 -0.5512428 0.8343449 0 0.5543069 0.8323124 -0.5543076 0 0.832312 0.551243 0 0.8343448 0.5571894 0 0.8303855 0 -0.5512433 0.8343447 0 0 -1 0 0 -1 0 0 -1 -1.25433e-6 -0.5543068 0.8323124 0 -0.5512429 0.8343449 0 -0.5571889 0.8303858 0.5543058 0 0.8323132 0.5543076 0 0.832312 0 0.557189 0.8303858 -1.25739e-6 0.5512428 0.8343449 0 0.551243 0.8343448 0 0.551243 0.8343448 -0.5543066 0 0.8323127 -0.551243 0 0.8343448 -0.551244 0 0.8343442 0 0.551243 0.8343449 -0.5512427 3.14348e-7 0.8343449 0 0.5543069 0.8323125 -0.551243 3.14348e-7 0.8343448 -0.5512439 0 0.8343442 -0.5512433 0 0.8343446 -0.5571895 0 0.8303855 0 0 -1 0 0 -1 0 0 -1 4.23855e-7 1 0 0 0 -1 -1.25433e-6 -0.5543069 0.8323125 -1.25143e-6 0.5571891 0.8303858 -0.5571886 0 0.8303861 0.5512433 0 0.8343446 0.5543078 0 0.8323119 0.5543059 0 0.8323132 0.5512433 0 0.8343446 -1.25739e-6 -0.5512433 0.8343446 0 0 -1 0 0.9845626 -0.1750335 1.65399e-6 0.9845625 -0.1750335 -1 9.41901e-7 0 -8.47709e-7 -1 -7.5352e-7 0 -1 -7.5352e-7 0 0 -1 0 1 7.53521e-7 0 1 -7.53521e-7 8.4771e-7 1 0 1.69542e-6 1 0 -1.00301e-6 0 -1 -3.93187e-6 0 -1 -2.9366e-6 0 -1 5.76761e-6 0 1 -3.99357e-6 0 -1 -1.00301e-6 0 -1 1.83573e-6 0 -1 5.7676e-6 0 1 1 0 0 1 0 0 0 -1 1.50704e-6 0 -1 -1.50704e-6 -1 1.34136e-6 0 2.09914e-6 0 -1 1.34136e-6 0 1 0 1 -1.00469e-6 0 1 7.5352e-7 8.4771e-7 1 0 1.69542e-6 1 0</float_array>
          <technique_common>
            <accessor source="#Cube_002-mesh-normals-array" count="205" stride="3">
              <param name="X" type="float"/>
              <param name="Y" type="float"/>
              <param name="Z" type="float"/>
            </accessor>
          </technique_common>
        </source>
        <source id="Cube_002-mesh-map-0">
          <float_array id="Cube_002-mesh-map-0-array" count="7428">0.2984459 0.3057025 0.244896 0.3157308 0.2659307 0.2670121 0.3285098 0.4490367 0.3304056 0.4604169 0.3224387 0.4560488 0.3906775 0.4582104 0.3972938 0.46431 0.3905003 0.4650191 0.4526814 0.4101162 0.4731585 0.4086895 0.462751 0.420411 0.3985221 0.5233643 0.4092559 0.5234548 0.4036543 0.5300725 0.4415167 0.3950729 0.4606472 0.3881732 0.4614155 0.4015802 0.4119351 0.426429 0.4137152 0.4438548 0.4046662 0.4350961 0.3611387 0.4044901 0.3715915 0.4190052 0.3600492 0.41726 0.3710352 0.3374352 0.4195417 0.3124604 0.3976638 0.3471451 0.4546571 0.5618707 0.4430637 0.5381428 0.4597954 0.5425944 0.363273 0.6062231 0.4030267 0.6271982 0.3680377 0.639703 0.3582363 0.5343396 0.3723634 0.5452573 0.3589679 0.5471221 0.4923902 0.4667985 0.5201845 0.4829943 0.4975143 0.4867262 0.4137152 0.4438548 0.4295381 0.4459485 0.4200523 0.4522784 0.3929797 0.4897384 0.4029701 0.4977192 0.3939504 0.4986402 0.3557456 0.4921506 0.3659929 0.5015825 0.3560109 0.5021792 0.3572113 0.4545366 0.3657237 0.4641818 0.3566883 0.4637065 0.3112264 0.4902358 0.3237061 0.5030747 0.3109675 0.5037422 0.2304487 0.4755203 0.2548817 0.5066751 0.2260128 0.5066528 0.2969061 0.3977798 0.2904894 0.4262048 0.2770052 0.4089775 0.4442137 0.3400982 0.4554191 0.2732784 0.4807604 0.3228088 0.6298744 0.1972337 0.669506 0.2294079 0.6527022 0.3157694 0.5036873 0.4009122 0.5542852 0.3961089 0.524948 0.4209873 0.4606472 0.3881732 0.4849489 0.3626183 0.4809454 0.3901535 0.5480595 0.5099462 0.5716023 0.5540702 0.5404629 0.537782 0.5402558 0.4483903 0.583464 0.4748928 0.547985 0.4790818 0.2578564 0.4254975 0.2649061 0.4597057 0.2415634 0.4479271 0.2115408 0.3713498 0.2126147 0.4306195 0.1749757 0.4042059 0.2809789 0.3504117 0.2627767 0.3863086 0.2498131 0.3564563 0.2291706 0.5394214 0.2681607 0.5570706 0.2406014 0.5719792 0.1453361 0.5536877 0.2038472 0.5893356 0.1556675 0.6072593 0.1531125 0.4506944 0.1894963 0.5050876 0.1439871 0.5016295 0.3128178 0.5169463 0.3269577 0.5247917 0.3167538 0.5288415 0.2808893 0.5259466 0.3046072 0.5356387 0.2888815 0.5449981 0.2789704 0.4860816 0.2959908 0.504736 0.2777163 0.5058444 0.3561752 0.4729296 0.365287 0.4824238 0.35582 0.4823926 0.3372821 0.4713523 0.3460566 0.4820559 0.3359155 0.4812709 0.339805 0.454139 0.3476418 0.4631695 0.3388552 0.4623578 0.3565955 0.5124558 0.368126 0.5219085 0.3573951 0.5230622 0.335587 0.5135577 0.3466311 0.5235819 0.3363307 0.5238469 0.3351179 0.4918575 0.3457107 0.5025311 0.3350386 0.5027559 0.3949437 0.5074015 0.4039061 0.5144605 0.3961609 0.5156856 0.3767255 0.5102902 0.3877836 0.5178817 0.3783739 0.5201039 0.374902 0.4913626 0.3849168 0.4996995 0.3756299 0.5007295 0.4070753 0.4693381 0.4189243 0.4755648 0.4094457 0.4780271 0.4004201 0.4552667 0.4115956 0.4575518 0.404183 0.4616532 0.434439 0.5078323 0.4466025 0.5229831 0.4328479 0.5203961 0.4125875 0.5065773 0.4212746 0.5177595 0.4117141 0.5155742 0.4112218 0.4873751 0.4225072 0.49638 0.4123228 0.4970237 0.499424 0.5071333 0.5185777 0.5291225 0.4986999 0.5268164 0.4631245 0.508415 0.4799714 0.5262466 0.4623959 0.5250501 0.3609314 0.5814449 0.3759062 0.5596426 0.3811993 0.5771296 0.3274572 0.5567561 0.3395114 0.5804185 0.3191009 0.5735874 0.3332175 0.5438826 0.3466961 0.5343837 0.3455346 0.5466856 0.3776547 0.687122 0.4731544 0.7165402 0.3962867 0.7577549 0.2660558 0.6678179 0.3056286 0.7629417 0.2229822 0.7275984 0.291005 0.6261804 0.3347457 0.6054189 0.3284916 0.6396924 0.4766855 0.5674489 0.4977917 0.5457307 0.5014628 0.5677512 0.5077516 0.6541741 0.4717506 0.5952461 0.5071353 0.6000552 0.4107367 0.5861246 0.4453685 0.5835339 0.4289849 0.6066516 0.3658422 0.367663 0.3784605 0.3930787 0.3632582 0.3898656 0.3204731 0.3900236 0.3441063 0.3673652 0.3430523 0.3876342 0.2984459 0.3057025 0.3415276 0.3360677 0.3134151 0.3426759 0.357774 0.4431522 0.3691549 0.4320518 0.3674516 0.4440188 0.3383726 0.4436066 0.3343828 0.4340307 0.3475084 0.4301122 0.3249805 0.4076769 0.3453683 0.4183335 0.3297615 0.4221705 0.393396 0.4497621 0.4064042 0.4501652 0.4004201 0.4552667 0.3791798 0.4340474 0.3854793 0.4473038 0.3767446 0.4454173 0.3823947 0.4218847 0.4000745 0.4178183 0.3940634 0.427715 0.4203284 0.4167525 0.4419192 0.4192417 0.4315887 0.428232 0.3922043 0.3986426 0.4024445 0.3823378 0.4156937 0.3934554 0.4442137 0.3400982 0.4323878 0.3795021 0.4182938 0.362421 0.4115518 0.5374572 0.4290608 0.5330095 0.422393 0.5455433 0.3903967 0.5539909 0.4123916 0.5577096 0.3986376 0.5686982 0.384736 0.5414308 0.3906314 0.5269799 0.3953449 0.5361799 0.4738522 0.4329321 0.5026921 0.4372842 0.4842334 0.4485187 0.4315887 0.428232 0.4512248 0.4301775 0.4399855 0.4386052 0.3910976 0.4726814 0.4005774 0.4798164 0.3920005 0.4809986 0.3743147 0.4733057 0.3833525 0.4817549 0.3744648 0.4822108 0.3751623 0.4560457 0.3828374 0.4649764 0.374509 0.4646289 0.3173068 0.4656919 0.3251757 0.4797943 0.3134422 0.4773055 0.2922293 0.4520443 0.2999809 0.4734724 0.2840628 0.4678426 0.3144425 0.4296548 0.3132364 0.4490294 0.3026107 0.4392576 0.0832889 0.1896914 0.1847447 0.3158485 0.06209963 0.3190632 0.3623219 0.1004835 0.2481155 0.02128732 0.3655342 1.81417e-4 0.3810311 0.2933979 0.3241031 0.2329404 0.3976627 0.2351007 0.3241031 0.2329404 0.2843267 0.1167313 0.3623219 0.1004835 0.3976627 0.2351007 0.4399198 0.1191805 0.5050413 0.1583007 0.4195417 0.3124604 0.3976627 0.2351007 0.4554191 0.2732784 0.5050413 0.1583007 0.4807817 0.02648138 0.5773375 0.09422332 0.217734 0.1550863 0.0832889 0.1896914 0.1469622 0.08448612 0.3026107 0.4392576 0.3057196 0.4600729 0.2922293 0.4520443 0.2904894 0.4262048 0.2922293 0.4520443 0.2764036 0.4409071 0.3059129 0.4155705 0.3026107 0.4392576 0.2904894 0.4262048 0.2840628 0.4678426 0.2965747 0.4886324 0.2789704 0.4860816 0.2649061 0.4597057 0.2789704 0.4860816 0.257359 0.4820021 0.2764036 0.4409071 0.2840628 0.4678426 0.2649061 0.4597057 0.3134422 0.4773055 0.323823 0.4912456 0.3112264 0.4902358 0.2999809 0.4734724 0.3112264 0.4902358 0.2965747 0.4886324 0.3057196 0.4600729 0.3134422 0.4773055 0.2999809 0.4734724 0.374509 0.4646289 0.3829044 0.4731758 0.3743147 0.4733057 0.3657237 0.4641818 0.3743147 0.4733057 0.3653759 0.4732114 0.3663288 0.4551745 0.374509 0.4646289 0.3657237 0.4641818 0.3744648 0.4822108 0.3840362 0.4906384 0.374902 0.4913626 0.365287 0.4824238 0.374902 0.4913626 0.365482 0.4918789 0.3653759 0.4732114 0.3744648 0.4822108 0.365287 0.4824238 0.3920005 0.4809986 0.4019362 0.4886658 0.3929797 0.4897384 0.3833525 0.4817549 0.3929797 0.4897384 0.3840362 0.4906384 0.3829044 0.4731758 0.3920005 0.4809986 0.3833525 0.4817549 0.4399855 0.4386052 0.4601796 0.4425178 0.4475505 0.4501208 0.4295381 0.4459485 0.4475505 0.4501208 0.4359416 0.4564392 0.4221423 0.4365068 0.4399855 0.4386052 0.4295381 0.4459485 0.4842334 0.4485187 0.5137975 0.4589132 0.4923902 0.4667985 0.4680882 0.4568507 0.4923902 0.4667985 0.4741531 0.4728769 0.4601796 0.4425178 0.4842334 0.4485187 0.4680882 0.4568507 0.3903967 0.5539909 0.3953449 0.5361799 0.4024018 0.5463138 0.3723634 0.5452573 0.3903967 0.5539909 0.3759062 0.5596426 0.3698965 0.5329508 0.384736 0.5414308 0.3723634 0.5452573 0.3986376 0.5686982 0.4262405 0.5703344 0.4107367 0.5861246 0.3811993 0.5771296 0.4107367 0.5861246 0.3894643 0.5990331 0.3811993 0.5771296 0.3903967 0.5539909 0.3986376 0.5686982 0.4366 0.5539796 0.4290608 0.5330095 0.4430637 0.5381428 0.4262405 0.5703344 0.422393 0.5455433 0.4366 0.5539796 0.4024018 0.5463138 0.422393 0.5455433 0.4123916 0.5577096 0.4182938 0.362421 0.4156937 0.3934554 0.4024445 0.3823378 0.3856243 0.3730424 0.4182938 0.362421 0.4024445 0.3823378 0.3976638 0.3471451 0.4442137 0.3400982 0.4182938 0.362421 0.3867568 0.4109839 0.4071378 0.4066427 0.4000745 0.4178183 0.3784605 0.3930787 0.3867568 0.4109839 0.3744759 0.4068964 0.3856243 0.3730424 0.3922043 0.3986426 0.3784605 0.3930787 0.4203284 0.4167525 0.4221423 0.4365068 0.4119351 0.426429 0.4071378 0.4066427 0.4119351 0.426429 0.4000745 0.4178183 0.4071378 0.4066427 0.430073 0.4062259 0.4203284 0.4167525 0.3823947 0.4218847 0.3940634 0.427715 0.3887987 0.4366886 0.3715915 0.4190052 0.3791798 0.4340474 0.3691549 0.4320518 0.3744759 0.4068964 0.3823947 0.4218847 0.3715915 0.4190052 0.3767446 0.4454173 0.383413 0.4570934 0.3751623 0.4560457 0.3663288 0.4551745 0.3767446 0.4454173 0.3751623 0.4560457 0.3674516 0.4440188 0.3791798 0.4340474 0.3767446 0.4454173 0.393396 0.4497621 0.4004201 0.4552667 0.3962709 0.4587976 0.3854793 0.4473038 0.3906775 0.4582104 0.383413 0.4570934 0.3887987 0.4366886 0.3984464 0.4428217 0.393396 0.4497621 0.3343828 0.4340307 0.3453683 0.4183335 0.3475084 0.4301122 0.3220789 0.4406573 0.3297615 0.4221705 0.3343828 0.4340307 0.3059129 0.4155705 0.3297615 0.4221705 0.3144425 0.4296548 0.3383726 0.4436066 0.3481643 0.4541772 0.339805 0.454139 0.3335348 0.4542244 0.3285098 0.4490367 0.3383726 0.4436066 0.3285098 0.4490367 0.3343828 0.4340307 0.3383726 0.4436066 0.3572113 0.4545366 0.3674516 0.4440188 0.3663288 0.4551745 0.3479748 0.4429755 0.3572113 0.4545366 0.3481643 0.4541772 0.3475084 0.4301122 0.357774 0.4431522 0.3479748 0.4429755 0.3134151 0.3426759 0.3415276 0.3360677 0.3441063 0.3673652 0.28814 0.3757846 0.3134151 0.3426759 0.3166595 0.3685401 0.2771636 0.3271258 0.2984459 0.3057025 0.3134151 0.3426759 0.3204731 0.3900236 0.3437089 0.4042409 0.3249805 0.4076769 0.2969061 0.3977798 0.3249805 0.4076769 0.3059129 0.4155705 0.2969061 0.3977798 0.3166595 0.3685401 0.3204731 0.3900236 0.3632582 0.3898656 0.3744759 0.4068964 0.3611387 0.4044901 0.3437089 0.4042409 0.3632582 0.3898656 0.3611387 0.4044901 0.3441063 0.3673652 0.3658422 0.367663 0.3632582 0.3898656 0.4289849 0.6066516 0.4717506 0.5952461 0.4578399 0.6300595 0.4267725 0.6645272 0.4289849 0.6066516 0.4578399 0.6300595 0.3894643 0.5990331 0.4289849 0.6066516 0.4030267 0.6271982 0.5910754 0.6469752 0.5071353 0.6000552 0.5468605 0.5868577 0.5077516 0.6541741 0.5910754 0.6469752 0.6627874 0.7383837 0.4267725 0.6645272 0.5077516 0.6541741 0.4731544 0.7165402 0.5014628 0.5677512 0.5122311 0.5440918 0.5255529 0.5582232 0.5468605 0.5868577 0.5014628 0.5677512 0.5255529 0.5582232 0.4717506 0.5952461 0.5014628 0.5677512 0.5071353 0.6000552 0.291005 0.6261804 0.3197277 0.6887435 0.2660558 0.6678179 0.261125 0.6021253 0.2660558 0.6678179 0.2275137 0.6312643 0.261125 0.6021253 0.3074802 0.5959684 0.291005 0.6261804 0.3056286 0.7629417 0.2874659 0.8918033 0.2053275 0.8762431 0.2229822 0.7275984 0.1274238 0.852988 0.04620313 0.7777885 0.2275137 0.6312643 0.2229822 0.7275984 0.1776834 0.6650322 0.4731544 0.7165402 0.5842294 0.8291233 0.5031255 0.8492415 0.3962867 0.7577549 0.4305375 0.8702616 0.3609814 0.8873755 0.3056286 0.7629417 0.3776547 0.687122 0.3962867 0.7577549 0.3332175 0.5438826 0.3431029 0.5615242 0.3274572 0.5567561 0.3231488 0.5383415 0.3274572 0.5567561 0.3142716 0.5480155 0.3285302 0.5324367 0.3332175 0.5438826 0.3231488 0.5383415 0.3074802 0.5959684 0.3395114 0.5804185 0.3347457 0.6054189 0.2847197 0.5791109 0.3191009 0.5735874 0.3074802 0.5959684 0.3142716 0.5480155 0.3191009 0.5735874 0.3017872 0.5614002 0.3609314 0.5814449 0.3894643 0.5990331 0.363273 0.6062231 0.3395114 0.5804185 0.363273 0.6062231 0.3347457 0.6054189 0.3431029 0.5615242 0.3609314 0.5814449 0.3395114 0.5804185 0.4617955 0.4925122 0.4801443 0.5079079 0.4631245 0.508415 0.4579072 0.4929897 0.4617955 0.4925122 0.4631245 0.508415 0.4623959 0.5250501 0.478714 0.5454036 0.4597954 0.5425944 0.4466025 0.5229831 0.4597954 0.5425944 0.4430637 0.5381428 0.447997 0.5083438 0.4623959 0.5250501 0.4466025 0.5229831 0.4986999 0.5268164 0.5122311 0.5440918 0.4977917 0.5457307 0.4799714 0.5262466 0.4977917 0.5457307 0.478714 0.5454036 0.4801443 0.5079079 0.4986999 0.5268164 0.4799714 0.5262466 0.4123228 0.4970237 0.422753 0.5071467 0.4125875 0.5065773 0.4029701 0.4977192 0.4125875 0.5065773 0.403635 0.5065354 0.4019362 0.4886658 0.4123228 0.4970237 0.4029701 0.4977192 0.4117141 0.5155742 0.4178242 0.5279309 0.4092559 0.5234548 0.4039061 0.5144605 0.4092559 0.5234548 0.403389 0.5200741 0.403635 0.5065354 0.4117141 0.5155742 0.4039061 0.5144605 0.4328479 0.5203961 0.4430637 0.5381428 0.4290608 0.5330095 0.4212746 0.5177595 0.4290608 0.5330095 0.4178242 0.5279309 0.422753 0.5071467 0.4328479 0.5203961 0.4212746 0.5177595 0.404183 0.4616532 0.4156723 0.4660684 0.4070753 0.4693381 0.3972938 0.46431 0.4070753 0.4693381 0.398976 0.4715526 0.3962709 0.4587976 0.404183 0.4616532 0.3972938 0.46431 0.4094457 0.4780271 0.4211751 0.4857705 0.4112218 0.4873751 0.4005774 0.4798164 0.4112218 0.4873751 0.4019362 0.4886658 0.398976 0.4715526 0.4094457 0.4780271 0.4005774 0.4798164 0.3756299 0.5007295 0.3860751 0.508805 0.3767255 0.5102902 0.3659929 0.5015825 0.3767255 0.5102902 0.3668564 0.5115541 0.365482 0.4918789 0.3756299 0.5007295 0.3659929 0.5015825 0.3783739 0.5201039 0.3906314 0.5269799 0.3808987 0.5303674 0.368126 0.5219085 0.3808987 0.5303674 0.3698965 0.5329508 0.3668564 0.5115541 0.3783739 0.5201039 0.368126 0.5219085 0.3961609 0.5156856 0.403389 0.5200741 0.3985221 0.5233643 0.3877836 0.5178817 0.3985221 0.5233643 0.3906314 0.5269799 0.3860751 0.508805 0.3961609 0.5156856 0.3877836 0.5178817 0.3350386 0.5027559 0.3461275 0.5130351 0.335587 0.5135577 0.3237061 0.5030747 0.335587 0.5135577 0.3248499 0.5145646 0.323823 0.4912456 0.3350386 0.5027559 0.3237061 0.5030747 0.3363307 0.5238469 0.3466961 0.5343837 0.3362967 0.5332833 0.3269577 0.5247917 0.3362967 0.5332833 0.3285302 0.5324367 0.3248499 0.5145646 0.3363307 0.5238469 0.3269577 0.5247917 0.3573951 0.5230622 0.3698965 0.5329508 0.3582363 0.5343396 0.3466311 0.5235819 0.3582363 0.5343396 0.3466961 0.5343837 0.3461275 0.5130351 0.3573951 0.5230622 0.3466311 0.5235819 0.3388552 0.4623578 0.3468008 0.4723895 0.3372821 0.4713523 0.3304056 0.4604169 0.3372821 0.4713523 0.327517 0.4693229 0.3335348 0.4542244 0.3388552 0.4623578 0.3304056 0.4604169 0.3359155 0.4812709 0.345662 0.4921503 0.3351179 0.4918575 0.3251757 0.4797943 0.3351179 0.4918575 0.323823 0.4912456 0.327517 0.4693229 0.3359155 0.4812709 0.3251757 0.4797943 0.35582 0.4823926 0.365482 0.4918789 0.3557456 0.4921506 0.3460566 0.4820559 0.3557456 0.4921506 0.345662 0.4921503 0.3468008 0.4723895 0.35582 0.4823926 0.3460566 0.4820559 0.2777163 0.5058444 0.2985855 0.5207821 0.2808893 0.5259466 0.2548817 0.5066751 0.2808893 0.5259466 0.2582967 0.53226 0.257359 0.4820021 0.2777163 0.5058444 0.2548817 0.5066751 0.2888815 0.5449981 0.3142716 0.5480155 0.3017872 0.5614002 0.2681607 0.5570706 0.3017872 0.5614002 0.2847197 0.5791109 0.2582967 0.53226 0.2888815 0.5449981 0.2681607 0.5570706 0.3167538 0.5288415 0.3285302 0.5324367 0.3231488 0.5383415 0.3046072 0.5356387 0.3231488 0.5383415 0.3142716 0.5480155 0.2985855 0.5207821 0.3167538 0.5288415 0.3046072 0.5356387 0.1439871 0.5016295 0.1918238 0.5468572 0.1453361 0.5536877 0.08933186 0.4973469 0.1453361 0.5536877 0.09148174 0.5591734 0.09702455 0.4331089 0.1439871 0.5016295 0.08933186 0.4973469 0.1556675 0.6072593 0.2275137 0.6312643 0.1776834 0.6650322 0.09656721 0.6214104 0.1776834 0.6650322 0.1104518 0.6792544 0.09148174 0.5591734 0.1556675 0.6072593 0.09656721 0.6214104 0.2406014 0.5719792 0.2847197 0.5791109 0.261125 0.6021253 0.2038472 0.5893356 0.261125 0.6021253 0.2275137 0.6312643 0.1918238 0.5468572 0.2406014 0.5719792 0.2038472 0.5893356 0.2498131 0.3564563 0.2362705 0.4037681 0.2115408 0.3713498 0.244896 0.3157308 0.2115408 0.3713498 0.1847447 0.3158485 0.2771636 0.3271258 0.2498131 0.3564563 0.244896 0.3157308 0.1749757 0.4042059 0.1965327 0.4654546 0.1531125 0.4506944 0.1173588 0.3592859 0.1531125 0.4506944 0.09702455 0.4331089 0.1847447 0.3158485 0.1749757 0.4042059 0.1173588 0.3592859 0.2415634 0.4479271 0.257359 0.4820021 0.2304487 0.4755203 0.2126147 0.4306195 0.2304487 0.4755203 0.1965327 0.4654546 0.2362705 0.4037681 0.2415634 0.4479271 0.2126147 0.4306195 0.547985 0.4790818 0.5823784 0.5152539 0.5480595 0.5099462 0.5201845 0.4829943 0.5480595 0.5099462 0.5215774 0.5072732 0.5137975 0.4589132 0.547985 0.4790818 0.5201845 0.4829943 0.5404629 0.537782 0.5468605 0.5868577 0.5255529 0.5582232 0.5185777 0.5291225 0.5255529 0.5582232 0.5122311 0.5440918 0.5215774 0.5072732 0.5404629 0.537782 0.5185777 0.5291225 0.5716023 0.5540702 0.5910754 0.6469752 0.5468605 0.5868577 0.5823784 0.5152539 0.6188461 0.5750904 0.5716023 0.5540702 0.4809454 0.3901535 0.5206325 0.3706493 0.5036873 0.4009122 0.4731585 0.4086895 0.5036873 0.4009122 0.4882529 0.4201914 0.4614155 0.4015802 0.4809454 0.3901535 0.4731585 0.4086895 0.524948 0.4209873 0.574837 0.4343042 0.5402558 0.4483903 0.5026921 0.4372842 0.5402558 0.4483903 0.5137975 0.4589132 0.4882529 0.4201914 0.524948 0.4209873 0.5026921 0.4372842 0.5542852 0.3961089 0.6217554 0.4174866 0.574837 0.4343042 0.5206325 0.3706493 0.6028837 0.3539363 0.5542852 0.3961089 0.4807604 0.3228088 0.5427477 0.2170395 0.5388968 0.3185396 0.4849489 0.3626183 0.5388968 0.3185396 0.5206325 0.3706493 0.4562634 0.3668925 0.4807604 0.3228088 0.4849489 0.3626183 0.583464 0.4748928 0.6251121 0.5211523 0.5823784 0.5152539 0.574837 0.4343042 0.6281031 0.4708874 0.583464 0.4748928 0.2770052 0.4089775 0.2764036 0.4409071 0.2578564 0.4254975 0.2627767 0.3863086 0.2578564 0.4254975 0.2362705 0.4037681 0.28814 0.3757846 0.2770052 0.4089775 0.2627767 0.3863086 0.2260128 0.5066528 0.2582967 0.53226 0.2291706 0.5394214 0.1894963 0.5050876 0.2291706 0.5394214 0.1918238 0.5468572 0.1965327 0.4654546 0.2260128 0.5066528 0.1894963 0.5050876 0.3109675 0.5037422 0.3248499 0.5145646 0.3128178 0.5169463 0.2959908 0.504736 0.3128178 0.5169463 0.2985855 0.5207821 0.2965747 0.4886324 0.3109675 0.5037422 0.2959908 0.504736 0.3566883 0.4637065 0.3653759 0.4732114 0.3561752 0.4729296 0.3476418 0.4631695 0.3561752 0.4729296 0.3468008 0.4723895 0.3481643 0.4541772 0.3566883 0.4637065 0.3476418 0.4631695 0.3560109 0.5021792 0.3668564 0.5115541 0.3565955 0.5124558 0.3457107 0.5025311 0.3565955 0.5124558 0.3461275 0.5130351 0.345662 0.4921503 0.3560109 0.5021792 0.3457107 0.5025311 0.3939504 0.4986402 0.403635 0.5065354 0.3949437 0.5074015 0.3849168 0.4996995 0.3949437 0.5074015 0.3860751 0.508805 0.3840362 0.4906384 0.3939504 0.4986402 0.3849168 0.4996995 0.4200523 0.4522784 0.4359416 0.4564392 0.4253388 0.461764 0.4115956 0.4575518 0.4253388 0.461764 0.4156723 0.4660684 0.4064042 0.4501652 0.4200523 0.4522784 0.4115956 0.4575518 0.4975143 0.4867262 0.5215774 0.5072732 0.499424 0.5071333 0.4782393 0.4900047 0.499424 0.5071333 0.4801443 0.5079079 0.4741531 0.4728769 0.4975143 0.4867262 0.4782393 0.4900047 0.3589679 0.5471221 0.3759062 0.5596426 0.3597345 0.5623779 0.3431029 0.5615242 0.3589679 0.5471221 0.3597345 0.5623779 0.3455346 0.5466856 0.3582363 0.5343396 0.3589679 0.5471221 0.3776547 0.687122 0.4030267 0.6271982 0.4267725 0.6645272 0.3284916 0.6396924 0.3776547 0.687122 0.3197277 0.6887435 0.3347457 0.6054189 0.3680377 0.639703 0.3284916 0.6396924 0.4546571 0.5618707 0.478714 0.5454036 0.4766855 0.5674489 0.4453685 0.5835339 0.4766855 0.5674489 0.4717506 0.5952461 0.4453685 0.5835339 0.4366 0.5539796 0.4546571 0.5618707 0.3658422 0.367663 0.3976638 0.3471451 0.3856243 0.3730424 0.3415276 0.3360677 0.3658422 0.367663 0.3441063 0.3673652 0.3364314 0.2913467 0.3710352 0.3374352 0.3415276 0.3360677 0.3600492 0.41726 0.3691549 0.4320518 0.3586 0.4307712 0.3475084 0.4301122 0.3453683 0.4183335 0.3600492 0.41726 0.3453683 0.4183335 0.3611387 0.4044901 0.3600492 0.41726 0.3984464 0.4428217 0.4137152 0.4438548 0.4064042 0.4501652 0.3887987 0.4366886 0.4046662 0.4350961 0.3984464 0.4428217 0.4000745 0.4178183 0.4046662 0.4350961 0.3940634 0.427715 0.430073 0.4062259 0.4526814 0.4101162 0.4419192 0.4192417 0.4156937 0.3934554 0.4323878 0.3795021 0.4415167 0.3950729 0.4562634 0.3668925 0.4415167 0.3950729 0.4323878 0.3795021 0.4036543 0.5300725 0.4178242 0.5279309 0.4115518 0.5374572 0.3953449 0.5361799 0.4115518 0.5374572 0.4024018 0.5463138 0.3953449 0.5361799 0.3985221 0.5233643 0.4036543 0.5300725 0.462751 0.420411 0.4882529 0.4201914 0.4738522 0.4329321 0.4512248 0.4301775 0.4738522 0.4329321 0.4601796 0.4425178 0.4419192 0.4192417 0.462751 0.420411 0.4512248 0.4301775 0.3905003 0.4650191 0.398976 0.4715526 0.3910976 0.4726814 0.3828374 0.4649764 0.3910976 0.4726814 0.3829044 0.4731758 0.383413 0.4570934 0.3905003 0.4650191 0.3828374 0.4649764 0.3224387 0.4560488 0.327517 0.4693229 0.3173068 0.4656919 0.3132364 0.4490294 0.3173068 0.4656919 0.3057196 0.4600729 0.3220789 0.4406573 0.3224387 0.4560488 0.3132364 0.4490294 0.2659307 0.2670121 0.1847447 0.3158485 0.1809905 0.2161564 0.2659307 0.2670121 0.1809905 0.2161564 0.217734 0.1550863 0.3364314 0.2913467 0.2659307 0.2670121 0.3241031 0.2329404 0.3791798 0.4340474 0.3823947 0.4218847 0.3887987 0.4366886 0.3854793 0.4473038 0.3887987 0.4366886 0.393396 0.4497621 0.3906775 0.4582104 0.393396 0.4497621 0.3962709 0.4587976 0.3586 0.4307712 0.3475084 0.4301122 0.3600492 0.41726 0.3479748 0.4429755 0.3383726 0.4436066 0.3475084 0.4301122 0.339805 0.454139 0.3335348 0.4542244 0.3383726 0.4436066 0.3430523 0.3876342 0.3441063 0.3673652 0.3632582 0.3898656 0.3166595 0.3685401 0.3134151 0.3426759 0.3441063 0.3673652 0.2809789 0.3504117 0.2771636 0.3271258 0.3134151 0.3426759 0.4071378 0.4066427 0.3922043 0.3986426 0.4156937 0.3934554 0.430073 0.4062259 0.4156937 0.3934554 0.4415167 0.3950729 0.4526814 0.4101162 0.4415167 0.3950729 0.4614155 0.4015802 0.3005415 0.9963499 0.3122349 0.9931604 0.3123007 0.9934002 0.5842294 0.8291233 0.5034955 0.8505644 0.5031255 0.8492415 0.4305375 0.8702616 0.3611807 0.888629 0.3609814 0.8873755 0.3648985 0.9789725 0.4206194 0.9612871 0.4209848 0.9624308 0.2849246 0.9998185 0.2926819 0.9980744 0.2927134 0.9982101 0.5031255 0.8492415 0.4308791 0.8714939 0.4305375 0.8702616 0.8800376 0.5346415 0.7075325 0.4941445 0.7058386 0.5036729 0.6627874 0.7383837 0.6188461 0.5750904 0.6251121 0.5211523 0.04620313 0.7777885 1.81417e-4 0.7774023 5.67722e-4 0.7313804 0.7658784 0.7399684 0.7444381 0.5640755 0.7754068 0.7382745 0.7075325 0.4941445 0.8817315 0.5251132 0.8817315 0.4941444 0.7349097 0.5657694 0.7658784 0.7399684 0.7058386 0.5764432 0.7754068 0.7382745 0.7444381 0.5640755 0.7754068 0.5640755 0.7164256 0.4791057 0.7504407 0.4769277 0.7269593 0.4937816 0.7904263 0.3951371 0.7569971 0.3861382 0.7900354 0.3846106 0.7904088 0.4475364 0.7578908 0.4364349 0.790682 0.4370699 0.7894513 0.4685126 0.7569079 0.4563482 0.7899894 0.4580094 0.7059804 0.3966149 0.7379047 0.4167228 0.7058386 0.4172989 0.7899894 0.4580094 0.7576523 0.4464136 0.7904088 0.4475364 0.5146508 0.9333512 0.6063206 0.9002861 0.6084946 0.9013352 0.1184483 0.9517408 0.1719462 0.9800679 0.1715549 0.9810446 0.3609814 0.8873755 0.28738 0.893173 0.2874659 0.8918033 0.2053275 0.8762431 0.1279977 0.8546641 0.1274238 0.852988 0.2289156 0.99704 0.2849154 0.9996618 0.2849246 0.9998185 0.2927134 0.9982101 0.3005008 0.996193 0.3005415 0.9963499 0.3318226 0.9882273 0.364693 0.9782963 0.3648985 0.9789725 0.08489781 0.9047726 0.1191362 0.9509438 0.1184483 0.9517408 0.3123007 0.9934002 0.3317073 0.9878281 0.3318226 0.9882273 0.2874659 0.8918033 0.2049267 0.8778633 0.2053275 0.8762431 0.4209848 0.9624308 0.5140085 0.9314684 0.5146508 0.9333512 0.1715549 0.9810446 0.2290784 0.9960529 0.2289156 0.99704 0.6084946 0.9013352 0.5833861 0.8308015 0.5842294 0.8291233 0.1274238 0.852988 0.08624261 0.9048637 0.08489781 0.9047726 0.7558217 0.4666627 0.7504407 0.4769277 0.7373453 0.4674046 0.7576523 0.4464136 0.7569079 0.4563482 0.7383003 0.453956 0.7569971 0.3861382 0.7574262 0.3962798 0.7374305 0.3971962 0.7550492 0.3652455 0.756158 0.3759291 0.7366641 0.3786606 0.758 0.4264503 0.7578908 0.4364349 0.7382434 0.4360868 0.7577559 0.4063576 0.757919 0.4164184 0.7379047 0.4167228 0.7900354 0.3846106 0.756158 0.3759291 0.7895326 0.3740658 0.7895326 0.3740658 0.7550492 0.3652455 0.7889758 0.3634637 0.7071105 0.3763073 0.7374305 0.3971962 0.7059804 0.3966149 0.7058386 0.7503719 0.7368072 0.7600496 0.7058386 0.7600496 0.7099639 0.3565944 0.7366641 0.3786606 0.7071105 0.3763073 0.7091728 0.4585717 0.7373453 0.4674046 0.7164256 0.4791057 0.7908157 0.4266045 0.757919 0.4164184 0.7908157 0.4161301 0.720636 0.3350657 0.7359581 0.3638014 0.7099639 0.3565944 0.790682 0.4370699 0.758 0.4264503 0.7908157 0.4266045 0.706686 0.4380926 0.7379047 0.4167228 0.7382434 0.4360868 0.790686 0.4056417 0.7574262 0.3962798 0.7904263 0.3951371 0.7091728 0.4585717 0.7382434 0.4360868 0.7383003 0.453956 0.7908157 0.4161301 0.7577559 0.4063576 0.790686 0.4056417 0.7058386 0.750009 0.7368072 0.7403312 0.7368072 0.750009 0.7058386 0.5036729 0.8800376 0.5346415 0.8693637 0.5637127 0.6527022 0.3157694 0.7021763 0.2638938 0.7054757 0.6956954 0.09702455 0.4331089 0.08933186 0.4973469 0.06209963 0.3190632 0.8317998 0.5640755 0.8414775 0.7382738 0.8317996 0.7382738 0.8217591 0.5640755 0.8314368 0.7382738 0.8217589 0.7382738 0.8179396 0.4132681 0.8179396 0.4035903 0.837295 0.4035903 0.7058386 0.25728 0.7058386 0.2476022 0.8800369 0.2476028 0.4341092 0.4955101 0.422753 0.5071467 0.4225072 0.49638 0.4475505 0.4501208 0.4504095 0.4646034 0.4471733 0.4659652 0.4359416 0.4564392 0.4378062 0.4693471 0.4348921 0.4703831 0.8008346 0.09549903 0.8009259 0.09419202 0.8014418 0.09469532 0.4782393 0.4900047 0.4612066 0.4885548 0.4605626 0.4846328 0.8185871 0.05776762 0.8234304 0.06466346 0.8192663 0.0638197 0.8044749 0.09279626 0.8022078 0.09314388 0.8038972 0.09191554 0.4475505 0.4501208 0.4680882 0.4568507 0.4537361 0.4631641 0.4253388 0.461764 0.4189243 0.4755648 0.4156723 0.4660684 0.4741531 0.4728769 0.4578554 0.4737401 0.4566182 0.4701899 0.4318967 0.480533 0.4326863 0.4834861 0.4211751 0.4857705 0.4338466 0.4925267 0.4341092 0.4955101 0.4225072 0.49638 0.434439 0.5078323 0.4372029 0.4952914 0.4404133 0.4950463 0.7058386 0.1151038 0.7426738 0.1110785 0.7394419 0.124892 0.8192663 0.0638197 0.8208335 0.07015061 0.8178373 0.06807899 0.7995269 0.04693698 0.7835618 0.04106515 0.8000913 0.03815573 0.8178373 0.06807899 0.8176306 0.07459127 0.8153753 0.07171237 0.754345 0.02374863 0.7459114 0.04459065 0.738071 0.03699696 0.7856603 0.04914307 0.7696932 0.04726552 0.7835618 0.04106515 0.8153753 0.07171237 0.814055 0.07979774 0.8122808 0.0773673 0.7999096 0.09129953 0.7995276 0.09316855 0.7987768 0.09249323 0.8568719 0.04129064 0.8475717 0.01644468 0.859098 0.007539927 0.8020401 0.08927798 0.8008478 0.09182584 0.7999096 0.09129953 0.7812734 0.1171955 0.7882609 0.1063882 0.7909277 0.1103788 0.859098 0.007539927 0.8229261 0.01516896 0.8245835 1.81417e-4 0.7995269 0.04693698 0.8203795 0.04087734 0.8123421 0.05080258 0.7102406 0.07950299 0.7183104 0.1069266 0.7058386 0.1151038 0.8245216 0.08162301 0.826862 0.07467192 0.8296093 0.07772523 0.7940483 0.09404307 0.7911967 0.09734714 0.790304 0.09467583 0.7909277 0.1103788 0.7937707 0.1023477 0.7960048 0.1045975 0.8123421 0.05080258 0.8242772 0.05607968 0.8185871 0.05776762 0.7987768 0.09249323 0.7982845 0.09488481 0.828417 0.1551287 0.790304 0.09467583 0.7861098 0.09875458 0.7859677 0.09514153 0.8061478 0.09166193 0.8038972 0.09191554 0.8056885 0.09072518 0.8296093 0.07772523 0.8324819 0.06850981 0.8369989 0.07231193 0.8009702 0.0967558 0.8001948 0.09531396 0.8008346 0.09549903 0.828417 0.1551287 0.7949978 0.09592795 0.7940483 0.09404307 0.7730031 0.01279246 0.760344 0.03256309 0.754345 0.02374863 0.8324819 0.06850981 0.8208335 0.07015061 0.8234304 0.06466346 0.8208335 0.07015061 0.8223033 0.07917344 0.8176306 0.07459127 0.7937707 0.1023477 0.7861098 0.09875458 0.7911967 0.09734714 0.7992414 0.09728854 0.7949978 0.09592795 0.7982845 0.09488481 0.814055 0.07979774 0.8145652 0.08783483 0.8098846 0.085958 0.8437752 0.03991091 0.8242772 0.05607968 0.8203795 0.04087734 0.8229261 0.01516896 0.8000913 0.03815573 0.7982752 0.01704144 0.8475717 0.01644468 0.8203795 0.04087734 0.8229261 0.01516896 0.7775484 0.02330237 0.7696932 0.04726552 0.760344 0.03256309 0.7982752 0.01704144 0.7835618 0.04106515 0.7775484 0.02330237 0.8047266 0.08864784 0.8075668 0.08992296 0.8056885 0.09072518 0.8027002 0.09019315 0.8056885 0.09072518 0.8038972 0.09191554 0.8098846 0.085958 0.8128417 0.09037452 0.8100414 0.0895816 0.8066741 0.08746933 0.8100414 0.0895816 0.8075668 0.08992296 0.8001948 0.09531396 0.7995276 0.09316855 0.8009259 0.09419202 0.8004327 0.09656774 0.7982845 0.09488481 0.8001948 0.09531396 0.8022078 0.09314388 0.8027002 0.09019315 0.8038972 0.09191554 0.8009259 0.09419202 0.8008478 0.09182584 0.8022078 0.09314388 0.7459114 0.04459065 0.7521413 0.06815314 0.7339116 0.06066232 0.760344 0.03256309 0.7590054 0.05599665 0.7459114 0.04459065 0.7504981 0.08705097 0.763925 0.1127721 0.7426738 0.1110785 0.7249395 0.082574 0.7426738 0.1110785 0.7183104 0.1069266 0.7339116 0.06066232 0.7504981 0.08705097 0.7249395 0.082574 0.7785332 0.09900885 0.7882609 0.1063882 0.7788805 0.1104728 0.7670897 0.09610891 0.7788805 0.1104728 0.763925 0.1127721 0.7970772 0.0992549 0.7911967 0.09734714 0.7949978 0.09592795 0.8176306 0.07459127 0.8182848 0.08362782 0.814055 0.07979774 0.8387355 0.05788385 0.8234304 0.06466346 0.8242772 0.05607968 0.8077988 0.0910272 0.8056885 0.09072518 0.8075668 0.08992296 0.7644113 0.06069904 0.7521413 0.06815314 0.7590054 0.05599665 0.8027586 0.09389549 0.8009259 0.09419202 0.8022078 0.09314388 0.7960048 0.1045975 0.7970772 0.0992549 0.7986323 0.1005486 0.7733469 0.0540741 0.7590054 0.05599665 0.7696932 0.04726552 0.8077988 0.0910272 0.8100414 0.0895816 0.8100188 0.09107172 0.8203479 0.08573746 0.8223033 0.07917344 0.8245216 0.08162301 0.7707642 0.08990025 0.7504981 0.08705097 0.7618612 0.07993322 0.7986323 0.1005486 0.7992414 0.09728854 0.80014 0.0980609 0.8162523 0.08947771 0.8182848 0.08362782 0.8203479 0.08573746 0.8245835 1.81417e-4 0.7982752 0.01704144 0.7957981 0.004190802 0.8056846 0.0863527 0.8047266 0.08864784 0.8043053 0.08738511 0.8468614 0.06173038 0.8437752 0.03991091 0.8568719 0.04129064 0.7618612 0.07993322 0.7521413 0.06815314 0.7596013 0.0693705 0.8043053 0.08738511 0.8027002 0.09019315 0.8020401 0.08927798 0.7957981 0.004190802 0.7775484 0.02330237 0.7730031 0.01279246 0.7859677 0.09514153 0.7785332 0.09900885 0.7799202 0.09422993 0.8369989 0.07231193 0.8387355 0.05788385 0.8468614 0.06173038 0.738071 0.03699696 0.7339116 0.06066232 0.7230948 0.05443286 0.7799202 0.09422993 0.7670897 0.09610891 0.7707642 0.08990025 0.8100188 0.09107172 0.8128417 0.09037452 0.8132319 0.09163248 0.80014 0.0980609 0.8004327 0.09656774 0.8009702 0.0967558 0.7230948 0.05443286 0.7249395 0.082574 0.7102406 0.07950299 0.7394419 0.124892 0.763925 0.1127721 0.7647394 0.1231321 0.8132319 0.09163248 0.8145652 0.08783483 0.8162523 0.08947771 0.8068057 0.08499175 0.8066741 0.08746933 0.8056846 0.0863527 0.7647394 0.1231321 0.7788805 0.1104728 0.7812734 0.1171955 0.8122808 0.0773673 0.8098846 0.085958 0.8068057 0.08499175 0.7733469 0.0540741 0.7856603 0.04914307 0.7777078 0.06546205 0.8051657 0.7642241 0.8068057 0.08499175 0.8051657 0.7739018 0.8122808 0.0773673 0.8068057 0.08499175 0.8100056 0.07137477 0.790304 0.09467583 0.7859677 0.09514153 0.787007 0.08952003 0.7757746 0.6186144 0.7879552 0.6293602 0.7757697 0.629518 0.7828885 0.6854944 0.7910749 0.6711879 0.7932838 0.6797031 0.7766687 0.5971633 0.7878056 0.6081979 0.7760281 0.6078089 0.8073353 0.565965 0.7969219 0.5743587 0.7963073 0.5640755 0.7780162 0.5868147 0.7879621 0.598062 0.7766687 0.5971633 0.7764066 0.6515924 0.7882313 0.6400856 0.7887446 0.6507824 0.821396 0.6502717 0.8092859 0.6288976 0.821396 0.6286771 0.7963073 0.5640755 0.7916337 0.5744407 0.7855072 0.5681588 0.7757697 0.629518 0.7882313 0.6400856 0.7759605 0.6405046 0.821396 0.6286771 0.8085219 0.6077061 0.8206835 0.6068359 0.8206835 0.6068359 0.8065269 0.5879977 0.8180076 0.5846855 0.8180076 0.5846855 0.8028632 0.575128 0.8073353 0.565965 0.8093536 0.6697744 0.8014223 0.6853331 0.8003495 0.6698321 0.8065269 0.5879977 0.7981685 0.6081956 0.7973054 0.5890602 0.8092859 0.6288976 0.7992641 0.6502323 0.7986519 0.6291512 0.8014223 0.6853331 0.7954946 0.6856804 0.7932838 0.6797031 0.7992641 0.6502323 0.7887446 0.6507824 0.7882313 0.6400856 0.7981685 0.6081956 0.7878056 0.6081979 0.7879621 0.598062 0.8096113 0.6500281 0.8003495 0.6698321 0.7992641 0.6502323 0.8003495 0.6698321 0.7910749 0.6711879 0.7895699 0.6612385 0.8085219 0.6077061 0.7986519 0.6291512 0.7981685 0.6081956 0.7986519 0.6291512 0.7879552 0.6293602 0.7878007 0.618689 0.8028632 0.575128 0.7973054 0.5890602 0.7969219 0.5743587 0.7973054 0.5890602 0.7885633 0.5886179 0.7897747 0.5804885 0.7760281 0.6078089 0.7878007 0.618689 0.7757746 0.6186144 0.7780162 0.5868147 0.7897747 0.5804885 0.7885633 0.5886179 0.7805622 0.5769984 0.7916337 0.5744407 0.7897747 0.5804885 0.8032806 0.6961171 0.8073711 0.684454 0.8146163 0.6909487 0.7828885 0.6854944 0.7954946 0.6856804 0.7916883 0.6951262 0.7791017 0.6741805 0.7895699 0.6612385 0.7910749 0.6711879 0.7772946 0.6628101 0.7887446 0.6507824 0.7895699 0.6612385 0.8201798 0.6713568 0.8096113 0.6500281 0.821396 0.6502717 0.7916883 0.6951262 0.8014223 0.6853331 0.8032806 0.6961171 0.8201798 0.6713568 0.8073711 0.684454 0.8093536 0.6697744 0.7951251 0.802935 0.7854474 0.8126127 0.7757697 0.7932572 0.2984459 0.3057025 0.2771636 0.3271258 0.244896 0.3157308 0.3285098 0.4490367 0.3335348 0.4542244 0.3304056 0.4604169 0.3906775 0.4582104 0.3962709 0.4587976 0.3972938 0.46431 0.4526814 0.4101162 0.4614155 0.4015802 0.4731585 0.4086895 0.3985221 0.5233643 0.403389 0.5200741 0.4092559 0.5234548 0.4119351 0.426429 0.4221423 0.4365068 0.4137152 0.4438548 0.3611387 0.4044901 0.3744759 0.4068964 0.3715915 0.4190052 0.3710352 0.3374352 0.3810311 0.2933979 0.4195417 0.3124604 0.4546571 0.5618707 0.4366 0.5539796 0.4430637 0.5381428 0.363273 0.6062231 0.3894643 0.5990331 0.4030267 0.6271982 0.3582363 0.5343396 0.3698965 0.5329508 0.3723634 0.5452573 0.4923902 0.4667985 0.5137975 0.4589132 0.5201845 0.4829943 0.4137152 0.4438548 0.4221423 0.4365068 0.4295381 0.4459485 0.3929797 0.4897384 0.4019362 0.4886658 0.4029701 0.4977192 0.3557456 0.4921506 0.365482 0.4918789 0.3659929 0.5015825 0.3572113 0.4545366 0.3663288 0.4551745 0.3657237 0.4641818 0.3112264 0.4902358 0.323823 0.4912456 0.3237061 0.5030747 0.2304487 0.4755203 0.257359 0.4820021 0.2548817 0.5066751 0.2969061 0.3977798 0.3059129 0.4155705 0.2904894 0.4262048 0.4442137 0.3400982 0.4195417 0.3124604 0.4554191 0.2732784 0.6527022 0.3157694 0.6028837 0.3539363 0.5388968 0.3185396 0.5388968 0.3185396 0.5427477 0.2170395 0.6298744 0.1972337 0.669506 0.2294079 0.7021763 0.2638938 0.6527022 0.3157694 0.5388968 0.3185396 0.6298744 0.1972337 0.6527022 0.3157694 0.5036873 0.4009122 0.5206325 0.3706493 0.5542852 0.3961089 0.4606472 0.3881732 0.4562634 0.3668925 0.4849489 0.3626183 0.5480595 0.5099462 0.5823784 0.5152539 0.5716023 0.5540702 0.5402558 0.4483903 0.574837 0.4343042 0.583464 0.4748928 0.2578564 0.4254975 0.2764036 0.4409071 0.2649061 0.4597057 0.2115408 0.3713498 0.2362705 0.4037681 0.2126147 0.4306195 0.2809789 0.3504117 0.28814 0.3757846 0.2627767 0.3863086 0.2291706 0.5394214 0.2582967 0.53226 0.2681607 0.5570706 0.1453361 0.5536877 0.1918238 0.5468572 0.2038472 0.5893356 0.1531125 0.4506944 0.1965327 0.4654546 0.1894963 0.5050876 0.3128178 0.5169463 0.3248499 0.5145646 0.3269577 0.5247917 0.2808893 0.5259466 0.2985855 0.5207821 0.3046072 0.5356387 0.2789704 0.4860816 0.2965747 0.4886324 0.2959908 0.504736 0.3561752 0.4729296 0.3653759 0.4732114 0.365287 0.4824238 0.3372821 0.4713523 0.3468008 0.4723895 0.3460566 0.4820559 0.339805 0.454139 0.3481643 0.4541772 0.3476418 0.4631695 0.3565955 0.5124558 0.3668564 0.5115541 0.368126 0.5219085 0.335587 0.5135577 0.3461275 0.5130351 0.3466311 0.5235819 0.3351179 0.4918575 0.345662 0.4921503 0.3457107 0.5025311 0.3949437 0.5074015 0.403635 0.5065354 0.4039061 0.5144605 0.3767255 0.5102902 0.3860751 0.508805 0.3877836 0.5178817 0.374902 0.4913626 0.3840362 0.4906384 0.3849168 0.4996995 0.4070753 0.4693381 0.4156723 0.4660684 0.4189243 0.4755648 0.4004201 0.4552667 0.4064042 0.4501652 0.4115956 0.4575518 0.434439 0.5078323 0.447997 0.5083438 0.4466025 0.5229831 0.4125875 0.5065773 0.422753 0.5071467 0.4212746 0.5177595 0.4112218 0.4873751 0.4211751 0.4857705 0.4225072 0.49638 0.499424 0.5071333 0.5215774 0.5072732 0.5185777 0.5291225 0.4631245 0.508415 0.4801443 0.5079079 0.4799714 0.5262466 0.3609314 0.5814449 0.3597345 0.5623779 0.3759062 0.5596426 0.3274572 0.5567561 0.3431029 0.5615242 0.3395114 0.5804185 0.3332175 0.5438826 0.3362967 0.5332833 0.3466961 0.5343837 0.3776547 0.687122 0.4267725 0.6645272 0.4731544 0.7165402 0.2660558 0.6678179 0.3197277 0.6887435 0.3056286 0.7629417 0.291005 0.6261804 0.3074802 0.5959684 0.3347457 0.6054189 0.4766855 0.5674489 0.478714 0.5454036 0.4977917 0.5457307 0.5077516 0.6541741 0.4578399 0.6300595 0.4717506 0.5952461 0.4107367 0.5861246 0.4262405 0.5703344 0.4453685 0.5835339 0.3658422 0.367663 0.3856243 0.3730424 0.3784605 0.3930787 0.3204731 0.3900236 0.3166595 0.3685401 0.3441063 0.3673652 0.2984459 0.3057025 0.3364314 0.2913467 0.3415276 0.3360677 0.357774 0.4431522 0.3586 0.4307712 0.3691549 0.4320518 0.3249805 0.4076769 0.3437089 0.4042409 0.3453683 0.4183335 0.393396 0.4497621 0.3984464 0.4428217 0.4064042 0.4501652 0.3791798 0.4340474 0.3887987 0.4366886 0.3854793 0.4473038 0.3823947 0.4218847 0.3867568 0.4109839 0.4000745 0.4178183 0.4203284 0.4167525 0.430073 0.4062259 0.4419192 0.4192417 0.4442137 0.3400982 0.4562634 0.3668925 0.4323878 0.3795021 0.4115518 0.5374572 0.4178242 0.5279309 0.4290608 0.5330095 0.3903967 0.5539909 0.4024018 0.5463138 0.4123916 0.5577096 0.384736 0.5414308 0.3808987 0.5303674 0.3906314 0.5269799 0.4738522 0.4329321 0.4882529 0.4201914 0.5026921 0.4372842 0.4315887 0.428232 0.4419192 0.4192417 0.4512248 0.4301775 0.3910976 0.4726814 0.398976 0.4715526 0.4005774 0.4798164 0.3743147 0.4733057 0.3829044 0.4731758 0.3833525 0.4817549 0.3751623 0.4560457 0.383413 0.4570934 0.3828374 0.4649764 0.3173068 0.4656919 0.327517 0.4693229 0.3251757 0.4797943 0.2922293 0.4520443 0.3057196 0.4600729 0.2999809 0.4734724 0.3144425 0.4296548 0.3220789 0.4406573 0.3132364 0.4490294 0.06209963 0.3190632 0.007877051 0.2645305 0.04151582 0.226258 0.0832889 0.1896914 0.1809905 0.2161564 0.1847447 0.3158485 0.06209963 0.3190632 0.04151582 0.226258 0.0832889 0.1896914 0.1847447 0.3158485 0.1173588 0.3592859 0.06209963 0.3190632 0.3655342 1.81417e-4 0.4807817 0.02648138 0.4399198 0.1191805 0.3623219 0.1004835 0.2843267 0.1167313 0.2481155 0.02128732 0.3655342 1.81417e-4 0.4399198 0.1191805 0.3623219 0.1004835 0.3810311 0.2933979 0.3364314 0.2913467 0.3241031 0.2329404 0.3623219 0.1004835 0.4399198 0.1191805 0.3976627 0.2351007 0.3976627 0.2351007 0.3241031 0.2329404 0.3623219 0.1004835 0.5050413 0.1583007 0.5427477 0.2170395 0.4554191 0.2732784 0.4554191 0.2732784 0.3976627 0.2351007 0.5050413 0.1583007 0.4195417 0.3124604 0.3810311 0.2933979 0.3976627 0.2351007 0.5773375 0.09422332 0.6298744 0.1972337 0.5427477 0.2170395 0.5050413 0.1583007 0.4399198 0.1191805 0.4807817 0.02648138 0.5773375 0.09422332 0.5427477 0.2170395 0.5050413 0.1583007 0.1469622 0.08448612 0.2481155 0.02128732 0.2843267 0.1167313 0.217734 0.1550863 0.1809905 0.2161564 0.0832889 0.1896914 0.1469622 0.08448612 0.2843267 0.1167313 0.217734 0.1550863 0.3026107 0.4392576 0.3132364 0.4490294 0.3057196 0.4600729 0.2904894 0.4262048 0.3026107 0.4392576 0.2922293 0.4520443 0.3059129 0.4155705 0.3144425 0.4296548 0.3026107 0.4392576 0.2840628 0.4678426 0.2999809 0.4734724 0.2965747 0.4886324 0.2649061 0.4597057 0.2840628 0.4678426 0.2789704 0.4860816 0.2764036 0.4409071 0.2922293 0.4520443 0.2840628 0.4678426 0.3134422 0.4773055 0.3251757 0.4797943 0.323823 0.4912456 0.2999809 0.4734724 0.3134422 0.4773055 0.3112264 0.4902358 0.3057196 0.4600729 0.3173068 0.4656919 0.3134422 0.4773055 0.374509 0.4646289 0.3828374 0.4649764 0.3829044 0.4731758 0.3657237 0.4641818 0.374509 0.4646289 0.3743147 0.4733057 0.3663288 0.4551745 0.3751623 0.4560457 0.374509 0.4646289 0.3744648 0.4822108 0.3833525 0.4817549 0.3840362 0.4906384 0.365287 0.4824238 0.3744648 0.4822108 0.374902 0.4913626 0.3653759 0.4732114 0.3743147 0.4733057 0.3744648 0.4822108 0.3920005 0.4809986 0.4005774 0.4798164 0.4019362 0.4886658 0.3833525 0.4817549 0.3920005 0.4809986 0.3929797 0.4897384 0.3829044 0.4731758 0.3910976 0.4726814 0.3920005 0.4809986 0.4399855 0.4386052 0.4512248 0.4301775 0.4601796 0.4425178 0.4295381 0.4459485 0.4399855 0.4386052 0.4475505 0.4501208 0.4221423 0.4365068 0.4315887 0.428232 0.4399855 0.4386052 0.4842334 0.4485187 0.5026921 0.4372842 0.5137975 0.4589132 0.4680882 0.4568507 0.4842334 0.4485187 0.4923902 0.4667985 0.4601796 0.4425178 0.4738522 0.4329321 0.4842334 0.4485187 0.3903967 0.5539909 0.384736 0.5414308 0.3953449 0.5361799 0.3723634 0.5452573 0.384736 0.5414308 0.3903967 0.5539909 0.3698965 0.5329508 0.3808987 0.5303674 0.384736 0.5414308 0.3986376 0.5686982 0.4123916 0.5577096 0.4262405 0.5703344 0.3811993 0.5771296 0.3986376 0.5686982 0.4107367 0.5861246 0.3811993 0.5771296 0.3759062 0.5596426 0.3903967 0.5539909 0.4366 0.5539796 0.422393 0.5455433 0.4290608 0.5330095 0.4262405 0.5703344 0.4123916 0.5577096 0.422393 0.5455433 0.4024018 0.5463138 0.4115518 0.5374572 0.422393 0.5455433 0.4182938 0.362421 0.4323878 0.3795021 0.4156937 0.3934554 0.3856243 0.3730424 0.3976638 0.3471451 0.4182938 0.362421 0.3976638 0.3471451 0.4195417 0.3124604 0.4442137 0.3400982 0.3867568 0.4109839 0.3922043 0.3986426 0.4071378 0.4066427 0.3784605 0.3930787 0.3922043 0.3986426 0.3867568 0.4109839 0.3856243 0.3730424 0.4024445 0.3823378 0.3922043 0.3986426 0.4203284 0.4167525 0.4315887 0.428232 0.4221423 0.4365068 0.4071378 0.4066427 0.4203284 0.4167525 0.4119351 0.426429 0.4071378 0.4066427 0.4156937 0.3934554 0.430073 0.4062259 0.3715915 0.4190052 0.3823947 0.4218847 0.3791798 0.4340474 0.3744759 0.4068964 0.3867568 0.4109839 0.3823947 0.4218847 0.3767446 0.4454173 0.3854793 0.4473038 0.383413 0.4570934 0.3663288 0.4551745 0.3674516 0.4440188 0.3767446 0.4454173 0.3674516 0.4440188 0.3691549 0.4320518 0.3791798 0.4340474 0.3854793 0.4473038 0.393396 0.4497621 0.3906775 0.4582104 0.3343828 0.4340307 0.3297615 0.4221705 0.3453683 0.4183335 0.3220789 0.4406573 0.3144425 0.4296548 0.3297615 0.4221705 0.3059129 0.4155705 0.3249805 0.4076769 0.3297615 0.4221705 0.3383726 0.4436066 0.3479748 0.4429755 0.3481643 0.4541772 0.3285098 0.4490367 0.3220789 0.4406573 0.3343828 0.4340307 0.3572113 0.4545366 0.357774 0.4431522 0.3674516 0.4440188 0.3479748 0.4429755 0.357774 0.4431522 0.3572113 0.4545366 0.3475084 0.4301122 0.3586 0.4307712 0.357774 0.4431522 0.28814 0.3757846 0.2809789 0.3504117 0.3134151 0.3426759 0.3204731 0.3900236 0.3430523 0.3876342 0.3437089 0.4042409 0.2969061 0.3977798 0.3204731 0.3900236 0.3249805 0.4076769 0.2969061 0.3977798 0.28814 0.3757846 0.3166595 0.3685401 0.3632582 0.3898656 0.3784605 0.3930787 0.3744759 0.4068964 0.3437089 0.4042409 0.3430523 0.3876342 0.3632582 0.3898656 0.4289849 0.6066516 0.4453685 0.5835339 0.4717506 0.5952461 0.4267725 0.6645272 0.4030267 0.6271982 0.4289849 0.6066516 0.3894643 0.5990331 0.4107367 0.5861246 0.4289849 0.6066516 0.5910754 0.6469752 0.5077516 0.6541741 0.5071353 0.6000552 0.6627874 0.7383837 0.5842294 0.8291233 0.4731544 0.7165402 0.4731544 0.7165402 0.5077516 0.6541741 0.6627874 0.7383837 0.4267725 0.6645272 0.4578399 0.6300595 0.5077516 0.6541741 0.5014628 0.5677512 0.4977917 0.5457307 0.5122311 0.5440918 0.5468605 0.5868577 0.5071353 0.6000552 0.5014628 0.5677512 0.4717506 0.5952461 0.4766855 0.5674489 0.5014628 0.5677512 0.291005 0.6261804 0.3284916 0.6396924 0.3197277 0.6887435 0.261125 0.6021253 0.291005 0.6261804 0.2660558 0.6678179 0.261125 0.6021253 0.2847197 0.5791109 0.3074802 0.5959684 0.2053275 0.8762431 0.1274238 0.852988 0.2229822 0.7275984 0.2229822 0.7275984 0.3056286 0.7629417 0.2053275 0.8762431 0.04620313 0.7777885 0.1104518 0.6792544 0.1776834 0.6650322 0.1776834 0.6650322 0.2229822 0.7275984 0.04620313 0.7777885 0.2275137 0.6312643 0.2660558 0.6678179 0.2229822 0.7275984 0.5031255 0.8492415 0.4305375 0.8702616 0.3962867 0.7577549 0.3962867 0.7577549 0.4731544 0.7165402 0.5031255 0.8492415 0.3609814 0.8873755 0.2874659 0.8918033 0.3056286 0.7629417 0.3056286 0.7629417 0.3962867 0.7577549 0.3609814 0.8873755 0.3056286 0.7629417 0.3197277 0.6887435 0.3776547 0.687122 0.3332175 0.5438826 0.3455346 0.5466856 0.3431029 0.5615242 0.3231488 0.5383415 0.3332175 0.5438826 0.3274572 0.5567561 0.3285302 0.5324367 0.3362967 0.5332833 0.3332175 0.5438826 0.3074802 0.5959684 0.3191009 0.5735874 0.3395114 0.5804185 0.2847197 0.5791109 0.3017872 0.5614002 0.3191009 0.5735874 0.3142716 0.5480155 0.3274572 0.5567561 0.3191009 0.5735874 0.3609314 0.5814449 0.3811993 0.5771296 0.3894643 0.5990331 0.3395114 0.5804185 0.3609314 0.5814449 0.363273 0.6062231 0.3431029 0.5615242 0.3597345 0.5623779 0.3609314 0.5814449 0.4617955 0.4925122 0.4782393 0.4900047 0.4801443 0.5079079 0.4631245 0.508415 0.447997 0.5083438 0.4541745 0.4934951 0.447997 0.5083438 0.4470857 0.4944097 0.4505675 0.4939362 0.4505675 0.4939362 0.4541745 0.4934951 0.447997 0.5083438 0.4541745 0.4934951 0.4579072 0.4929897 0.4631245 0.508415 0.4623959 0.5250501 0.4799714 0.5262466 0.478714 0.5454036 0.4466025 0.5229831 0.4623959 0.5250501 0.4597954 0.5425944 0.447997 0.5083438 0.4631245 0.508415 0.4623959 0.5250501 0.4986999 0.5268164 0.5185777 0.5291225 0.5122311 0.5440918 0.4799714 0.5262466 0.4986999 0.5268164 0.4977917 0.5457307 0.4801443 0.5079079 0.499424 0.5071333 0.4986999 0.5268164 0.4123228 0.4970237 0.4225072 0.49638 0.422753 0.5071467 0.4029701 0.4977192 0.4123228 0.4970237 0.4125875 0.5065773 0.4019362 0.4886658 0.4112218 0.4873751 0.4123228 0.4970237 0.4117141 0.5155742 0.4212746 0.5177595 0.4178242 0.5279309 0.4039061 0.5144605 0.4117141 0.5155742 0.4092559 0.5234548 0.403635 0.5065354 0.4125875 0.5065773 0.4117141 0.5155742 0.4328479 0.5203961 0.4466025 0.5229831 0.4430637 0.5381428 0.4212746 0.5177595 0.4328479 0.5203961 0.4290608 0.5330095 0.422753 0.5071467 0.434439 0.5078323 0.4328479 0.5203961 0.404183 0.4616532 0.4115956 0.4575518 0.4156723 0.4660684 0.3972938 0.46431 0.404183 0.4616532 0.4070753 0.4693381 0.3962709 0.4587976 0.4004201 0.4552667 0.404183 0.4616532 0.4094457 0.4780271 0.4189243 0.4755648 0.4211751 0.4857705 0.4005774 0.4798164 0.4094457 0.4780271 0.4112218 0.4873751 0.398976 0.4715526 0.4070753 0.4693381 0.4094457 0.4780271 0.3756299 0.5007295 0.3849168 0.4996995 0.3860751 0.508805 0.3659929 0.5015825 0.3756299 0.5007295 0.3767255 0.5102902 0.365482 0.4918789 0.374902 0.4913626 0.3756299 0.5007295 0.3783739 0.5201039 0.3877836 0.5178817 0.3906314 0.5269799 0.368126 0.5219085 0.3783739 0.5201039 0.3808987 0.5303674 0.3668564 0.5115541 0.3767255 0.5102902 0.3783739 0.5201039 0.3961609 0.5156856 0.4039061 0.5144605 0.403389 0.5200741 0.3877836 0.5178817 0.3961609 0.5156856 0.3985221 0.5233643 0.3860751 0.508805 0.3949437 0.5074015 0.3961609 0.5156856 0.3350386 0.5027559 0.3457107 0.5025311 0.3461275 0.5130351 0.3237061 0.5030747 0.3350386 0.5027559 0.335587 0.5135577 0.323823 0.4912456 0.3351179 0.4918575 0.3350386 0.5027559 0.3363307 0.5238469 0.3466311 0.5235819 0.3466961 0.5343837 0.3269577 0.5247917 0.3363307 0.5238469 0.3362967 0.5332833 0.3248499 0.5145646 0.335587 0.5135577 0.3363307 0.5238469 0.3573951 0.5230622 0.368126 0.5219085 0.3698965 0.5329508 0.3466311 0.5235819 0.3573951 0.5230622 0.3582363 0.5343396 0.3461275 0.5130351 0.3565955 0.5124558 0.3573951 0.5230622 0.3388552 0.4623578 0.3476418 0.4631695 0.3468008 0.4723895 0.3304056 0.4604169 0.3388552 0.4623578 0.3372821 0.4713523 0.3335348 0.4542244 0.339805 0.454139 0.3388552 0.4623578 0.3359155 0.4812709 0.3460566 0.4820559 0.345662 0.4921503 0.3251757 0.4797943 0.3359155 0.4812709 0.3351179 0.4918575 0.327517 0.4693229 0.3372821 0.4713523 0.3359155 0.4812709 0.35582 0.4823926 0.365287 0.4824238 0.365482 0.4918789 0.3460566 0.4820559 0.35582 0.4823926 0.3557456 0.4921506 0.3468008 0.4723895 0.3561752 0.4729296 0.35582 0.4823926 0.2777163 0.5058444 0.2959908 0.504736 0.2985855 0.5207821 0.2548817 0.5066751 0.2777163 0.5058444 0.2808893 0.5259466 0.257359 0.4820021 0.2789704 0.4860816 0.2777163 0.5058444 0.2888815 0.5449981 0.3046072 0.5356387 0.3142716 0.5480155 0.2681607 0.5570706 0.2888815 0.5449981 0.3017872 0.5614002 0.2582967 0.53226 0.2808893 0.5259466 0.2888815 0.5449981 0.3167538 0.5288415 0.3269577 0.5247917 0.3285302 0.5324367 0.3046072 0.5356387 0.3167538 0.5288415 0.3231488 0.5383415 0.2985855 0.5207821 0.3128178 0.5169463 0.3167538 0.5288415 0.1439871 0.5016295 0.1894963 0.5050876 0.1918238 0.5468572 0.08933186 0.4973469 0.1439871 0.5016295 0.1453361 0.5536877 0.09702455 0.4331089 0.1531125 0.4506944 0.1439871 0.5016295 0.1556675 0.6072593 0.2038472 0.5893356 0.2275137 0.6312643 0.09656721 0.6214104 0.1556675 0.6072593 0.1776834 0.6650322 0.09148174 0.5591734 0.1453361 0.5536877 0.1556675 0.6072593 0.2406014 0.5719792 0.2681607 0.5570706 0.2847197 0.5791109 0.2038472 0.5893356 0.2406014 0.5719792 0.261125 0.6021253 0.1918238 0.5468572 0.2291706 0.5394214 0.2406014 0.5719792 0.2498131 0.3564563 0.2627767 0.3863086 0.2362705 0.4037681 0.244896 0.3157308 0.2498131 0.3564563 0.2115408 0.3713498 0.2771636 0.3271258 0.2809789 0.3504117 0.2498131 0.3564563 0.1749757 0.4042059 0.2126147 0.4306195 0.1965327 0.4654546 0.1173588 0.3592859 0.1749757 0.4042059 0.1531125 0.4506944 0.1847447 0.3158485 0.2115408 0.3713498 0.1749757 0.4042059 0.2415634 0.4479271 0.2649061 0.4597057 0.257359 0.4820021 0.2126147 0.4306195 0.2415634 0.4479271 0.2304487 0.4755203 0.2362705 0.4037681 0.2578564 0.4254975 0.2415634 0.4479271 0.547985 0.4790818 0.583464 0.4748928 0.5823784 0.5152539 0.5201845 0.4829943 0.547985 0.4790818 0.5480595 0.5099462 0.5137975 0.4589132 0.5402558 0.4483903 0.547985 0.4790818 0.5404629 0.537782 0.5716023 0.5540702 0.5468605 0.5868577 0.5185777 0.5291225 0.5404629 0.537782 0.5255529 0.5582232 0.5215774 0.5072732 0.5480595 0.5099462 0.5404629 0.537782 0.5716023 0.5540702 0.6188461 0.5750904 0.5910754 0.6469752 0.5823784 0.5152539 0.6251121 0.5211523 0.6188461 0.5750904 0.4809454 0.3901535 0.4849489 0.3626183 0.5206325 0.3706493 0.4731585 0.4086895 0.4809454 0.3901535 0.5036873 0.4009122 0.4614155 0.4015802 0.4606472 0.3881732 0.4809454 0.3901535 0.524948 0.4209873 0.5542852 0.3961089 0.574837 0.4343042 0.5026921 0.4372842 0.524948 0.4209873 0.5402558 0.4483903 0.4882529 0.4201914 0.5036873 0.4009122 0.524948 0.4209873 0.5542852 0.3961089 0.6028837 0.3539363 0.6217554 0.4174866 0.5206325 0.3706493 0.5388968 0.3185396 0.6028837 0.3539363 0.4807604 0.3228088 0.4554191 0.2732784 0.5427477 0.2170395 0.4849489 0.3626183 0.4807604 0.3228088 0.5388968 0.3185396 0.4562634 0.3668925 0.4442137 0.3400982 0.4807604 0.3228088 0.583464 0.4748928 0.6281031 0.4708874 0.6251121 0.5211523 0.574837 0.4343042 0.6217554 0.4174866 0.6281031 0.4708874 0.2770052 0.4089775 0.2904894 0.4262048 0.2764036 0.4409071 0.2627767 0.3863086 0.2770052 0.4089775 0.2578564 0.4254975 0.28814 0.3757846 0.2969061 0.3977798 0.2770052 0.4089775 0.2260128 0.5066528 0.2548817 0.5066751 0.2582967 0.53226 0.1894963 0.5050876 0.2260128 0.5066528 0.2291706 0.5394214 0.1965327 0.4654546 0.2304487 0.4755203 0.2260128 0.5066528 0.3109675 0.5037422 0.3237061 0.5030747 0.3248499 0.5145646 0.2959908 0.504736 0.3109675 0.5037422 0.3128178 0.5169463 0.2965747 0.4886324 0.3112264 0.4902358 0.3109675 0.5037422 0.3566883 0.4637065 0.3657237 0.4641818 0.3653759 0.4732114 0.3476418 0.4631695 0.3566883 0.4637065 0.3561752 0.4729296 0.3481643 0.4541772 0.3572113 0.4545366 0.3566883 0.4637065 0.3560109 0.5021792 0.3659929 0.5015825 0.3668564 0.5115541 0.3457107 0.5025311 0.3560109 0.5021792 0.3565955 0.5124558 0.345662 0.4921503 0.3557456 0.4921506 0.3560109 0.5021792 0.3939504 0.4986402 0.4029701 0.4977192 0.403635 0.5065354 0.3849168 0.4996995 0.3939504 0.4986402 0.3949437 0.5074015 0.3840362 0.4906384 0.3929797 0.4897384 0.3939504 0.4986402 0.4200523 0.4522784 0.4295381 0.4459485 0.4359416 0.4564392 0.4115956 0.4575518 0.4200523 0.4522784 0.4253388 0.461764 0.4064042 0.4501652 0.4137152 0.4438548 0.4200523 0.4522784 0.4975143 0.4867262 0.5201845 0.4829943 0.5215774 0.5072732 0.4782393 0.4900047 0.4975143 0.4867262 0.499424 0.5071333 0.4741531 0.4728769 0.4923902 0.4667985 0.4975143 0.4867262 0.3589679 0.5471221 0.3723634 0.5452573 0.3759062 0.5596426 0.3431029 0.5615242 0.3455346 0.5466856 0.3589679 0.5471221 0.3455346 0.5466856 0.3466961 0.5343837 0.3582363 0.5343396 0.3776547 0.687122 0.3680377 0.639703 0.4030267 0.6271982 0.3284916 0.6396924 0.3680377 0.639703 0.3776547 0.687122 0.3347457 0.6054189 0.363273 0.6062231 0.3680377 0.639703 0.4546571 0.5618707 0.4597954 0.5425944 0.478714 0.5454036 0.4453685 0.5835339 0.4546571 0.5618707 0.4766855 0.5674489 0.4453685 0.5835339 0.4262405 0.5703344 0.4366 0.5539796 0.3658422 0.367663 0.3710352 0.3374352 0.3976638 0.3471451 0.3415276 0.3360677 0.3710352 0.3374352 0.3658422 0.367663 0.3364314 0.2913467 0.3810311 0.2933979 0.3710352 0.3374352 0.3600492 0.41726 0.3715915 0.4190052 0.3691549 0.4320518 0.3453683 0.4183335 0.3437089 0.4042409 0.3611387 0.4044901 0.3984464 0.4428217 0.4046662 0.4350961 0.4137152 0.4438548 0.3887987 0.4366886 0.3940634 0.427715 0.4046662 0.4350961 0.4000745 0.4178183 0.4119351 0.426429 0.4046662 0.4350961 0.430073 0.4062259 0.4415167 0.3950729 0.4526814 0.4101162 0.4562634 0.3668925 0.4606472 0.3881732 0.4415167 0.3950729 0.4036543 0.5300725 0.4092559 0.5234548 0.4178242 0.5279309 0.3953449 0.5361799 0.4036543 0.5300725 0.4115518 0.5374572 0.3953449 0.5361799 0.3906314 0.5269799 0.3985221 0.5233643 0.462751 0.420411 0.4731585 0.4086895 0.4882529 0.4201914 0.4512248 0.4301775 0.462751 0.420411 0.4738522 0.4329321 0.4419192 0.4192417 0.4526814 0.4101162 0.462751 0.420411 0.3905003 0.4650191 0.3972938 0.46431 0.398976 0.4715526 0.3828374 0.4649764 0.3905003 0.4650191 0.3910976 0.4726814 0.383413 0.4570934 0.3906775 0.4582104 0.3905003 0.4650191 0.3224387 0.4560488 0.3304056 0.4604169 0.327517 0.4693229 0.3132364 0.4490294 0.3224387 0.4560488 0.3173068 0.4656919 0.3220789 0.4406573 0.3285098 0.4490367 0.3224387 0.4560488 0.2659307 0.2670121 0.244896 0.3157308 0.1847447 0.3158485 0.217734 0.1550863 0.2843267 0.1167313 0.3241031 0.2329404 0.3241031 0.2329404 0.2659307 0.2670121 0.217734 0.1550863 0.3364314 0.2913467 0.2984459 0.3057025 0.2659307 0.2670121 0.3005415 0.9963499 0.3005008 0.996193 0.3122349 0.9931604 0.5842294 0.8291233 0.5833861 0.8308015 0.5034955 0.8505644 0.4305375 0.8702616 0.4308791 0.8714939 0.3611807 0.888629 0.3648985 0.9789725 0.364693 0.9782963 0.4206194 0.9612871 0.2849246 0.9998185 0.2849154 0.9996618 0.2926819 0.9980744 0.5031255 0.8492415 0.5034955 0.8505644 0.4308791 0.8714939 0.8800376 0.5346415 0.8817315 0.5251132 0.7075325 0.4941445 0.6028837 0.3539363 0.6527022 0.3157694 0.6217554 0.4174866 0.6527022 0.3157694 0.6627874 0.7383837 0.6281031 0.4708874 0.6217554 0.4174866 0.6527022 0.3157694 0.6281031 0.4708874 0.6627874 0.7383837 0.5910754 0.6469752 0.6188461 0.5750904 0.6251121 0.5211523 0.6281031 0.4708874 0.6627874 0.7383837 0.007877051 0.2645305 0.06209963 0.3190632 5.67722e-4 0.7313804 0.06209963 0.3190632 0.04620313 0.7777885 5.67722e-4 0.7313804 0.7658784 0.7399684 0.7349097 0.5657694 0.7444381 0.5640755 0.7164256 0.4791057 0.7373453 0.4674046 0.7504407 0.4769277 0.7904263 0.3951371 0.7574262 0.3962798 0.7569971 0.3861382 0.7904088 0.4475364 0.7576523 0.4464136 0.7578908 0.4364349 0.7894513 0.4685126 0.7558217 0.4666627 0.7569079 0.4563482 0.7059804 0.3966149 0.7374305 0.3971962 0.7379047 0.4167228 0.7899894 0.4580094 0.7569079 0.4563482 0.7576523 0.4464136 0.5146508 0.9333512 0.5140085 0.9314684 0.6063206 0.9002861 0.1184483 0.9517408 0.1191362 0.9509438 0.1719462 0.9800679 0.3609814 0.8873755 0.3611807 0.888629 0.28738 0.893173 0.2053275 0.8762431 0.2049267 0.8778633 0.1279977 0.8546641 0.2289156 0.99704 0.2290784 0.9960529 0.2849154 0.9996618 0.2927134 0.9982101 0.2926819 0.9980744 0.3005008 0.996193 0.3318226 0.9882273 0.3317073 0.9878281 0.364693 0.9782963 0.08489781 0.9047726 0.08624261 0.9048637 0.1191362 0.9509438 0.3123007 0.9934002 0.3122349 0.9931604 0.3317073 0.9878281 0.2874659 0.8918033 0.28738 0.893173 0.2049267 0.8778633 0.4209848 0.9624308 0.4206194 0.9612871 0.5140085 0.9314684 0.1715549 0.9810446 0.1719462 0.9800679 0.2290784 0.9960529 0.6084946 0.9013352 0.6063206 0.9002861 0.5833861 0.8308015 0.1274238 0.852988 0.1279977 0.8546641 0.08624261 0.9048637 0.7373453 0.4674046 0.7383003 0.453956 0.7558217 0.4666627 0.7383003 0.453956 0.7569079 0.4563482 0.7558217 0.4666627 0.7383003 0.453956 0.7382434 0.4360868 0.7576523 0.4464136 0.7382434 0.4360868 0.7578908 0.4364349 0.7576523 0.4464136 0.7374305 0.3971962 0.7366641 0.3786606 0.7569971 0.3861382 0.7366641 0.3786606 0.756158 0.3759291 0.7569971 0.3861382 0.7366641 0.3786606 0.7359581 0.3638014 0.7550492 0.3652455 0.7359581 0.3638014 0.7498947 0.3544387 0.7550492 0.3652455 0.7382434 0.4360868 0.7379047 0.4167228 0.758 0.4264503 0.7379047 0.4167228 0.757919 0.4164184 0.758 0.4264503 0.7379047 0.4167228 0.7374305 0.3971962 0.7577559 0.4063576 0.7374305 0.3971962 0.7574262 0.3962798 0.7577559 0.4063576 0.7900354 0.3846106 0.7569971 0.3861382 0.756158 0.3759291 0.7895326 0.3740658 0.756158 0.3759291 0.7550492 0.3652455 0.7071105 0.3763073 0.7366641 0.3786606 0.7374305 0.3971962 0.7058386 0.7503719 0.7368072 0.7503719 0.7368072 0.7600496 0.7099639 0.3565944 0.7359581 0.3638014 0.7366641 0.3786606 0.7091728 0.4585717 0.7383003 0.453956 0.7373453 0.4674046 0.7908157 0.4266045 0.758 0.4264503 0.757919 0.4164184 0.720636 0.3350657 0.7498947 0.3544387 0.7359581 0.3638014 0.790682 0.4370699 0.7578908 0.4364349 0.758 0.4264503 0.706686 0.4380926 0.7058386 0.4172989 0.7379047 0.4167228 0.790686 0.4056417 0.7577559 0.4063576 0.7574262 0.3962798 0.7091728 0.4585717 0.706686 0.4380926 0.7382434 0.4360868 0.7908157 0.4161301 0.757919 0.4164184 0.7577559 0.4063576 0.7058386 0.750009 0.7058386 0.7403312 0.7368072 0.7403312 0.7054757 0.7383837 0.6627874 0.7383837 0.7054757 0.6956954 0.6627874 0.7383837 0.6527022 0.3157694 0.7054757 0.6956954 0.08933186 0.4973469 0.09148174 0.5591734 0.04620313 0.7777885 0.09148174 0.5591734 0.09656721 0.6214104 0.04620313 0.7777885 0.09656721 0.6214104 0.1104518 0.6792544 0.04620313 0.7777885 0.04620313 0.7777885 0.06209963 0.3190632 0.08933186 0.4973469 0.06209963 0.3190632 0.1173588 0.3592859 0.09702455 0.4331089 0.8317998 0.5640755 0.8414775 0.5640755 0.8414775 0.7382738 0.8217591 0.5640755 0.8314368 0.5640755 0.8314368 0.7382738 0.8372951 0.345524 0.837295 0.3648794 0.8179396 0.3552017 0.837295 0.3648794 0.837295 0.3842349 0.8179396 0.3745571 0.8372951 0.345524 0.8179396 0.3552017 0.8179396 0.345524 0.837295 0.4035903 0.837295 0.4229458 0.8179396 0.4132681 0.837295 0.4229458 0.837295 0.4423013 0.8179396 0.4326236 0.8179396 0.451979 0.837295 0.4423013 0.8372951 0.4616567 0.8179396 0.3552017 0.837295 0.3648794 0.8179396 0.3648794 0.837295 0.4423013 0.8179396 0.451979 0.8179396 0.4423013 0.8179396 0.451979 0.8372951 0.4616567 0.8179396 0.4616567 0.837295 0.3842349 0.837295 0.4035903 0.8179396 0.3939126 0.8179396 0.3745571 0.8179396 0.3648794 0.837295 0.3648794 0.8179396 0.3745571 0.837295 0.3842349 0.8179396 0.3842349 0.8179396 0.4423013 0.8179396 0.4326236 0.837295 0.4423013 0.837295 0.4229458 0.8179396 0.4326236 0.8179396 0.4229458 0.8179396 0.3842349 0.837295 0.3842349 0.8179396 0.3939126 0.8179396 0.4035903 0.8179396 0.3939126 0.837295 0.4035903 0.8179396 0.4229458 0.8179396 0.4132681 0.837295 0.4229458 0.8800368 0.2766358 0.8800368 0.2863135 0.7058386 0.2863134 0.8800368 0.2863135 0.8800368 0.2959913 0.7058386 0.2959913 0.7058386 0.3056691 0.8800368 0.3056691 0.7058386 0.315347 0.8800368 0.3056691 0.8800368 0.3153468 0.7058386 0.315347 0.8800368 0.3153468 0.8800369 0.3250246 0.7058386 0.325025 0.7058386 0.325025 0.8800369 0.3250246 0.7058386 0.3347028 0.8800368 0.2669581 0.8800368 0.2766358 0.7058386 0.2766355 0.8800368 0.3056691 0.7058386 0.3056691 0.8800368 0.2959913 0.8800369 0.3250246 0.880037 0.3347023 0.7058386 0.3347028 0.8800369 0.2572805 0.8800368 0.2669581 0.7058386 0.2669577 0.8800368 0.2959913 0.7058386 0.3056691 0.7058386 0.2959913 0.8800369 0.2476028 0.8800369 0.2572805 0.7058386 0.25728 0.8800368 0.3153468 0.7058386 0.325025 0.7058386 0.315347 0.8800368 0.2766358 0.7058386 0.2863134 0.7058386 0.2766355 0.7058386 0.2379245 0.880037 0.2379248 0.8800369 0.2476028 0.8800368 0.2863135 0.7058386 0.2959913 0.7058386 0.2863134 0.8800368 0.2669581 0.7058386 0.2766355 0.7058386 0.2669577 0.7058386 0.2476022 0.7058386 0.2379245 0.8800369 0.2476028 0.7058386 0.2669577 0.7058386 0.25728 0.8800369 0.2572805 0.4341092 0.4955101 0.434439 0.5078323 0.422753 0.5071467 0.4408214 0.4683138 0.4359416 0.4564392 0.443998 0.467215 0.4359416 0.4564392 0.4475505 0.4501208 0.4471733 0.4659652 0.443998 0.467215 0.4359416 0.4564392 0.4471733 0.4659652 0.4475505 0.4501208 0.4537361 0.4631641 0.4504095 0.4646034 0.4293581 0.4722836 0.4253388 0.461764 0.4320763 0.471336 0.4253388 0.461764 0.4359416 0.4564392 0.4348921 0.4703831 0.4320763 0.471336 0.4253388 0.461764 0.4348921 0.4703831 0.4359416 0.4564392 0.4408214 0.4683138 0.4378062 0.4693471 0.8008346 0.09549903 0.8001948 0.09531396 0.8009259 0.09419202 0.4782393 0.4900047 0.4617955 0.4925122 0.4612066 0.4885548 0.4605626 0.4846328 0.4598305 0.4808462 0.4741531 0.4728769 0.4598305 0.4808462 0.459044 0.4772219 0.4741531 0.4728769 0.4605626 0.4846328 0.4741531 0.4728769 0.4782393 0.4900047 0.8185871 0.05776762 0.8242772 0.05607968 0.8234304 0.06466346 0.8044749 0.09279626 0.8027586 0.09389549 0.8022078 0.09314388 0.4475505 0.4501208 0.4601796 0.4425178 0.4680882 0.4568507 0.4253388 0.461764 0.4293581 0.4722836 0.4189243 0.4755648 0.4741531 0.4728769 0.459044 0.4772219 0.4578554 0.4737401 0.4566182 0.4701899 0.4551967 0.4666463 0.4680882 0.4568507 0.4551967 0.4666463 0.4537361 0.4631641 0.4680882 0.4568507 0.4566182 0.4701899 0.4680882 0.4568507 0.4741531 0.4728769 0.4211751 0.4857705 0.4189243 0.4755648 0.4310842 0.4777058 0.4189243 0.4755648 0.4293581 0.4722836 0.4302344 0.4749777 0.4302344 0.4749777 0.4310842 0.4777058 0.4189243 0.4755648 0.4310842 0.4777058 0.4318967 0.480533 0.4211751 0.4857705 0.4225072 0.49638 0.4211751 0.4857705 0.4335513 0.4895583 0.4211751 0.4857705 0.4326863 0.4834861 0.4331578 0.4865605 0.4331578 0.4865605 0.4335513 0.4895583 0.4211751 0.4857705 0.4335513 0.4895583 0.4338466 0.4925267 0.4225072 0.49638 0.4470857 0.4944097 0.447997 0.5083438 0.4437194 0.4947543 0.447997 0.5083438 0.434439 0.5078323 0.4404133 0.4950463 0.4437194 0.4947543 0.447997 0.5083438 0.4404133 0.4950463 0.434439 0.5078323 0.4341092 0.4955101 0.4372029 0.4952914 0.7058386 0.1151038 0.7183104 0.1069266 0.7426738 0.1110785 0.8192663 0.0638197 0.8234304 0.06466346 0.8208335 0.07015061 0.7995269 0.04693698 0.7856603 0.04914307 0.7835618 0.04106515 0.8178373 0.06807899 0.8208335 0.07015061 0.8176306 0.07459127 0.754345 0.02374863 0.760344 0.03256309 0.7459114 0.04459065 0.7856603 0.04914307 0.7733469 0.0540741 0.7696932 0.04726552 0.8153753 0.07171237 0.8176306 0.07459127 0.814055 0.07979774 0.7999096 0.09129953 0.8008478 0.09182584 0.7995276 0.09316855 0.8568719 0.04129064 0.8437752 0.03991091 0.8475717 0.01644468 0.8020401 0.08927798 0.8027002 0.09019315 0.8008478 0.09182584 0.7812734 0.1171955 0.7788805 0.1104728 0.7882609 0.1063882 0.859098 0.007539927 0.8475717 0.01644468 0.8229261 0.01516896 0.7995269 0.04693698 0.8000913 0.03815573 0.8203795 0.04087734 0.7102406 0.07950299 0.7249395 0.082574 0.7183104 0.1069266 0.8245216 0.08162301 0.8223033 0.07917344 0.826862 0.07467192 0.7940483 0.09404307 0.7949978 0.09592795 0.7911967 0.09734714 0.7909277 0.1103788 0.7882609 0.1063882 0.7937707 0.1023477 0.8123421 0.05080258 0.8203795 0.04087734 0.8242772 0.05607968 0.7987768 0.09249323 0.7995276 0.09316855 0.7982845 0.09488481 0.790304 0.09467583 0.7911967 0.09734714 0.7861098 0.09875458 0.8061478 0.09166193 0.8044749 0.09279626 0.8038972 0.09191554 0.8296093 0.07772523 0.826862 0.07467192 0.8324819 0.06850981 0.8009702 0.0967558 0.8004327 0.09656774 0.8001948 0.09531396 0.828417 0.1551287 0.7982845 0.09488481 0.7949978 0.09592795 0.7730031 0.01279246 0.7775484 0.02330237 0.760344 0.03256309 0.8324819 0.06850981 0.826862 0.07467192 0.8208335 0.07015061 0.8208335 0.07015061 0.826862 0.07467192 0.8223033 0.07917344 0.7937707 0.1023477 0.7882609 0.1063882 0.7861098 0.09875458 0.7992414 0.09728854 0.7970772 0.0992549 0.7949978 0.09592795 0.814055 0.07979774 0.8182848 0.08362782 0.8145652 0.08783483 0.8437752 0.03991091 0.8387355 0.05788385 0.8242772 0.05607968 0.8229261 0.01516896 0.8203795 0.04087734 0.8000913 0.03815573 0.8475717 0.01644468 0.8437752 0.03991091 0.8203795 0.04087734 0.7775484 0.02330237 0.7835618 0.04106515 0.7696932 0.04726552 0.7982752 0.01704144 0.8000913 0.03815573 0.7835618 0.04106515 0.8047266 0.08864784 0.8066741 0.08746933 0.8075668 0.08992296 0.8027002 0.09019315 0.8047266 0.08864784 0.8056885 0.09072518 0.8098846 0.085958 0.8145652 0.08783483 0.8128417 0.09037452 0.8066741 0.08746933 0.8098846 0.085958 0.8100414 0.0895816 0.8001948 0.09531396 0.7982845 0.09488481 0.7995276 0.09316855 0.8004327 0.09656774 0.7992414 0.09728854 0.7982845 0.09488481 0.8022078 0.09314388 0.8008478 0.09182584 0.8027002 0.09019315 0.8009259 0.09419202 0.7995276 0.09316855 0.8008478 0.09182584 0.7459114 0.04459065 0.7590054 0.05599665 0.7521413 0.06815314 0.760344 0.03256309 0.7696932 0.04726552 0.7590054 0.05599665 0.7504981 0.08705097 0.7670897 0.09610891 0.763925 0.1127721 0.7249395 0.082574 0.7504981 0.08705097 0.7426738 0.1110785 0.7339116 0.06066232 0.7521413 0.06815314 0.7504981 0.08705097 0.7785332 0.09900885 0.7861098 0.09875458 0.7882609 0.1063882 0.7670897 0.09610891 0.7785332 0.09900885 0.7788805 0.1104728 0.7970772 0.0992549 0.7937707 0.1023477 0.7911967 0.09734714 0.8176306 0.07459127 0.8223033 0.07917344 0.8182848 0.08362782 0.8387355 0.05788385 0.8324819 0.06850981 0.8234304 0.06466346 0.8077988 0.0910272 0.8061478 0.09166193 0.8056885 0.09072518 0.7644113 0.06069904 0.7596013 0.0693705 0.7521413 0.06815314 0.8027586 0.09389549 0.8014418 0.09469532 0.8009259 0.09419202 0.7960048 0.1045975 0.7937707 0.1023477 0.7970772 0.0992549 0.7733469 0.0540741 0.7644113 0.06069904 0.7590054 0.05599665 0.8077988 0.0910272 0.8075668 0.08992296 0.8100414 0.0895816 0.8203479 0.08573746 0.8182848 0.08362782 0.8223033 0.07917344 0.7707642 0.08990025 0.7670897 0.09610891 0.7504981 0.08705097 0.7986323 0.1005486 0.7970772 0.0992549 0.7992414 0.09728854 0.8162523 0.08947771 0.8145652 0.08783483 0.8182848 0.08362782 0.8245835 1.81417e-4 0.8229261 0.01516896 0.7982752 0.01704144 0.8056846 0.0863527 0.8066741 0.08746933 0.8047266 0.08864784 0.8468614 0.06173038 0.8387355 0.05788385 0.8437752 0.03991091 0.7618612 0.07993322 0.7504981 0.08705097 0.7521413 0.06815314 0.8043053 0.08738511 0.8047266 0.08864784 0.8027002 0.09019315 0.7957981 0.004190802 0.7982752 0.01704144 0.7775484 0.02330237 0.7859677 0.09514153 0.7861098 0.09875458 0.7785332 0.09900885 0.8369989 0.07231193 0.8324819 0.06850981 0.8387355 0.05788385 0.738071 0.03699696 0.7459114 0.04459065 0.7339116 0.06066232 0.7799202 0.09422993 0.7785332 0.09900885 0.7670897 0.09610891 0.8100188 0.09107172 0.8100414 0.0895816 0.8128417 0.09037452 0.80014 0.0980609 0.7992414 0.09728854 0.8004327 0.09656774 0.7230948 0.05443286 0.7339116 0.06066232 0.7249395 0.082574 0.7394419 0.124892 0.7426738 0.1110785 0.763925 0.1127721 0.8132319 0.09163248 0.8128417 0.09037452 0.8145652 0.08783483 0.8068057 0.08499175 0.8098846 0.085958 0.8066741 0.08746933 0.7647394 0.1231321 0.763925 0.1127721 0.7788805 0.1104728 0.8122808 0.0773673 0.814055 0.07979774 0.8098846 0.085958 0.8053288 0.05743789 0.7992431 0.05878221 0.8123421 0.05080258 0.7992431 0.05878221 0.788486 0.06222981 0.7995269 0.04693698 0.8053288 0.05743789 0.8123421 0.05080258 0.810454 0.05925107 0.7777078 0.06546205 0.771325 0.06785446 0.7644113 0.06069904 0.771325 0.06785446 0.7679909 0.07015991 0.7596013 0.0693705 0.7618612 0.07993322 0.7679909 0.07015991 0.7671022 0.07185286 0.8082422 0.05694788 0.8053288 0.05743789 0.810454 0.05925107 0.7679909 0.07015991 0.7618612 0.07993322 0.7596013 0.0693705 0.7618612 0.07993322 0.7671022 0.07185286 0.7715625 0.07625836 0.8123421 0.05080258 0.7992431 0.05878221 0.7995269 0.04693698 0.7671022 0.07185286 0.768268 0.07036906 0.7715625 0.07625836 0.788486 0.06222981 0.7777078 0.06546205 0.7856603 0.04914307 0.7856603 0.04914307 0.7995269 0.04693698 0.788486 0.06222981 0.7596013 0.0693705 0.7644113 0.06069904 0.771325 0.06785446 0.7644113 0.06069904 0.7733469 0.0540741 0.7777078 0.06546205 0.7954879 0.7642241 0.7954879 0.7545464 0.8051657 0.7642241 0.7954879 0.7545464 0.7954879 0.7448686 0.8051657 0.7642241 0.7954879 0.7642241 0.8051657 0.7642241 0.8051657 0.7739018 0.7954879 0.7351909 0.7954879 0.7255131 0.8051657 0.7642241 0.7954879 0.7255131 0.7954879 0.7158354 0.8051657 0.6964799 0.7954879 0.7351909 0.8051657 0.7642241 0.7954879 0.7448686 0.7954879 0.7739018 0.7954879 0.7642241 0.8051657 0.7739018 0.7954879 0.7158354 0.7954879 0.7061576 0.8051657 0.6964799 0.8051657 0.7642241 0.7954879 0.7255131 0.8051657 0.6964799 0.7954879 0.7061576 0.7954879 0.6964799 0.8051657 0.6964799 0.8043053 0.08738511 0.8056846 0.0863527 0.8068057 0.08499175 0.8051657 0.7642241 0.7987768 0.09249323 0.7999096 0.09129953 0.8020401 0.08927798 0.8043053 0.08738511 0.8068057 0.08499175 0.8051657 0.7642241 0.7999096 0.09129953 0.8020401 0.08927798 0.8051657 0.7642241 0.8020401 0.08927798 0.8068057 0.08499175 0.8131618 0.06492352 0.8133081 0.063708 0.8192663 0.0638197 0.8133081 0.063708 0.8124596 0.06169146 0.8185871 0.05776762 0.8124596 0.06169146 0.810454 0.05925107 0.8123421 0.05080258 0.8185871 0.05776762 0.8192663 0.0638197 0.8133081 0.063708 0.8192663 0.0638197 0.8178373 0.06807899 0.8131618 0.06492352 0.8124596 0.06169146 0.8123421 0.05080258 0.8185871 0.05776762 0.8100056 0.07137477 0.8114532 0.06524783 0.8153753 0.07171237 0.8114532 0.06524783 0.8131618 0.06492352 0.8178373 0.06807899 0.8178373 0.06807899 0.8153753 0.07171237 0.8114532 0.06524783 0.8153753 0.07171237 0.8122808 0.0773673 0.8100056 0.07137477 0.8068057 0.08499175 0.8114778 0.0808705 0.8100056 0.07137477 0.7715625 0.07625836 0.7776361 0.08255803 0.7618612 0.07993322 0.7776361 0.08255803 0.7847892 0.08780366 0.7707642 0.08990025 0.7618612 0.07993322 0.7776361 0.08255803 0.7707642 0.08990025 0.787007 0.08952003 0.7892263 0.08987522 0.790304 0.09467583 0.7892263 0.08987522 0.7926403 0.09026545 0.7940483 0.09404307 0.7940483 0.09404307 0.7926403 0.09026545 0.828417 0.1551287 0.7926403 0.09026545 0.7982209 0.09192824 0.828417 0.1551287 0.7847892 0.08780366 0.787007 0.08952003 0.7799202 0.09422993 0.7707642 0.08990025 0.7847892 0.08780366 0.7799202 0.09422993 0.7859677 0.09514153 0.7799202 0.09422993 0.787007 0.08952003 0.7940483 0.09404307 0.790304 0.09467583 0.7892263 0.08987522 0.7757746 0.6186144 0.7878007 0.618689 0.7879552 0.6293602 0.7828885 0.6854944 0.7791017 0.6741805 0.7910749 0.6711879 0.7766687 0.5971633 0.7879621 0.598062 0.7878056 0.6081979 0.8073353 0.565965 0.8028632 0.575128 0.7969219 0.5743587 0.7780162 0.5868147 0.7885633 0.5886179 0.7879621 0.598062 0.7764066 0.6515924 0.7759605 0.6405046 0.7882313 0.6400856 0.821396 0.6502717 0.8096113 0.6500281 0.8092859 0.6288976 0.7963073 0.5640755 0.7969219 0.5743587 0.7916337 0.5744407 0.7757697 0.629518 0.7879552 0.6293602 0.7882313 0.6400856 0.821396 0.6286771 0.8092859 0.6288976 0.8085219 0.6077061 0.8206835 0.6068359 0.8085219 0.6077061 0.8065269 0.5879977 0.8180076 0.5846855 0.8065269 0.5879977 0.8028632 0.575128 0.8093536 0.6697744 0.8073711 0.684454 0.8014223 0.6853331 0.8065269 0.5879977 0.8085219 0.6077061 0.7981685 0.6081956 0.8092859 0.6288976 0.8096113 0.6500281 0.7992641 0.6502323 0.7932838 0.6797031 0.7910749 0.6711879 0.8003495 0.6698321 0.8003495 0.6698321 0.8014223 0.6853331 0.7932838 0.6797031 0.7882313 0.6400856 0.7879552 0.6293602 0.7986519 0.6291512 0.7986519 0.6291512 0.7992641 0.6502323 0.7882313 0.6400856 0.7879621 0.598062 0.7885633 0.5886179 0.7973054 0.5890602 0.7973054 0.5890602 0.7981685 0.6081956 0.7879621 0.598062 0.8096113 0.6500281 0.8093536 0.6697744 0.8003495 0.6698321 0.7895699 0.6612385 0.7887446 0.6507824 0.7992641 0.6502323 0.7992641 0.6502323 0.8003495 0.6698321 0.7895699 0.6612385 0.8085219 0.6077061 0.8092859 0.6288976 0.7986519 0.6291512 0.7878007 0.618689 0.7878056 0.6081979 0.7981685 0.6081956 0.7981685 0.6081956 0.7986519 0.6291512 0.7878007 0.618689 0.8028632 0.575128 0.8065269 0.5879977 0.7973054 0.5890602 0.7897747 0.5804885 0.7916337 0.5744407 0.7969219 0.5743587 0.7969219 0.5743587 0.7973054 0.5890602 0.7897747 0.5804885 0.7760281 0.6078089 0.7878056 0.6081979 0.7878007 0.618689 0.7780162 0.5868147 0.7805622 0.5769984 0.7897747 0.5804885 0.7805622 0.5769984 0.7855072 0.5681588 0.7916337 0.5744407 0.8032806 0.6961171 0.8014223 0.6853331 0.8073711 0.684454 0.7828885 0.6854944 0.7932838 0.6797031 0.7954946 0.6856804 0.7791017 0.6741805 0.7772946 0.6628101 0.7895699 0.6612385 0.7772946 0.6628101 0.7764066 0.6515924 0.7887446 0.6507824 0.8201798 0.6713568 0.8093536 0.6697744 0.8096113 0.6500281 0.7916883 0.6951262 0.7954946 0.6856804 0.8014223 0.6853331 0.8201798 0.6713568 0.8146163 0.6909487 0.8073711 0.684454 0.7757697 0.7158353 0.7757697 0.6964799 0.7854474 0.6964799 0.7854474 0.6964799 0.7951251 0.6964799 0.7951251 0.7061576 0.7951251 0.7158353 0.7951251 0.7255131 0.7757697 0.7158353 0.7951251 0.7255131 0.7951251 0.7351908 0.7757697 0.7351908 0.7951251 0.7158353 0.7757697 0.7158353 0.7951251 0.7061576 0.7854474 0.6964799 0.7951251 0.7061576 0.7757697 0.7158353 0.7757697 0.7351908 0.7757697 0.7158353 0.7951251 0.7255131 0.7757697 0.7932572 0.7757697 0.7739018 0.7951251 0.7835795 0.7757697 0.7739018 0.7757697 0.7545463 0.7951251 0.764224 0.7757697 0.7739018 0.7951251 0.764224 0.7951251 0.7739018 0.7757697 0.7545463 0.7757697 0.7351908 0.7951251 0.7448685 0.7757697 0.7545463 0.7951251 0.7448685 0.7951251 0.7545463 0.7951251 0.7545463 0.7951251 0.764224 0.7757697 0.7545463 0.7951251 0.7448685 0.7757697 0.7351908 0.7951251 0.7351908 0.7854474 0.8126127 0.7757697 0.8126127 0.7757697 0.7932572 0.7951251 0.802935 0.7951251 0.8126127 0.7854474 0.8126127 0.7951251 0.7739018 0.7951251 0.7835795 0.7757697 0.7739018 0.7951251 0.7835795 0.7951251 0.7932572 0.7757697 0.7932572 0.7757697 0.7932572 0.7951251 0.7932572 0.7951251 0.802935</float_array>
          <technique_common>
            <accessor source="#Cube_002-mesh-map-0-array" count="3714" stride="2">
              <param name="S" type="float"/>
              <param name="T" type="float"/>
            </accessor>
          </technique_common>
        </source>
        <vertices id="Cube_002-mesh-vertices">
          <input semantic="POSITION" source="#Cube_002-mesh-positions"/>
        </vertices>
        <triangles material="Material-material" count="1238">
          <input semantic="VERTEX" source="#Cube_002-mesh-vertices" offset="0"/>
          <input semantic="NORMAL" source="#Cube_002-mesh-normals" offset="1"/>
          <input semantic="TEXCOORD" source="#Cube_002-mesh-map-0" offset="2" set="0"/>
          <p>95 0 0 152 0 1 362 0 2 98 1 3 155 1 4 361 1 5 101 2 6 158 2 7 360 2 8 104 3 9 94 3 10 359 3 11 156 4 12 103 4 13 358 4 14 357 5 15 151 5 16 1 5 17 117 6 18 116 6 19 356 6 20 118 7 21 163 7 22 355 7 23 354 8 24 10 8 25 164 8 26 353 4 27 18 4 28 115 4 29 122 9 30 167 9 31 352 9 32 144 4 33 168 4 34 351 4 35 125 3 36 106 3 37 350 3 38 116 3 39 171 3 40 349 3 41 127 2 42 146 2 43 348 2 44 128 2 45 174 2 46 347 2 47 113 2 48 175 2 49 346 2 50 131 1 51 143 1 52 345 1 53 132 1 54 178 1 55 344 1 56 110 1 57 179 1 58 343 1 59 107 0 60 181 0 61 341 0 62 545 0 63 549 0 64 430 0 65 183 10 66 184 10 67 339 10 68 151 10 69 185 10 70 338 10 71 187 11 72 188 11 73 336 11 74 180 10 75 189 10 76 335 10 77 190 1 78 134 1 79 334 1 80 191 12 81 192 12 82 333 12 83 154 13 84 193 13 85 332 13 86 194 1 87 133 1 88 331 1 89 195 14 90 196 14 91 330 14 92 177 13 93 197 13 94 329 13 95 198 1 96 99 1 97 328 1 98 199 1 99 200 1 100 327 1 101 176 1 102 201 1 103 326 1 104 202 2 105 130 2 106 325 2 107 203 15 108 204 15 109 324 15 110 157 15 111 205 15 112 323 15 113 206 2 114 129 2 115 322 2 116 207 16 117 208 16 118 321 16 119 173 15 120 209 15 121 320 15 122 210 2 123 102 2 124 319 2 125 211 2 126 212 2 127 318 2 128 172 2 129 213 2 130 317 2 131 215 17 132 216 17 133 316 17 134 160 18 135 217 18 136 315 18 137 218 3 138 126 3 139 314 3 140 219 19 141 220 19 142 313 19 143 169 18 144 221 18 145 312 18 146 222 3 147 150 3 148 311 3 149 223 3 150 224 3 151 310 3 152 308 4 153 55 4 154 124 4 155 227 20 156 228 20 157 307 20 158 306 4 159 31 4 160 229 4 161 230 4 162 123 4 163 305 4 164 231 4 165 232 4 166 304 4 167 303 4 168 53 4 169 233 4 170 234 4 171 159 4 172 302 4 173 301 4 174 83 4 175 236 4 176 165 4 177 237 4 178 300 4 179 238 21 180 120 21 181 299 21 182 298 22 183 84 22 184 240 22 185 95 23 186 241 23 187 297 23 188 296 24 189 50 24 190 119 24 191 295 25 192 243 25 193 85 25 194 162 26 195 245 26 196 294 26 197 293 27 198 47 27 199 160 27 200 247 28 201 248 28 202 292 28 203 291 29 204 48 29 205 249 29 206 290 30 207 35 30 208 148 30 209 289 31 210 251 31 211 87 31 212 107 32 213 253 32 214 288 32 215 254 33 216 147 33 217 287 33 218 255 4 219 256 4 220 286 4 221 285 4 222 43 4 223 257 4 224 258 3 225 138 3 226 284 3 227 148 3 228 261 3 229 283 3 230 262 2 231 114 2 232 282 2 233 263 2 234 264 2 235 281 2 236 145 2 237 265 2 238 280 2 239 266 1 240 111 1 241 279 1 242 267 1 243 268 1 244 278 1 245 142 1 246 269 1 247 277 1 248 548 0 249 39 0 250 431 0 251 542 0 252 546 0 253 553 0 254 139 0 255 273 0 256 274 0 257 273 0 258 92 0 259 542 0 260 274 0 261 271 0 262 544 0 263 10 0 264 274 0 265 181 0 266 544 0 267 547 0 268 552 0 269 543 34 270 548 34 271 551 34 272 277 1 273 91 1 274 267 1 275 179 1 276 267 1 277 67 1 278 13 1 279 277 1 280 179 1 281 278 1 282 64 1 283 176 1 284 134 1 285 176 1 286 23 1 287 67 1 288 278 1 289 134 1 290 279 1 291 14 1 292 131 1 293 268 1 294 131 1 295 64 1 296 91 1 297 279 1 298 268 1 299 280 2 300 90 2 301 263 2 302 175 2 303 263 2 304 63 2 305 16 2 306 280 2 307 175 2 308 281 2 309 60 2 310 172 2 311 130 2 312 172 2 313 22 2 314 63 2 315 281 2 316 130 2 317 282 2 318 17 2 319 127 2 320 264 35 321 127 35 322 60 35 323 90 35 324 282 35 325 264 35 326 283 3 327 89 3 328 259 3 329 171 3 330 259 3 331 59 3 332 19 3 333 283 3 334 171 3 335 284 3 336 9 3 337 125 3 338 260 3 339 125 3 340 56 3 341 89 3 342 284 3 343 260 3 344 255 4 345 257 4 346 88 4 347 168 4 348 255 4 349 55 4 350 15 4 351 285 4 352 168 4 353 286 36 354 52 36 355 165 36 356 124 37 357 165 37 358 21 37 359 124 4 360 255 4 361 286 4 362 121 4 363 147 4 364 18 4 365 52 4 366 287 4 367 121 4 368 88 9 369 287 9 370 256 9 371 288 38 372 87 38 373 251 38 374 51 39 375 288 39 376 251 39 377 164 40 378 107 40 379 288 40 380 161 41 381 252 41 382 48 41 383 120 42 384 161 42 385 20 42 386 51 43 387 289 43 388 120 43 389 290 44 390 19 44 391 117 44 392 252 45 393 117 45 394 48 45 395 252 46 396 250 46 397 290 46 398 291 47 399 249 47 400 86 47 401 163 48 402 247 48 403 50 48 404 20 49 405 291 49 406 163 49 407 292 50 408 32 50 409 145 50 410 16 51 411 292 51 412 145 51 413 119 52 414 247 52 415 292 52 416 293 53 417 160 53 418 5 53 419 248 54 420 101 54 421 32 54 422 86 55 423 246 55 424 293 55 425 243 56 426 245 56 427 85 56 428 29 57 429 294 57 430 243 57 431 13 58 432 294 58 433 142 58 434 295 59 435 44 59 436 157 59 437 7 60 438 98 60 439 295 60 440 98 61 441 243 61 442 295 61 443 113 62 444 119 62 445 16 62 446 244 63 447 113 63 448 44 63 449 85 64 450 296 64 451 244 64 452 297 65 453 241 65 454 84 65 455 41 66 456 297 66 457 239 66 458 3 67 459 95 67 460 297 67 461 298 68 462 49 68 463 162 68 464 110 69 465 162 69 466 13 69 467 110 70 468 239 70 469 298 70 470 299 42 471 20 42 472 118 42 473 49 71 474 299 71 475 118 71 476 84 72 477 238 72 478 299 72 479 300 73 480 83 73 481 235 73 482 54 4 483 300 4 484 235 4 485 21 74 486 300 74 487 167 74 488 137 4 489 236 4 490 24 4 491 301 4 492 137 4 493 388 4 494 54 4 495 301 4 496 123 4 497 302 4 498 0 4 499 93 4 500 24 4 501 302 4 502 93 4 503 83 4 504 302 4 505 236 4 506 303 4 507 82 4 508 231 4 509 141 4 510 231 4 511 28 4 512 141 4 513 166 4 514 303 4 515 232 4 516 36 4 517 365 4 518 304 4 519 149 4 520 389 4 521 28 4 522 304 4 523 97 4 524 123 4 525 8 4 526 363 4 527 305 4 528 105 4 529 367 4 530 232 4 531 230 4 532 305 4 533 306 4 534 81 4 535 227 4 536 153 4 537 227 4 538 40 4 539 6 4 540 306 4 541 153 4 542 166 4 543 228 4 544 53 4 545 12 4 546 307 4 547 166 4 548 40 75 549 307 75 550 109 75 551 308 37 552 21 37 553 122 37 554 228 36 555 122 36 556 53 36 557 81 4 558 308 4 559 228 4 560 309 3 561 80 3 562 223 3 563 447 3 564 309 3 565 223 3 566 310 3 567 46 3 568 115 3 569 126 3 570 115 3 571 18 3 572 58 3 573 310 3 574 126 3 575 311 3 576 0 3 577 159 3 578 224 3 579 159 3 580 46 3 581 80 3 582 311 3 583 224 3 584 312 19 585 79 19 586 219 19 587 146 3 588 219 3 589 33 3 590 17 3 591 312 3 592 146 3 593 313 18 594 34 18 595 103 18 596 102 3 597 103 3 598 4 3 599 33 3 600 313 3 601 102 3 602 314 3 603 18 3 604 147 3 605 220 3 606 147 3 607 34 3 608 79 3 609 314 3 610 220 3 611 315 18 612 78 18 613 215 18 614 158 3 615 215 3 616 45 3 617 5 3 618 315 3 619 158 3 620 316 18 621 57 18 622 169 18 623 114 3 624 169 3 625 17 3 626 45 3 627 316 3 628 114 3 629 317 2 630 77 2 631 211 2 632 174 2 633 211 2 634 62 2 635 22 2 636 317 2 637 174 2 638 318 2 639 43 2 640 112 2 641 129 2 642 112 2 643 15 2 644 62 2 645 318 2 646 129 2 647 319 2 648 4 2 649 156 2 650 212 76 651 156 76 652 43 76 653 77 77 654 319 77 655 212 77 656 320 15 657 76 15 658 207 15 659 143 2 660 207 2 661 30 2 662 14 2 663 320 2 664 143 2 665 321 76 666 31 76 667 100 76 668 99 2 669 100 2 670 6 2 671 30 2 672 321 2 673 99 2 674 322 2 675 15 2 676 144 2 677 208 2 678 144 2 679 31 2 680 76 2 681 322 2 682 208 2 683 323 15 684 75 15 685 203 15 686 155 2 687 203 2 688 42 2 689 7 2 690 323 2 691 155 2 692 324 15 693 61 15 694 173 15 695 111 2 696 173 2 697 14 2 698 42 2 699 324 2 700 111 2 701 325 2 702 22 2 703 128 2 704 204 2 705 128 2 706 61 2 707 75 2 708 325 2 709 204 2 710 326 1 711 74 1 712 199 1 713 178 1 714 199 1 715 66 1 716 23 1 717 326 1 718 178 1 719 327 1 720 40 1 721 109 1 722 133 1 723 109 1 724 12 1 725 66 1 726 327 1 727 133 1 728 328 1 729 6 1 730 153 1 731 200 1 732 153 1 733 40 1 734 74 1 735 328 1 736 200 1 737 329 14 738 73 14 739 195 14 740 140 1 741 195 1 742 27 1 743 11 1 744 329 1 745 140 1 746 330 13 747 28 13 748 97 13 749 96 1 750 97 1 751 2 1 752 27 1 753 330 1 754 96 1 755 331 1 756 12 1 757 141 1 758 196 1 759 141 1 760 28 1 761 73 1 762 331 1 763 196 1 764 332 13 765 72 13 766 191 13 767 152 1 768 191 1 769 39 1 770 3 1 771 332 1 772 152 1 773 333 13 774 65 13 775 177 13 776 108 1 777 177 1 778 11 1 779 39 1 780 333 1 781 108 1 782 334 1 783 23 1 784 132 1 785 192 1 786 132 1 787 65 1 788 72 1 789 334 1 790 192 1 791 335 10 792 71 10 793 187 10 794 106 0 795 187 0 796 37 0 797 9 0 798 335 0 799 106 0 800 336 78 801 24 78 802 93 78 803 150 0 804 93 0 805 0 0 806 37 0 807 336 0 808 150 0 809 188 0 810 137 0 811 24 0 812 71 0 813 337 0 814 188 0 815 338 10 816 70 10 817 183 10 818 94 0 819 183 0 820 25 0 821 1 0 822 338 0 823 94 0 824 339 10 825 68 10 826 180 10 827 138 0 828 180 0 829 9 0 830 25 0 831 339 0 832 138 0 833 184 0 834 135 0 835 68 0 836 70 0 837 340 0 838 184 0 839 341 0 840 69 0 841 182 0 842 185 0 843 182 0 844 70 0 845 38 0 846 341 0 847 185 0 848 189 0 849 186 0 850 71 0 851 68 0 852 342 0 853 189 0 854 343 1 855 67 1 856 190 1 857 193 1 858 190 1 859 72 1 860 41 1 861 343 1 862 193 1 863 344 1 864 66 1 865 194 1 866 197 1 867 194 1 868 73 1 869 65 1 870 344 1 871 197 1 872 345 1 873 30 1 874 198 1 875 201 1 876 198 1 877 74 1 878 64 1 879 345 1 880 201 1 881 346 2 882 63 2 883 202 2 884 205 2 885 202 2 886 75 2 887 44 2 888 346 2 889 205 2 890 347 2 891 62 2 892 206 2 893 209 2 894 206 2 895 76 2 896 61 2 897 347 2 898 209 2 899 348 2 900 33 2 901 210 2 902 213 35 903 210 35 904 77 35 905 60 35 906 348 35 907 213 35 908 349 3 909 59 3 910 214 3 911 217 3 912 214 3 913 78 3 914 47 3 915 349 3 916 217 3 917 350 3 918 37 3 919 222 3 920 225 3 921 222 3 922 80 3 923 56 3 924 350 3 925 225 3 926 351 4 927 55 4 928 226 4 929 81 4 930 351 4 931 226 4 932 229 79 933 144 79 934 351 79 935 230 4 936 167 4 937 54 4 938 233 80 939 230 80 940 82 80 941 53 4 942 352 4 943 233 4 944 353 4 945 46 4 946 234 4 947 237 4 948 234 4 949 83 4 950 237 4 951 121 4 952 353 4 953 238 81 954 164 81 955 51 81 956 241 82 957 238 82 958 84 82 959 26 83 960 354 83 961 241 83 962 355 84 963 50 84 964 242 84 965 85 85 966 245 85 967 355 85 968 245 86 969 118 86 970 355 86 971 246 87 972 116 87 973 47 87 974 86 88 975 356 88 976 246 88 977 48 89 978 356 89 979 249 89 980 250 90 981 104 90 982 35 90 983 87 91 984 253 91 985 357 91 986 38 92 987 357 92 988 253 92 989 358 4 990 34 4 991 254 4 992 257 4 993 254 4 994 88 4 995 257 4 996 156 4 997 358 4 998 359 3 999 25 3 1000 258 3 1001 261 3 1002 258 3 1003 89 3 1004 35 3 1005 359 3 1006 261 3 1007 360 2 1008 45 2 1009 262 2 1010 265 35 1011 262 35 1012 90 35 1013 32 35 1014 360 35 1015 265 35 1016 361 1 1017 42 1 1018 266 1 1019 269 1 1020 266 1 1021 91 1 1022 29 1 1023 361 1 1024 269 1 1025 362 0 1026 39 0 1027 270 0 1028 362 93 1029 270 93 1030 543 93 1031 26 94 1032 362 94 1033 273 94 1034 247 95 1035 291 95 1036 86 95 1037 248 96 1038 86 96 1039 293 96 1040 101 51 1041 293 51 1042 5 51 1043 242 97 1044 85 97 1045 355 97 1046 244 98 1047 295 98 1048 85 98 1049 157 99 1050 7 99 1051 295 99 1052 240 100 1053 84 100 1054 299 100 1055 239 25 1056 297 25 1057 84 25 1058 154 101 1059 3 101 1060 297 101 1061 252 102 1062 289 102 1063 87 102 1064 250 55 1065 87 55 1066 357 55 1067 104 103 1068 357 103 1069 1 103 1070 375 104 1071 409 104 1072 387 104 1073 8 104 1074 394 104 1075 363 104 1076 105 104 1077 398 104 1078 367 104 1079 384 104 1080 402 104 1081 374 104 1082 366 104 1083 408 104 1084 386 104 1085 363 104 1086 392 104 1087 105 104 1088 415 105 1089 380 105 1090 136 105 1091 388 0 1092 337 0 1093 186 0 1094 389 0 1095 393 0 1096 400 0 1097 378 106 1098 420 106 1099 276 106 1100 380 107 1101 427 107 1102 407 107 1103 424 1 1104 378 1 1105 404 1 1106 276 3 1107 420 3 1108 400 3 1109 393 1 1110 420 1 1111 400 1 1112 399 104 1113 426 104 1114 406 104 1115 405 104 1116 417 104 1117 397 104 1118 404 104 1119 421 104 1120 401 104 1121 392 4 1122 418 4 1123 398 4 1124 401 104 1125 425 104 1126 405 104 1127 385 104 1128 395 104 1129 364 104 1130 382 104 1131 401 104 1132 373 104 1133 367 104 1134 391 104 1135 36 104 1136 365 104 1137 393 104 1138 149 104 1139 383 104 1140 397 104 1141 366 104 1142 386 104 1143 403 104 1144 375 104 1145 371 104 1146 406 104 1147 384 104 1148 372 104 1149 404 104 1150 382 104 1151 387 104 1152 399 104 1153 371 104 1154 36 104 1155 396 104 1156 365 104 1157 374 104 1158 407 104 1159 385 104 1160 373 104 1161 405 104 1162 383 104 1163 364 104 1164 390 104 1165 8 104 1166 149 104 1167 400 104 1168 372 104 1169 424 108 1170 420 108 1171 413 108 1172 425 0 1173 421 0 1174 416 0 1175 426 0 1176 419 0 1177 412 0 1178 427 0 1179 422 0 1180 414 0 1181 428 0 1182 417 0 1183 411 0 1184 429 0 1185 423 0 1186 418 0 1187 406 104 1188 422 104 1189 402 104 1190 402 104 1191 427 104 1192 407 104 1193 394 4 1194 412 4 1195 392 4 1196 407 104 1197 415 104 1198 395 104 1199 390 4 1200 414 4 1201 394 4 1202 396 109 1203 413 109 1204 393 109 1205 408 104 1206 423 104 1207 403 104 1208 395 110 1209 410 110 1210 390 110 1211 397 104 1212 428 104 1213 408 104 1214 391 4 1215 418 4 1216 411 4 1217 409 104 1218 419 104 1219 399 104 1220 396 4 1221 411 4 1222 416 4 1223 403 104 1224 429 104 1225 409 104 1226 404 111 1227 420 111 1228 424 111 1229 136 112 1230 415 112 1231 395 112 1232 430 0 1233 136 0 1234 395 0 1235 11 0 1236 140 0 1237 431 0 1238 136 0 1239 407 0 1240 395 0 1241 378 113 1242 400 113 1243 404 113 1244 408 2 1245 403 2 1246 398 2 1247 406 0 1248 402 0 1249 369 0 1250 436 3 1251 79 3 1252 221 3 1253 259 3 1254 460 3 1255 442 3 1256 59 3 1257 463 3 1258 444 3 1259 456 4 1260 494 4 1261 438 4 1262 225 3 1263 449 3 1264 441 3 1265 473 2 1266 541 2 1267 485 2 1268 170 114 1269 502 114 1270 486 114 1271 259 3 1272 260 3 1273 434 3 1274 214 3 1275 216 3 1276 78 3 1277 56 3 1278 452 3 1279 443 3 1280 454 3 1281 433 3 1282 57 3 1283 448 3 1284 436 3 1285 221 3 1286 218 3 1287 456 3 1288 438 3 1289 435 2 1290 521 2 1291 465 2 1292 485 2 1293 518 2 1294 462 2 1295 472 4 1296 531 4 1297 528 4 1298 462 2 1299 540 2 1300 484 2 1301 432 115 1302 519 115 1303 463 115 1304 475 4 1305 520 4 1306 531 4 1307 484 2 1308 526 2 1309 470 2 1310 479 104 1311 524 104 1312 468 104 1313 461 0 1314 490 0 1315 434 0 1316 455 116 1317 535 116 1318 479 116 1319 454 2 1320 489 2 1321 433 2 1322 434 104 1323 516 104 1324 460 104 1325 472 4 1326 530 4 1327 474 4 1328 453 104 1329 491 104 1330 435 104 1331 459 0 1332 493 0 1333 437 0 1334 469 0 1335 539 0 1336 483 0 1337 433 2 1338 514 2 1339 458 2 1340 474 2 1341 529 2 1342 473 2 1343 468 104 1344 534 104 1345 478 104 1346 483 0 1347 506 0 1348 450 0 1349 457 4 1350 486 4 1351 513 4 1352 437 0 1353 508 0 1354 452 0 1355 436 4 1356 512 4 1357 456 4 1358 478 0 1359 525 0 1360 469 0 1361 451 117 1362 488 117 1363 432 117 1364 508 3 1365 518 3 1366 541 3 1367 518 3 1368 515 3 1369 540 3 1370 514 3 1371 506 3 1372 539 3 1373 504 3 1374 525 3 1375 534 3 1376 526 3 1377 505 3 1378 533 3 1379 517 3 1380 529 3 1381 530 3 1382 516 3 1383 528 3 1384 498 3 1385 490 3 1386 530 3 1387 516 3 1388 507 3 1389 520 3 1390 488 3 1391 498 3 1392 531 3 1393 507 3 1394 532 3 1395 495 3 1396 513 3 1397 511 3 1398 513 3 1399 486 3 1400 533 3 1401 487 3 1402 503 3 1403 527 3 1404 503 3 1405 495 3 1406 512 3 1407 524 3 1408 494 3 1409 492 3 1410 534 3 1411 512 3 1412 502 3 1413 511 3 1414 486 3 1415 494 3 1416 535 3 1417 502 3 1418 519 3 1419 522 3 1420 500 3 1421 488 3 1422 536 3 1423 519 3 1424 537 3 1425 501 3 1426 521 3 1427 509 3 1428 521 3 1429 491 3 1430 500 3 1431 537 3 1432 509 3 1433 538 3 1434 489 3 1435 510 3 1436 523 3 1437 510 3 1438 501 3 1439 496 3 1440 539 3 1441 525 3 1442 540 3 1443 497 3 1444 526 3 1445 499 3 1446 541 3 1447 529 3 1448 439 4 1449 513 4 1450 495 4 1451 480 4 1452 522 4 1453 536 4 1454 446 4 1455 494 4 1456 502 4 1457 458 2 1458 496 2 1459 440 2 1460 464 118 1461 536 118 1462 520 118 1463 439 4 1464 503 4 1465 447 4 1466 441 0 1467 515 0 1468 459 0 1469 467 0 1470 537 0 1471 481 0 1472 440 2 1473 504 2 1474 448 2 1475 449 0 1476 497 0 1477 441 0 1478 460 104 1479 498 104 1480 442 104 1481 471 119 1482 532 119 1483 476 119 1484 443 0 1485 517 0 1486 461 0 1487 481 4 1488 522 4 1489 466 4 1490 476 120 1491 511 120 1492 455 120 1493 442 121 1494 507 121 1495 451 121 1496 450 0 1497 538 0 1498 482 0 1499 452 0 1500 499 0 1501 443 0 1502 463 104 1503 500 104 1504 444 104 1505 482 0 1506 523 0 1507 467 0 1508 447 4 1509 487 4 1510 309 4 1511 448 2 1512 492 2 1513 436 2 1514 444 104 1515 509 104 1516 453 104 1517 465 2 1518 501 2 1519 445 2 1520 309 0 1521 505 0 1522 449 0 1523 477 104 1524 527 104 1525 471 104 1526 445 2 1527 510 2 1528 454 2 1529 470 2 1530 533 2 1531 477 2 1532 464 1 1533 475 1 1534 432 1 1535 478 3 1536 477 3 1537 448 3 1538 470 1 1539 477 1 1540 441 1 1541 483 1 1542 450 1 1543 433 1 1544 379 4 1545 558 4 1546 368 4 1547 378 4 1548 560 4 1549 563 4 1550 377 4 1551 556 4 1552 275 4 1553 545 122 1554 571 122 1555 549 122 1556 369 4 1557 562 4 1558 377 4 1559 272 4 1560 561 4 1561 555 4 1562 546 104 1563 577 104 1564 553 104 1565 549 122 1566 554 122 1567 136 122 1568 368 4 1569 561 4 1570 376 4 1571 553 104 1572 569 104 1573 547 104 1574 547 104 1575 576 104 1576 552 104 1577 552 104 1578 567 104 1579 545 104 1580 575 93 1581 574 93 1582 578 93 1583 576 0 1584 573 0 1585 580 0 1586 577 0 1587 572 0 1588 579 0 1589 574 123 1590 557 123 1591 563 123 1592 572 0 1593 555 0 1594 561 0 1595 573 0 1596 556 0 1597 562 0 1598 568 0 1599 578 0 1600 572 0 1601 578 0 1602 560 0 1603 566 0 1604 569 0 1605 579 0 1606 573 0 1607 579 0 1608 558 0 1609 564 0 1610 567 0 1611 580 0 1612 571 0 1613 580 0 1614 559 0 1615 565 0 1616 275 4 1617 564 4 1618 379 4 1619 369 4 1620 565 4 1621 559 4 1622 380 4 1623 554 4 1624 565 4 1625 550 1 1626 570 1 1627 548 1 1628 378 124 1629 557 124 1630 276 124 1631 370 4 1632 566 4 1633 560 4 1634 381 4 1635 555 4 1636 566 4 1637 551 104 1638 568 104 1639 546 104 1640 276 1 1641 574 1 1642 550 1 1643 551 125 1644 570 125 1645 575 125 1646 378 126 1647 550 126 1648 551 126 1649 95 0 1650 3 0 1651 152 0 1652 98 1 1653 7 1 1654 155 1 1655 101 2 1656 5 2 1657 158 2 1658 104 3 1659 1 3 1660 94 3 1661 156 4 1662 4 4 1663 103 4 1664 117 127 1665 19 127 1666 116 127 1667 118 104 1668 20 104 1669 163 104 1670 354 67 1671 139 67 1672 10 67 1673 353 128 1674 121 128 1675 18 128 1676 122 4 1677 21 4 1678 167 4 1679 144 4 1680 15 4 1681 168 4 1682 125 3 1683 9 3 1684 106 3 1685 116 3 1686 19 3 1687 171 3 1688 127 2 1689 17 2 1690 146 2 1691 128 2 1692 22 2 1693 174 2 1694 113 2 1695 16 2 1696 175 2 1697 131 1 1698 14 1 1699 143 1 1700 132 1 1701 23 1 1702 178 1 1703 110 1 1704 13 1 1705 179 1 1706 107 0 1707 10 0 1708 181 0 1709 430 0 1710 340 0 1711 182 0 1712 182 0 1713 69 0 1714 545 0 1715 549 0 1716 136 0 1717 430 0 1718 182 0 1719 545 0 1720 430 0 1721 183 94 1722 70 94 1723 184 94 1724 151 94 1725 38 94 1726 185 94 1727 187 129 1728 71 129 1729 188 129 1730 180 94 1731 68 94 1732 189 94 1733 190 1 1734 67 1 1735 134 1 1736 191 1 1737 72 1 1738 192 1 1739 154 1 1740 41 1 1741 193 1 1742 194 1 1743 66 1 1744 133 1 1745 195 1 1746 73 1 1747 196 1 1748 177 1 1749 65 1 1750 197 1 1751 198 1 1752 30 1 1753 99 1 1754 199 1 1755 74 1 1756 200 1 1757 176 1 1758 64 1 1759 201 1 1760 202 2 1761 63 2 1762 130 2 1763 203 35 1764 75 35 1765 204 35 1766 157 35 1767 44 35 1768 205 35 1769 206 2 1770 62 2 1771 129 2 1772 207 77 1773 76 77 1774 208 77 1775 173 35 1776 61 35 1777 209 35 1778 210 2 1779 33 2 1780 102 2 1781 211 2 1782 77 2 1783 212 2 1784 172 2 1785 60 2 1786 213 2 1787 215 3 1788 78 3 1789 216 3 1790 160 3 1791 47 3 1792 217 3 1793 218 3 1794 58 3 1795 126 3 1796 219 3 1797 79 3 1798 220 3 1799 169 3 1800 57 3 1801 221 3 1802 222 3 1803 37 3 1804 150 3 1805 223 3 1806 80 3 1807 224 3 1808 308 4 1809 226 4 1810 55 4 1811 227 4 1812 81 4 1813 228 4 1814 306 130 1815 100 130 1816 31 130 1817 230 4 1818 54 4 1819 123 4 1820 231 4 1821 82 4 1822 232 4 1823 303 128 1824 166 128 1825 53 128 1826 234 4 1827 46 4 1828 159 4 1829 301 131 1830 235 131 1831 83 131 1832 165 79 1833 52 79 1834 237 79 1835 238 132 1836 51 132 1837 120 132 1838 298 133 1839 239 133 1840 84 133 1841 95 134 1842 26 134 1843 241 134 1844 296 135 1845 242 135 1846 50 135 1847 162 136 1848 49 136 1849 245 136 1850 293 137 1851 246 137 1852 47 137 1853 247 135 1854 86 135 1855 248 135 1856 291 138 1857 161 138 1858 48 138 1859 290 137 1860 250 137 1861 35 137 1862 107 139 1863 38 139 1864 253 139 1865 254 4 1866 34 4 1867 147 4 1868 255 4 1869 88 4 1870 256 4 1871 285 4 1872 112 4 1873 43 4 1874 258 3 1875 25 3 1876 138 3 1877 148 3 1878 35 3 1879 261 3 1880 262 2 1881 45 2 1882 114 2 1883 263 2 1884 90 2 1885 264 2 1886 145 2 1887 32 2 1888 265 2 1889 266 1 1890 42 1 1891 111 1 1892 267 1 1893 91 1 1894 268 1 1895 142 1 1896 29 1 1897 269 1 1898 431 0 1899 276 0 1900 550 0 1901 548 0 1902 270 0 1903 39 0 1904 431 0 1905 550 0 1906 548 0 1907 39 0 1908 108 0 1909 431 0 1910 553 0 1911 547 0 1912 271 0 1913 542 0 1914 92 0 1915 546 0 1916 553 0 1917 271 0 1918 542 0 1919 139 0 1920 26 0 1921 273 0 1922 542 0 1923 271 0 1924 274 0 1925 274 0 1926 273 0 1927 542 0 1928 544 0 1929 69 0 1930 181 0 1931 181 0 1932 274 0 1933 544 0 1934 10 0 1935 139 0 1936 274 0 1937 552 0 1938 545 0 1939 69 0 1940 544 0 1941 271 0 1942 547 0 1943 552 0 1944 69 0 1945 544 0 1946 551 0 1947 546 0 1948 92 0 1949 543 93 1950 270 93 1951 548 93 1952 551 0 1953 92 0 1954 543 0 1955 277 1 1956 269 1 1957 91 1 1958 179 1 1959 277 1 1960 267 1 1961 13 1 1962 142 1 1963 277 1 1964 278 1 1965 268 1 1966 64 1 1967 134 1 1968 278 1 1969 176 1 1970 67 1 1971 267 1 1972 278 1 1973 279 1 1974 111 1 1975 14 1 1976 268 13 1977 279 13 1978 131 13 1979 91 13 1980 266 13 1981 279 13 1982 280 2 1983 265 2 1984 90 2 1985 175 2 1986 280 2 1987 263 2 1988 16 2 1989 145 2 1990 280 2 1991 281 2 1992 264 2 1993 60 2 1994 130 2 1995 281 2 1996 172 2 1997 63 2 1998 263 2 1999 281 2 2000 282 2 2001 114 2 2002 17 2 2003 264 15 2004 282 15 2005 127 15 2006 90 15 2007 262 15 2008 282 15 2009 283 3 2010 261 3 2011 89 3 2012 171 3 2013 283 3 2014 259 3 2015 19 3 2016 148 3 2017 283 3 2018 284 3 2019 138 3 2020 9 3 2021 260 18 2022 284 18 2023 125 18 2024 89 18 2025 258 18 2026 284 18 2027 255 140 2028 285 140 2029 257 140 2030 168 4 2031 285 4 2032 255 4 2033 15 4 2034 112 4 2035 285 4 2036 286 4 2037 256 4 2038 52 4 2039 124 4 2040 286 4 2041 165 4 2042 124 4 2043 55 4 2044 255 4 2045 121 141 2046 287 141 2047 147 141 2048 52 142 2049 256 142 2050 287 142 2051 88 4 2052 254 4 2053 287 4 2054 288 143 2055 253 143 2056 87 143 2057 51 39 2058 164 39 2059 288 39 2060 164 144 2061 10 144 2062 107 144 2063 161 41 2064 289 41 2065 252 41 2066 120 104 2067 289 104 2068 161 104 2069 51 145 2070 251 145 2071 289 145 2072 290 127 2073 148 127 2074 19 127 2075 252 146 2076 290 146 2077 117 146 2078 252 147 2079 87 147 2080 250 147 2081 163 148 2082 291 148 2083 247 148 2084 20 104 2085 161 104 2086 291 104 2087 292 149 2088 248 149 2089 32 149 2090 16 150 2091 119 150 2092 292 150 2093 119 52 2094 50 52 2095 247 52 2096 248 151 2097 293 151 2098 101 151 2099 243 152 2100 294 152 2101 245 152 2102 29 153 2103 142 153 2104 294 153 2105 13 154 2106 162 154 2107 294 154 2108 295 155 2109 244 155 2110 44 155 2111 98 156 2112 29 156 2113 243 156 2114 113 150 2115 296 150 2116 119 150 2117 244 50 2118 296 50 2119 113 50 2120 85 157 2121 242 157 2122 296 157 2123 41 158 2124 154 158 2125 297 158 2126 298 56 2127 240 56 2128 49 56 2129 110 159 2130 298 159 2131 162 159 2132 110 160 2133 41 160 2134 239 160 2135 299 104 2136 120 104 2137 20 104 2138 49 161 2139 240 161 2140 299 161 2141 300 4 2142 237 4 2143 83 4 2144 54 162 2145 167 162 2146 300 162 2147 21 4 2148 165 4 2149 300 4 2150 137 163 2151 301 163 2152 236 163 2153 388 4 2154 8 4 2155 123 4 2156 123 4 2157 301 4 2158 388 4 2159 54 4 2160 235 4 2161 301 4 2162 302 4 2163 159 4 2164 0 4 2165 24 4 2166 236 4 2167 302 4 2168 83 4 2169 234 4 2170 302 4 2171 303 4 2172 233 4 2173 82 4 2174 141 4 2175 303 4 2176 231 4 2177 141 128 2178 12 128 2179 166 128 2180 365 4 2181 149 4 2182 304 4 2183 304 4 2184 232 4 2185 365 4 2186 389 4 2187 2 4 2188 97 4 2189 97 4 2190 304 4 2191 389 4 2192 28 4 2193 231 4 2194 304 4 2195 363 4 2196 105 4 2197 305 4 2198 305 4 2199 123 4 2200 363 4 2201 367 4 2202 36 4 2203 232 4 2204 232 4 2205 305 4 2206 367 4 2207 232 140 2208 82 140 2209 230 140 2210 306 4 2211 229 4 2212 81 4 2213 153 4 2214 306 4 2215 227 4 2216 6 4 2217 100 4 2218 306 4 2219 166 164 2220 307 164 2221 228 164 2222 12 162 2223 109 162 2224 307 162 2225 40 4 2226 227 4 2227 307 4 2228 308 4 2229 124 4 2230 21 4 2231 228 4 2232 308 4 2233 122 4 2234 81 4 2235 226 4 2236 308 4 2237 309 3 2238 225 3 2239 80 3 2240 223 3 2241 58 3 2242 439 3 2243 58 3 2244 170 3 2245 457 3 2246 457 3 2247 439 3 2248 58 3 2249 439 3 2250 447 3 2251 223 3 2252 310 3 2253 224 3 2254 46 3 2255 126 3 2256 310 3 2257 115 3 2258 58 3 2259 223 3 2260 310 3 2261 311 3 2262 150 3 2263 0 3 2264 224 18 2265 311 18 2266 159 18 2267 80 19 2268 222 19 2269 311 19 2270 312 3 2271 221 3 2272 79 3 2273 146 3 2274 312 3 2275 219 3 2276 17 3 2277 169 3 2278 312 3 2279 313 3 2280 220 3 2281 34 3 2282 102 3 2283 313 3 2284 103 3 2285 33 3 2286 219 3 2287 313 3 2288 314 3 2289 126 3 2290 18 3 2291 220 3 2292 314 3 2293 147 3 2294 79 3 2295 218 3 2296 314 3 2297 315 3 2298 217 3 2299 78 3 2300 158 3 2301 315 3 2302 215 3 2303 5 3 2304 160 3 2305 315 3 2306 316 3 2307 216 3 2308 57 3 2309 114 3 2310 316 3 2311 169 3 2312 45 3 2313 215 3 2314 316 3 2315 317 2 2316 213 2 2317 77 2 2318 174 2 2319 317 2 2320 211 2 2321 22 2 2322 172 2 2323 317 2 2324 318 2 2325 212 2 2326 43 2 2327 129 2 2328 318 2 2329 112 2 2330 62 2 2331 211 2 2332 318 2 2333 319 2 2334 102 2 2335 4 2 2336 212 76 2337 319 76 2338 156 76 2339 77 165 2340 210 165 2341 319 165 2342 320 35 2343 209 35 2344 76 35 2345 143 2 2346 320 2 2347 207 2 2348 14 2 2349 173 2 2350 320 2 2351 321 76 2352 208 76 2353 31 76 2354 99 2 2355 321 2 2356 100 2 2357 30 2 2358 207 2 2359 321 2 2360 322 2 2361 129 2 2362 15 2 2363 208 2 2364 322 2 2365 144 2 2366 76 2 2367 206 2 2368 322 2 2369 323 35 2370 205 35 2371 75 35 2372 155 2 2373 323 2 2374 203 2 2375 7 2 2376 157 2 2377 323 2 2378 324 35 2379 204 35 2380 61 35 2381 111 2 2382 324 2 2383 173 2 2384 42 2 2385 203 2 2386 324 2 2387 325 2 2388 130 2 2389 22 2 2390 204 2 2391 325 2 2392 128 2 2393 75 2 2394 202 2 2395 325 2 2396 326 1 2397 201 1 2398 74 1 2399 178 1 2400 326 1 2401 199 1 2402 23 1 2403 176 1 2404 326 1 2405 327 1 2406 200 1 2407 40 1 2408 133 1 2409 327 1 2410 109 1 2411 66 1 2412 199 1 2413 327 1 2414 328 1 2415 99 1 2416 6 1 2417 200 13 2418 328 13 2419 153 13 2420 74 14 2421 198 14 2422 328 14 2423 329 1 2424 197 1 2425 73 1 2426 140 1 2427 329 1 2428 195 1 2429 11 1 2430 177 1 2431 329 1 2432 330 1 2433 196 1 2434 28 1 2435 96 1 2436 330 1 2437 97 1 2438 27 1 2439 195 1 2440 330 1 2441 331 1 2442 133 1 2443 12 1 2444 196 1 2445 331 1 2446 141 1 2447 73 1 2448 194 1 2449 331 1 2450 332 1 2451 193 1 2452 72 1 2453 152 1 2454 332 1 2455 191 1 2456 3 1 2457 154 1 2458 332 1 2459 333 1 2460 192 1 2461 65 1 2462 108 1 2463 333 1 2464 177 1 2465 39 1 2466 191 1 2467 333 1 2468 334 1 2469 134 1 2470 23 1 2471 192 1 2472 334 1 2473 132 1 2474 72 1 2475 190 1 2476 334 1 2477 335 94 2478 189 94 2479 71 94 2480 106 0 2481 335 0 2482 187 0 2483 9 0 2484 180 0 2485 335 0 2486 336 78 2487 188 78 2488 24 78 2489 150 0 2490 336 0 2491 93 0 2492 37 0 2493 187 0 2494 336 0 2495 188 0 2496 337 0 2497 137 0 2498 71 0 2499 186 0 2500 337 0 2501 338 94 2502 185 94 2503 70 94 2504 94 0 2505 338 0 2506 183 0 2507 1 0 2508 151 0 2509 338 0 2510 339 94 2511 184 94 2512 68 94 2513 138 0 2514 339 0 2515 180 0 2516 25 0 2517 183 0 2518 339 0 2519 184 0 2520 340 0 2521 135 0 2522 70 0 2523 182 0 2524 340 0 2525 341 0 2526 181 0 2527 69 0 2528 185 0 2529 341 0 2530 182 0 2531 38 0 2532 107 0 2533 341 0 2534 189 0 2535 342 0 2536 186 0 2537 68 0 2538 135 0 2539 342 0 2540 343 1 2541 179 1 2542 67 1 2543 193 1 2544 343 1 2545 190 1 2546 41 1 2547 110 1 2548 343 1 2549 344 1 2550 178 1 2551 66 1 2552 197 1 2553 344 1 2554 194 1 2555 65 1 2556 132 1 2557 344 1 2558 345 1 2559 143 1 2560 30 1 2561 201 13 2562 345 13 2563 198 13 2564 64 12 2565 131 12 2566 345 12 2567 346 2 2568 175 2 2569 63 2 2570 205 2 2571 346 2 2572 202 2 2573 44 2 2574 113 2 2575 346 2 2576 347 2 2577 174 2 2578 62 2 2579 209 2 2580 347 2 2581 206 2 2582 61 2 2583 128 2 2584 347 2 2585 348 2 2586 146 2 2587 33 2 2588 213 15 2589 348 15 2590 210 15 2591 60 15 2592 127 15 2593 348 15 2594 349 3 2595 171 3 2596 59 3 2597 217 3 2598 349 3 2599 214 3 2600 47 3 2601 116 3 2602 349 3 2603 350 3 2604 106 3 2605 37 3 2606 225 18 2607 350 18 2608 222 18 2609 56 17 2610 125 17 2611 350 17 2612 351 4 2613 168 4 2614 55 4 2615 81 131 2616 229 131 2617 351 131 2618 229 4 2619 31 4 2620 144 4 2621 230 141 2622 352 141 2623 167 141 2624 233 4 2625 352 4 2626 230 4 2627 53 79 2628 122 79 2629 352 79 2630 353 4 2631 115 4 2632 46 4 2633 237 4 2634 353 4 2635 234 4 2636 237 166 2637 52 166 2638 121 166 2639 238 39 2640 354 39 2641 164 39 2642 241 167 2643 354 167 2644 238 167 2645 26 144 2646 139 144 2647 354 144 2648 355 168 2649 163 168 2650 50 168 2651 245 169 2652 49 169 2653 118 169 2654 246 170 2655 356 170 2656 116 170 2657 86 171 2658 249 171 2659 356 171 2660 48 172 2661 117 172 2662 356 172 2663 250 173 2664 357 173 2665 104 173 2666 38 174 2667 151 174 2668 357 174 2669 358 4 2670 103 4 2671 34 4 2672 257 4 2673 358 4 2674 254 4 2675 257 175 2676 43 175 2677 156 175 2678 359 3 2679 94 3 2680 25 3 2681 261 18 2682 359 18 2683 258 18 2684 35 18 2685 104 18 2686 359 18 2687 360 2 2688 158 2 2689 45 2 2690 265 15 2691 360 15 2692 262 15 2693 32 15 2694 101 15 2695 360 15 2696 361 1 2697 155 1 2698 42 1 2699 269 13 2700 361 13 2701 266 13 2702 29 13 2703 98 13 2704 361 13 2705 362 0 2706 152 0 2707 39 0 2708 543 0 2709 92 0 2710 273 0 2711 273 94 2712 362 94 2713 543 94 2714 26 10 2715 95 10 2716 362 10 2717 375 104 2718 403 104 2719 409 104 2720 8 104 2721 390 104 2722 394 104 2723 105 104 2724 392 104 2725 398 104 2726 384 104 2727 406 104 2728 402 104 2729 366 104 2730 397 104 2731 408 104 2732 363 104 2733 394 104 2734 392 104 2735 415 176 2736 427 176 2737 380 176 2738 340 0 2739 430 0 2740 135 0 2741 430 0 2742 388 0 2743 342 0 2744 135 0 2745 430 0 2746 342 0 2747 388 0 2748 137 0 2749 337 0 2750 186 0 2751 342 0 2752 388 0 2753 276 0 2754 431 0 2755 400 0 2756 431 0 2757 389 0 2758 400 0 2759 378 177 2760 424 177 2761 420 177 2762 393 178 2763 413 178 2764 420 178 2765 399 104 2766 419 104 2767 426 104 2768 405 104 2769 425 104 2770 417 104 2771 404 104 2772 424 104 2773 421 104 2774 392 4 2775 412 4 2776 418 4 2777 401 104 2778 421 104 2779 425 104 2780 385 104 2781 407 104 2782 395 104 2783 382 104 2784 404 104 2785 401 104 2786 367 104 2787 398 104 2788 391 104 2789 365 104 2790 396 104 2791 393 104 2792 383 104 2793 405 104 2794 397 104 2795 386 104 2796 408 104 2797 403 104 2798 371 104 2799 399 104 2800 406 104 2801 372 104 2802 400 104 2803 404 104 2804 387 104 2805 409 104 2806 399 104 2807 36 104 2808 391 104 2809 396 104 2810 374 104 2811 402 104 2812 407 104 2813 373 104 2814 401 104 2815 405 104 2816 364 104 2817 395 104 2818 390 104 2819 149 104 2820 393 104 2821 400 104 2822 413 179 2823 416 179 2824 424 179 2825 416 0 2826 421 0 2827 424 0 2828 416 0 2829 411 0 2830 425 0 2831 411 0 2832 417 0 2833 425 0 2834 412 0 2835 414 0 2836 426 0 2837 414 0 2838 422 0 2839 426 0 2840 414 0 2841 410 0 2842 427 0 2843 410 0 2844 415 0 2845 427 0 2846 411 0 2847 418 0 2848 428 0 2849 418 0 2850 423 0 2851 428 0 2852 418 180 2853 412 180 2854 429 180 2855 412 0 2856 419 0 2857 429 0 2858 406 104 2859 426 104 2860 422 104 2861 402 104 2862 422 104 2863 427 104 2864 394 4 2865 414 4 2866 412 4 2867 407 104 2868 427 104 2869 415 104 2870 390 4 2871 410 4 2872 414 4 2873 396 181 2874 416 181 2875 413 181 2876 408 104 2877 428 104 2878 423 104 2879 395 110 2880 415 110 2881 410 110 2882 397 104 2883 417 104 2884 428 104 2885 391 4 2886 398 4 2887 418 4 2888 409 104 2889 429 104 2890 419 104 2891 396 4 2892 391 4 2893 411 4 2894 403 104 2895 423 104 2896 429 104 2897 404 104 2898 400 104 2899 420 104 2900 390 0 2901 388 0 2902 395 0 2903 388 0 2904 430 0 2905 395 0 2906 140 0 2907 27 0 2908 389 0 2909 27 0 2910 96 0 2911 389 0 2912 96 0 2913 2 0 2914 389 0 2915 389 0 2916 431 0 2917 140 0 2918 431 0 2919 108 0 2920 11 0 2921 136 0 2922 380 0 2923 407 0 2924 378 123 2925 276 123 2926 400 123 2927 390 182 2928 394 182 2929 407 182 2930 394 2 2931 392 2 2932 406 2 2933 390 2 2934 407 2 2935 395 2 2936 398 183 2937 391 183 2938 408 183 2939 391 2 2940 396 2 2941 405 2 2942 404 184 2943 396 184 2944 393 184 2945 407 2 2946 394 2 2947 402 2 2948 396 2 2949 404 2 2950 401 2 2951 404 185 2952 393 185 2953 400 185 2954 392 2 2955 398 2 2956 409 2 2957 406 2 2958 402 2 2959 394 2 2960 406 2 2961 392 2 2962 399 2 2963 401 2 2964 405 2 2965 396 2 2966 391 2 2967 405 2 2968 397 2 2969 399 2 2970 392 2 2971 409 2 2972 403 2 2973 409 2 2974 398 2 2975 397 2 2976 408 2 2977 391 2 2978 379 0 2979 368 0 2980 403 0 2981 368 0 2982 376 0 2983 408 0 2984 397 0 2985 272 0 2986 405 0 2987 272 0 2988 381 0 2989 405 0 2990 381 0 2991 370 0 2992 401 0 2993 401 0 2994 370 0 2995 404 0 2996 275 0 2997 379 0 2998 409 0 2999 272 0 3000 397 0 3001 376 0 3002 370 0 3003 378 0 3004 404 0 3005 377 0 3006 275 0 3007 399 0 3008 376 0 3009 397 0 3010 408 0 3011 369 0 3012 377 0 3013 406 0 3014 381 0 3015 401 0 3016 405 0 3017 379 0 3018 403 0 3019 409 0 3020 407 0 3021 380 0 3022 369 0 3023 368 0 3024 408 0 3025 403 0 3026 275 0 3027 409 0 3028 399 0 3029 402 0 3030 407 0 3031 369 0 3032 399 0 3033 406 0 3034 377 0 3035 436 3 3036 218 3 3037 79 3 3038 432 3 3039 59 3 3040 451 3 3041 59 3 3042 259 3 3043 442 3 3044 451 3 3045 59 3 3046 442 3 3047 259 3 3048 434 3 3049 460 3 3050 435 3 3051 214 3 3052 453 3 3053 214 3 3054 59 3 3055 444 3 3056 453 3 3057 214 3 3058 444 3 3059 59 3 3060 432 3 3061 463 3 3062 456 4 3063 512 4 3064 494 4 3065 225 3 3066 309 3 3067 449 3 3068 441 3 3069 459 3 3070 56 3 3071 459 3 3072 437 3 3073 56 3 3074 441 3 3075 56 3 3076 225 3 3077 473 2 3078 529 2 3079 541 2 3080 170 186 3081 446 186 3082 502 186 3083 259 3 3084 89 3 3085 260 3 3086 214 3 3087 435 3 3088 216 3 3089 56 3 3090 437 3 3091 452 3 3092 443 3 3093 461 3 3094 260 3 3095 461 3 3096 434 3 3097 260 3 3098 443 3 3099 260 3 3100 56 3 3101 57 3 3102 216 3 3103 445 3 3104 216 3 3105 435 3 3106 465 3 3107 465 3 3108 445 3 3109 216 3 3110 445 3 3111 454 3 3112 57 3 3113 221 3 3114 57 3 3115 440 3 3116 57 3 3117 433 3 3118 458 3 3119 458 3 3120 440 3 3121 57 3 3122 440 3 3123 448 3 3124 221 3 3125 170 3 3126 58 3 3127 446 3 3128 58 3 3129 218 3 3130 438 3 3131 446 3 3132 58 3 3133 438 3 3134 218 3 3135 436 3 3136 456 3 3137 435 2 3138 491 2 3139 521 2 3140 485 2 3141 541 2 3142 518 2 3143 472 187 3144 475 187 3145 531 187 3146 462 2 3147 518 2 3148 540 2 3149 432 104 3150 488 104 3151 519 104 3152 475 188 3153 464 188 3154 520 188 3155 484 2 3156 540 2 3157 526 2 3158 479 189 3159 535 189 3160 524 189 3161 461 0 3162 517 0 3163 490 0 3164 455 104 3165 511 104 3166 535 104 3167 454 2 3168 510 2 3169 489 2 3170 434 104 3171 490 104 3172 516 104 3173 472 4 3174 528 4 3175 530 4 3176 453 104 3177 509 104 3178 491 104 3179 459 0 3180 515 0 3181 493 0 3182 469 0 3183 525 0 3184 539 0 3185 433 2 3186 489 2 3187 514 2 3188 474 2 3189 530 2 3190 529 2 3191 468 104 3192 524 104 3193 534 104 3194 483 0 3195 539 0 3196 506 0 3197 457 190 3198 170 190 3199 486 190 3200 437 0 3201 493 0 3202 508 0 3203 436 4 3204 492 4 3205 512 4 3206 478 0 3207 534 0 3208 525 0 3209 451 104 3210 507 104 3211 488 104 3212 508 3 3213 493 3 3214 518 3 3215 518 3 3216 493 3 3217 515 3 3218 514 3 3219 489 3 3220 506 3 3221 504 3 3222 496 3 3223 525 3 3224 526 3 3225 497 3 3226 505 3 3227 517 3 3228 499 3 3229 529 3 3230 516 3 3231 530 3 3232 528 3 3233 490 3 3234 517 3 3235 530 3 3236 507 3 3237 531 3 3238 520 3 3239 498 3 3240 528 3 3241 531 3 3242 532 3 3243 527 3 3244 495 3 3245 511 3 3246 532 3 3247 513 3 3248 533 3 3249 505 3 3250 487 3 3251 527 3 3252 533 3 3253 503 3 3254 512 3 3255 534 3 3256 524 3 3257 492 3 3258 504 3 3259 534 3 3260 502 3 3261 535 3 3262 511 3 3263 494 3 3264 524 3 3265 535 3 3266 519 3 3267 536 3 3268 522 3 3269 488 3 3270 520 3 3271 536 3 3272 537 3 3273 523 3 3274 501 3 3275 509 3 3276 537 3 3277 521 3 3278 500 3 3279 522 3 3280 537 3 3281 538 3 3282 506 3 3283 489 3 3284 523 3 3285 538 3 3286 510 3 3287 496 3 3288 514 3 3289 539 3 3290 540 3 3291 515 3 3292 497 3 3293 499 3 3294 508 3 3295 541 3 3296 439 191 3297 457 191 3298 513 191 3299 480 4 3300 466 4 3301 522 4 3302 446 4 3303 438 4 3304 494 4 3305 458 2 3306 514 2 3307 496 2 3308 464 192 3309 480 192 3310 536 192 3311 439 4 3312 495 4 3313 503 4 3314 441 0 3315 497 0 3316 515 0 3317 467 0 3318 523 0 3319 537 0 3320 440 2 3321 496 2 3322 504 2 3323 449 0 3324 505 0 3325 497 0 3326 460 104 3327 516 104 3328 498 104 3329 471 104 3330 527 104 3331 532 104 3332 443 0 3333 499 0 3334 517 0 3335 481 4 3336 537 4 3337 522 4 3338 476 193 3339 532 193 3340 511 193 3341 442 104 3342 498 104 3343 507 104 3344 450 0 3345 506 0 3346 538 0 3347 452 0 3348 508 0 3349 499 0 3350 463 104 3351 519 104 3352 500 104 3353 482 0 3354 538 0 3355 523 0 3356 447 4 3357 503 4 3358 487 4 3359 448 2 3360 504 2 3361 492 2 3362 444 104 3363 500 104 3364 509 104 3365 465 2 3366 521 2 3367 501 2 3368 309 0 3369 487 0 3370 505 0 3371 477 104 3372 533 104 3373 527 104 3374 445 2 3375 501 2 3376 510 2 3377 470 2 3378 526 2 3379 533 2 3380 460 1 3381 442 1 3382 474 1 3383 442 1 3384 451 1 3385 472 1 3386 460 1 3387 474 1 3388 461 1 3389 432 1 3390 463 1 3391 480 1 3392 463 1 3393 444 1 3394 466 1 3395 481 1 3396 444 1 3397 453 1 3398 434 1 3399 460 1 3400 461 1 3401 444 1 3402 481 1 3403 466 1 3404 481 1 3405 453 1 3406 465 1 3407 474 1 3408 442 1 3409 472 1 3410 453 1 3411 435 1 3412 465 1 3413 451 1 3414 432 1 3415 475 1 3416 475 1 3417 472 1 3418 451 1 3419 466 1 3420 480 1 3421 463 1 3422 480 1 3423 464 1 3424 432 1 3425 456 1 3426 438 1 3427 478 1 3428 438 1 3429 446 1 3430 478 1 3431 456 1 3432 478 1 3433 448 1 3434 170 1 3435 457 1 3436 478 1 3437 457 1 3438 439 1 3439 449 1 3440 170 1 3441 478 1 3442 446 1 3443 436 1 3444 456 1 3445 448 1 3446 439 1 3447 447 1 3448 449 1 3449 478 1 3450 457 1 3451 449 1 3452 447 1 3453 309 1 3454 449 1 3455 476 1 3456 471 1 3457 477 1 3458 478 3 3459 468 3 3460 479 3 3461 455 104 3462 476 104 3463 477 104 3464 478 1 3465 479 1 3466 455 1 3467 478 104 3468 455 104 3469 477 104 3470 437 1 3471 452 1 3472 485 1 3473 452 1 3474 443 1 3475 473 1 3476 443 1 3477 461 1 3478 474 1 3479 473 1 3480 485 1 3481 452 1 3482 485 1 3483 462 1 3484 437 1 3485 443 1 3486 474 1 3487 473 1 3488 441 1 3489 459 1 3490 484 1 3491 459 1 3492 437 1 3493 462 1 3494 462 1 3495 484 1 3496 459 1 3497 484 1 3498 470 1 3499 441 1 3500 477 1 3501 449 1 3502 441 1 3503 465 1 3504 445 1 3505 481 1 3506 445 1 3507 454 1 3508 467 1 3509 481 1 3510 445 1 3511 467 1 3512 433 1 3513 458 1 3514 483 1 3515 458 1 3516 440 1 3517 469 1 3518 469 1 3519 440 1 3520 478 1 3521 440 1 3522 448 1 3523 478 1 3524 454 1 3525 433 1 3526 482 1 3527 467 1 3528 454 1 3529 482 1 3530 450 1 3531 482 1 3532 433 1 3533 469 1 3534 483 1 3535 458 1 3536 379 4 3537 564 4 3538 558 4 3539 378 4 3540 370 4 3541 560 4 3542 377 4 3543 562 4 3544 556 4 3545 545 194 3546 567 194 3547 571 194 3548 369 4 3549 559 4 3550 562 4 3551 272 4 3552 376 4 3553 561 4 3554 546 104 3555 568 104 3556 577 104 3557 549 195 3558 571 195 3559 554 195 3560 368 4 3561 558 4 3562 561 4 3563 553 104 3564 577 104 3565 569 104 3566 547 104 3567 569 104 3568 576 104 3569 552 104 3570 576 104 3571 567 104 3572 575 34 3573 570 34 3574 574 34 3575 576 0 3576 569 0 3577 573 0 3578 577 0 3579 568 0 3580 572 0 3581 563 0 3582 560 0 3583 578 0 3584 578 34 3585 574 34 3586 563 34 3587 561 0 3588 558 0 3589 579 0 3590 579 0 3591 572 0 3592 561 0 3593 562 0 3594 559 0 3595 580 0 3596 580 196 3597 573 196 3598 562 196 3599 568 0 3600 575 0 3601 578 0 3602 566 0 3603 555 0 3604 572 0 3605 572 0 3606 578 0 3607 566 0 3608 569 0 3609 577 0 3610 579 0 3611 564 0 3612 556 0 3613 573 0 3614 573 197 3615 579 197 3616 564 197 3617 567 0 3618 576 0 3619 580 0 3620 565 0 3621 554 0 3622 571 0 3623 571 0 3624 580 0 3625 565 0 3626 275 4 3627 556 4 3628 564 4 3629 369 4 3630 380 4 3631 565 4 3632 380 4 3633 136 4 3634 554 4 3635 550 198 3636 574 198 3637 570 198 3638 378 199 3639 563 199 3640 557 199 3641 370 4 3642 381 4 3643 566 4 3644 381 4 3645 272 4 3646 555 4 3647 551 104 3648 575 104 3649 568 104 3650 276 198 3651 557 198 3652 574 198 3653 551 200 3654 548 200 3655 570 200 3656 552 2 3657 545 2 3658 549 2 3659 549 2 3660 136 2 3661 380 2 3662 369 2 3663 377 2 3664 552 2 3665 377 2 3666 275 2 3667 547 2 3668 369 2 3669 552 2 3670 380 2 3671 549 201 3672 380 201 3673 552 201 3674 547 2 3675 552 2 3676 377 2 3677 551 2 3678 546 2 3679 381 2 3680 546 202 3681 553 202 3682 376 202 3683 546 2 3684 376 2 3685 272 2 3686 553 2 3687 547 2 3688 379 2 3689 553 2 3690 379 2 3691 368 2 3692 368 2 3693 376 2 3694 553 2 3695 379 2 3696 547 2 3697 275 2 3698 550 203 3699 548 203 3700 551 203 3701 378 204 3702 276 204 3703 550 204 3704 272 2 3705 381 2 3706 546 2 3707 381 2 3708 370 2 3709 551 2 3710 551 2 3711 370 2 3712 378 2 3713</p>
        </triangles>
      </mesh>
    </geometry>
  </library_geometries>
  <library_visual_scenes>
    <visual_scene id="Scene" name="Scene">
      <node id="House" name="House" type="NODE">
        <matrix sid="transform">1 0 0 0 0 1 0 0 0 0 1 0 0 0 0 1</matrix>
        <instance_geometry url="#Cube_002-mesh" name="House">
          <bind_material>
            <technique_common>
              <instance_material symbol="Material-material" target="#Material-material">
                <bind_vertex_input semantic="UVMap" input_semantic="TEXCOORD" input_set="0"/>
              </instance_material>
            </technique_common>
          </bind_material>
        </instance_geometry>
      </node>
    </visual_scene>
  </library_visual_scenes>
  <scene>
    <instance_visual_scene url="#Scene"/>
  </scene>
</COLLADA>