<?xml version="1.0" encoding="utf-8"?>
<COLLADA xmlns="http://www.collada.org/2005/11/COLLADASchema" version="1.4.1">
  <asset>
    <contributor>
      <author>Blender User</author>
      <authoring_tool>Blender 2.78.0 commit date:2017-02-24, commit time:14:33, hash:e92f235283</authoring_tool>
    </contributor>
    <created>2020-01-29T23:07:03</created>
    <modified>2020-01-29T23:07:03</modified>
    <unit name="centimeter" meter="0.01"/>
    <up_axis>Z_UP</up_axis>
  </asset>
  <library_images/>
  <library_effects>
    <effect id="lambert38_001-effect">
      <profile_COMMON>
        <technique sid="common">
          <phong>
            <emission>
              <color sid="emission">0 0 0 1</color>
            </emission>
            <ambient>
              <color sid="ambient">0 0 0 1</color>
            </ambient>
            <diffuse>
              <color sid="diffuse">0.64 0.64 0.64 1</color>
            </diffuse>
            <specular>
              <color sid="specular">0.5 0.5 0.5 1</color>
            </specular>
            <shininess>
              <float sid="shininess">50</float>
            </shininess>
            <transparent opaque="A_ONE">
              <color>1 1 1 1</color>
            </transparent>
            <index_of_refraction>
              <float sid="index_of_refraction">1</float>
            </index_of_refraction>
          </phong>
        </technique>
      </profile_COMMON>
    </effect>
  </library_effects>
  <library_materials>
    <material id="lambert38_001-material" name="lambert38_001">
      <instance_effect url="#lambert38_001-effect"/>
    </material>
  </library_materials>
  <library_geometries>
    <geometry id="MeshShape_007-mesh" name="MeshShape.007">
      <mesh>
        <source id="MeshShape_007-mesh-positions">
          <float_array id="MeshShape_007-mesh-positions-array" count="1014">0.499516 0.5682253 0.08974039 0.4859543 0.6683457 0.08736956 0.4108872 0.5818359 -0.1508446 0.4245872 0.6681705 -0.1063018 0.3358574 0.6557322 -0.2663765 0.2039518 0.5664632 -0.3014164 0.1757349 0.6516589 -0.3311124 0.1103364 0.5751452 -0.2700515 0.02472394 0.5960804 -0.2742097 0.02190548 0.6588417 -0.3539221 -0.1309189 0.6496005 -0.3217068 -0.04759901 0.5696267 -0.2568276 -0.1498554 0.5478594 -0.3006148 -0.2888932 0.6526225 -0.2478454 -0.389154 0.5688823 -0.155099 -0.398241 0.6643602 -0.08665347 -0.4435604 0.663747 0.09208267 -0.4549518 0.57024 0.09254294 -0.3869658 0.6642725 0.3754005 -0.4182131 0.5710284 0.3789299 -0.1343187 0.645615 0.4424319 -0.2076781 0.5010842 0.4583945 -0.05112689 0.6368222 0.469276 0.002411305 0.3875895 0.4650702 0.006341695 0.637261 0.4818263 0.06315922 0.6373059 0.4672241 0.2938685 0.5031426 0.4395323 0.226187 0.6473231 0.4309533 0.4651546 0.5688385 0.3636539 0.4404554 0.6684771 0.3550596 0.5557976 0.1886787 0.09143006 0.5045519 0.1906934 0.3710363 0.2852859 0.1984456 0.4631624 0.03223854 0.1973228 0.412111 0.02699017 0.3286386 0.4410617 -0.01551562 0.3213682 0.45363 -0.02326107 0.1959929 0.4232635 -0.2071925 0.1931899 0.4729118 -0.4548821 0.190562 0.3888695 -0.5150676 0.1905181 0.09483146 -0.4075856 0.1909561 -0.1860307 -0.09510374 0.1924453 -0.2967126 -0.001717448 0.1928833 0.1439509 0.002457499 0.3363469 0.1555418 0.1330988 -0.0892148 0.125459 0.2368388 -0.09030961 0.2797165 0.3771136 -0.09534597 0.299454 0.4150519 -0.09714174 0.08809477 0.3248689 -0.09556531 -0.05754154 0.2142847 -0.09232425 -0.1582556 -0.5021448 1.521102 -0.158479 -0.5090532 1.738924 -0.2560995 -0.5670362 1.799934 -0.165758 -0.5621786 1.757407 0.01145112 -0.5223246 1.660101 0.0950281 -0.4316463 1.547218 -0.02870321 0.4104481 0.2008877 -0.1815488 0.1465774 0.2066693 -0.2899222 0.009949684 0.192987 0.1322337 -0.2361202 -0.1611733 0.491847 -0.1886114 -0.09442615 0.2912908 -0.01771134 -0.1599908 0.393002 -0.01647108 -0.1595526 0.09370684 -0.09588932 -0.09447002 0.1306601 -0.1182809 -0.1602097 -0.318676 -0.1960756 -0.09517097 -0.1471624 -0.416661 -0.1609979 -0.1981002 -0.3213038 -0.09543371 -0.05343896 -0.5278416 -0.1620054 0.09198349 -0.3963051 -0.09639739 0.08968663 -0.478467 -0.1616549 0.3967872 -0.3500609 -0.09565258 0.3063223 -0.1428962 0.6519217 -0.3695369 0.02069282 0.6560826 -0.4028156 -0.1354743 0.8398118 -0.347374 0.03544557 0.8284683 -0.3705118 -0.1302863 1.08131 -0.3279274 0.03982567 1.076711 -0.3497143 -0.1229212 1.277924 -0.3144529 0.03277599 1.280726 -0.3307269 -0.1437464 1.573327 -0.3394246 0.007889211 1.591372 -0.3516066 -0.1860349 1.833001 -0.2854242 -0.02665108 1.849118 -0.2965698 -0.03934884 2.020672 -0.1884835 -0.1501217 2.020103 -0.1714548 -0.2431612 2.023037 -0.1424229 -0.3481324 1.809745 -0.3139713 -0.3956208 1.909865 -0.1720194 -0.5266113 1.750312 -0.3246241 -0.6024466 1.853455 -0.1943297 -0.460206 1.401618 -0.2209158 -0.2897573 1.546736 -0.3084776 -0.4396164 1.248875 -0.1454194 -0.260787 1.273538 -0.2811599 -0.2597663 1.081542 -0.2531087 -0.3727381 1.060904 -0.1178632 -0.2645419 0.8494034 -0.2761743 -0.3892572 0.8683674 -0.1174396 -0.3146315 0.6585788 -0.2899811 -0.4401472 0.6704479 -0.1079123 -0.06690764 0.836746 0.4516883 0.004641592 0.8257527 0.4577346 0.07336992 0.8343372 0.4527125 -0.2179787 1.931983 0.09040331 -0.221864 1.988394 -0.07424098 -0.174861 1.291481 0.4432597 -0.164952 1.299322 0.3982542 0.3644538 1.892171 -0.0955094 0.5585494 1.825468 -0.08001059 0.3472583 1.855863 0.129612 0.5258904 1.771864 0.1588205 0.3702402 1.677515 0.3019054 0.439184 1.61261 0.2451599 0.4579213 1.44554 0.1945093 0.3929343 1.498354 0.346112 0.3838682 1.306583 0.3750873 0.4441645 1.270885 0.1357703 0.4633503 1.044742 0.1225508 0.4084988 1.044988 0.389313 0.487236 0.8510239 0.1215448 0.440253 0.8483961 0.3932552 0.1511952 0.8489654 0.4951367 0.1217784 1.288963 0.4719453 0.1478868 1.502157 0.4336877 0.1607968 1.750049 0.3446124 0.1638198 1.97486 0.1068056 0.1611102 2.028249 -0.1303465 0.4953618 1.730597 0.1136193 0.434303 1.620205 0.1744655 0.3764653 1.511638 0.06085354 0.4675632 1.726313 -0.2471137 0.4433823 1.490821 -0.1564798 0.5212631 1.774838 -0.05825406 0.4909582 1.739826 -0.3111744 0.3218389 1.794241 -0.2860446 0.4771671 1.446284 -0.2445149 0.2964132 1.564379 -0.3399434 0.453018 1.257833 -0.1442919 0.319515 1.270144 -0.2239841 0.3334429 1.065386 -0.1983819 0.4365785 1.044511 -0.09362822 0.3321426 0.8395491 -0.2469389 0.4552469 0.8511114 -0.1076466 0.3588359 0.6623017 -0.3092625 0.4647923 0.675003 -0.1288331 0.1851178 0.6535422 -0.3791575 0.2067821 0.8347313 -0.3317258 0.2033627 1.072156 -0.2967668 0.1825044 1.286743 -0.2831342 0.1599833 1.585372 -0.3145132 0.1344001 1.840271 -0.2736447 0.07055532 2.022687 -0.1649461 0.518414 0.6783753 0.08766537 0.478725 0.6760102 0.3858373 0.2085767 0.6634843 0.4948974 -0.4769387 0.6730319 0.09249973 -0.4246223 0.6712801 0.4072669 -0.1159281 0.6616009 0.5046 0.1337954 1.988656 -0.08804076 0.1454432 1.931764 0.07791292 0.1566104 1.739363 0.3003039 0.1526617 1.495062 0.390079 0.119253 1.297767 0.4255471 0.1684273 0.8449361 0.4379227 -0.1617647 0.8515055 0.4201479 -0.1988102 1.480696 0.36204 -0.2175258 1.725917 0.2799194 0.05762904 1.996846 -0.1072371 -0.0460419 1.997372 -0.122858 -0.1480012 1.996671 -0.09904336 0.07335704 -0.1526766 0.3930511 0.2820868 -0.1578007 0.4917164 0.5171537 -0.1633196 0.3808057 0.5530596 -0.1652465 0.08886092 0.4155469 -0.1635823 -0.2081006 0.1299397 -0.156487 -0.3238218 0.02083092 -0.1526327 0.09145081 -0.1517631 0.8554912 0.4780893 -0.2521596 1.969692 0.0953626 -0.2272151 1.736778 0.3237178 -0.200003 1.489281 0.4045019 -0.4186909 1.869002 0.05376249 -0.4667554 1.695926 0.233359 -0.469728 1.474389 0.2943904 -0.4459956 1.273738 0.2982426 -0.3998432 1.066493 0.3242822 -0.4221568 0.8670537 0.3381617 -0.4518738 0.8711705 0.1199043 -0.4357457 1.063165 0.1229209 -0.476012 1.261488 0.1234275 -0.495621 1.430056 0.1361871 -0.5404873 1.652529 0.1661592 -0.599421 1.797132 0.05008 0.2975018 0.5734129 -0.276145 0.2937012 0.2040555 -0.2837276 0.2590554 -0.1596947 -0.3143055 -0.281229 0.5594009 -0.2635834 -0.2812412 0.1916277 -0.2787471 -0.2820902 -0.1606426 -0.2952785 0.1481935 -0.09081602 -0.02065294 0.05030584 -0.1546178 -0.1224128 0.064112 0.2000332 -0.08517473 0.07951056 0.4548559 -0.07978975 -0.1130141 -0.09482192 -0.008835136 -0.03441107 -0.1598825 -0.1133513 -0.02543306 0.1926634 -0.07730704 -0.04084008 0.4425477 -0.07349514 -0.1633121 1.094505 0.4610953 -0.1633584 1.096432 0.4097161 0.1355786 1.104863 0.4828992 0.1438402 1.09237 0.4317675 0.06123012 0.4664446 -0.07632195 0.01481455 0.4804892 -0.08295422 -0.02585655 0.4682997 -0.0777117 0.5073109 1.779819 0.02882677 0.5419512 1.824189 0.04103034 0.3557382 1.899571 0.01853239 0.1624836 2.026992 -0.01027458 0.1396992 1.985623 -0.00407046 -0.5635505 1.804339 -0.07717347 -0.6008415 1.850918 -0.07144892 -0.4072289 1.915108 -0.05857062 -0.2476888 2.021999 -0.02311426 -0.219909 1.985813 0.00820738 0.4122152 1.559929 0.1358464 0.45013 1.530316 0.2360024 0.3813367 1.592875 0.3370159 0.1547676 1.634279 0.4007046 0.1547662 1.62527 0.3567336 -0.4881377 1.597288 0.05076909 -0.5266271 1.537002 0.1685871 -0.4756167 1.583601 0.2819142 -0.2145493 1.61236 0.3797011 -0.2094845 1.602643 0.3367431 -0.3161962 1.968822 -0.1565078 -0.3241158 1.970794 -0.03998619 -0.3319356 1.921457 0.07998907 -0.3443775 1.71842 0.301296 -0.3376291 1.603529 0.353056 -0.3246303 1.489667 0.3717179 -0.296571 1.289665 0.3919661 -0.2766211 1.081086 0.4148607 -0.2812939 0.8610301 0.4302735 -0.2638066 0.6662377 0.4770746 -0.2553482 0.6545528 0.4294026 -0.3085339 0.5345907 0.4393516 -0.3258471 0.191931 0.4517283 -0.3522153 -0.1614041 0.4653854 -0.2659531 -0.09501409 0.3175681 0.2628553 1.960161 -0.1129105 0.2591805 1.963236 0.004152357 0.2556052 1.915318 0.1227341 0.263361 1.718098 0.3421874 0.2639761 1.621647 0.387732 0.2647748 1.511385 0.4087634 0.2516372 1.30027 0.4423783 0.2721372 1.074904 0.454833 0.2958281 0.8486805 0.463078 0.3437481 0.6697518 0.4594045 0.3333983 0.6579077 0.4120555 0.3795731 0.5360142 0.4206421 0.3949978 0.1945667 0.4361427 0.3997049 -0.160562 0.4552975 -0.5362053 1.724387 0.05461096 -0.5613985 1.741269 0.108609 -0.4317095 1.796174 0.1418949 -0.33003 1.832474 0.1899154 -0.2384679 1.865852 0.2118031 -0.2162346 1.841493 0.187306 0.1508949 1.849807 0.1897337 0.162344 1.87708 0.2261652 0.2593915 1.831008 0.2330921 0.356333 1.784938 0.2168814 0.480722 1.711607 0.2039735 0.4635096 1.69265 0.1463727 0.4597864 1.598483 -0.2332852 0.4856801 1.587986 -0.2978575 0.3074017 1.680985 -0.33372 0.1473454 1.71129 -0.3146987 -0.009173452 1.718698 -0.3448145 -0.1646366 1.701605 -0.3332136 -0.3153546 1.680781 -0.3317585 -0.4888268 1.579191 -0.2925699 -0.5025349 1.632509 -0.2390695 0.4916873 1.773694 -0.1633486 0.5225778 1.803468 -0.2070676 0.34233 1.862077 -0.2015022 -0.5390377 1.791222 -0.2166319 -0.5658278 1.824397 -0.2644346 -0.37269 1.882267 -0.247797 0.105594 1.943322 -0.2317452 -0.03238016 1.947268 -0.254961 -0.1698313 1.938167 -0.2411773 0.2905989 1.801912 -0.2840257 0.2763901 1.884706 -0.2100012 -0.3211162 1.813621 -0.3091586 -0.3193827 1.896956 -0.2459557 -0.2073675 0.3041563 0.46768 -0.0204696 0.2411788 0.4342077 -2.12749e-4 0.2445881 0.1481284 -0.03098583 0.2827227 -0.07593321 -0.1148365 0.320538 -0.2981191 -0.2812369 0.3241749 -0.2732821 -0.4009428 0.3271625 -0.1749207 -0.4934015 0.3273716 0.09390956 -0.4416664 0.3276837 0.3852365 -0.3196073 0.3154271 0.447262 0.2882917 0.3051507 0.4548869 0.03040057 0.2433097 0.4222496 0.007325947 0.2431917 0.1403962 0.06950467 0.2892725 -0.0832889 0.16667 0.3326695 -0.2939475 0.295032 0.333405 -0.2810721 0.4106019 0.3342962 -0.1707962 0.5360875 0.3215964 0.09083837 0.4907551 0.3231204 0.3684511 0.3895962 0.314142 0.4307144 0.2837801 0.03074836 0.4766035 0.3972137 0.02739572 0.4451594 0.5104837 0.02404785 0.3756351 0.5545087 0.02207469 0.09022068 0.4128482 0.02931976 -0.1940477 0.2773921 0.03282642 -0.2981217 0.1387454 0.03571939 -0.3058798 0.05761307 0.03308725 -0.102704 0.0150718 0.03029203 0.1130359 0.05159431 0.03256654 0.4031389 -0.2204465 0.0308299 0.4815874 -0.02071839 0.03289031 0.4093986 -0.00847721 0.0314064 0.1209304 -0.02954649 0.03113603 -0.09382152 -0.1057229 0.03086805 -0.3067756 -0.28163 0.0302267 -0.2863214 -0.4117439 0.02970027 -0.1915606 -0.5209203 0.02900123 0.0935266 -0.4656882 0.02918577 0.3924973 -0.3379283 0.03004217 0.4579854</float_array>
          <technique_common>
            <accessor source="#MeshShape_007-mesh-positions-array" count="338" stride="3">
              <param name="X" type="float"/>
              <param name="Y" type="float"/>
              <param name="Z" type="float"/>
            </accessor>
          </technique_common>
        </source>
        <source id="MeshShape_007-mesh-normals">
          <float_array id="MeshShape_007-mesh-normals-array" count="1020">0.05771231 -0.7366484 0.6738089 -0.0167551 -0.9334339 -0.358358 -0.2606983 -0.9359744 -0.2366183 -0.6303149 -0.7733588 -0.06796646 0.2610331 -0.933591 -0.2454987 -0.5715974 -0.7117424 0.4082882 -0.2377163 -0.7537096 -0.6127095 -0.0993995 -0.9563963 0.2746381 -0.5329874 -0.7473543 -0.3967191 0.554646 -0.8278185 -0.0841704 0.3491778 -0.6742449 -0.6507447 0.4680484 -0.8797577 -0.08341002 -0.6786031 -0.6976778 -0.2296599 0.5969507 -0.6994333 0.3929925 0.07056117 -0.2680532 0.9608167 -0.5975768 -0.3097755 0.7395547 0.1411524 0.06497585 0.9878533 -0.7219015 -0.1529928 0.6748715 0.01648032 0.05398845 0.9984056 0.0710169 0.05737507 0.9958238 0.3837527 0.0628702 0.9212933 0.8276289 0.09940212 0.5524037 0.3755706 0.06174051 0.9247351 0.8281369 0.07086545 0.5560283 0.980354 0.1346793 -0.1441096 -0.01028496 -0.6217398 -0.7831565 -0.3130986 0.1131354 -0.9429579 0.04046756 0.1436507 -0.9888008 0.08691895 0.09763127 -0.9914198 -0.2883108 0.05258381 -0.956092 0.09741675 0.009796559 -0.9951956 -0.1619973 -0.01147526 -0.9867245 0.07300239 -0.006042838 -0.9973135 -0.7878618 -0.2892947 -0.543675 -0.3987612 -0.1325745 -0.9074214 -0.8552424 -0.2835548 -0.4337708 -0.6184375 -0.0549342 -0.7839116 -0.8741278 -0.1405099 -0.4649278 -0.8869267 0.143411 -0.4390838 -0.557494 -0.5347878 -0.6349822 -0.7980691 -0.5239178 -0.2976508 -0.2455265 -0.6255815 -0.7405166 -0.6173381 0.1418217 -0.773809 -0.1727058 -0.1625126 -0.9714743 -0.1359627 -0.0321061 -0.9901936 -0.1069401 0.06518954 0.9921261 0.6481935 -0.2140299 0.730778 -0.02703994 0.02740621 0.9992586 -0.3142224 0.0504477 0.9480081 -0.9898481 0.1301018 -0.05722278 -0.8013432 0.09616601 0.5904248 -0.8038184 0.1788433 0.5673545 -0.8048713 -0.592064 -0.04052889 -0.2305135 -0.5697373 0.7888365 -0.3068718 0.1181403 0.9443901 0.01034593 -0.2011211 0.9795119 -0.2055474 0.05755937 0.976953 0.01965403 0.02972519 0.9993649 0.1924531 0.0318008 0.9807907 -0.008728563 -0.3458166 0.9382615 0.6142596 -0.6802726 0.3998929 0.3597269 0.1193291 0.9253957 0.8259488 0.1761279 0.5355254 0.9871199 0.1213757 -0.1042238 0.8704417 0.1707861 0.4616963 0.3888137 0.6584809 0.6443811 0.8434339 -0.05365306 0.5345472 0.9861543 0.05075275 0.1578738 0.7201298 0.08823084 0.6882067 0.9930859 0.07156687 0.0930522 0.7531877 0.06476211 0.6546101 0.9934923 -0.0300309 0.1098692 0.3148631 0.1590948 0.9357084 0.6436902 0.2389079 0.7270393 0.2935941 0.2985078 0.9081276 0.3510299 0.6983671 0.623748 0.3857288 0.794469 0.469076 0.4304769 0.7747973 0.4630106 0.6442922 0.009430408 -0.7647213 0.8937048 0.1277549 -0.4300819 0.6635151 0.2151594 -0.7165573 0.8865155 -0.2077427 -0.4134407 0.917988 0.01657193 -0.3962617 0.8575997 -0.1886109 -0.4784857 0.4313591 -0.1983141 -0.8801142 0.05392688 -0.1166128 -0.9917123 0.3049505 -0.05350059 -0.9508644 0.03998011 -0.03033602 -0.9987399 0.4412721 0.09717202 -0.8920966 0.5955274 -0.4775999 -0.6459456 0.3732196 0.1894633 -0.908191 0.209878 -0.6040288 -0.7688305 0.7282747 -0.5052724 0.4629426 0.988081 0.1525336 0.02072232 0.7812057 0.1448146 0.607245 0.8651854 -0.4999331 -0.03900337 0.9937583 0.1068163 0.03216695 -0.5291706 -0.7395389 0.4160059 0.4437784 -0.8945763 -0.05285906 0.1399599 -0.955671 -0.259045 -0.06345003 -0.7093652 0.7019795 -0.2391186 -0.9453654 -0.2216005 0.2466534 -0.7895231 0.5619745 0.6185656 -0.7790971 -0.101904 0.5795564 -0.7216224 0.3786496 -0.344681 -0.9119367 0.2226357 0.4961159 -0.7601658 -0.4195439 0.06399911 -0.9619708 0.2655491 -0.4118006 -0.6476253 -0.6410941 0.183026 -0.7540174 -0.6308403 -0.5845029 -0.8008533 -0.1303473 0.7666153 0.629614 -0.1260449 0.8157008 -0.5743293 -0.06912457 0.9137864 0.3600699 0.1880005 0.9105954 0.06161785 -0.4086799 0.3423647 -0.5621032 0.7528789 0.3053785 -0.5733096 0.7603027 0.8068676 -0.5875259 -0.06146574 0.7117938 -0.6501456 -0.2658202 -0.002716183 -0.9627193 -0.2704892 0.01898282 -0.8543186 -0.519403 -0.5669909 -0.6783564 0.4672837 -0.8547267 -0.5175482 -0.03982782 -0.2884049 -0.5302072 0.7973098 -0.3459615 0.7964501 0.4959616 -0.8701363 0.4622151 0.1709387 -0.9413763 0.2482462 0.228439 -0.9664679 0.1829294 0.1802132 -0.9906555 0.08014357 -0.1103577 -0.6265653 0.2768729 0.728531 -0.9994255 0.03375363 0.003082334 -0.00100708 0.08490419 0.9963887 -0.2075909 0.07059067 0.9756655 -0.7566555 -0.09662288 0.6466348 -0.7626792 -0.1459131 0.6301031 0.4009931 0.0561555 0.9143583 0.988093 0.001800596 -0.1538478 0.9866111 0.06708025 -0.1486569 -0.9520456 0.05627733 -0.300736 -0.9990442 -0.02728408 -0.03415089 -0.9964039 -0.03753793 -0.07596093 -0.9917423 0.09811824 -0.08258414 -0.7999368 0.06689792 0.5963437 -0.7926387 0.08636868 0.6035432 -0.3121837 0.0591467 0.9481789 0.08832144 0.03177005 0.9955853 0.04739558 0.02331632 0.9986041 0.7958827 -0.03231996 0.6045877 0.777348 -0.119207 0.6176729 0.7169589 0.5682995 0.4037395 0.2822145 0.6713697 0.6852867 0.8407796 0.3687052 0.3964168 0.9872597 0.1328798 0.08752852 0.479394 0.511439 0.7131702 0.5407459 0.2995802 0.7860317 -0.5327754 0.7258099 0.4351441 -0.4356629 0.6655342 0.6060216 -0.3514564 0.2395433 0.90504 -0.9917187 -0.1243044 -0.0322892 -0.8269742 -0.09601283 0.5539814 -0.7697654 -0.05859762 0.6356317 -0.6998053 0.147011 0.6990424 -0.9711396 -0.01159715 0.2382299 -0.9853814 -0.1676738 0.03015321 -0.9294737 0.1635544 0.3306491 -0.4374719 0.6879791 0.5790536 -0.4431061 0.786537 0.4301355 -0.8175784 -0.5438823 -0.1890968 -0.7816951 -0.6052315 -0.1504915 -0.8951991 -0.1886413 -0.4037735 -0.8987234 -0.3446511 -0.2711308 -0.9879724 0.03668421 -0.1502162 0.3271943 -0.9192938 0.2187297 0.4460657 -0.8915514 0.07849484 0.4499799 -0.8856155 0.114906 -0.5555327 -0.8314527 -0.008362114 -0.5593215 0.07712149 -0.8253556 -0.9598183 0.05850464 -0.2744562 -0.5358586 -0.8347955 0.1263806 -0.7278911 -0.638774 -0.2492836 -0.9879956 0.1374886 -0.07043808 -0.8496722 0.1536008 -0.5044443 -0.8235989 0.07562726 -0.5621079 -0.4824865 0.08377665 -0.8718878 -0.4080389 0.03222805 -0.9123956 -0.03921759 -0.8354726 -0.5481311 -0.4585842 -0.6794224 -0.5727877 -0.3654043 0.03738576 -0.9300978 0.5248113 0.02288949 -0.8509109 -0.3661665 0.04815888 -0.9293023 -0.9946844 0.04007178 -0.09485387 -0.8001807 0.06189274 -0.5965571 -0.793613 0.04083424 -0.6070511 0.7939894 0.04815936 -0.6060212 0.761295 -0.5550479 -0.3351895 0.4546194 -0.7632637 -0.4590752 0.7795169 0.04425257 -0.624816 0.380697 0.02996987 -0.9242141 0.3401992 0.05652183 -0.9386533 0.4215571 0.006805658 -0.9067764 0.8198165 0.04892283 -0.5705327 0.8707099 0.02969503 -0.4908997 0.5103668 -0.0748322 -0.8566948 0.9614705 0.1264097 0.2441214 0.6624213 -0.4175345 0.6219832 0.5614673 0.08627861 0.8229889 0.9993782 0.03125154 0.01632767 0.9707165 0.1081286 0.2145177 0.5718389 0.210308 0.7929508 0.4596558 0.1383453 0.8772555 -0.4555218 0.0482195 0.8889177 -0.3690372 0.07239133 0.9265911 -0.4342936 0.1509803 0.8880282 -0.4896152 0.05942034 0.8699116 -0.992437 0.1128886 -0.0482195 -0.8292347 0.01034593 0.5588048 -0.9968644 -0.0770598 -0.0179755 -0.9872594 -0.157478 0.0227977 0.633614 0.1981322 0.7478483 -0.8504853 0.1592504 0.5013124 0.7783834 0.1162158 0.6169387 0.3265829 0.07394731 0.9422714 0.3328416 0.07583999 0.9399281 -0.9984239 0.03177011 0.04626655 -0.6455381 0.2236128 0.730259 -0.9358001 -0.1911396 0.2962161 0.1098694 0.06732553 0.9916632 -0.4817467 -0.5706799 0.6650149 -0.9870368 -0.07898247 -0.1397147 -0.6280624 0.07193464 0.774831 -0.7330761 -0.1258315 0.6684055 0.3243281 0.1078245 0.9397793 -0.01837277 -0.7759924 -0.6304748 0.2541305 -0.6972337 -0.6702856 0.1580281 -0.1642234 -0.9736826 0.5104957 0.0694313 -0.8570726 0.9994239 -0.0278635 -0.01937931 0.9989261 -0.02945107 -0.03576856 0.5764138 0.04699933 -0.8158054 0.9773189 -0.01016288 -0.2115291 0.9784592 0.02490323 -0.2049329 0.8931954 -0.255748 -0.369858 0.9700802 0.06497514 -0.2339289 0.5098274 -0.7207778 -0.4696333 -0.9415785 0.06561625 -0.3303399 -0.5030131 0.05404901 -0.8625871 -0.1206123 -0.2650603 -0.9566587 -0.2096381 -0.6998416 -0.6828423 0.004486262 -0.8559402 -0.5170555 -0.3599457 -0.7717438 -0.5242621 0.07721436 -0.64915 -0.7567313 0.9994097 -0.02301138 -0.02551394 0.9623296 -0.2682113 0.044546 -0.9108701 -0.4071736 0.067272 -0.9954536 -0.0328074 -0.0894193 -0.7906732 -0.3531432 -0.5001259 0.7906842 -0.6120264 -0.01556462 0.9526156 0.2799494 -0.1189625 -0.9215128 0.3801106 0.0795623 0.664952 0.6980043 0.2657611 0.07205498 0.8416796 0.5351482 0.9590215 -0.2117086 -0.1883007 0.9272379 0.02661281 0.3735259 0.5497404 0.4211329 0.7214103 0.3198394 0.529444 0.7857428 -0.5565782 0.4931288 0.6686141 -0.9931936 0.07712256 0.08728551 0.9907514 0.1356893 3.66233e-4 -0.3664795 0.5309497 0.7640585 -0.672156 -0.4915736 0.5536803 -0.3293358 0.06119155 0.942228 -0.2295631 -0.7842748 0.57638 -0.4757586 0.6506927 0.5918218 -0.6762483 -0.006409049 0.7366461 -0.03900361 0.05801713 0.9975534 -0.9234109 0.05316394 0.3801131 -0.5719863 0.4865637 0.6603692 0.961521 0.199873 0.1884892 0.04284882 0.2053936 -0.977741 0.7225799 -0.6912059 -0.01062077 0.8968308 0.2574276 -0.3597577 -0.7852959 -0.6073675 -0.1200635 -0.7818889 -0.6104044 -0.1267136 -0.782917 -0.6198818 -0.05279874 -0.8959789 0.3381208 -0.2879169 -0.7915163 0.2200437 -0.5701603 0.446865 0.8775851 0.1736553 0.523366 0.8345046 0.1723088 0.4304999 0.8842858 -0.1808551 0.5302138 0.7947867 -0.2952753 -0.5992715 0.7548879 0.2664921 -0.2084486 0.9584671 0.1946538 0.1635526 0.9607153 -0.2242249 0.9326817 0.03863662 0.3586251 0.9460692 0.1449058 0.2897507 0.8534668 -0.1321477 -0.5041146 0.01187181 0.1662974 -0.9860042 0.07840341 0.1863188 -0.9793561 0.7274245 0.2437871 -0.6414215 0.2910035 0.8203339 -0.4923102 0.08764976 0.5482689 -0.8316963 0.1511316 0.4067307 -0.9009603 0.8980702 -0.3598873 0.2528855 0.06198364 0.9762958 -0.2073751 -0.006470024 0.9411789 0.3378466 -0.02990871 0.9147494 0.4029133 0.1008033 0.5986856 -0.7946158 0.3222241 0.7167792 -0.6183845 0.2358219 0.5615839 -0.7931026 0.01861661 0.5364941 -0.8436987 0.02090537 0.3732451 -0.9274973 -0.03256422 -0.03875964 -0.9987178 -0.6828478 0.03225928 -0.7298481 0.004577934 0.4349963 -0.9004207 0.0799908 0.9372444 0.3393734 -0.2093594 0.9472446 -0.242686 0.5963081 0.7782006 0.1970298 0.1148134 0.9788135 0.1695345 -0.571782 0.8103831 0.127846 -0.4669452 0.8012536 -0.3741055 -0.9875888 -0.1522278 -0.03866732 -0.658558 -0.2881382 -0.6951819 -0.4594399 0.8812189 0.1112129 -0.06308275 0.142951 -0.9877175 -0.9104183 -0.3804829 0.1623926 -0.05002033 0.9591462 -0.2784539 -0.02798622 0.3977283 -0.9170763 0.05197453 0.439968 -0.8965082 -0.1864423 0.7786693 -0.5990938 -0.1706032 0.6923319 -0.7011215 -0.3720234 0.8841279 -0.2826951 -0.9383403 -0.2915795 0.1857392 -0.145851 0.5549297 -0.8190119 0.7424995 -0.1664512 0.6488363 0.8360485 0.04181152 0.5470603 -0.5334427 0.1001635 -0.8398846 -0.4403893 -0.8912162 0.1085866 0.7924606 -0.6088878 -0.03552424 0.8372009 -0.5421725 -0.07171994 -0.006256341 0.9526427 -0.3040277</float_array>
          <technique_common>
            <accessor source="#MeshShape_007-mesh-normals-array" count="340" stride="3">
              <param name="X" type="float"/>
              <param name="Y" type="float"/>
              <param name="Z" type="float"/>
            </accessor>
          </technique_common>
        </source>
        <source id="MeshShape_007-mesh-map-0">
          <float_array id="MeshShape_007-mesh-map-0-array" count="3714">0.6688011 0.8847243 0.6689751 0.8857804 0.6693718 0.8856923 0.6677153 0.8866758 0.6685436 0.8858764 0.6676984 0.8856022 0.6696764 0.8885924 0.6699371 0.8878884 0.6688827 0.8885527 0.6706299 0.8875085 0.6699371 0.8878884 0.6706424 0.8886406 0.6706167 0.8863669 0.6693718 0.8856923 0.6700447 0.8863814 0.6693718 0.8856923 0.670215 0.885224 0.6688011 0.8847243 0.8499889 0.7549852 0.8502858 0.7486988 0.8782077 0.7611825 0.8503931 0.7392193 0.880089 0.728112 0.8794303 0.7396933 0.8891224 0.728112 0.8981425 0.7403058 0.888793 0.7399999 0.8981425 0.728112 0.9174832 0.7405313 0.8981425 0.7403058 0.7730881 0.6691556 0.8056636 0.7026553 0.772791 0.7026553 0.8056636 0.7026553 0.7730881 0.7246034 0.772791 0.7026553 0.8053336 0.7246034 0.772824 0.772559 0.7730881 0.7246034 0.8056636 0.7755295 0.772824 0.8164881 0.772824 0.772559 0.8374471 0.8033523 0.8233211 0.7793249 0.8374471 0.7797871 0.8374471 0.7797871 0.8233871 0.7246034 0.8375461 0.7246034 0.8233871 0.7246034 0.8374471 0.7027213 0.8375461 0.7246034 0.8374471 0.7027213 0.8233871 0.6691556 0.8375461 0.6691556 0.8053336 0.6691556 0.8233211 0.7026883 0.8056636 0.7026553 0.8233211 0.7026883 0.8053336 0.7246034 0.8056636 0.7026553 0.8053336 0.7246034 0.8233211 0.7793249 0.8056636 0.7755295 0.8056636 0.7755295 0.822727 0.8124286 0.8057296 0.8127916 0.8499889 0.7549852 0.8782077 0.7611825 0.8502858 0.7486988 0.8794111 0.7400309 0.8502858 0.7486988 0.8782077 0.7611825 0.8782077 0.7611825 0.8883844 0.7403329 0.8794111 0.7400309 0.9174832 0.7637899 0.8981425 0.7406613 0.8981425 0.7629318 0.8981425 0.7629318 0.9174832 0.7848469 0.9174832 0.7637899 0.8782077 0.7611825 0.8871064 0.7845544 0.8877573 0.7620206 0.8781417 0.7842858 0.8782077 0.7611825 0.8589708 0.7841868 0.8782077 0.7611825 0.8499889 0.7549852 0.8589708 0.7841868 0.8589708 0.7841868 0.8499889 0.7549852 0.8501539 0.7841208 0.8501539 0.7841208 0.8499889 0.7549852 0.8589708 0.7841868 0.8499889 0.7549852 0.8782077 0.7611825 0.8589708 0.7841868 0.8589708 0.7841868 0.8782077 0.7611825 0.8781417 0.7842858 0.8968554 0.7848469 0.8881824 0.7620579 0.8981425 0.7629318 0.9174832 0.7629318 0.8968554 0.7848469 0.8981425 0.7629318 0.6876062 0.8741803 0.7041216 0.8611088 0.6876867 0.8611609 0.6878484 0.8312356 0.7042045 0.8126267 0.6879362 0.8126596 0.6879362 0.8126596 0.7042705 0.7709088 0.6884972 0.7709088 0.7160462 0.8126101 0.7041692 0.8312554 0.7160109 0.8312564 0.7156762 0.8611168 0.7041054 0.8740153 0.7153865 0.8740153 0.8233871 0.7246034 0.8374471 0.7027213 0.8233211 0.7026883 0.8233871 0.7246034 0.8374471 0.7797871 0.8375461 0.7246034 0.8374471 0.8033523 0.8233211 0.7793249 0.822727 0.8124286 0.822727 0.8124286 0.8056636 0.7755295 0.8057296 0.8127916 0.8233211 0.7793249 0.8053336 0.7246034 0.8056636 0.7755295 0.8233211 0.7026883 0.8053336 0.7246034 0.8233871 0.7246034 0.8233871 0.6691556 0.8056636 0.7026553 0.8233211 0.7026883 0.772791 0.7026553 0.8053336 0.6691556 0.7730881 0.6691556 0.7730881 0.7246034 0.8056636 0.7026553 0.772791 0.7026553 0.7730881 0.7246034 0.8056636 0.7755295 0.8053336 0.7246034 0.772824 0.772559 0.8057296 0.8127916 0.8056636 0.7755295 0.7036104 0.6691556 0.6884642 0.7033814 0.7042375 0.7033154 0.6880022 0.6691556 0.6686615 0.7039755 0.6884642 0.7033814 0.6884642 0.7033814 0.6686615 0.7271777 0.6880022 0.7258905 0.6884972 0.7709088 0.6686615 0.7271777 0.6686615 0.7710078 0.6879362 0.8126596 0.6686615 0.7710078 0.6686615 0.8122635 0.6730356 0.8868369 0.6724537 0.885896 0.6733844 0.8859933 0.6730356 0.8868369 0.6733844 0.8859933 0.674401 0.8865085 0.6733844 0.8859933 0.6739109 0.8854966 0.674401 0.8865085 0.6739109 0.8854966 0.6745779 0.8858524 0.674401 0.8865085 0.6739109 0.8854966 0.6741373 0.8843532 0.6747544 0.8851972 0.6741373 0.8843532 0.6724274 0.8845114 0.6721124 0.8836047 0.6716894 0.884646 0.67072 0.8844443 0.6713493 0.8840648 0.6716894 0.884646 0.6713079 0.8853599 0.67072 0.8844443 0.672094 0.8902866 0.6757245 0.8917717 0.6759555 0.8907486 0.6755595 0.8964915 0.6740511 0.8974132 0.6759555 0.8972505 0.6768417 0.8958647 0.6755595 0.8964915 0.6759555 0.8972505 0.6759555 0.8907486 0.6763929 0.8931262 0.6769229 0.8927011 0.6708068 0.8985377 0.6709059 0.8984551 0.6708563 0.8984221 0.6705758 0.8986367 0.6708068 0.8985377 0.6705758 0.8985707 0.6702458 0.8984717 0.6705758 0.8986367 0.6705758 0.8985707 0.6700807 0.8979436 0.6699817 0.8981417 0.6700477 0.8981417 0.6700807 0.8979436 0.6699817 0.8981417 0.6700147 0.8979436 0.6708068 0.8985377 0.6705758 0.8986367 0.6705758 0.8985707 0.6709059 0.8983067 0.6709085 0.8984502 0.6708583 0.8984172 0.7266837 0.8740153 0.7344555 0.8929771 0.7344067 0.8740482 0.7345358 0.8611256 0.7266837 0.8740153 0.7344067 0.8740482 0.7349677 0.8125936 0.7278695 0.8312575 0.7348093 0.8312399 0.737933 0.7490849 0.7684734 0.7543643 0.737933 0.7574648 0.737933 0.7658221 0.7684734 0.7543643 0.7684734 0.7643703 0.8503888 0.699991 0.880089 0.728112 0.8504509 0.728112 0.889557 0.7001389 0.8981425 0.728112 0.8891224 0.728112 0.8981425 0.728112 0.9174832 0.700193 0.9174832 0.728112 0.9667548 0.728112 0.9782017 0.69996 0.9793669 0.728112 0.9793669 0.728112 0.9933259 0.6999756 0.9935589 0.728112 0.9174832 0.728112 0.8981425 0.700938 0.8981425 0.728112 0.8887375 0.728112 0.880936 0.7008319 0.880089 0.728112 0.880089 0.728112 0.8503905 0.7007416 0.8504509 0.728112 0.7344067 0.8740482 0.7272579 0.8608864 0.734538 0.8608864 0.7348199 0.8299913 0.7278388 0.8476115 0.7278721 0.8300079 0.7272579 0.8608864 0.7158676 0.8740153 0.7161746 0.8608785 0.7278388 0.8476115 0.7165185 0.8300079 0.7278721 0.8300079 0.6879362 0.8126596 0.7042705 0.7709088 0.7042045 0.8126267 0.7041715 0.8300081 0.6877711 0.8475125 0.687854 0.829992 0.6876062 0.8741803 0.704122 0.8608699 0.7041054 0.8740153 0.6686615 0.7710078 0.6879362 0.8126596 0.6686615 0.8122635 0.6762651 0.8954082 0.6759555 0.8972505 0.6755595 0.8964915 0.6763483 0.8930355 0.6777707 0.8944121 0.6769786 0.8943131 0.6757245 0.8917717 0.672094 0.8902866 0.6759555 0.8907486 0.6677153 0.8866758 0.6691764 0.8876234 0.668481 0.8865378 0.67206 0.8852523 0.6719316 0.8863322 0.6713079 0.8853599 0.9548775 0.728112 0.9661898 0.7000802 0.9667548 0.728112 0.6706167 0.8863669 0.6699906 0.8871379 0.6706299 0.8875085 0.9355368 0.7848469 0.9174832 0.764219 0.9174832 0.7848469 0.9174832 0.7409706 0.9342496 0.764219 0.9342496 0.741125 0.9342496 0.741125 0.9429724 0.764219 0.9433437 0.741125 0.6700477 0.8981417 0.6700147 0.8983397 0.6699817 0.8981417 0.6702127 0.8985377 0.6700807 0.8983067 0.6702458 0.8984717 0.6705758 0.8986367 0.6702458 0.8984717 0.6705758 0.8985707 0.9435529 0.728112 0.9548775 0.700938 0.9438767 0.700938 0.9174832 0.700938 0.9342496 0.728112 0.9348394 0.700938 0.9348394 0.700938 0.9435529 0.728112 0.9438767 0.700938 0.9342496 0.764219 0.9471543 0.7848469 0.9429724 0.764219 0.9342496 0.728112 0.9174832 0.7405313 0.9174832 0.728112 0.9174832 0.7635754 0.9355368 0.7848469 0.9174832 0.7848469 0.8233211 0.7026883 0.8375461 0.6691556 0.8233871 0.6691556 0.6702127 0.8985377 0.6700807 0.8983067 0.6700147 0.8983397 0.6700147 0.8983397 0.6700477 0.8981417 0.6699817 0.8981417 0.9342496 0.728112 0.9174832 0.700193 0.9348555 0.700193 0.945552 0.728112 0.9348555 0.700193 0.9458259 0.700193 0.9342496 0.728112 0.9453051 0.7407567 0.9342496 0.7407567 0.9458259 0.700193 0.9548775 0.728112 0.945552 0.728112 0.9471543 0.7848469 0.9342496 0.764219 0.9448466 0.764219 0.737933 0.7780243 0.7684734 0.7643703 0.7684734 0.7782418 0.7353308 0.7033154 0.7279708 0.6691556 0.7350007 0.6691556 0.7279708 0.7146029 0.7353308 0.7033154 0.7351658 0.7146029 0.7353308 0.7709088 0.7279048 0.8125936 0.7279708 0.7709088 0.7166172 0.7709088 0.7279048 0.8125936 0.7165511 0.8126095 0.7166014 0.7033154 0.7279708 0.7371536 0.7169176 0.7317581 0.6884642 0.7033814 0.7048976 0.7258905 0.6880022 0.7258905 0.6880022 0.7258905 0.7042705 0.7709088 0.6884972 0.7709088 0.716301 0.6691556 0.7279708 0.7033154 0.7166014 0.7033154 0.6880022 0.6691556 0.7042375 0.7033154 0.6884642 0.7033814 0.6686615 0.7039755 0.6880022 0.7258905 0.6686615 0.7271777 0.6880022 0.7258905 0.6686615 0.7710078 0.6686615 0.7271777 0.6880022 0.6691556 0.6686615 0.7039755 0.6686615 0.6691556 0.7351658 0.7146029 0.7279708 0.7258905 0.7279708 0.7146029 0.7169176 0.7317581 0.7279708 0.770992 0.7166172 0.7709521 0.6884972 0.7709088 0.7048976 0.7258905 0.6880022 0.7258905 0.7042375 0.7033154 0.6880022 0.7258905 0.7048976 0.7258905 0.7160957 0.7033154 0.7048976 0.7258905 0.7164258 0.7265694 0.7160462 0.8126101 0.7042705 0.7709088 0.7042045 0.8126267 0.7042375 0.7033154 0.7157818 0.6691556 0.7036104 0.6691556 0.7353308 0.7709088 0.7279048 0.8125936 0.7349677 0.8125936 0.737933 0.7490849 0.7684734 0.7305135 0.7684734 0.7443982 0.7279708 0.6691556 0.7353308 0.7033154 0.7350007 0.6691556 0.7351658 0.7146029 0.7279708 0.7483997 0.7350007 0.7258905 0.7279708 0.7033154 0.7351658 0.7146029 0.7353308 0.7033154 0.7164258 0.7265694 0.7042705 0.7709088 0.7161123 0.7596625 0.9561645 0.7848469 0.9759014 0.7742194 0.9510159 0.7848469 0.9510159 0.7848469 0.9759014 0.7742194 0.9561645 0.7848469 0.9708517 0.7698298 0.9535903 0.764219 0.9510159 0.7848469 0.9471543 0.7848469 0.9535903 0.764219 0.9429724 0.764219 0.9433437 0.741125 0.9535903 0.764219 0.9544134 0.741125 0.9759014 0.7742194 0.9708517 0.7698298 0.9510159 0.7848469 0.9793669 0.728112 0.993332 0.7007264 0.9782329 0.7007112 0.9548775 0.728112 0.9665059 0.700825 0.9548775 0.700938 0.9670707 0.728112 0.9782329 0.7007112 0.9665059 0.700825 0.9544134 0.741125 0.965192 0.7583524 0.9663936 0.7390108 0.965192 0.7583524 0.9708517 0.7698298 0.9734752 0.762275 0.9548775 0.728112 0.9661023 0.7387556 0.9544266 0.7407567 0.945552 0.728112 0.9544266 0.7407567 0.9453051 0.7407567 0.9448466 0.764219 0.9510159 0.7848469 0.9471543 0.7848469 0.9535903 0.764219 0.9708517 0.7698298 0.9510159 0.7848469 0.9708517 0.7698298 0.9759014 0.7742194 0.9510159 0.7848469 0.976342 0.7645253 0.97637 0.7601323 0.9768915 0.7524363 0.9663936 0.7390108 0.9768915 0.7524363 0.9784748 0.7368787 0.965192 0.7583524 0.9734752 0.762275 0.9768915 0.7524363 0.976342 0.7645253 0.9759344 0.7665623 0.9759014 0.7742194 0.9933609 0.7601264 0.9786738 0.7621397 0.987519 0.7742854 0.987519 0.7742854 0.9786738 0.7621397 0.9933609 0.7601264 0.9768915 0.7524363 0.9935473 0.7392424 0.9935258 0.7598953 0.9784748 0.7368787 0.9935589 0.728112 0.9793669 0.728112 0.9667548 0.728112 0.9785002 0.7366304 0.9661023 0.7387556 0.9759344 0.7665623 0.976342 0.7645253 0.9759014 0.7742194 0.9763502 0.7604264 0.976342 0.7645253 0.9768915 0.7524363 0.9736009 0.7619123 0.9648914 0.7585046 0.9768915 0.7524363 0.9708517 0.7698298 0.9648914 0.7585046 0.9736009 0.7619123 0.6740511 0.8974132 0.672457 0.8967885 0.672094 0.8975805 0.674037 0.8974145 0.6755595 0.8964915 0.6759555 0.8972505 0.7344558 0.8931189 0.7266837 0.8740153 0.7344067 0.8740482 0.6769229 0.8927011 0.6769786 0.8943131 0.6777707 0.8944121 0.7041692 0.8312554 0.6877711 0.8475125 0.7041385 0.8475785 0.7160109 0.8312564 0.7041385 0.8475785 0.7159802 0.847595 0.7348093 0.8312399 0.7278388 0.8476115 0.7346707 0.8475785 0.6763483 0.8930355 0.6759555 0.8907486 0.6768582 0.8925704 0.7042045 0.8126267 0.687854 0.829992 0.6879362 0.8126596 0.7278721 0.8300079 0.7165511 0.8126095 0.7279048 0.8125936 0.7348199 0.8299913 0.7279048 0.8125936 0.7349677 0.8125936 0.7161746 0.8608785 0.7041054 0.8740153 0.704122 0.8608699 0.7164852 0.8475957 0.7041715 0.8300081 0.7165185 0.8300079 0.7165185 0.8300079 0.7042045 0.8126267 0.7165511 0.8126095 0.7042705 0.7709088 0.7165511 0.8126095 0.7042045 0.8126267 0.7048976 0.7258905 0.7166172 0.7709521 0.7042705 0.7709088 0.7048976 0.7258905 0.7166014 0.7033154 0.7169176 0.7317581 0.7036104 0.6691556 0.7166014 0.7033154 0.7042375 0.7033154 0.6708068 0.8985377 0.6709085 0.8984502 0.6708398 0.8985707 0.8877573 0.7620206 0.8968554 0.7848469 0.8981425 0.7629318 0.8877573 0.7620206 0.8981425 0.7406613 0.8883844 0.7403329 0.8891785 0.7008828 0.8981425 0.728112 0.8981425 0.700938 0.668273 0.8851447 0.6685436 0.8858764 0.6689751 0.8857804 0.7272477 0.8611246 0.7153865 0.8740153 0.7266837 0.8740153 0.7278695 0.8312575 0.7159802 0.847595 0.7278388 0.8476115 0.7160462 0.8126101 0.7278695 0.8312575 0.7279048 0.8125936 0.7279048 0.8125936 0.7161123 0.7596625 0.7160462 0.8126101 0.7279708 0.7272494 0.7161123 0.7596625 0.7279708 0.7483997 0.7279708 0.7033154 0.7164258 0.7265694 0.7279708 0.7272494 0.7160957 0.7033154 0.7279708 0.6691556 0.7157818 0.6691556 0.6709059 0.8984551 0.6709059 0.8983067 0.6708563 0.8984221 0.8875051 0.7845666 0.8782077 0.7611825 0.8881824 0.7620579 0.8794303 0.7396933 0.8891224 0.728112 0.888793 0.7399999 0.880959 0.7000844 0.8891224 0.728112 0.880089 0.728112 0.6769786 0.8943131 0.6768582 0.8958392 0.6762651 0.8954082 0.6876883 0.86092 0.7041385 0.8475785 0.704122 0.8608699 0.7164852 0.8475957 0.704122 0.8608699 0.7041385 0.8475785 0.7278388 0.8476115 0.7161746 0.8608785 0.7164852 0.8475957 0.7346707 0.8475785 0.7272579 0.8608864 0.7278388 0.8476115 0.7346707 0.8475785 0.7272477 0.8611246 0.7345358 0.8611256 0.7278388 0.8476115 0.7156762 0.8611168 0.7272477 0.8611246 0.7159802 0.847595 0.7041216 0.8611088 0.7156762 0.8611168 0.6876867 0.8611609 0.7041385 0.8475785 0.6877711 0.8475125 0.6769786 0.8943131 0.6768417 0.8958647 0.6777707 0.8944121 0.8057296 0.8127916 0.772824 0.8385801 0.772824 0.8164881 0.672094 0.8975805 0.6720458 0.8957775 0.6714427 0.8961756 0.674037 0.8974145 0.672457 0.8967885 0.6740181 0.8966389 0.6720745 0.8958481 0.672094 0.8975805 0.6714883 0.8962736 0.6878992 0.8930441 0.7041054 0.8740153 0.6876062 0.8741803 0.7153865 0.8740153 0.7045774 0.8929603 0.7157284 0.8929603 0.6878992 0.8930441 0.7050626 0.9124326 0.7045774 0.8929603 0.7157284 0.8929603 0.7050626 0.9124326 0.7160795 0.9124326 0.7345057 0.9124326 0.7268951 0.8929603 0.7271126 0.9124326 0.7268951 0.8929603 0.7160795 0.9124326 0.7271126 0.9124326 0.7266837 0.8740153 0.7157284 0.8929603 0.7268951 0.8929603 0.672094 0.8902866 0.6721659 0.893021 0.672655 0.8912436 0.822727 0.8124286 0.8374632 0.8285586 0.8374471 0.8033523 0.8057296 0.8127916 0.8227597 0.8357922 0.822727 0.8124286 0.772824 0.8164881 0.8057296 0.8367425 0.8057296 0.8127916 0.8227597 0.8357922 0.8374801 0.8543775 0.8374632 0.8285586 0.8320673 0.8762925 0.8374642 0.8605509 0.8272526 0.8676909 0.819949 0.8599827 0.8057296 0.8367425 0.8057296 0.8612754 0.6714745 0.892553 0.6716649 0.8948411 0.6721659 0.893021 0.8057296 0.8978446 0.8145419 0.901145 0.815334 0.8987357 0.8057296 0.8978446 0.773022 0.901013 0.8057296 0.900947 0.6714427 0.8961756 0.6716649 0.8948411 0.6708398 0.8948742 0.822793 0.8597242 0.8374642 0.8605509 0.8374801 0.8543775 0.8212577 0.8704999 0.8057296 0.8612754 0.8057296 0.8777751 0.772824 0.8385801 0.8057296 0.8612754 0.8057296 0.8367425 0.7728389 0.8779173 0.8057296 0.8978446 0.8057296 0.8777751 0.772824 0.8612095 0.8057296 0.8777751 0.8057296 0.8612754 0.8057296 0.8777751 0.8057296 0.8978446 0.815334 0.8987357 0.8212577 0.8704999 0.8320673 0.8762925 0.8272526 0.8676909 0.819949 0.8599827 0.8272526 0.8676909 0.822793 0.8597242 0.8227597 0.8357922 0.819949 0.8599827 0.822793 0.8597242 0.8227597 0.8357922 0.8374801 0.8543775 0.822793 0.8597242 0.8057296 0.900947 0.815334 0.8987357 0.8145419 0.901145 0.7268968 0.8931021 0.7345057 0.9124326 0.7271126 0.9124326 0.7162066 0.8931021 0.7271126 0.9124326 0.7165496 0.9124326 0.6721659 0.893021 0.6708398 0.8948742 0.6714745 0.892553 0.7041054 0.8740153 0.6879012 0.8931853 0.6876062 0.8741803 0.7266837 0.8740153 0.7162066 0.8931021 0.7158676 0.8740153 0.7158676 0.8740153 0.7045811 0.8931021 0.7041054 0.8740153 0.8057296 0.8367425 0.822727 0.8124286 0.8227597 0.8357922 0.822727 0.8124286 0.8374632 0.8285586 0.8227597 0.8357922 0.672655 0.8912436 0.6714745 0.892553 0.672094 0.8902866 0.773022 0.901013 0.8057296 0.8978446 0.8057296 0.900947 0.772824 0.8612095 0.8057296 0.8367425 0.8057296 0.8612754 0.819949 0.8599827 0.8275889 0.8682923 0.8218448 0.8707841 0.8275889 0.8682923 0.8374801 0.8543775 0.8374628 0.8610167 0.8057296 0.8367425 0.819949 0.8599827 0.8057296 0.8612754 0.7050626 0.9124326 0.6879012 0.8931853 0.7045811 0.8931021 0.6716649 0.8948411 0.6714883 0.8962736 0.6708398 0.8948742 0.7045811 0.8931021 0.7165496 0.9124326 0.7050626 0.9124326 0.8320673 0.8762925 0.8374628 0.8610167 0.8374471 0.8672163 0.8057296 0.8978446 0.7728389 0.8779173 0.8057296 0.8777751 0.8057296 0.8777751 0.772824 0.8612095 0.8057296 0.8612754 0.819949 0.8599827 0.8227597 0.8357922 0.822793 0.8597242 0.8218448 0.8707841 0.8320673 0.8762925 0.8233502 0.8879845 0.815334 0.8987357 0.8057296 0.8978446 0.8057296 0.8777751 0.8218448 0.8707841 0.8057296 0.8612754 0.819949 0.8599827 0.880089 0.728112 0.8503914 0.7395431 0.8794111 0.7400309 0.9768915 0.7524363 0.993547 0.7395669 0.9784748 0.7368787 0.9670707 0.728112 0.9784748 0.7368787 0.9793669 0.728112 0.9548775 0.728112 0.9663936 0.7390108 0.9670707 0.728112 0.9435529 0.728112 0.9544134 0.741125 0.9548775 0.728112 0.9342496 0.728112 0.9433437 0.741125 0.9435529 0.728112 0.9174832 0.7409706 0.9342496 0.728112 0.9174832 0.728112 0.9174832 0.7409706 0.8981425 0.728112 0.8981425 0.7406613 0.8887375 0.728112 0.8981425 0.7406613 0.8981425 0.728112 0.8794111 0.7400309 0.8887375 0.728112 0.880089 0.728112 0.8502858 0.7486988 0.8794303 0.7396933 0.8782077 0.7611825 0.9785002 0.7366304 0.9935589 0.728112 0.9935473 0.7392424 0.9661023 0.7387556 0.9768915 0.7524363 0.9648914 0.7585046 0.9544266 0.7407567 0.9648914 0.7585046 0.9535903 0.764219 0.9453051 0.7407567 0.9535903 0.764219 0.9448466 0.764219 0.9342496 0.7407567 0.9448466 0.764219 0.9342496 0.764219 0.9342496 0.7407567 0.9174832 0.7635754 0.9174832 0.7405313 0.8981425 0.7403058 0.9174832 0.7635754 0.8981425 0.7629318 0.8881824 0.7620579 0.8981425 0.7403058 0.8981425 0.7629318 0.8782077 0.7611825 0.888793 0.7399999 0.8881824 0.7620579 0.8819373 0.6685717 0.889557 0.7001389 0.880959 0.7000844 0.8981425 0.700193 0.8900459 0.6686872 0.8981425 0.6688027 0.8981425 0.700193 0.9174832 0.6688027 0.9174832 0.700193 0.9348555 0.700193 0.9174832 0.6688027 0.9355368 0.6688027 0.9458259 0.700193 0.9355368 0.6688027 0.9461339 0.6688027 0.9461339 0.6688027 0.9548775 0.700193 0.9458259 0.700193 0.9548775 0.700193 0.9655545 0.6685628 0.9661898 0.7000802 0.9661898 0.7000802 0.9768915 0.6683076 0.9782017 0.69996 0.9782017 0.69996 0.9930637 0.6683407 0.9933259 0.6999756 0.880959 0.7000844 0.8503188 0.6683736 0.8819373 0.6685717 0.880936 0.7008319 0.8503188 0.6683736 0.8503905 0.7007416 0.9782329 0.7007112 0.9930637 0.6683407 0.9768915 0.6683076 0.9665059 0.700825 0.9768915 0.6683076 0.9658383 0.6685562 0.9548775 0.700938 0.9658383 0.6685562 0.9548775 0.6688027 0.9438767 0.700938 0.9548775 0.6688027 0.9442595 0.6688027 0.9355368 0.6688027 0.9438767 0.700938 0.9442595 0.6688027 0.9174832 0.6688027 0.9348394 0.700938 0.9355368 0.6688027 0.9174832 0.700938 0.8981425 0.6688027 0.8981425 0.700938 0.8897003 0.6686822 0.8981425 0.700938 0.8981425 0.6688027 0.8891785 0.7008828 0.8819373 0.6685717 0.880936 0.7008319 0.6688011 0.8847243 0.668273 0.8851447 0.6689751 0.8857804 0.6677153 0.8866758 0.668481 0.8865378 0.6685436 0.8858764 0.6691764 0.8876234 0.6688827 0.8885527 0.6699371 0.8878884 0.6696764 0.8885924 0.6706424 0.8886406 0.6699371 0.8878884 0.6706299 0.8875085 0.6699906 0.8871379 0.6699371 0.8878884 0.6706167 0.8863669 0.670215 0.885224 0.6693718 0.8856923 0.8503931 0.7392193 0.8504509 0.728112 0.880089 0.728112 0.8891224 0.728112 0.8981425 0.728112 0.8981425 0.7403058 0.8981425 0.728112 0.9174832 0.728112 0.9174832 0.7405313 0.7730881 0.6691556 0.8053336 0.6691556 0.8056636 0.7026553 0.8056636 0.7026553 0.8053336 0.7246034 0.7730881 0.7246034 0.8053336 0.7246034 0.8056636 0.7755295 0.772824 0.772559 0.8056636 0.7755295 0.8057296 0.8127916 0.772824 0.8164881 0.8374471 0.8033523 0.822727 0.8124286 0.8233211 0.7793249 0.8374471 0.7797871 0.8233211 0.7793249 0.8233871 0.7246034 0.8233871 0.7246034 0.8233211 0.7026883 0.8374471 0.7027213 0.8374471 0.7027213 0.8233211 0.7026883 0.8233871 0.6691556 0.8053336 0.6691556 0.8233871 0.6691556 0.8233211 0.7026883 0.8233211 0.7026883 0.8233871 0.7246034 0.8053336 0.7246034 0.8053336 0.7246034 0.8233871 0.7246034 0.8233211 0.7793249 0.8056636 0.7755295 0.8233211 0.7793249 0.822727 0.8124286 0.8794111 0.7400309 0.8503914 0.7395431 0.8502858 0.7486988 0.8782077 0.7611825 0.8877573 0.7620206 0.8883844 0.7403329 0.9174832 0.7637899 0.9174832 0.7409706 0.8981425 0.7406613 0.8981425 0.7629318 0.8968554 0.7848469 0.9174832 0.7848469 0.8782077 0.7611825 0.8781417 0.7842858 0.8871064 0.7845544 0.8968554 0.7848469 0.8875051 0.7845666 0.8881824 0.7620579 0.9174832 0.7629318 0.9174832 0.7848469 0.8968554 0.7848469 0.6876062 0.8741803 0.7041054 0.8740153 0.7041216 0.8611088 0.6878484 0.8312356 0.7041692 0.8312554 0.7042045 0.8126267 0.6879362 0.8126596 0.7042045 0.8126267 0.7042705 0.7709088 0.7160462 0.8126101 0.7042045 0.8126267 0.7041692 0.8312554 0.7156762 0.8611168 0.7041216 0.8611088 0.7041054 0.8740153 0.8233871 0.7246034 0.8375461 0.7246034 0.8374471 0.7027213 0.8233871 0.7246034 0.8233211 0.7793249 0.8374471 0.7797871 0.8374471 0.8033523 0.8374471 0.7797871 0.8233211 0.7793249 0.822727 0.8124286 0.8233211 0.7793249 0.8056636 0.7755295 0.8233211 0.7793249 0.8233871 0.7246034 0.8053336 0.7246034 0.8233211 0.7026883 0.8056636 0.7026553 0.8053336 0.7246034 0.8233871 0.6691556 0.8053336 0.6691556 0.8056636 0.7026553 0.772791 0.7026553 0.8056636 0.7026553 0.8053336 0.6691556 0.7730881 0.7246034 0.8053336 0.7246034 0.8056636 0.7026553 0.7730881 0.7246034 0.772824 0.772559 0.8056636 0.7755295 0.772824 0.772559 0.772824 0.8164881 0.8057296 0.8127916 0.7036104 0.6691556 0.6880022 0.6691556 0.6884642 0.7033814 0.6880022 0.6691556 0.6686615 0.6691556 0.6686615 0.7039755 0.6884642 0.7033814 0.6686615 0.7039755 0.6686615 0.7271777 0.6884972 0.7709088 0.6880022 0.7258905 0.6686615 0.7271777 0.6879362 0.8126596 0.6884972 0.7709088 0.6686615 0.7710078 0.6730356 0.8868369 0.6719316 0.8863322 0.6724537 0.885896 0.6739109 0.8854966 0.6747544 0.8851972 0.6745779 0.8858524 0.6739109 0.8854966 0.6736 0.8849342 0.6741373 0.8843532 0.6741373 0.8843532 0.6736 0.8849342 0.6724274 0.8845114 0.6713493 0.8840648 0.6721124 0.8836047 0.6716894 0.884646 0.6724274 0.8845114 0.6716894 0.884646 0.6721124 0.8836047 0.6716894 0.884646 0.67206 0.8852523 0.6713079 0.8853599 0.672094 0.8902866 0.672655 0.8912436 0.6757245 0.8917717 0.6755595 0.8964915 0.6740294 0.8966379 0.6740511 0.8974132 0.6768417 0.8958647 0.6762522 0.8954279 0.6755595 0.8964915 0.6759555 0.8907486 0.6757245 0.8917717 0.6763929 0.8931262 0.6708068 0.8985377 0.6708398 0.8985707 0.6709059 0.8984551 0.6705758 0.8986367 0.6708398 0.8985707 0.6708068 0.8985377 0.6702458 0.8984717 0.6702127 0.8985377 0.6705758 0.8986367 0.6700807 0.8979436 0.6700147 0.8979436 0.6699817 0.8981417 0.6700807 0.8979436 0.6700477 0.8981417 0.6699817 0.8981417 0.6708068 0.8985377 0.6708398 0.8985707 0.6705758 0.8986367 0.6709059 0.8983067 0.6709718 0.8983397 0.6709085 0.8984502 0.7266837 0.8740153 0.7268951 0.8929603 0.7344555 0.8929771 0.7345358 0.8611256 0.7272477 0.8611246 0.7266837 0.8740153 0.7349677 0.8125936 0.7279048 0.8125936 0.7278695 0.8312575 0.737933 0.7490849 0.7684734 0.7443982 0.7684734 0.7543643 0.737933 0.7658221 0.737933 0.7574648 0.7684734 0.7543643 0.8503888 0.699991 0.880959 0.7000844 0.880089 0.728112 0.889557 0.7001389 0.8981425 0.700193 0.8981425 0.728112 0.8981425 0.728112 0.8981425 0.700193 0.9174832 0.700193 0.9667548 0.728112 0.9661898 0.7000802 0.9782017 0.69996 0.9793669 0.728112 0.9782017 0.69996 0.9933259 0.6999756 0.9174832 0.728112 0.9174832 0.700938 0.8981425 0.700938 0.8887375 0.728112 0.8891785 0.7008828 0.880936 0.7008319 0.880089 0.728112 0.880936 0.7008319 0.8503905 0.7007416 0.7344067 0.8740482 0.7266837 0.8740153 0.7272579 0.8608864 0.7348199 0.8299913 0.7346707 0.8475785 0.7278388 0.8476115 0.7272579 0.8608864 0.7266837 0.8740153 0.7158676 0.8740153 0.7278388 0.8476115 0.7164852 0.8475957 0.7165185 0.8300079 0.6879362 0.8126596 0.6884972 0.7709088 0.7042705 0.7709088 0.7041715 0.8300081 0.7041385 0.8475785 0.6877711 0.8475125 0.6876062 0.8741803 0.6876883 0.86092 0.704122 0.8608699 0.6686615 0.7710078 0.6884972 0.7709088 0.6879362 0.8126596 0.6762651 0.8954082 0.6768582 0.8958392 0.6759555 0.8972505 0.6763483 0.8930355 0.6768582 0.8925704 0.6777707 0.8944121 0.6757245 0.8917717 0.672655 0.8912436 0.672094 0.8902866 0.6677153 0.8866758 0.6688827 0.8885527 0.6691764 0.8876234 0.67206 0.8852523 0.6724537 0.885896 0.6719316 0.8863322 0.9548775 0.728112 0.9548775 0.700193 0.9661898 0.7000802 0.6706167 0.8863669 0.6700447 0.8863814 0.6699906 0.8871379 0.9355368 0.7848469 0.9342496 0.764219 0.9174832 0.764219 0.9174832 0.7409706 0.9174832 0.7637899 0.9342496 0.764219 0.9342496 0.741125 0.9342496 0.764219 0.9429724 0.764219 0.6700477 0.8981417 0.6700807 0.8983067 0.6700147 0.8983397 0.6702127 0.8985377 0.6700147 0.8983397 0.6700807 0.8983067 0.6705758 0.8986367 0.6702127 0.8985377 0.6702458 0.8984717 0.9435529 0.728112 0.9548775 0.728112 0.9548775 0.700938 0.9174832 0.700938 0.9174832 0.728112 0.9342496 0.728112 0.9348394 0.700938 0.9342496 0.728112 0.9435529 0.728112 0.9342496 0.764219 0.9355368 0.7848469 0.9471543 0.7848469 0.9342496 0.728112 0.9342496 0.7407567 0.9174832 0.7405313 0.9174832 0.7635754 0.9342496 0.764219 0.9355368 0.7848469 0.8233211 0.7026883 0.8374471 0.7027213 0.8375461 0.6691556 0.6702127 0.8985377 0.6702458 0.8984717 0.6700807 0.8983067 0.6700147 0.8983397 0.6700807 0.8983067 0.6700477 0.8981417 0.9342496 0.728112 0.9174832 0.728112 0.9174832 0.700193 0.945552 0.728112 0.9342496 0.728112 0.9348555 0.700193 0.9342496 0.728112 0.945552 0.728112 0.9453051 0.7407567 0.9458259 0.700193 0.9548775 0.700193 0.9548775 0.728112 0.9471543 0.7848469 0.9355368 0.7848469 0.9342496 0.764219 0.737933 0.7780243 0.737933 0.7658221 0.7684734 0.7643703 0.7353308 0.7033154 0.7279708 0.7033154 0.7279708 0.6691556 0.7279708 0.7146029 0.7279708 0.7033154 0.7353308 0.7033154 0.7353308 0.7709088 0.7349677 0.8125936 0.7279048 0.8125936 0.7166172 0.7709088 0.7279708 0.7709088 0.7279048 0.8125936 0.7166014 0.7033154 0.7279708 0.7033154 0.7279708 0.7371536 0.6884642 0.7033814 0.7042375 0.7033154 0.7048976 0.7258905 0.6880022 0.7258905 0.7048976 0.7258905 0.7042705 0.7709088 0.716301 0.6691556 0.7279708 0.6691556 0.7279708 0.7033154 0.6880022 0.6691556 0.7036104 0.6691556 0.7042375 0.7033154 0.6686615 0.7039755 0.6884642 0.7033814 0.6880022 0.7258905 0.6880022 0.7258905 0.6884972 0.7709088 0.6686615 0.7710078 0.6880022 0.6691556 0.6884642 0.7033814 0.6686615 0.7039755 0.7351658 0.7146029 0.7350007 0.7258905 0.7279708 0.7258905 0.7169176 0.7317581 0.7279708 0.7371536 0.7279708 0.770992 0.6884972 0.7709088 0.7042705 0.7709088 0.7048976 0.7258905 0.7042375 0.7033154 0.6884642 0.7033814 0.6880022 0.7258905 0.7160957 0.7033154 0.7042375 0.7033154 0.7048976 0.7258905 0.7160462 0.8126101 0.7161123 0.7596625 0.7042705 0.7709088 0.7042375 0.7033154 0.7160957 0.7033154 0.7157818 0.6691556 0.7353308 0.7709088 0.7279708 0.7483997 0.7279048 0.8125936 0.737933 0.7490849 0.737933 0.7250968 0.7684734 0.7305135 0.7279708 0.6691556 0.7279708 0.7033154 0.7353308 0.7033154 0.7351658 0.7146029 0.7279708 0.7272494 0.7279708 0.7483997 0.7279708 0.7033154 0.7279708 0.7272494 0.7351658 0.7146029 0.7164258 0.7265694 0.7048976 0.7258905 0.7042705 0.7709088 0.9471543 0.7848469 0.9510159 0.7848469 0.9535903 0.764219 0.9433437 0.741125 0.9429724 0.764219 0.9535903 0.764219 0.9793669 0.728112 0.9935589 0.728112 0.993332 0.7007264 0.9548775 0.728112 0.9670707 0.728112 0.9665059 0.700825 0.9670707 0.728112 0.9793669 0.728112 0.9782329 0.7007112 0.9544134 0.741125 0.9535903 0.764219 0.965192 0.7583524 0.965192 0.7583524 0.9535903 0.764219 0.9708517 0.7698298 0.9548775 0.728112 0.9667548 0.728112 0.9661023 0.7387556 0.945552 0.728112 0.9548775 0.728112 0.9544266 0.7407567 0.9448466 0.764219 0.9535903 0.764219 0.9510159 0.7848469 0.9663936 0.7390108 0.965192 0.7583524 0.9768915 0.7524363 0.976342 0.7645253 0.9763502 0.7604264 0.9759344 0.7665623 0.9768915 0.7524363 0.9785002 0.7366304 0.9935473 0.7392424 0.9784748 0.7368787 0.993547 0.7395669 0.9935589 0.728112 0.9667548 0.728112 0.9793669 0.728112 0.9785002 0.7366304 0.9759344 0.7665623 0.97637 0.7601323 0.976342 0.7645253 0.9708517 0.7698298 0.9535903 0.764219 0.9648914 0.7585046 0.6740511 0.8974132 0.6740294 0.8966379 0.672457 0.8967885 0.674037 0.8974145 0.6740181 0.8966389 0.6755595 0.8964915 0.7344558 0.8931189 0.7268968 0.8931021 0.7266837 0.8740153 0.6769229 0.8927011 0.6763929 0.8931262 0.6769786 0.8943131 0.7041692 0.8312554 0.6878484 0.8312356 0.6877711 0.8475125 0.7160109 0.8312564 0.7041692 0.8312554 0.7041385 0.8475785 0.7348093 0.8312399 0.7278695 0.8312575 0.7278388 0.8476115 0.6763483 0.8930355 0.6757245 0.8917717 0.6759555 0.8907486 0.7042045 0.8126267 0.7041715 0.8300081 0.687854 0.829992 0.7278721 0.8300079 0.7165185 0.8300079 0.7165511 0.8126095 0.7348199 0.8299913 0.7278721 0.8300079 0.7279048 0.8125936 0.7161746 0.8608785 0.7158676 0.8740153 0.7041054 0.8740153 0.7164852 0.8475957 0.7041385 0.8475785 0.7041715 0.8300081 0.7165185 0.8300079 0.7041715 0.8300081 0.7042045 0.8126267 0.7042705 0.7709088 0.7166172 0.7709088 0.7165511 0.8126095 0.7048976 0.7258905 0.7169176 0.7317581 0.7166172 0.7709521 0.7048976 0.7258905 0.7042375 0.7033154 0.7166014 0.7033154 0.7036104 0.6691556 0.716301 0.6691556 0.7166014 0.7033154 0.6708068 0.8985377 0.6708583 0.8984172 0.6709085 0.8984502 0.8877573 0.7620206 0.8871064 0.7845544 0.8968554 0.7848469 0.8877573 0.7620206 0.8981425 0.7629318 0.8981425 0.7406613 0.8891785 0.7008828 0.8887375 0.728112 0.8981425 0.728112 0.668273 0.8851447 0.6676984 0.8856022 0.6685436 0.8858764 0.7272477 0.8611246 0.7156762 0.8611168 0.7153865 0.8740153 0.7278695 0.8312575 0.7160109 0.8312564 0.7159802 0.847595 0.7160462 0.8126101 0.7160109 0.8312564 0.7278695 0.8312575 0.7279048 0.8125936 0.7279708 0.7483997 0.7161123 0.7596625 0.7279708 0.7272494 0.7164258 0.7265694 0.7161123 0.7596625 0.7279708 0.7033154 0.7160957 0.7033154 0.7164258 0.7265694 0.7160957 0.7033154 0.7279708 0.7033154 0.7279708 0.6691556 0.6709059 0.8984551 0.6709718 0.8983397 0.6709059 0.8983067 0.8875051 0.7845666 0.8781417 0.7842858 0.8782077 0.7611825 0.8794303 0.7396933 0.880089 0.728112 0.8891224 0.728112 0.880959 0.7000844 0.889557 0.7001389 0.8891224 0.728112 0.6769786 0.8943131 0.6777707 0.8944121 0.6768582 0.8958392 0.6876883 0.86092 0.6877711 0.8475125 0.7041385 0.8475785 0.7164852 0.8475957 0.7161746 0.8608785 0.704122 0.8608699 0.7278388 0.8476115 0.7272579 0.8608864 0.7161746 0.8608785 0.7346707 0.8475785 0.734538 0.8608864 0.7272579 0.8608864 0.7346707 0.8475785 0.7278388 0.8476115 0.7272477 0.8611246 0.7278388 0.8476115 0.7159802 0.847595 0.7156762 0.8611168 0.7159802 0.847595 0.7041385 0.8475785 0.7041216 0.8611088 0.6876867 0.8611609 0.7041216 0.8611088 0.7041385 0.8475785 0.6769786 0.8943131 0.6762522 0.8954279 0.6768417 0.8958647 0.8057296 0.8127916 0.8057296 0.8367425 0.772824 0.8385801 0.672094 0.8975805 0.672457 0.8967885 0.6720458 0.8957775 0.674037 0.8974145 0.672094 0.8975805 0.672457 0.8967885 0.6720745 0.8958481 0.672457 0.8967885 0.672094 0.8975805 0.6878992 0.8930441 0.7045774 0.8929603 0.7041054 0.8740153 0.7153865 0.8740153 0.7041054 0.8740153 0.7045774 0.8929603 0.6878992 0.8930441 0.6882002 0.9124326 0.7050626 0.9124326 0.7157284 0.8929603 0.7045774 0.8929603 0.7050626 0.9124326 0.7345057 0.9124326 0.7344555 0.8929771 0.7268951 0.8929603 0.7268951 0.8929603 0.7157284 0.8929603 0.7160795 0.9124326 0.7266837 0.8740153 0.7153865 0.8740153 0.7157284 0.8929603 0.672094 0.8902866 0.6714745 0.892553 0.6721659 0.893021 0.822727 0.8124286 0.8227597 0.8357922 0.8374632 0.8285586 0.8057296 0.8127916 0.8057296 0.8367425 0.8227597 0.8357922 0.772824 0.8164881 0.772824 0.8385801 0.8057296 0.8367425 0.8227597 0.8357922 0.822793 0.8597242 0.8374801 0.8543775 0.8320673 0.8762925 0.8374471 0.8672163 0.8374642 0.8605509 0.819949 0.8599827 0.8227597 0.8357922 0.8057296 0.8367425 0.6714745 0.892553 0.6708398 0.8948742 0.6716649 0.8948411 0.8057296 0.8978446 0.8057296 0.900947 0.8145419 0.901145 0.8057296 0.8978446 0.7728571 0.8982407 0.773022 0.901013 0.6714427 0.8961756 0.6720458 0.8957775 0.6716649 0.8948411 0.822793 0.8597242 0.8272526 0.8676909 0.8374642 0.8605509 0.8212577 0.8704999 0.819949 0.8599827 0.8057296 0.8612754 0.772824 0.8385801 0.772824 0.8612095 0.8057296 0.8612754 0.7728389 0.8779173 0.7728571 0.8982407 0.8057296 0.8978446 0.772824 0.8612095 0.7728389 0.8779173 0.8057296 0.8777751 0.815334 0.8987357 0.8237066 0.8875059 0.8057296 0.8777751 0.8212577 0.8704999 0.8057296 0.8777751 0.8237066 0.8875059 0.8212577 0.8704999 0.8237066 0.8875059 0.8320673 0.8762925 0.819949 0.8599827 0.8212577 0.8704999 0.8272526 0.8676909 0.8227597 0.8357922 0.8374632 0.8285586 0.8374801 0.8543775 0.8057296 0.900947 0.8057296 0.8978446 0.815334 0.8987357 0.7268968 0.8931021 0.7344558 0.8931189 0.7345057 0.9124326 0.7162066 0.8931021 0.7268968 0.8931021 0.7271126 0.9124326 0.6721659 0.893021 0.6716649 0.8948411 0.6708398 0.8948742 0.7041054 0.8740153 0.7045811 0.8931021 0.6879012 0.8931853 0.7266837 0.8740153 0.7268968 0.8931021 0.7162066 0.8931021 0.7158676 0.8740153 0.7162066 0.8931021 0.7045811 0.8931021 0.8057296 0.8367425 0.8057296 0.8127916 0.822727 0.8124286 0.822727 0.8124286 0.8374471 0.8033523 0.8374632 0.8285586 0.672655 0.8912436 0.6721659 0.893021 0.6714745 0.892553 0.773022 0.901013 0.7728571 0.8982407 0.8057296 0.8978446 0.772824 0.8612095 0.772824 0.8385801 0.8057296 0.8367425 0.819949 0.8599827 0.822793 0.8597242 0.8275889 0.8682923 0.8275889 0.8682923 0.822793 0.8597242 0.8374801 0.8543775 0.8057296 0.8367425 0.8227597 0.8357922 0.819949 0.8599827 0.7050626 0.9124326 0.6882002 0.9124326 0.6879012 0.8931853 0.6716649 0.8948411 0.6720745 0.8958481 0.6714883 0.8962736 0.7045811 0.8931021 0.7162066 0.8931021 0.7165496 0.9124326 0.8320673 0.8762925 0.8275889 0.8682923 0.8374628 0.8610167 0.8057296 0.8978446 0.7728571 0.8982407 0.7728389 0.8779173 0.8057296 0.8777751 0.7728389 0.8779173 0.772824 0.8612095 0.8218448 0.8707841 0.8275889 0.8682923 0.8320673 0.8762925 0.8057296 0.8777751 0.8218448 0.8707841 0.8233502 0.8879845 0.8233502 0.8879845 0.815334 0.8987357 0.8057296 0.8777751 0.8218448 0.8707841 0.8057296 0.8777751 0.8057296 0.8612754 0.880089 0.728112 0.8504509 0.728112 0.8503914 0.7395431 0.9768915 0.7524363 0.9935258 0.7598953 0.993547 0.7395669 0.9670707 0.728112 0.9663936 0.7390108 0.9784748 0.7368787 0.9548775 0.728112 0.9544134 0.741125 0.9663936 0.7390108 0.9435529 0.728112 0.9433437 0.741125 0.9544134 0.741125 0.9342496 0.728112 0.9342496 0.741125 0.9433437 0.741125 0.9174832 0.7409706 0.9342496 0.741125 0.9342496 0.728112 0.9174832 0.7409706 0.9174832 0.728112 0.8981425 0.728112 0.8887375 0.728112 0.8883844 0.7403329 0.8981425 0.7406613 0.8794111 0.7400309 0.8883844 0.7403329 0.8887375 0.728112 0.8502858 0.7486988 0.8503931 0.7392193 0.8794303 0.7396933 0.9785002 0.7366304 0.9793669 0.728112 0.9935589 0.728112 0.9661023 0.7387556 0.9785002 0.7366304 0.9768915 0.7524363 0.9544266 0.7407567 0.9661023 0.7387556 0.9648914 0.7585046 0.9453051 0.7407567 0.9544266 0.7407567 0.9535903 0.764219 0.9342496 0.7407567 0.9453051 0.7407567 0.9448466 0.764219 0.9342496 0.7407567 0.9342496 0.764219 0.9174832 0.7635754 0.8981425 0.7403058 0.9174832 0.7405313 0.9174832 0.7635754 0.8881824 0.7620579 0.888793 0.7399999 0.8981425 0.7403058 0.8782077 0.7611825 0.8794303 0.7396933 0.888793 0.7399999 0.8819373 0.6685717 0.8900459 0.6686872 0.889557 0.7001389 0.8981425 0.700193 0.889557 0.7001389 0.8900459 0.6686872 0.8981425 0.700193 0.8981425 0.6688027 0.9174832 0.6688027 0.9348555 0.700193 0.9174832 0.700193 0.9174832 0.6688027 0.9458259 0.700193 0.9348555 0.700193 0.9355368 0.6688027 0.9461339 0.6688027 0.9548775 0.6688027 0.9548775 0.700193 0.9548775 0.700193 0.9548775 0.6688027 0.9655545 0.6685628 0.9661898 0.7000802 0.9655545 0.6685628 0.9768915 0.6683076 0.9782017 0.69996 0.9768915 0.6683076 0.9930637 0.6683407 0.880959 0.7000844 0.8503888 0.699991 0.8503188 0.6683736 0.880936 0.7008319 0.8819373 0.6685717 0.8503188 0.6683736 0.9782329 0.7007112 0.993332 0.7007264 0.9930637 0.6683407 0.9665059 0.700825 0.9782329 0.7007112 0.9768915 0.6683076 0.9548775 0.700938 0.9665059 0.700825 0.9658383 0.6685562 0.9438767 0.700938 0.9548775 0.700938 0.9548775 0.6688027 0.9355368 0.6688027 0.9348394 0.700938 0.9438767 0.700938 0.9174832 0.6688027 0.9174832 0.700938 0.9348394 0.700938 0.9174832 0.700938 0.9174832 0.6688027 0.8981425 0.6688027 0.8897003 0.6686822 0.8891785 0.7008828 0.8981425 0.700938 0.8891785 0.7008828 0.8897003 0.6686822 0.8819373 0.6685717</float_array>
          <technique_common>
            <accessor source="#MeshShape_007-mesh-map-0-array" count="1857" stride="2">
              <param name="S" type="float"/>
              <param name="T" type="float"/>
            </accessor>
          </technique_common>
        </source>
        <vertices id="MeshShape_007-mesh-vertices">
          <input semantic="POSITION" source="#MeshShape_007-mesh-positions"/>
        </vertices>
        <polylist material="lambert38_001-material" count="619">
          <input semantic="VERTEX" source="#MeshShape_007-mesh-vertices" offset="0"/>
          <input semantic="NORMAL" source="#MeshShape_007-mesh-normals" offset="1"/>
          <input semantic="TEXCOORD" source="#MeshShape_007-mesh-map-0" offset="2" set="0"/>
          <vcount>3 3 3 3 3 3 3 3 3 3 3 3 3 3 3 3 3 3 3 3 3 3 3 3 3 3 3 3 3 3 3 3 3 3 3 3 3 3 3 3 3 3 3 3 3 3 3 3 3 3 3 3 3 3 3 3 3 3 3 3 3 3 3 3 3 3 3 3 3 3 3 3 3 3 3 3 3 3 3 3 3 3 3 3 3 3 3 3 3 3 3 3 3 3 3 3 3 3 3 3 3 3 3 3 3 3 3 3 3 3 3 3 3 3 3 3 3 3 3 3 3 3 3 3 3 3 3 3 3 3 3 3 3 3 3 3 3 3 3 3 3 3 3 3 3 3 3 3 3 3 3 3 3 3 3 3 3 3 3 3 3 3 3 3 3 3 3 3 3 3 3 3 3 3 3 3 3 3 3 3 3 3 3 3 3 3 3 3 3 3 3 3 3 3 3 3 3 3 3 3 3 3 3 3 3 3 3 3 3 3 3 3 3 3 3 3 3 3 3 3 3 3 3 3 3 3 3 3 3 3 3 3 3 3 3 3 3 3 3 3 3 3 3 3 3 3 3 3 3 3 3 3 3 3 3 3 3 3 3 3 3 3 3 3 3 3 3 3 3 3 3 3 3 3 3 3 3 3 3 3 3 3 3 3 3 3 3 3 3 3 3 3 3 3 3 3 3 3 3 3 3 3 3 3 3 3 3 3 3 3 3 3 3 3 3 3 3 3 3 3 3 3 3 3 3 3 3 3 3 3 3 3 3 3 3 3 3 3 3 3 3 3 3 3 3 3 3 3 3 3 3 3 3 3 3 3 3 3 3 3 3 3 3 3 3 3 3 3 3 3 3 3 3 3 3 3 3 3 3 3 3 3 3 3 3 3 3 3 3 3 3 3 3 3 3 3 3 3 3 3 3 3 3 3 3 3 3 3 3 3 3 3 3 3 3 3 3 3 3 3 3 3 3 3 3 3 3 3 3 3 3 3 3 3 3 3 3 3 3 3 3 3 3 3 3 3 3 3 3 3 3 3 3 3 3 3 3 3 3 3 3 3 3 3 3 3 3 3 3 3 3 3 3 3 3 3 3 3 3 3 3 3 3 3 3 3 3 3 3 3 3 3 3 3 3 3 3 3 3 3 3 3 3 3 3 3 3 3 3 3 3 3 3 3 3 3 3 3 3 3 3 3 3 3 3 3 3 3 3 3 3 3 3 3 3 3 3 3 3 3 3 3 3 3 3 3 3 3 3 3 3 3 3 3 3 3 3 3 3 3 3 3 3 3 3 3 3 3 3 3 3 3 3 3 3 3 3 3 3 3 3 3 3 3 3 3 3 3 3 3 3 3 3 3 3 3 3 3 3 3 3 3 3 3 3 3 3 3 3 3 3 3 3 3 3 3 3 3 3 </vcount>
          <p>59 0 0 249 1 1 60 2 2 68 3 3 71 4 4 70 5 5 199 6 6 65 7 7 66 8 8 205 9 9 65 7 10 64 10 11 62 11 12 60 2 13 63 12 14 60 2 15 61 13 16 59 0 17 23 14 18 34 15 19 26 16 20 309 17 21 32 18 22 308 19 23 262 20 24 316 21 25 317 22 26 31 23 27 315 24 28 316 21 29 73 25 30 74 26 31 75 27 32 74 26 33 77 28 34 75 27 35 76 29 36 79 30 37 77 28 38 78 31 39 81 32 40 79 30 41 91 33 42 94 34 43 93 35 44 93 35 45 95 36 46 96 37 47 95 36 48 98 38 49 96 37 50 98 38 51 99 39 52 100 40 53 72 41 54 97 42 55 74 26 56 97 42 57 76 29 58 74 26 59 76 29 60 94 34 61 78 31 62 78 31 63 92 43 64 80 44 65 23 14 66 21 45 67 35 46 68 298 47 69 35 46 70 21 45 71 21 45 72 307 48 73 298 47 74 17 49 75 306 50 76 19 51 77 19 51 78 16 52 79 17 49 80 21 45 81 245 53 82 246 54 83 20 55 84 21 45 85 22 56 86 21 45 87 23 14 88 22 56 89 22 56 90 23 14 91 24 57 92 24 57 93 23 14 94 25 58 95 23 14 96 26 16 97 25 58 98 25 58 99 26 16 100 27 59 101 29 60 102 261 61 103 28 62 104 0 63 105 29 60 106 28 62 107 111 64 108 273 65 109 274 66 110 226 67 111 115 68 112 114 69 113 114 69 114 116 70 115 117 71 116 255 72 117 227 73 118 254 74 119 272 75 120 110 76 121 252 77 122 140 78 123 143 79 124 142 80 125 140 78 126 138 81 127 141 82 128 136 83 129 139 84 130 137 85 131 137 85 132 149 86 133 150 87 134 139 84 135 148 88 136 149 86 137 142 80 138 148 88 139 140 78 140 144 89 141 147 90 142 142 80 143 75 27 144 146 91 145 73 25 146 77 28 147 147 90 148 75 27 149 77 28 150 149 86 151 148 88 152 79 30 153 150 87 154 149 86 155 154 92 156 120 93 157 121 94 158 153 95 159 143 79 160 120 93 161 120 93 162 141 82 163 118 96 164 117 71 165 141 82 166 138 81 167 114 69 168 138 81 169 136 83 170 171 97 171 44 98 172 45 99 173 171 97 174 45 99 175 172 100 176 45 99 177 46 101 178 172 100 179 46 101 180 263 102 181 172 100 182 46 101 183 174 103 184 173 104 185 174 103 186 48 105 187 175 106 188 49 107 189 176 108 190 196 109 191 49 107 192 201 110 193 176 108 194 136 83 195 130 111 196 114 69 197 128 112 198 216 113 199 111 64 200 274 66 201 128 112 202 111 64 203 114 69 204 225 114 205 226 67 206 29 60 207 259 115 208 260 116 209 153 95 210 29 60 211 1 117 212 3 118 213 153 95 214 1 117 215 9 119 216 146 91 217 6 120 218 9 119 219 72 41 220 73 25 221 18 121 222 156 122 223 16 52 224 20 55 225 244 123 226 245 53 227 126 124 228 219 125 229 160 126 230 270 127 231 126 124 232 160 126 233 162 128 234 228 129 235 229 130 236 25 58 237 102 131 238 24 57 239 22 56 240 102 131 241 101 132 242 327 133 243 32 18 244 33 134 245 319 135 246 31 23 247 262 20 248 31 23 249 321 136 250 30 137 251 202 138 252 326 139 253 58 140 254 58 140 255 327 133 256 33 134 257 39 141 258 336 142 259 38 143 260 247 144 261 328 145 262 37 146 263 37 146 264 329 147 265 36 148 266 104 149 267 268 150 268 269 151 269 234 152 270 180 153 271 233 154 272 268 150 273 237 155 274 267 156 275 180 153 276 239 157 277 233 154 278 191 158 279 185 159 280 184 160 281 232 161 282 192 162 283 231 163 284 193 164 285 266 165 286 182 166 287 93 35 288 191 158 289 91 33 290 264 167 291 193 164 292 53 168 293 230 169 294 192 162 295 54 170 296 55 171 297 91 33 298 191 158 299 68 3 300 67 172 301 69 173 302 200 174 303 177 175 304 201 110 305 57 176 306 325 177 307 202 138 308 62 11 309 204 178 310 205 9 311 15 179 312 17 49 313 16 52 314 305 180 315 14 181 316 304 182 317 304 182 318 197 183 319 303 184 320 10 185 321 99 39 322 72 41 323 100 40 324 13 186 325 15 179 326 156 122 327 15 179 328 16 52 329 198 187 330 332 188 331 333 189 332 335 190 333 40 191 334 334 192 335 334 192 336 198 187 337 333 189 338 14 181 339 13 186 340 197 183 341 56 193 342 315 24 343 30 137 344 0 63 345 3 118 346 1 117 347 142 80 348 145 194 349 144 89 350 145 194 351 4 195 352 144 89 353 144 89 354 6 120 355 146 91 356 56 193 357 321 136 358 322 196 359 195 197 360 322 196 361 323 198 362 56 193 363 313 199 364 314 200 365 323 198 366 57 176 367 195 197 368 4 195 369 2 201 370 194 202 371 20 55 372 101 132 373 165 203 374 165 203 375 158 204 376 20 55 377 208 205 378 165 203 379 209 206 380 107 207 381 181 208 382 106 209 383 241 210 384 181 208 385 240 211 386 243 212 387 208 205 388 242 213 389 188 214 390 186 215 391 189 216 392 189 216 393 185 159 394 190 217 395 244 123 396 178 218 397 243 212 398 156 122 399 187 219 400 188 214 401 98 38 402 189 216 403 96 37 404 189 216 405 93 35 406 96 37 407 156 122 408 98 38 409 100 40 410 209 206 411 106 209 412 208 205 413 242 213 414 106 209 415 241 210 416 117 71 417 119 220 418 118 96 419 121 94 420 118 96 421 119 220 422 258 221 423 119 220 424 257 222 425 255 72 426 116 70 427 115 68 428 121 94 429 259 115 430 154 92 431 163 223 432 124 224 433 162 128 434 25 58 435 164 225 436 103 226 437 155 227 438 164 225 439 27 59 440 211 228 441 123 229 442 163 223 443 122 230 444 211 228 445 164 225 446 257 222 447 116 70 448 256 231 449 9 119 450 8 232 451 10 185 452 6 120 453 8 232 454 9 119 455 11 233 456 12 234 457 10 185 458 13 186 459 12 234 460 197 183 461 303 184 462 12 234 463 302 235 464 8 232 465 11 233 466 10 185 467 42 236 468 329 147 469 330 237 470 41 238 471 331 239 472 332 188 473 206 240 474 330 237 475 331 239 476 302 235 477 207 241 478 301 242 479 207 241 480 11 233 481 214 243 482 57 176 483 311 244 484 312 245 485 195 197 486 312 245 487 313 199 488 194 202 489 6 120 490 4 195 491 5 246 492 7 247 493 6 120 494 7 247 495 8 232 496 6 120 497 213 248 498 212 249 499 43 250 500 301 242 501 43 250 502 300 251 503 207 241 504 214 243 505 43 250 506 213 248 507 11 233 508 8 232 509 35 252 510 43 252 511 23 252 512 23 253 513 43 253 514 34 253 515 43 250 516 309 17 517 34 15 518 300 251 519 36 148 520 42 236 521 202 138 522 310 254 523 311 244 524 7 247 525 213 248 526 8 232 527 214 243 528 213 248 529 43 250 530 212 249 531 203 255 532 43 250 533 7 247 534 203 255 535 212 249 536 216 113 537 133 256 538 109 257 539 221 258 540 53 168 541 193 164 542 224 259 543 179 260 544 104 149 545 226 67 546 129 261 547 113 262 548 227 73 549 113 262 550 112 263 551 254 74 552 112 263 553 253 264 554 229 130 555 125 265 556 161 266 557 230 169 558 191 158 559 231 163 560 184 160 561 231 163 562 191 158 563 233 154 564 240 211 565 181 208 566 234 152 567 181 208 568 166 267 569 267 156 570 182 166 571 266 165 572 238 268 573 232 161 574 239 157 575 239 157 576 184 160 577 240 211 578 185 159 579 240 211 580 184 160 581 186 215 582 241 210 583 185 159 584 186 215 585 243 212 586 242 213 587 157 269 588 243 212 589 187 219 590 18 121 591 244 123 592 157 269 593 246 54 594 18 121 595 19 51 596 246 54 597 306 50 598 307 48 599 337 270 600 38 143 601 336 142 602 248 271 603 71 4 604 249 1 605 271 272 606 252 77 607 126 124 608 228 129 609 253 264 610 125 265 611 255 72 612 228 129 613 124 224 614 124 224 615 256 231 616 255 72 617 210 273 618 256 231 619 123 229 620 122 230 621 257 222 622 210 273 623 258 221 624 155 227 625 259 115 626 259 115 627 27 59 628 260 116 629 260 116 630 26 16 631 261 61 632 308 19 633 262 20 634 317 22 635 318 274 636 262 20 637 32 18 638 54 170 639 265 275 640 264 167 641 265 275 642 183 276 643 266 165 644 238 268 645 266 165 646 183 276 647 180 153 648 267 156 649 238 268 650 167 277 651 268 150 652 180 153 653 161 266 654 271 272 655 270 127 656 125 265 657 272 75 658 271 272 659 253 264 660 273 65 661 272 75 662 274 66 663 112 263 664 113 262 665 129 261 666 274 66 667 113 262 668 80 44 669 280 278 670 81 32 671 109 257 672 285 279 673 286 280 674 221 258 675 52 281 676 220 282 677 288 283 678 90 284 679 289 285 680 216 113 681 110 76 682 111 64 683 252 77 684 217 286 685 251 287 686 216 113 687 108 288 688 217 286 689 251 287 690 108 288 691 250 289 692 159 290 693 218 291 694 127 292 695 218 291 696 250 289 697 127 292 698 126 124 699 251 287 700 218 291 701 136 83 702 276 293 703 132 294 704 137 85 705 277 295 706 136 83 707 150 87 708 278 296 709 137 85 710 81 32 711 279 297 712 150 87 713 278 296 714 134 298 715 277 295 716 108 288 717 286 280 718 287 299 719 294 300 720 279 297 721 151 301 722 277 295 723 131 302 724 276 293 725 152 303 726 159 290 727 127 292 728 152 303 729 169 304 730 168 305 731 286 280 732 131 302 733 134 298 734 135 306 735 286 280 736 134 298 737 295 307 738 151 301 739 291 308 740 280 278 741 151 301 742 279 297 743 292 309 744 152 303 745 291 308 746 83 310 747 291 308 748 151 301 749 291 308 750 152 303 751 127 292 752 295 307 753 108 288 754 287 299 755 294 300 756 287 299 757 135 306 758 278 296 759 294 300 760 135 306 761 282 311 762 89 312 763 87 313 764 170 314 765 86 315 766 105 316 767 223 317 768 105 316 769 86 315 770 236 318 771 86 315 772 235 319 773 284 320 774 89 312 775 283 321 776 182 166 777 221 258 778 193 164 779 179 260 780 236 318 781 237 155 782 237 155 783 222 322 784 182 166 785 281 323 786 92 43 787 282 311 788 92 43 789 283 321 790 282 311 791 50 324 792 283 321 793 91 33 794 169 304 795 85 325 796 170 314 797 83 310 798 281 323 799 82 326 800 296 327 801 290 328 802 297 329 803 290 328 804 89 312 805 289 285 806 281 323 807 296 327 808 82 326 809 88 330 810 221 258 811 222 322 812 51 331 813 289 285 814 89 312 815 222 322 816 235 319 817 88 330 818 88 330 819 289 285 820 90 284 821 85 325 822 292 309 823 293 332 824 293 332 825 83 310 826 82 326 827 296 327 828 282 311 829 87 313 830 297 329 831 88 330 832 235 319 833 86 315 834 85 325 835 293 332 836 297 329 837 82 326 838 296 327 839 37 146 840 299 333 841 298 47 842 43 250 843 299 333 844 300 251 845 206 240 846 300 251 847 42 236 848 41 238 849 301 242 850 206 240 851 198 187 852 302 235 853 41 238 854 40 191 855 303 184 856 198 187 857 305 180 858 40 191 859 39 141 860 305 180 861 38 143 862 306 50 863 247 144 864 306 50 865 38 143 866 298 47 867 247 144 868 37 146 869 34 15 870 308 19 871 26 16 872 310 254 873 33 134 874 309 17 875 311 244 876 43 250 877 203 255 878 312 245 879 203 255 880 5 246 881 313 199 882 5 246 883 194 202 884 314 200 885 194 202 886 2 201 887 314 200 888 0 63 889 315 24 890 316 21 891 0 63 892 28 62 893 261 61 894 316 21 895 28 62 896 26 16 897 317 22 898 261 61 899 172 100 900 319 135 901 318 274 902 320 334 903 263 102 904 173 104 905 320 334 906 174 103 907 321 136 908 322 196 909 174 103 910 175 106 911 323 198 912 175 106 913 196 109 914 196 109 915 324 335 916 323 198 917 324 335 918 201 110 919 325 177 920 325 177 921 177 175 922 326 139 923 326 139 924 171 97 925 327 133 926 318 274 927 171 97 928 172 100 929 328 145 930 61 13 931 329 147 932 330 237 933 61 13 934 62 11 935 331 239 936 62 11 937 205 9 938 332 188 939 205 9 940 64 10 941 333 189 942 64 10 943 199 6 944 66 8 945 333 189 946 199 6 947 68 3 948 334 192 949 66 8 950 335 190 951 70 5 952 336 142 953 248 271 954 336 142 955 70 5 956 337 270 957 59 0 958 328 145 959 59 0 960 248 271 961 249 1 962 68 3 963 69 173 964 71 4 965 67 172 966 66 8 967 65 7 968 199 6 969 64 10 970 65 7 971 205 9 972 204 178 973 65 7 974 62 11 975 61 13 976 60 2 977 309 17 978 33 134 979 32 18 980 262 20 981 31 23 982 316 21 983 31 23 984 30 137 985 315 24 986 73 25 987 72 41 988 74 26 989 74 26 990 76 29 991 77 28 992 76 29 993 78 31 994 79 30 995 78 31 996 80 44 997 81 32 998 91 33 999 92 43 1000 94 34 1001 93 35 1002 94 34 1003 95 36 1004 95 36 1005 97 42 1006 98 38 1007 98 38 1008 97 42 1009 99 39 1010 72 41 1011 99 39 1012 97 42 1013 97 42 1014 95 36 1015 76 29 1016 76 29 1017 95 36 1018 94 34 1019 78 31 1020 94 34 1021 92 43 1022 298 47 1023 299 333 1024 35 46 1025 21 45 1026 246 54 1027 307 48 1028 17 49 1029 305 180 1030 306 50 1031 19 51 1032 18 121 1033 16 52 1034 21 45 1035 20 55 1036 245 53 1037 29 60 1038 260 116 1039 261 61 1040 0 63 1041 1 117 1042 29 60 1043 111 64 1044 110 76 1045 273 65 1046 226 67 1047 227 73 1048 115 68 1049 114 69 1050 115 68 1051 116 70 1052 255 72 1053 115 68 1054 227 73 1055 272 75 1056 273 65 1057 110 76 1058 140 78 1059 141 82 1060 143 79 1061 140 78 1062 139 84 1063 138 81 1064 136 83 1065 138 81 1066 139 84 1067 137 85 1068 139 84 1069 149 86 1070 139 84 1071 140 78 1072 148 88 1073 142 80 1074 147 90 1075 148 88 1076 144 89 1077 146 91 1078 147 90 1079 75 27 1080 147 90 1081 146 91 1082 77 28 1083 148 88 1084 147 90 1085 77 28 1086 79 30 1087 149 86 1088 79 30 1089 81 32 1090 150 87 1091 154 92 1092 153 95 1093 120 93 1094 153 95 1095 145 194 1096 143 79 1097 120 93 1098 143 79 1099 141 82 1100 117 71 1101 118 96 1102 141 82 1103 114 69 1104 117 71 1105 138 81 1106 171 97 1107 177 175 1108 44 98 1109 46 101 1110 173 104 1111 263 102 1112 46 101 1113 47 336 1114 174 103 1115 174 103 1116 47 336 1117 48 105 1118 196 109 1119 175 106 1120 49 107 1121 48 105 1122 49 107 1123 175 106 1124 49 107 1125 200 174 1126 201 110 1127 136 83 1128 132 294 1129 130 111 1130 128 112 1131 215 337 1132 216 113 1133 274 66 1134 275 338 1135 128 112 1136 114 69 1137 130 111 1138 225 114 1139 29 60 1140 154 92 1141 259 115 1142 153 95 1143 154 92 1144 29 60 1145 3 118 1146 145 194 1147 153 95 1148 9 119 1149 73 25 1150 146 91 1151 9 119 1152 10 185 1153 72 41 1154 18 121 1155 157 269 1156 156 122 1157 20 55 1158 158 204 1159 244 123 1160 126 124 1161 218 291 1162 219 125 1163 270 127 1164 271 272 1165 126 124 1166 162 128 1167 124 224 1168 228 129 1169 25 58 1170 103 226 1171 102 131 1172 22 56 1173 24 57 1174 102 131 1175 327 133 1176 318 274 1177 32 18 1178 319 135 1179 320 334 1180 31 23 1181 31 23 1182 320 334 1183 321 136 1184 202 138 1185 325 177 1186 326 139 1187 58 140 1188 326 139 1189 327 133 1190 39 141 1191 335 190 1192 336 142 1193 247 144 1194 337 270 1195 328 145 1196 37 146 1197 328 145 1198 329 147 1199 104 149 1200 179 260 1201 268 150 1202 234 152 1203 167 277 1204 180 153 1205 268 150 1206 179 260 1207 237 155 1208 180 153 1209 238 268 1210 239 157 1211 191 158 1212 190 217 1213 185 159 1214 232 161 1215 183 276 1216 192 162 1217 193 164 1218 265 275 1219 266 165 1220 93 35 1221 190 217 1222 191 158 1223 264 167 1224 265 275 1225 193 164 1226 230 169 1227 231 163 1228 192 162 1229 55 171 1230 50 324 1231 91 33 1232 68 3 1233 66 8 1234 67 172 1235 200 174 1236 44 98 1237 177 175 1238 57 176 1239 324 335 1240 325 177 1241 62 11 1242 63 12 1243 204 178 1244 15 179 1245 14 181 1246 17 49 1247 305 180 1248 17 49 1249 14 181 1250 304 182 1251 14 181 1252 197 183 1253 10 185 1254 13 186 1255 99 39 1256 100 40 1257 99 39 1258 13 186 1259 156 122 1260 100 40 1261 15 179 1262 198 187 1263 41 238 1264 332 188 1265 335 190 1266 39 141 1267 40 191 1268 334 192 1269 40 191 1270 198 187 1271 14 181 1272 15 179 1273 13 186 1274 56 193 1275 314 200 1276 315 24 1277 0 63 1278 2 201 1279 3 118 1280 142 80 1281 143 79 1282 145 194 1283 145 194 1284 3 118 1285 4 195 1286 144 89 1287 4 195 1288 6 120 1289 56 193 1290 30 137 1291 321 136 1292 195 197 1293 56 193 1294 322 196 1295 56 193 1296 195 197 1297 313 199 1298 323 198 1299 324 335 1300 57 176 1301 4 195 1302 3 118 1303 2 201 1304 20 55 1305 22 56 1306 101 132 1307 165 203 1308 178 218 1309 158 204 1310 208 205 1311 178 218 1312 165 203 1313 107 207 1314 166 267 1315 181 208 1316 241 210 1317 106 209 1318 181 208 1319 243 212 1320 178 218 1321 208 205 1322 188 214 1323 187 219 1324 186 215 1325 189 216 1326 186 215 1327 185 159 1328 244 123 1329 158 204 1330 178 218 1331 156 122 1332 157 269 1333 187 219 1334 98 38 1335 188 214 1336 189 216 1337 189 216 1338 190 217 1339 93 35 1340 156 122 1341 188 214 1342 98 38 1343 209 206 1344 107 207 1345 106 209 1346 242 213 1347 208 205 1348 106 209 1349 117 71 1350 116 70 1351 119 220 1352 121 94 1353 120 93 1354 118 96 1355 258 221 1356 121 94 1357 119 220 1358 255 72 1359 256 231 1360 116 70 1361 121 94 1362 258 221 1363 259 115 1364 163 223 1365 123 229 1366 124 224 1367 25 58 1368 27 59 1369 164 225 1370 155 227 1371 122 230 1372 164 225 1373 211 228 1374 210 273 1375 123 229 1376 122 230 1377 210 273 1378 211 228 1379 257 222 1380 119 220 1381 116 70 1382 13 186 1383 10 185 1384 12 234 1385 303 184 1386 197 183 1387 12 234 1388 42 236 1389 36 148 1390 329 147 1391 41 238 1392 206 240 1393 331 239 1394 206 240 1395 42 236 1396 330 237 1397 302 235 1398 12 234 1399 207 241 1400 207 241 1401 12 234 1402 11 233 1403 57 176 1404 202 138 1405 311 244 1406 195 197 1407 57 176 1408 312 245 1409 194 202 1410 5 246 1411 6 120 1412 301 242 1413 207 241 1414 43 250 1415 213 248 1416 214 243 1417 11 233 1418 43 250 1419 310 254 1420 309 17 1421 300 251 1422 299 333 1423 36 148 1424 202 138 1425 58 140 1426 310 254 1427 7 247 1428 212 249 1429 213 248 1430 7 247 1431 5 246 1432 203 255 1433 216 113 1434 215 337 1435 133 256 1436 221 258 1437 220 282 1438 53 168 1439 224 259 1440 223 317 1441 179 260 1442 226 67 1443 225 114 1444 129 261 1445 227 73 1446 226 67 1447 113 262 1448 254 74 1449 227 73 1450 112 263 1451 229 130 1452 228 129 1453 125 265 1454 230 169 1455 55 171 1456 191 158 1457 184 160 1458 232 161 1459 231 163 1460 233 154 1461 239 157 1462 240 211 1463 234 152 1464 233 154 1465 181 208 1466 267 156 1467 237 155 1468 182 166 1469 238 268 1470 183 276 1471 232 161 1472 239 157 1473 232 161 1474 184 160 1475 185 159 1476 241 210 1477 240 211 1478 186 215 1479 242 213 1480 241 210 1481 186 215 1482 187 219 1483 243 212 1484 157 269 1485 244 123 1486 243 212 1487 18 121 1488 245 53 1489 244 123 1490 246 54 1491 245 53 1492 18 121 1493 246 54 1494 19 51 1495 306 50 1496 337 270 1497 247 144 1498 38 143 1499 248 271 1500 70 5 1501 71 4 1502 271 272 1503 272 75 1504 252 77 1505 228 129 1506 254 74 1507 253 264 1508 255 72 1509 254 74 1510 228 129 1511 124 224 1512 123 229 1513 256 231 1514 210 273 1515 257 222 1516 256 231 1517 122 230 1518 258 221 1519 257 222 1520 258 221 1521 122 230 1522 155 227 1523 259 115 1524 155 227 1525 27 59 1526 260 116 1527 27 59 1528 26 16 1529 308 19 1530 32 18 1531 262 20 1532 318 274 1533 319 135 1534 262 20 1535 54 170 1536 192 162 1537 265 275 1538 265 275 1539 192 162 1540 183 276 1541 238 268 1542 267 156 1543 266 165 1544 180 153 1545 268 150 1546 267 156 1547 167 277 1548 269 151 1549 268 150 1550 161 266 1551 125 265 1552 271 272 1553 125 265 1554 253 264 1555 272 75 1556 253 264 1557 112 263 1558 273 65 1559 274 66 1560 273 65 1561 112 263 1562 129 261 1563 275 338 1564 274 66 1565 80 44 1566 281 323 1567 280 278 1568 109 257 1569 133 256 1570 285 279 1571 221 258 1572 90 284 1573 52 281 1574 288 283 1575 52 281 1576 90 284 1577 216 113 1578 217 286 1579 110 76 1580 252 77 1581 110 76 1582 217 286 1583 216 113 1584 109 257 1585 108 288 1586 251 287 1587 217 286 1588 108 288 1589 159 290 1590 219 125 1591 218 291 1592 218 291 1593 251 287 1594 250 289 1595 126 124 1596 252 77 1597 251 287 1598 136 83 1599 277 295 1600 276 293 1601 137 85 1602 278 296 1603 277 295 1604 150 87 1605 279 297 1606 278 296 1607 81 32 1608 280 278 1609 279 297 1610 278 296 1611 135 306 1612 134 298 1613 108 288 1614 109 257 1615 286 280 1616 294 300 1617 278 296 1618 279 297 1619 277 295 1620 134 298 1621 131 302 1622 152 303 1623 168 305 1624 159 290 1625 152 303 1626 84 339 1627 169 304 1628 286 280 1629 285 279 1630 131 302 1631 135 306 1632 287 299 1633 286 280 1634 295 307 1635 294 300 1636 151 301 1637 280 278 1638 83 310 1639 151 301 1640 292 309 1641 84 339 1642 152 303 1643 83 310 1644 292 309 1645 291 308 1646 127 292 1647 250 289 1648 291 308 1649 295 307 1650 291 308 1651 250 289 1652 295 307 1653 250 289 1654 108 288 1655 294 300 1656 295 307 1657 287 299 1658 282 311 1659 283 321 1660 89 312 1661 170 314 1662 85 325 1663 86 315 1664 223 317 1665 224 259 1666 105 316 1667 236 318 1668 223 317 1669 86 315 1670 284 320 1671 51 331 1672 89 312 1673 182 166 1674 222 322 1675 221 258 1676 179 260 1677 223 317 1678 236 318 1679 237 155 1680 236 318 1681 222 322 1682 281 323 1683 80 44 1684 92 43 1685 92 43 1686 91 33 1687 283 321 1688 50 324 1689 284 320 1690 283 321 1691 169 304 1692 84 339 1693 85 325 1694 83 310 1695 280 278 1696 281 323 1697 296 327 1698 87 313 1699 290 328 1700 290 328 1701 87 313 1702 89 312 1703 281 323 1704 282 311 1705 296 327 1706 88 330 1707 90 284 1708 221 258 1709 51 331 1710 288 283 1711 289 285 1712 222 322 1713 236 318 1714 235 319 1715 88 330 1716 290 328 1717 289 285 1718 85 325 1719 84 339 1720 292 309 1721 293 332 1722 292 309 1723 83 310 1724 297 329 1725 290 328 1726 88 330 1727 293 332 1728 297 329 1729 235 319 1730 235 319 1731 86 315 1732 293 332 1733 297 329 1734 293 332 1735 82 326 1736 37 146 1737 36 148 1738 299 333 1739 43 250 1740 35 46 1741 299 333 1742 206 240 1743 301 242 1744 300 251 1745 41 238 1746 302 235 1747 301 242 1748 198 187 1749 303 184 1750 302 235 1751 40 191 1752 304 182 1753 303 184 1754 305 180 1755 304 182 1756 40 191 1757 305 180 1758 39 141 1759 38 143 1760 247 144 1761 307 48 1762 306 50 1763 298 47 1764 307 48 1765 247 144 1766 34 15 1767 309 17 1768 308 19 1769 310 254 1770 58 140 1771 33 134 1772 311 244 1773 310 254 1774 43 250 1775 312 245 1776 311 244 1777 203 255 1778 313 199 1779 312 245 1780 5 246 1781 314 200 1782 313 199 1783 194 202 1784 314 200 1785 2 201 1786 0 63 1787 316 21 1788 315 24 1789 0 63 1790 261 61 1791 317 22 1792 316 21 1793 26 16 1794 308 19 1795 317 22 1796 172 100 1797 263 102 1798 319 135 1799 320 334 1800 319 135 1801 263 102 1802 320 334 1803 173 104 1804 174 103 1805 322 196 1806 321 136 1807 174 103 1808 323 198 1809 322 196 1810 175 106 1811 196 109 1812 176 108 1813 324 335 1814 324 335 1815 176 108 1816 201 110 1817 325 177 1818 201 110 1819 177 175 1820 326 139 1821 177 175 1822 171 97 1823 318 274 1824 327 133 1825 171 97 1826 328 145 1827 59 0 1828 61 13 1829 330 237 1830 329 147 1831 61 13 1832 331 239 1833 330 237 1834 62 11 1835 332 188 1836 331 239 1837 205 9 1838 333 189 1839 332 188 1840 64 10 1841 66 8 1842 334 192 1843 333 189 1844 68 3 1845 335 190 1846 334 192 1847 335 190 1848 68 3 1849 70 5 1850 248 271 1851 337 270 1852 336 142 1853 337 270 1854 248 271 1855 59 0 1856</p>
        </polylist>
      </mesh>
    </geometry>
  </library_geometries>
  <library_controllers>
    <controller id="Armature_Mesh-skin" name="Armature">
      <skin source="#MeshShape_007-mesh">
        <bind_shape_matrix>1 0 0 0 0 -1.62921e-7 -1 0 0 1 -1.62921e-7 0 0 0 0 1</bind_shape_matrix>
        <source id="Armature_Mesh-skin-joints">
          <Name_array id="Armature_Mesh-skin-joints-array" count="23">base_tokayA spine4 spine3 spine2 spine1 neck_base neck3 neck2 neck1 head_base head L_clavicle L_shoulder L_elbow L_hand R_clavicle R_shoulder R_elbow R_hand L_hip L_knee R_hip R_knee</Name_array>
          <technique_common>
            <accessor source="#Armature_Mesh-skin-joints-array" count="23" stride="1">
              <param name="JOINT" type="name"/>
            </accessor>
          </technique_common>
        </source>
        <source id="Armature_Mesh-skin-bind_poses">
          <float_array id="Armature_Mesh-skin-bind_poses-array" count="368">1 0 0 0 0 -1.62921e-7 1 -0.4306781 0 -1 -1.62921e-7 0 0 0 0 1 1 0 0 0 0 -1.62921e-7 1 -0.6996763 0 -1 -1.62921e-7 -0.05312061 0 0 0 1 1 0 0 0 0 -1.62921e-7 1 -0.9352005 0 -1 -1.62921e-7 -0.06510949 0 0 0 1 1 0 0 0 0 -1.62921e-7 1 -1.23606 0 -1 -1.63913e-7 -0.07110393 0 0 0 1 1 0 0 0 0 -1.62921e-7 1 -1.612488 0 -1 -1.63913e-7 -0.04113173 0 0 0 1 1 0 0 0 0 -1.62921e-7 1 -1.810305 0 -1 -1.62981e-7 -0.02015119 0 0 0 1 1 0 0 0 0 -1.62921e-7 1 -1.907427 0 -1 -1.62981e-7 -0.01670753 0 0 0 1 1 0 0 0 0 -1.62921e-7 1 -2.001193 0 -1 -1.62981e-7 -0.02285683 0 0 0 1 1 0 0 0 0 -1.62921e-7 1 -2.125019 0 -1 -1.6205e-7 -0.06080037 0 0 0 1 1 0 0 0 0 -1.62921e-7 1 -2.185417 0 -1 -1.63913e-7 -0.07778126 0 0 0 1 1 0 0 0 0 -1.62921e-7 1 -2.447535 0 -1 -1.60187e-7 -0.1519457 0 0 0 1 1 0 0 -0.2581801 0 -1.62921e-7 1 -1.7476 0 -1 -1.62981e-7 0.01204168 0 0 0 1 1 0 0 -0.4087637 0 -1.62921e-7 1 -1.587982 0 -1 -1.62981e-7 0.01204168 0 0 0 1 1 0 0 -1.020358 0 -1.62921e-7 1 -1.582958 0 -1 -1.63913e-7 0.05429893 0 0 0 1 1 0 0 -1.608936 0 -1.62921e-7 1 -1.578553 0 -1 -1.62921e-7 0.09124857 0 0 0 1 1 0 0 0.25818 0 -1.62921e-7 1 -1.7476 0 -1 -1.62981e-7 0.01204162 0 0 0 1 1 0 0 0.408764 0 -1.62921e-7 1 -1.587982 0 -1 -1.62981e-7 0.01204162 0 0 0 1 1 0 0 1.028996 0 -1.62921e-7 1 -1.583077 0 -1 -1.63913e-7 0.05329525 0 0 0 1 1 0 0 1.55925 0 -1.62921e-7 1 -1.566685 0 -1 -1.63913e-7 0.08936071 0 0 0 1 1 0 0 -0.2841546 0 -1.62921e-7 1 -0.4370133 0 -1 -1.62921e-7 0.004720389 0 0 0 1 1 0 0 -0.2499847 0 -1.62921e-7 1 0.874118 0 -1 -1.62921e-7 0.05645835 0 0 0 1 1 0 0 0.2836075 0 -1.62921e-7 1 -0.4241076 0 -1 -1.62921e-7 -0.003504753 0 0 0 1 1 0 0 0.2382536 0 -1.62921e-7 1 0.8783179 0 -1 -1.62921e-7 0.05258506 0 0 0 1</float_array>
          <technique_common>
            <accessor source="#Armature_Mesh-skin-bind_poses-array" count="23" stride="16">
              <param name="TRANSFORM" type="float4x4"/>
            </accessor>
          </technique_common>
        </source>
        <source id="Armature_Mesh-skin-weights">
          <float_array id="Armature_Mesh-skin-weights-array" count="975">0.5517054 0.01055264 0.4358984 0.001843631 0.6354795 0.06864905 0.286892 0.008979439 0.6664502 0.02899026 0.2993866 0.005173027 0.5534388 0.07055979 0.3668264 0.009175002 0.6757943 0.07499438 0.2356699 0.01354146 0.9290469 0.0169894 0.04924076 0.004722774 0.7844848 0.09398126 0.09965234 0.02188163 0.9213971 0.04984557 0.02875733 0.977554 0.006491482 0.01595449 0.9708313 0.02107483 0.008093893 0.9877753 0.01166749 5.57256e-4 0.9985773 0.001422762 0.9823418 0.01649647 0.001161694 0.7261416 0.07831877 0.01291817 0.1826214 0.6134676 0.02597272 0.004791617 0.355768 0.5259798 0.07555133 0.008851587 0.3896173 0.5853309 0.06983131 0.007979154 0.3368587 0.7670974 0.0146352 0.002258539 0.2160089 0.6516772 0.1234538 0.01918298 0.205686 0.6421841 0.03472805 0.007093966 0.3159939 0.3922498 0.3922498 0.06663805 0.1488624 0.4950222 0.1447134 0.04157507 0.3186894 0.3905126 0.3905126 0.08877003 0.1302048 0.4616624 0.2233352 0.1562994 0.158703 0.3939234 0.3939234 0.110772 0.1013813 0.3872806 0.3872806 0.1501483 0.0752905 0.5424743 0.06667619 0.3623484 0.02850109 0.4717835 0.2856238 0.198233 0.04435974 0.5517594 0.0142647 0.4309071 0.003068804 0.6669505 0.0744071 0.2464741 0.01216828 0.0127843 1.40858e-4 0.9870749 0.01775258 2.26399e-4 0.9820211 0.08191269 0.007113873 0.8855254 0.02544808 0.20699 0.04937911 0.6604083 0.08322256 0.4635405 0.1551041 0.2748197 0.1065357 0.3733147 0.1393132 0.09466773 0.3927044 0.009736776 0.002585828 0.01348537 0.974192 0.009808242 0.00148189 0.001501381 0.9872086 0.009115278 2.06432e-4 0.9906783 0.01176351 1.32845e-4 0.9881036 8.32384e-4 0.9991677 0.001465082 0.9985349 0.0300731 0.002291083 0.01643353 0.9512022 0.8189063 0.03346836 0.08522337 0.06240195 1 1 4.34756e-4 0.9995653 1 1 1 0.8594374 0.1324853 0.002611398 0.005465805 0.9991336 3.74552e-4 4.91953e-4 0.9989395 3.62047e-4 6.9842e-4 0.9980804 4.78641e-4 0.001440942 0.298209 0.7003731 3.96075e-4 0.001021921 0.8989641 0.04429066 0.02081263 0.03593254 0.07930696 0.001810014 0.9186012 2.81817e-4 0.6418215 0.3581786 0.3242167 0.0223816 0.5007269 0.1526748 1 1 1 1 1 1 2.48235e-4 0.9997518 1 1 0.0192399 0.9807601 1 1 1 0.9756996 0.02411699 1.83476e-4 0.9621021 0.03470629 0.00319159 0.8226101 0.118376 0.01931297 0.0397008 0.8163859 0.1228949 0.03486734 0.0258519 0.002357721 0.003261208 0.004018485 0.9897229 6.39684e-4 0.005711019 0.008050799 0.009756922 0.9749311 0.001550078 1 1 0.6066436 0.3910647 3.70824e-4 0.001131713 7.89094e-4 0.1522825 0.007223367 0.833193 0.003099441 0.00420171 1 1 1 1 1 1 1 1 1 0.998134 0.001866042 0.836273 0.1624178 6.71716e-4 6.37596e-4 1 1 0.001207709 0.002145171 0.002666294 0.9935727 4.08132e-4 0.002238333 0.005635976 0.006646096 0.9845699 9.09774e-4 0.6792122 0.1990455 0.02250629 0.09923601 0.2983638 0.2994126 0.2814084 0.09710919 0.02370589 0.7480651 0.07071703 0.01410567 0.1671121 0.5793564 0.06736338 0.00941801 0.3438622 0.2542822 0.3403277 0.3150647 0.08846235 0.001862883 0.2536661 0.3271578 0.296477 0.0810129 0.04168617 0.2447046 0.3239022 0.2987564 0.08415031 0.04848647 1 1 0.008388936 0.02556371 0.9530971 0.008685946 0.004264414 0.09601819 0.3684045 0.3758501 0.1101447 0.04958254 1 1 1 1 0.9774239 0.00151062 0.01118886 0.009520113 3.56442e-4 0.2156863 0.7634415 0.01028412 0.01033115 2.56813e-4 0.9984067 1.03284e-4 7.30102e-4 7.59884e-4 0.979676 0.003444731 8.09434e-4 0.008034884 0.008034884 1 1 0.04526269 0.09809505 0.1094395 0.729647 0.01755577 0.07621109 0.1504963 0.165901 0.5747796 0.03261202 0.4134504 0.2895994 0.2700087 0.02694147 0.4883764 0.2936312 0.1809166 0.03707581 0.2317227 0.3008531 0.2894183 0.1078843 0.07012146 1.2551e-4 3.6844e-4 0.9993802 1.25835e-4 0.001904368 0.008702933 0.9706009 0.01235216 0.006439685 0.007938325 0.9789236 0.005031108 0.006734251 0.001372754 1 1 0.9979042 9.45325e-4 0.001150488 0.1764706 0.7822272 0.02049827 0.02063143 1.72549e-4 0.9413731 7.64032e-4 0.02893143 0.02893143 0.998646 6.60336e-4 6.93627e-4 0.9680146 0.01461774 0.008100032 0.009267508 1 1 1 0.9978308 0.00116074 4.55409e-4 5.53102e-4 0.2509804 0.7158114 0.001991689 0.0160796 0.01513683 1 1 0.001045763 0.00254482 0.002999961 0.9929558 4.53739e-4 0.01463168 0.03091502 0.03421545 0.9145584 0.005679368 0.3618336 0.3270879 0.2748724 0.036206 0.3665248 0.2703152 0.3358127 0.02734738 0.7314612 0.06073659 0.1948983 0.01290374 0.5943424 0.06481355 0.3309916 0.009852409 0.8067551 0.07492601 0.09702277 0.02129608 0.6011828 0.2398651 0.125133 0.03381913 0.004348278 0.008782088 0.01056021 0.9747083 0.00160104 1 0.1882353 0.8004096 0.001601219 0.005865573 0.003888368 1 1 0.6367077 0.06330317 0.2909348 0.009054362 0.727471 0.06992715 0.1896418 0.01296001 0.4421962 0.3278635 0.1718392 0.05810105 0.6140368 0.06754183 0.008583664 0.3098376 0.6588259 0.1059836 0.01884251 0.2163479 0.3878747 0.3878747 0.08403182 0.1402189 1 1 0.2715612 0.3215267 0.1470789 0.2239525 0.03588062 0.009630441 0.05104887 0.8285011 0.07467359 0.03614604 0.002747237 0.01011019 0.9828181 0.00306189 0.001262426 0.2337718 0.3140373 0.2961599 0.09141188 0.06461918 0.2409955 0.3396562 0.3215786 0.09312659 0.004643082 0.03665703 0.1957723 0.3622633 0.2593544 0.145953 0.06207197 0.7994216 0.03329694 0.007649064 0.09756052 1 1 1 1 1 1 0.001128256 0.9988717 1 2.19455e-4 0.9989135 1.23945e-4 7.43158e-4 1 0.2418051 0.325275 0.3141933 0.1129254 0.005801141 1 0.002826869 0.9908035 0.001761198 4.44214e-4 0.004164159 0.01338201 0.06168496 0.7943716 0.08155888 0.04900252 1 1 0.9676288 1.333e-4 0.01540058 0.0158894 9.47922e-4 1 0.04096305 0.09293985 0.1089031 0.7380442 0.01914978 0.4054835 0.3553659 0.03583574 0.2033149 0.2791897 0.2983945 0.2879224 0.1113811 0.02311217 0.01219415 0.02965897 0.03500396 0.9178962 0.005246698 1 0.9978007 0.002199292 0.1569402 0.8429076 1.52189e-4 1 0.8497906 0.01887309 0.1268824 0.004453897 0.7098713 0.007121205 0.2830075 2.95639e-4 0.9997044 0.9087859 0.01474452 0.0037629 0.07270663 4.18053e-4 0.9995819 2.71082e-4 0.9997289 1 2.21484e-4 0.9997785 0.4701757 0.01593881 0.4335631 0.08032232 0.9371004 1.69153e-4 0.06273049 0.001579999 2.75467e-4 0.9978545 2.89937e-4 1 0.02848768 0.01004087 0.9614714 0.9819137 0.01808631 0.05824881 0.1626538 0.2167799 0.5303826 0.03193491 0.07522392 0.2479741 0.3554542 0.2817209 0.03962671 0.03098338 0.08501654 0.1157085 0.7494708 0.01882082 0.05771964 0.1807982 0.2504585 0.4813393 0.02968436 0.968545 5.05049e-4 0.03077453 1.75459e-4 0.9774595 3.5853e-4 0.02202105 1.60815e-4 0.9881958 0.01180416 1 1 1 1 1 0.9998143 1.85773e-4 1 1 1 1 0.7463158 0.09637814 4.33693e-4 0.07843619 0.07843619 0.802847 0.1042025 0.04546201 0.04630303 0.001185417 0.4503806 0.3486014 0.01176983 0.09501135 0.09423667 0.009491384 0.04377269 0.2970724 0.1570466 0.4926168 0.01408338 0.07300776 0.378601 0.3150828 0.219225 0.7435587 0.1963576 0.01035177 0.04973202 0.6941367 0.3005341 0.001987338 0.003341734 0.2775212 0.6414968 0.03859776 0.04056411 0.001819968 0.01122623 0.05110889 0.1598778 0.1584301 0.6193569 0.01697367 0.0869385 0.3172519 0.3119258 0.2669101 1 1 1 0.998349 1.58372e-4 8.76885e-4 6.1572e-4 0.03171736 0.7392818 0.01921945 0.107662 0.1021193 0.7942793 0.04259914 0.01230973 0.07540589 0.07540589 1 0.0329203 0.08458453 0.1058548 0.7601524 0.01648801 0.235177 0.3117298 0.3029784 0.1183369 0.03177773 0.5029232 0.2855449 0.05234825 0.1591836 0.4923655 0.2705719 0.04250907 0.1945534 0.566439 0.0864706 0.02048915 0.3266012 0.01020377 7.48688e-4 6.05093e-4 0.9884424 1 1 1 1 1 0.006466627 0.9771881 0.003986477 0.01123887 0.001119852 0.1402999 0.6315219 0.03492045 0.1051177 0.08813995 0.001953244 0.007823348 0.9690974 0.01138335 0.009742677 1 0.03530496 0.08294212 0.09984362 0.7643979 0.01751142 0.224078 0.2788746 0.2693181 0.1129699 0.1147593 0.6132388 0.1846717 0.1680474 0.03404206 0.5842266 0.1618156 0.2278899 0.02606797 0.5000878 0.03185003 0.4604632 0.007598817 0.03474992 0.001329541 0.9639205 1 1 1 1 1 1 1 0.05969762 0.8403419 0.05359792 0.04283857 0.003524005 1 1 1 1 0.9945851 0.002682268 0.002732634 0.1333333 0.6274521 0.1079834 0.1288309 0.002400219 0.08927333 0.9005239 0.004405379 0.005513787 2.83697e-4 1 1 1 1 0.03529411 0.964706 0.5764759 0.4231795 1.51568e-4 1.93109e-4 0.3607965 0.6392034 1 1 1 0.9992659 2.98181e-4 4.36026e-4 1 1 1 1 1 1 1 1 1 0.1582385 0.02397757 0.0152021 0.8025817 0.1258489 0.03662866 0.06152248 0.776 0.3976416 0.02337563 0.0897352 0.4892476 0.8680765 0.0105282 0.03437089 0.08702427 0.9927627 0.007237315 0.9825699 8.00896e-4 0.001072347 0.01555687 0.4246604 0.00365597 0.001779258 0.5699044 0.4397112 6.01032e-4 2.37441e-4 0.5594503 0.2477113 0.002853333 0.001221776 0.7482135 0.1884851 0.01193696 0.006044268 0.7935338 0.2303982 0.0168907 0.7337998 0.01891124 0.3294528 0.08525031 0.4709063 0.1143906 0.5998134 0.03238135 0.2223445 0.1454607 0.807012 0.007281541 0.1692708 0.01643568 0.9052886 8.23612e-4 0.09307754 8.10264e-4 0.9161136 6.95888e-4 0.08272933 4.61142e-4 0.4957909 0.003498435 0.4990131 0.00169754 0.3034511 6.46424e-4 0.6959025 0.1885439 7.73786e-4 0.8106823 0.1930602 0.005044162 0.7994376 0.002457976 0.005302906 0.9946971 6.82473e-4 0.9993175 3.74734e-4 0.9996253 1 1 1 0.06705594 0.9329441 0.01273125 0.001330912 0.985539 3.98818e-4 0.007102668 9.76995e-4 0.9916751 2.45287e-4 0.02941936 0.006882011 0.9464057 0.001944661 0.01534831 1 1.74094e-4 0.999826 2.40247e-4 0.9997597 1 1 1.85847e-4 0.9998142 1 1 1 1</float_array>
          <technique_common>
            <accessor source="#Armature_Mesh-skin-weights-array" count="975" stride="1">
              <param name="WEIGHT" type="float"/>
            </accessor>
          </technique_common>
        </source>
        <joints>
          <input semantic="JOINT" source="#Armature_Mesh-skin-joints"/>
          <input semantic="INV_BIND_MATRIX" source="#Armature_Mesh-skin-bind_poses"/>
        </joints>
        <vertex_weights count="338">
          <input semantic="JOINT" source="#Armature_Mesh-skin-joints" offset="0"/>
          <input semantic="WEIGHT" source="#Armature_Mesh-skin-weights" offset="1"/>
          <vcount>4 4 4 4 4 4 4 3 3 3 3 2 3 4 4 4 4 4 4 4 4 4 4 4 4 4 4 4 4 4 3 3 4 4 4 4 4 4 3 3 2 2 4 4 1 1 2 1 1 1 4 3 3 3 4 4 4 2 4 1 1 1 1 1 1 2 1 1 2 1 1 1 3 3 4 4 5 5 1 1 5 5 1 1 1 1 1 1 1 1 1 2 4 1 1 5 5 4 5 4 4 5 5 5 1 1 5 5 1 1 1 1 5 5 4 5 1 1 5 5 4 4 5 4 5 5 1 1 3 5 4 3 4 1 1 1 4 5 1 1 5 5 4 4 4 4 4 4 5 1 5 1 1 4 4 4 4 4 4 1 1 5 5 5 5 5 5 5 1 1 1 1 1 1 2 1 4 1 5 1 5 5 1 1 5 1 5 4 5 5 1 2 3 1 4 3 2 4 2 2 1 2 4 3 4 1 3 2 5 5 5 5 4 4 2 1 1 1 1 1 2 1 1 1 1 5 5 5 5 5 4 4 5 5 5 1 1 1 4 5 5 1 5 5 4 4 4 4 1 1 1 1 1 5 5 5 1 5 5 4 4 4 3 1 1 1 1 1 1 1 5 1 1 1 1 3 5 5 1 1 1 1 2 4 2 1 1 1 3 1 1 1 1 1 1 1 1 1 4 4 4 4 2 4 4 4 4 4 4 4 4 4 4 4 4 3 3 4 2 2 2 1 1 1 2 4 4 5 1 2 2 1 1 2 1 1 1 1 </vcount>
          <v>0 0 1 1 19 2 21 3 0 4 1 5 19 6 21 7 0 8 1 9 19 10 21 11 0 12 1 13 19 14 21 15 0 16 1 17 19 18 21 19 0 20 1 21 19 22 21 23 0 24 1 25 19 26 21 27 0 28 1 29 19 30 0 31 1 32 19 33 0 34 1 35 19 36 0 37 1 38 19 39 0 40 1 41 0 42 1 43 19 44 0 45 1 46 19 47 21 48 0 49 1 50 19 51 21 52 0 53 1 54 19 55 21 56 0 57 1 58 19 59 21 60 0 61 1 62 19 63 21 64 0 65 1 66 19 67 21 68 0 69 1 70 19 71 21 72 0 73 1 74 19 75 21 76 0 77 1 78 19 79 21 80 0 81 1 82 19 83 21 84 0 85 1 86 19 87 21 88 0 89 1 90 19 91 21 92 0 93 1 94 19 95 21 96 0 97 1 98 19 99 21 100 0 101 1 102 19 103 21 104 0 105 1 106 19 107 21 108 0 109 1 110 19 111 21 112 0 113 1 114 19 115 0 116 1 117 19 118 0 119 1 120 19 121 21 122 0 123 1 124 19 125 21 126 0 127 1 128 19 129 21 130 0 131 1 132 19 133 21 134 0 135 1 136 19 137 21 138 0 139 1 140 19 141 21 142 0 143 1 144 21 145 0 146 1 147 21 148 0 149 21 150 0 151 21 152 0 153 1 154 19 155 21 156 0 157 1 158 19 159 21 160 19 161 19 162 0 163 19 164 19 165 19 166 19 167 3 168 5 169 15 170 16 171 5 172 15 173 16 174 5 175 15 176 16 177 5 178 15 179 16 180 3 181 5 182 15 183 16 184 3 185 5 186 15 187 16 188 0 189 1 190 19 191 20 192 0 193 19 194 0 195 1 196 19 197 21 198 21 199 21 200 21 201 21 202 21 203 21 204 0 205 21 206 21 207 21 208 0 209 21 210 21 211 21 212 21 213 0 214 1 215 19 216 0 217 1 218 19 219 0 220 1 221 19 222 21 223 0 224 1 225 19 226 21 227 0 228 1 229 2 230 3 231 4 232 0 233 1 234 2 235 3 236 4 237 3 238 3 239 3 240 5 241 6 242 15 243 16 244 3 245 4 246 5 247 6 248 11 249 5 250 5 251 5 252 5 253 5 254 5 255 5 256 5 257 5 258 3 259 5 260 3 261 5 262 15 263 16 264 3 265 3 266 0 267 1 268 2 269 3 270 4 271 0 272 1 273 2 274 3 275 4 276 0 277 1 278 19 279 21 280 0 281 1 282 2 283 3 284 19 285 0 286 1 287 19 288 21 289 0 290 1 291 19 292 21 293 0 294 1 295 2 296 3 297 21 298 0 299 1 300 2 301 3 302 19 303 0 304 1 305 2 306 3 307 19 308 5 309 5 310 1 311 2 312 3 313 4 314 5 315 1 316 2 317 3 318 4 319 5 320 5 321 5 322 5 323 5 324 5 325 6 326 11 327 12 328 13 329 3 330 5 331 11 332 12 333 13 334 3 335 5 336 11 337 12 338 3 339 5 340 6 341 11 342 12 343 3 344 3 345 0 346 1 347 2 348 3 349 4 350 0 351 1 352 2 353 3 354 4 355 0 356 1 357 19 358 21 359 0 360 1 361 19 362 21 363 0 364 1 365 2 366 3 367 19 368 1 369 2 370 3 371 4 372 1 373 2 374 3 375 4 376 5 377 4 378 5 379 6 380 11 381 15 382 5 383 5 384 5 385 11 386 12 387 3 388 5 389 11 390 12 391 13 392 3 393 5 394 11 395 12 396 5 397 11 398 12 399 3 400 5 401 11 402 12 403 5 404 5 405 5 406 3 407 5 408 11 409 12 410 3 411 5 412 6 413 11 414 12 415 3 416 3 417 0 418 1 419 2 420 3 421 4 422 0 423 1 424 2 425 3 426 4 427 0 428 1 429 19 430 21 431 0 432 1 433 19 434 21 435 0 436 1 437 19 438 21 439 0 440 1 441 19 442 21 443 0 444 1 445 19 446 21 447 0 448 1 449 19 450 21 451 0 452 1 453 2 454 3 455 4 456 3 457 3 458 5 459 6 460 11 461 12 462 5 463 5 464 0 465 1 466 19 467 21 468 0 469 1 470 19 471 21 472 0 473 1 474 19 475 21 476 0 477 1 478 19 479 21 480 0 481 1 482 19 483 21 484 0 485 1 486 19 487 21 488 5 489 5 490 4 491 5 492 6 493 11 494 15 495 1 496 2 497 3 498 4 499 5 500 1 501 2 502 3 503 4 504 5 505 0 506 1 507 2 508 3 509 19 510 0 511 1 512 2 513 3 514 21 515 1 516 2 517 3 518 4 519 5 520 4 521 5 522 6 523 11 524 15 525 5 526 5 527 5 528 19 529 19 530 19 531 0 532 19 533 19 534 0 535 19 536 20 537 21 538 19 539 0 540 1 541 2 542 3 543 21 544 5 545 4 546 5 547 6 548 11 549 15 550 1 551 2 552 3 553 4 554 5 555 5 556 5 557 3 558 10 559 15 560 16 561 17 562 3 563 0 564 1 565 2 566 3 567 4 568 0 569 1 570 19 571 21 572 0 573 1 574 2 575 3 576 19 577 0 578 1 579 2 580 3 581 4 582 3 583 3 584 5 585 3 586 5 587 16 588 5 589 0 590 1 591 19 592 21 593 0 594 1 595 19 596 0 597 19 598 0 599 1 600 19 601 21 602 0 603 21 604 0 605 21 606 19 607 0 608 19 609 0 610 1 611 19 612 21 613 0 614 1 615 19 616 0 617 1 618 21 619 22 620 21 621 0 622 19 623 21 624 0 625 19 626 0 627 1 628 2 629 3 630 4 631 0 632 1 633 2 634 3 635 4 636 0 637 1 638 2 639 3 640 4 641 0 642 1 643 2 644 3 645 4 646 0 647 1 648 19 649 21 650 0 651 1 652 19 653 21 654 0 655 19 656 5 657 5 658 5 659 5 660 5 661 5 662 16 663 5 664 5 665 5 666 5 667 3 668 5 669 6 670 11 671 12 672 3 673 5 674 11 675 12 676 13 677 3 678 5 679 6 680 11 681 12 682 1 683 2 684 3 685 4 686 5 687 1 688 2 689 3 690 4 691 5 692 3 693 5 694 15 695 16 696 3 697 5 698 15 699 16 700 3 701 5 702 15 703 16 704 17 705 1 706 2 707 3 708 4 709 5 710 1 711 2 712 3 713 4 714 5 715 5 716 5 717 5 718 5 719 6 720 15 721 16 722 3 723 5 724 6 725 15 726 16 727 3 728 5 729 6 730 15 731 16 732 3 733 0 734 1 735 2 736 3 737 4 738 0 739 1 740 2 741 3 742 21 743 0 744 1 745 19 746 21 747 0 748 1 749 19 750 21 751 0 752 1 753 19 754 21 755 0 756 1 757 19 758 21 759 21 760 21 761 5 762 5 763 5 764 4 765 5 766 6 767 11 768 15 769 3 770 5 771 6 772 11 773 12 774 1 775 2 776 3 777 4 778 5 779 3 780 0 781 1 782 2 783 3 784 4 785 0 786 1 787 2 788 3 789 19 790 0 791 1 792 19 793 21 794 0 795 1 796 19 797 21 798 0 799 1 800 19 801 21 802 0 803 1 804 19 805 19 806 5 807 5 808 5 809 5 810 5 811 5 812 4 813 5 814 6 815 11 816 15 817 5 818 5 819 5 820 5 821 5 822 11 823 12 824 3 825 5 826 11 827 12 828 13 829 3 830 5 831 11 832 12 833 13 834 5 835 5 836 5 837 5 838 3 839 5 840 3 841 5 842 15 843 16 844 3 845 5 846 5 847 5 848 5 849 5 850 15 851 16 852 5 853 5 854 5 855 5 856 5 857 5 858 5 859 5 860 5 861 0 862 1 863 19 864 21 865 0 866 1 867 19 868 21 869 0 870 1 871 19 872 21 873 0 874 1 875 19 876 21 877 0 878 19 879 0 880 1 881 19 882 21 883 0 884 1 885 19 886 21 887 0 888 1 889 19 890 21 891 0 892 1 893 19 894 21 895 0 896 1 897 19 898 21 899 0 900 1 901 19 902 21 903 0 904 1 905 19 906 21 907 0 908 1 909 19 910 21 911 0 912 1 913 19 914 21 915 0 916 1 917 19 918 21 919 0 920 1 921 19 922 21 923 0 924 1 925 19 926 21 927 0 928 1 929 19 930 0 931 1 932 19 933 0 934 1 935 19 936 21 937 0 938 19 939 0 940 19 941 0 942 19 943 19 944 19 945 19 946 0 947 19 948 0 949 1 950 19 951 20 952 0 953 1 954 19 955 20 956 0 957 1 958 19 959 20 960 21 961 21 962 19 963 21 964 19 965 21 966 21 967 21 968 0 969 21 970 21 971 21 972 21 973 21 974</v>
        </vertex_weights>
      </skin>
    </controller>
  </library_controllers>
  <library_visual_scenes>
    <visual_scene id="Scene" name="Scene">
      <node id="Armature" name="Armature" type="NODE">
        <matrix sid="transform">1 0 0 0 0 -1.62921e-7 -1 0 0 1 -1.62921e-7 0 0 0 0 1</matrix>
        <node id="base_tokayA" name="base_tokayA" sid="base_tokayA" type="JOINT">
          <matrix sid="transform">1 0 0 0 0 0.9999999 0 0.430678 0 0 1 0 0 0 0 1</matrix>
          <node id="spine4" name="spine4" sid="spine4" type="JOINT">
            <matrix sid="transform">1 0 0 0 0 1 0 0.2689982 0 0 1 0.05312062 0 0 0 1</matrix>
            <node id="spine3" name="spine3" sid="spine3" type="JOINT">
              <matrix sid="transform">1 0 0 0 0 1 0 0.2355242 0 0 1 0.01198888 0 0 0 1</matrix>
              <node id="spine2" name="spine2" sid="spine2" type="JOINT">
                <matrix sid="transform">1 0 0 0 0 1 0 0.3008596 0 0 1 0.005994432 0 0 0 1</matrix>
                <node id="spine1" name="spine1" sid="spine1" type="JOINT">
                  <matrix sid="transform">1 0 0 0 0 1 0 0.376428 0 0 1 -0.02997218 0 0 0 1</matrix>
                  <node id="neck_base" name="neck_base" sid="neck_base" type="JOINT">
                    <matrix sid="transform">1 0 0 0 0 1 0 0.1978171 0 0 1 -0.02098053 0 0 0 1</matrix>
                    <node id="neck3" name="neck3" sid="neck3" type="JOINT">
                      <matrix sid="transform">1 0 0 0 0 1 0 0.09712195 0 0 1 -0.003443653 0 0 0 1</matrix>
                      <node id="neck2" name="neck2" sid="neck2" type="JOINT">
                        <matrix sid="transform">1 0 0 0 0 1 0 0.09376609 0 0 1 0.006149311 0 0 0 1</matrix>
                        <node id="neck1" name="neck1" sid="neck1" type="JOINT">
                          <matrix sid="transform">1 0 0 0 0 1 0 0.123826 0 0 1 0.03794353 0 0 0 1</matrix>
                          <node id="head_base" name="head_base" sid="head_base" type="JOINT">
                            <matrix sid="transform">1 0 0 0 0 1 0 0.06039786 0 0 1 0.01698088 0 0 0 1</matrix>
                            <node id="head" name="head" sid="head" type="JOINT">
                              <matrix sid="transform">1 0 0 0 0 1 0 0.2621174 0 3.72529e-9 1 0.07416441 0 0 0 1</matrix>
                              <node id="prop_head" name="prop_head" sid="prop_head" type="JOINT">
                                <matrix sid="transform">1 0 0 0 0 1 -3.72529e-9 0 0 7.45058e-9 1 1.49012e-8 0 0 0 1</matrix>
                              </node>
                            </node>
                          </node>
                        </node>
                      </node>
                    </node>
                    <node id="L_clavicle" name="L_clavicle" sid="L_clavicle" type="JOINT">
                      <matrix sid="transform">1 0 0 0.2581801 0 0.9999999 0 -0.06270504 0 0 1 -0.03219294 0 0 0 1</matrix>
                      <node id="L_shoulder" name="L_shoulder" sid="L_shoulder" type="JOINT">
                        <matrix sid="transform">1 0 0 0.1505836 0 1 0 -0.159618 0 0 1 -1.86265e-9 0 0 0 1</matrix>
                        <node id="L_elbow" name="L_elbow" sid="L_elbow" type="JOINT">
                          <matrix sid="transform">1 -2.98023e-8 0 0.6115943 0 1 0 -0.005023837 0 0 1 -0.04225723 0 0 0 1</matrix>
                          <node id="L_hand" name="L_hand" sid="L_hand" type="JOINT">
                            <matrix sid="transform">1 0 0 0.5885779 0 0.9999999 0 -0.004405379 -3.72529e-9 0 1 -0.03694966 0 0 0 1</matrix>
                            <node id="L_weapon" name="L_weapon" sid="L_weapon" type="JOINT">
                              <matrix sid="transform">0.9999999 0 0 0.1700363 5.96046e-8 1 0 0 -3.72529e-9 0 1 0 0 0 0 1</matrix>
                              <node id="prop_R_weapon1" name="prop_R_weapon1" sid="prop_R_weapon1" type="JOINT">
                                <matrix sid="transform">1 0 0 -1.19209e-7 0 1 0 -1.19209e-7 0 0 1 0 0 0 0 1</matrix>
                              </node>
                            </node>
                          </node>
                        </node>
                      </node>
                    </node>
                    <node id="R_clavicle" name="R_clavicle" sid="R_clavicle" type="JOINT">
                      <matrix sid="transform">1 0 0 -0.25818 0 0.9999999 0 -0.06270504 0 0 1 -0.0321929 0 0 0 1</matrix>
                      <node id="R_shoulder" name="R_shoulder" sid="R_shoulder" type="JOINT">
                        <matrix sid="transform">1 -1.49012e-8 0 -0.150584 0 1 0 -0.159618 0 0 1 9.31323e-10 0 0 0 1</matrix>
                        <node id="R_elbow" name="R_elbow" sid="R_elbow" type="JOINT">
                          <matrix sid="transform">1 0 0 -0.620232 0 1 0 -0.004904985 0 0 1 -0.04125359 0 0 0 1</matrix>
                          <node id="R_hand" name="R_hand" sid="R_hand" type="JOINT">
                            <matrix sid="transform">1 -5.96046e-8 0 -0.5302544 -9.43588e-8 1 0 -0.01639187 3.17665e-9 0 1 -0.03606547 0 0 0 1</matrix>
                            <node id="slingbase" name="slingbase" sid="slingbase" type="JOINT">
                              <matrix sid="transform">1 -5.96046e-8 0 -0.2169002 0 1 0 -0.01550961 0 0 1 0.3496202 0 0 0 1</matrix>
                              <node id="sling_01" name="sling_01" sid="sling_01" type="JOINT">
                                <matrix sid="transform">1 0 0 0.001725197 0 1 0 0.006504774 0 0 1 0.05657107 0 0 0 1</matrix>
                                <node id="sling_02" name="sling_02" sid="sling_02" type="JOINT">
                                  <matrix sid="transform">1 0 0 -0.2628354 0 1 0 0.006675005 0 0 1 0.03059229 0 0 0 1</matrix>
                                  <node id="sling_03" name="sling_03" sid="sling_03" type="JOINT">
                                    <matrix sid="transform">1 0 0 -0.2690468 0 1 0 0.00430584 0 0 1 0.03199306 0 0 0 1</matrix>
                                    <node id="sling_04" name="sling_04" sid="sling_04" type="JOINT">
                                      <matrix sid="transform">1 0 0 -0.2664855 0 1 0 0.00210762 0 0 1 0.03226706 0 0 0 1</matrix>
                                      <node id="sling_05" name="sling_05" sid="sling_05" type="JOINT">
                                        <matrix sid="transform">1 0 0 -0.2827821 0 1 0 9.38892e-4 0 0 1 0.03458837 0 0 0 1</matrix>
                                        <node id="sling_06" name="sling_06" sid="sling_06" type="JOINT">
                                          <matrix sid="transform">1 0 0 -0.2727315 0 1 0 9.05514e-4 0 0 1 0.03335908 0 0 0 1</matrix>
                                          <node id="sling_07" name="sling_07" sid="sling_07" type="JOINT">
                                            <matrix sid="transform">0.9999999 0 0 -0.2775905 0 1 0 -0.00308764 0 0 1 0.03502876 0 0 0 1</matrix>
                                            <node id="sling_08" name="sling_08" sid="sling_08" type="JOINT">
                                              <matrix sid="transform">1 0 0 -0.2751729 0 1 0 -0.001532435 0 0 1 0.03431374 0 0 0 1</matrix>
                                              <node id="projectile" name="projectile" sid="projectile" type="JOINT">
                                                <matrix sid="transform">1 0 0 -0.140125 0 1 0 1.5223e-4 0 0 1 0.01612586 0 0 0 1</matrix>
                                                <node id="prop_projectile" name="prop_projectile" sid="prop_projectile" type="JOINT">
                                                  <matrix sid="transform">1 0 0 0 0 1 0 0 0 0 1 0 0 0 0 1</matrix>
                                                </node>
                                              </node>
                                              <node id="loaded_projectile" name="loaded_projectile" sid="loaded_projectile" type="JOINT">
                                                <matrix sid="transform">1 0 0 -0.140125 0 1 0 1.5223e-4 0 0 1 0.01612586 0 0 0 1</matrix>
                                                <node id="prop_loaded_projectile" name="prop_loaded_projectile" sid="prop_loaded_projectile" type="JOINT">
                                                  <matrix sid="transform">1 0 0 0 0 1 0 0 0 0 1 0 0 0 0 1</matrix>
                                                </node>
                                              </node>
                                            </node>
                                          </node>
                                        </node>
                                      </node>
                                    </node>
                                  </node>
                                </node>
                              </node>
                            </node>
                          </node>
                          <node id="R_weapon" name="R_weapon" sid="R_weapon" type="JOINT">
                            <matrix sid="transform">1 -5.96046e-8 0 -0.827268 -9.43588e-8 1 0 -0.01639187 3.17665e-9 0 1 -0.03606547 0 0 0 1</matrix>
                            <node id="prop_R_weapon" name="prop_R_weapon" sid="prop_R_weapon" type="JOINT">
                              <matrix sid="transform">1 0 0 0 0 1 0 1.19209e-7 0 0 1 0 0 0 0 1</matrix>
                            </node>
                          </node>
                        </node>
                      </node>
                    </node>
                  </node>
                </node>
              </node>
            </node>
          </node>
          <node id="L_hip" name="L_hip" sid="L_hip" type="JOINT">
            <matrix sid="transform">1 0 0 0.2841546 0 1 0 0.006335288 0 0 1 -0.004720413 0 0 0 1</matrix>
            <node id="L_knee" name="L_knee" sid="L_knee" type="JOINT">
              <matrix sid="transform">1 0 0 -0.0341699 0 1 0 -1.311131 0 0 1 -0.05173798 0 0 0 1</matrix>
              <node id="L_foot" name="L_foot" sid="L_foot" type="JOINT">
                <matrix sid="transform">1 0 0 -0.02915664 0 1 0 -1.11877 0 0 1 -0.04414792 0 0 0 1</matrix>
                <node id="L_toes" name="L_toes" sid="L_toes" type="JOINT">
                  <matrix sid="transform">1 -1.56244e-8 0 -0.006655708 8.17382e-9 1 0 -0.1021217 0 3.72529e-9 1 0.2813728 0 0 0 1</matrix>
                  <node id="L_tipeetoes" name="L_tipeetoes" sid="L_tipeetoes" type="JOINT">
                    <matrix sid="transform">1 7.45058e-9 0 -0.002604827 -8.17381e-9 1 0 -0.02824187 0 0 1 0.1324171 0 0 0 1</matrix>
                  </node>
                </node>
              </node>
            </node>
          </node>
          <node id="R_hip" name="R_hip" sid="R_hip" type="JOINT">
            <matrix sid="transform">1 0 0 -0.2836075 0 1 0 -0.006570518 0 0 1 0.003504782 0 0 0 1</matrix>
            <node id="R_knee" name="R_knee" sid="R_knee" type="JOINT">
              <matrix sid="transform">1 0 0 0.0453539 0 1 0 -1.302425 0 0 1 -0.05608985 0 0 0 1</matrix>
              <node id="R_foot" name="R_foot" sid="R_foot" type="JOINT">
                <matrix sid="transform">1 0 0 0.03892805 0 1 0 -1.117895 0 0 1 -0.0481433 0 0 0 1</matrix>
                <node id="R_toes" name="R_toes" sid="R_toes" type="JOINT">
                  <matrix sid="transform">1 1.56244e-8 0 0.005734026 -8.17382e-9 1 0 -0.1031561 0 3.72529e-9 1 0.2810147 0 0 0 1</matrix>
                  <node id="R_tipeetoes" name="R_tipeetoes" sid="R_tipeetoes" type="JOINT">
                    <matrix sid="transform">1 -7.45058e-9 0 0.002002433 8.17381e-9 1 0 -0.02872968 0 0 1 0.1323216 0 0 0 1</matrix>
                  </node>
                </node>
              </node>
            </node>
          </node>
          <node id="tail_01" name="tail_01" sid="tail_01" type="JOINT">
            <matrix sid="transform">1 0 0 -0.05167584 0 1 0 0.1937212 0 0 1 -0.2192851 0 0 0 1</matrix>
            <node id="tail_02" name="tail_02" sid="tail_02" type="JOINT">
              <matrix sid="transform">1 0 0 0.001208097 0 1 0 -0.2680595 0 0 1 -0.0715411 0 0 0 1</matrix>
              <node id="tail_03" name="tail_03" sid="tail_03" type="JOINT">
                <matrix sid="transform">1 0 0 -0.006656505 0 0.9999999 0 -0.401767 0 0 1 -0.04307932 0 0 0 1</matrix>
                <node id="tail_04" name="tail_04" sid="tail_04" type="JOINT">
                  <matrix sid="transform">1 0 0 -0.006040566 0 1 0 -0.36762 0 0 1 -0.03995907 0 0 0 1</matrix>
                  <node id="tail_05" name="tail_05" sid="tail_05" type="JOINT">
                    <matrix sid="transform">1 0 0 -4.21464e-4 0 0.9999999 0 -0.2896177 0 0 1 -0.06428713 0 0 0 1</matrix>
                    <node id="tail_06" name="tail_06" sid="tail_06" type="JOINT">
                      <matrix sid="transform">1 0 0 0.005822264 0 1 0 -0.2788514 0 0 1 -0.1086821 0 0 0 1</matrix>
                      <node id="tail_07" name="tail_07" sid="tail_07" type="JOINT">
                        <matrix sid="transform">1 0 0 0.007436566 0 1 0 -0.2179562 0 0 1 -0.106657 0 0 0 1</matrix>
                      </node>
                    </node>
                  </node>
                </node>
              </node>
            </node>
          </node>
          <node id="R_Fflap_01" name="R_Fflap_01" sid="R_Fflap_01" type="JOINT">
            <matrix sid="transform">1 0 0 -0.5758418 0 1 0 -0.02738503 0 0 1 0.218328 0 0 0 1</matrix>
            <node id="R_Fflap_02" name="R_Fflap_02" sid="R_Fflap_02" type="JOINT">
              <matrix sid="transform">1 0 0 -0.08103043 0 1 0 -0.265348 0 0 1 0 0 0 0 1</matrix>
              <node id="R_Fflap_03" name="R_Fflap_03" sid="R_Fflap_03" type="JOINT">
                <matrix sid="transform">1 0 0 -0.05679053 0 0.9999999 0 -0.4001147 0 0 1 0 0 0 0 1</matrix>
                <node id="R_Fflap_04" name="R_Fflap_04" sid="R_Fflap_04" type="JOINT">
                  <matrix sid="transform">1 0 0 -0.03669041 0 1 0 -0.3565988 0 0 1 0 0 0 0 1</matrix>
                  <node id="R_Fflap_05" name="R_Fflap_05" sid="R_Fflap_05" type="JOINT">
                    <matrix sid="transform">1 0 0 -0.02698648 0 0.9999999 0 -0.280851 0 0 1 0 0 0 0 1</matrix>
                    <node id="R_Fflap_06" name="R_Fflap_06" sid="R_Fflap_06" type="JOINT">
                      <matrix sid="transform">1 0 0 -0.02709913 0 1 0 -0.300047 0 0 1 0 0 0 0 1</matrix>
                      <node id="R_Fflap_07" name="R_Fflap_07" sid="R_Fflap_07" type="JOINT">
                        <matrix sid="transform">1 1.24995e-7 -8.88178e-16 -0.01354361 -6.53904e-8 1 -1.49012e-8 -0.2360692 -1.94878e-15 2.98023e-8 1 0 0 0 0 1</matrix>
                      </node>
                    </node>
                  </node>
                </node>
              </node>
            </node>
          </node>
          <node id="R_Bflap_01" name="R_Bflap_01" sid="R_Bflap_01" type="JOINT">
            <matrix sid="transform">1 0 0 -0.6285033 0 1 0 -0.02738503 0 0 1 -0.02480029 0 0 0 1</matrix>
            <node id="R_Bflap_02" name="R_Bflap_02" sid="R_Bflap_02" type="JOINT">
              <matrix sid="transform">1 0 0 -0.08103043 0 1 0 -0.265348 0 0 1 0 0 0 0 1</matrix>
              <node id="R_Bflap_03" name="R_Bflap_03" sid="R_Bflap_03" type="JOINT">
                <matrix sid="transform">1 0 0 -0.05679053 0 0.9999999 0 -0.4001147 0 0 1 0 0 0 0 1</matrix>
                <node id="R_Bflap_04" name="R_Bflap_04" sid="R_Bflap_04" type="JOINT">
                  <matrix sid="transform">1 0 0 -0.03669041 0 1 0 -0.3565988 0 0 1 0 0 0 0 1</matrix>
                  <node id="R_Bflap_05" name="R_Bflap_05" sid="R_Bflap_05" type="JOINT">
                    <matrix sid="transform">1 0 0 -0.02698648 0 0.9999999 0 -0.280851 0 0 1 0 0 0 0 1</matrix>
                    <node id="R_Bflap_06" name="R_Bflap_06" sid="R_Bflap_06" type="JOINT">
                      <matrix sid="transform">1 0 0 -0.02709913 0 1 0 -0.300047 0 0 1 0 0 0 0 1</matrix>
                      <node id="R_Bflap_07" name="R_Bflap_07" sid="R_Bflap_07" type="JOINT">
                        <matrix sid="transform">1 -1.24995e-7 0 -0.01354355 6.53904e-8 1 0 -0.2360692 0 0 1 0 0 0 0 1</matrix>
                      </node>
                    </node>
                  </node>
                </node>
              </node>
            </node>
          </node>
          <node id="R_Rflap_01" name="R_Rflap_01" sid="R_Rflap_01" type="JOINT">
            <matrix sid="transform">1 0 0 -0.3038395 0 1 0 -0.02738503 0 0 1 -0.3761753 0 0 0 1</matrix>
            <node id="R_Rflap_02" name="R_Rflap_02" sid="R_Rflap_02" type="JOINT">
              <matrix sid="transform">1 0 0 -0.01102674 0 1 0 -0.2719119 0 0 1 -0.05401736 0 0 0 1</matrix>
              <node id="R_Rflap_03" name="R_Rflap_03" sid="R_Rflap_03" type="JOINT">
                <matrix sid="transform">1 0 0 -0.03094879 0 0.9999999 0 -0.4025319 0 0 1 -0.01808536 0 0 0 1</matrix>
                <node id="R_Rflap_04" name="R_Rflap_04" sid="R_Rflap_04" type="JOINT">
                  <matrix sid="transform">1 0 0 -0.03066084 0 1 0 -0.3571582 0 0 1 -0.002633214 0 0 0 1</matrix>
                  <node id="R_Rflap_05" name="R_Rflap_05" sid="R_Rflap_05" type="JOINT">
                    <matrix sid="transform">1 0 0 -0.02458212 0 0.9999999 0 -0.2810716 0 0 1 -2.26617e-4 0 0 0 1</matrix>
                    <node id="R_Rflap_06" name="R_Rflap_06" sid="R_Rflap_06" type="JOINT">
                      <matrix sid="transform">1 0 0 -0.02662244 0 1 0 -0.3000862 0 0 1 0.001440555 0 0 0 1</matrix>
                      <node id="R_Rflap_07" name="R_Rflap_07" sid="R_Rflap_07" type="JOINT">
                        <matrix sid="transform">1 0 0 -0.02264887 0 1 0 -0.2352105 0 0 1 0.008669734 0 0 0 1</matrix>
                      </node>
                    </node>
                  </node>
                </node>
              </node>
            </node>
          </node>
          <node id="L_Fflap_01" name="L_Fflap_01" sid="L_Fflap_01" type="JOINT">
            <matrix sid="transform">1 0 0 0.5345492 0 1 0 -0.02738503 0 0 1 0.218328 0 0 0 1</matrix>
            <node id="L_Fflap_02" name="L_Fflap_02" sid="L_Fflap_02" type="JOINT">
              <matrix sid="transform">1 0 0 0.08103043 0 1 0 -0.265348 0 0 1 0 0 0 0 1</matrix>
              <node id="L_Fflap_03" name="L_Fflap_03" sid="L_Fflap_03" type="JOINT">
                <matrix sid="transform">1 0 0 0.05679053 0 0.9999999 0 -0.4001147 0 0 1 0 0 0 0 1</matrix>
                <node id="L_Fflap_04" name="L_Fflap_04" sid="L_Fflap_04" type="JOINT">
                  <matrix sid="transform">1 0 0 0.03669041 0 1 0 -0.3565988 0 0 1 0 0 0 0 1</matrix>
                  <node id="L_Fflap_05" name="L_Fflap_05" sid="L_Fflap_05" type="JOINT">
                    <matrix sid="transform">1 0 0 0.02698648 0 0.9999999 0 -0.280851 0 0 1 0 0 0 0 1</matrix>
                    <node id="L_Fflap_06" name="L_Fflap_06" sid="L_Fflap_06" type="JOINT">
                      <matrix sid="transform">1 0 0 0.02709913 0 1 0 -0.300047 0 0 1 0 0 0 0 1</matrix>
                      <node id="L_Fflap_07" name="L_Fflap_07" sid="L_Fflap_07" type="JOINT">
                        <matrix sid="transform">1 0 0 0.01354355 0 1 -1.49012e-8 -0.2360692 0 2.98023e-8 1 0 0 0 0 1</matrix>
                      </node>
                    </node>
                  </node>
                </node>
              </node>
            </node>
          </node>
          <node id="L_Bflap_01" name="L_Bflap_01" sid="L_Bflap_01" type="JOINT">
            <matrix sid="transform">1 0 0 0.5997048 0 1 0 -0.02738503 0 0 1 -0.02480029 0 0 0 1</matrix>
            <node id="L_Bflap_02" name="L_Bflap_02" sid="L_Bflap_02" type="JOINT">
              <matrix sid="transform">1 0 0 0.08103043 0 1 0 -0.265348 0 0 1 0 0 0 0 1</matrix>
              <node id="L_Bflap_03" name="L_Bflap_03" sid="L_Bflap_03" type="JOINT">
                <matrix sid="transform">1 0 0 0.05679053 0 0.9999999 0 -0.4001147 0 0 1 0 0 0 0 1</matrix>
                <node id="L_Bflap_04" name="L_Bflap_04" sid="L_Bflap_04" type="JOINT">
                  <matrix sid="transform">1 0 0 0.03669041 0 1 0 -0.3565988 0 0 1 0 0 0 0 1</matrix>
                  <node id="L_Bflap_05" name="L_Bflap_05" sid="L_Bflap_05" type="JOINT">
                    <matrix sid="transform">1 0 0 0.02698648 0 0.9999999 0 -0.280851 0 0 1 0 0 0 0 1</matrix>
                    <node id="L_Bflap_06" name="L_Bflap_06" sid="L_Bflap_06" type="JOINT">
                      <matrix sid="transform">1 0 0 0.02709913 0 1 0 -0.300047 0 0 1 0 0 0 0 1</matrix>
                      <node id="L_Bflap_07" name="L_Bflap_07" sid="L_Bflap_07" type="JOINT">
                        <matrix sid="transform">1 -1.24995e-7 0 0.01354361 6.53904e-8 1 0 -0.2360692 0 0 1 0 0 0 0 1</matrix>
                      </node>
                    </node>
                  </node>
                </node>
              </node>
            </node>
          </node>
          <node id="L_Rflap_01" name="L_Rflap_01" sid="L_Rflap_01" type="JOINT">
            <matrix sid="transform">1 0 0 0.2917948 0 1 0 -0.02738503 0 0 1 -0.3761753 0 0 0 1</matrix>
            <node id="L_Rflap_02" name="L_Rflap_02" sid="L_Rflap_02" type="JOINT">
              <matrix sid="transform">1 0 0 0.03582257 0 1 0 -0.2704597 0 0 1 -0.05043644 0 0 0 1</matrix>
              <node id="L_Rflap_03" name="L_Rflap_03" sid="L_Rflap_03" type="JOINT">
                <matrix sid="transform">1 0 0 0.0296059 0 0.9999999 0 -0.402737 0 0 1 -0.01559854 0 0 0 1</matrix>
                <node id="L_Rflap_04" name="L_Rflap_04" sid="L_Rflap_04" type="JOINT">
                  <matrix sid="transform">1 0 0 0.02116114 0 1 0 -0.3578549 0 0 1 -0.001041234 0 0 0 1</matrix>
                  <node id="L_Rflap_05" name="L_Rflap_05" sid="L_Rflap_05" type="JOINT">
                    <matrix sid="transform">1 0 0 0.01593798 0 0.9999999 0 -0.2816926 0 0 1 9.39816e-4 0 0 0 1</matrix>
                    <node id="L_Rflap_06" name="L_Rflap_06" sid="L_Rflap_06" type="JOINT">
                      <matrix sid="transform">1 0 0 0.01639912 0 1 0 -0.3008102 0 0 1 0.002612352 0 0 0 1</matrix>
                      <node id="L_Rflap_07" name="L_Rflap_07" sid="L_Rflap_07" type="JOINT">
                        <matrix sid="transform">1 0 0 0.009999484 0 0.9999999 1.63476e-8 -0.2360648 0 -4.61499e-8 1 0.009245276 0 0 0 1</matrix>
                      </node>
                    </node>
                  </node>
                </node>
              </node>
            </node>
          </node>
        </node>
      </node>
      <node id="Mesh" name="Mesh" type="NODE">
        <translate sid="location">0 0 0</translate>
        <rotate sid="rotationZ">0 0 1 0</rotate>
        <rotate sid="rotationY">0 1 0 0</rotate>
        <rotate sid="rotationX">1 0 0 0</rotate>
        <scale sid="scale">1 1 1</scale>
        <instance_controller url="#Armature_Mesh-skin">
          <skeleton>#base_tokayA</skeleton>
          <bind_material>
            <technique_common>
              <instance_material symbol="lambert38_001-material" target="#lambert38_001-material"/>
            </technique_common>
          </bind_material>
        </instance_controller>
      </node>
    </visual_scene>
  </library_visual_scenes>
  <scene>
    <instance_visual_scene url="#Scene"/>
  </scene>
</COLLADA>