<?xml version="1.0" encoding="utf-8"?>
<COLLADA xmlns="http://www.collada.org/2005/11/COLLADASchema" version="1.4.1">
  <asset>
    <contributor>
      <author>Blender User</author>
      <authoring_tool>Blender 2.78.0 commit date:2017-02-24, commit time:14:33, hash:e92f235283</authoring_tool>
    </contributor>
    <created>2020-01-29T19:07:01</created>
    <modified>2020-01-29T19:07:01</modified>
    <unit name="centimeter" meter="0.01"/>
    <up_axis>Z_UP</up_axis>
  </asset>
  <library_images/>
  <library_effects>
    <effect id="lambert33-effect">
      <profile_COMMON>
        <technique sid="common">
          <phong>
            <emission>
              <color sid="emission">0 0 0 1</color>
            </emission>
            <ambient>
              <color sid="ambient">0 0 0 1</color>
            </ambient>
            <diffuse>
              <color sid="diffuse">0.64 0.64 0.64 1</color>
            </diffuse>
            <specular>
              <color sid="specular">0.5 0.5 0.5 1</color>
            </specular>
            <shininess>
              <float sid="shininess">50</float>
            </shininess>
            <transparent opaque="A_ONE">
              <color>1 1 1 1</color>
            </transparent>
            <index_of_refraction>
              <float sid="index_of_refraction">1</float>
            </index_of_refraction>
          </phong>
        </technique>
      </profile_COMMON>
    </effect>
  </library_effects>
  <library_materials>
    <material id="lambert33-material" name="lambert33">
      <instance_effect url="#lambert33-effect"/>
    </material>
  </library_materials>
  <library_geometries>
    <geometry id="polySurfaceShape66-mesh" name="polySurfaceShape66">
      <mesh>
        <source id="polySurfaceShape66-mesh-positions">
          <float_array id="polySurfaceShape66-mesh-positions-array" count="5682">0.007181465 2.240867 0.4652371 0.005321443 2.082794 0.2922628 0.01406341 2.165447 -0.03056257 0.005961298 2.161331 0.3498929 0.00764203 2.079456 0.2247169 -2.69512e-4 2.18054 0.3088539 -3.25186e-4 2.184641 0.3115807 -3.22761e-4 2.215135 0.2868171 -3.14747e-4 2.235653 0.2596154 0.00573343 2.152908 0.4105594 0.01762664 2.620142 0.3403809 0.09188246 2.235822 0.4226127 0.1275764 2.406694 0.4334247 0.1224502 2.301736 -0.1827158 0.2930608 2.420345 7.65726e-4 0.1562685 2.699478 -0.05768799 0.1653208 2.150322 0.09398764 0.1831564 2.642754 -0.136335 0.1043364 2.169585 0.3747764 0.09172052 2.15871 0.3528063 0.1635354 2.205783 0.3174901 0.1969432 2.230083 0.2790031 0.1785877 2.4191 0.4001536 0.222533 2.446394 0.3771706 0.2673521 2.444447 0.3267963 0.1541649 2.478621 0.4137514 0.3188977 2.410267 0.2131686 0.1935892 2.516647 0.3613303 0.3206208 2.422066 0.1883777 0.3117173 2.510612 0.2209129 0.3104389 2.410078 0.08731216 0.293514 2.54986 0.01177489 0.3074517 2.607531 0.05194127 0.3335545 2.525955 0.04977798 -3.25291e-4 2.176773 0.328136 -2.71726e-4 2.211306 0.2620707 -3.24553e-4 2.196999 0.2990427 -2.97665e-4 2.231724 0.244679 0.1722846 2.512016 -0.2132447 0.08402353 2.102353 0.2548237 0.05679649 2.240664 0.4515522 0.1146149 2.273039 0.4092636 0.1550879 2.247309 -0.1187241 0.08902835 2.157882 0.3340087 0.1317363 2.194941 0.3067718 0.1472076 2.38254 -0.2044653 0.1772006 2.177816 0.02346974 0.2423778 2.226759 0.1175987 0.2802403 2.288144 0.1501094 0.3027391 2.3561 0.080612 0.222831 2.643145 0.2098989 0.1734791 2.674356 -0.09527903 0.09811311 2.204844 0.4006503 0.04422283 2.186818 0.3001149 0.04311168 2.147516 0.37343 0.05245214 2.174088 0.3270469 0.1356742 2.177288 0.33444 0.1132395 2.202061 0.3054259 0.2037781 2.219106 0.2673485 0.1195776 2.222032 0.2756624 0.1832674 2.171921 0.2282209 0.1042677 2.158076 0.3662081 0.1806242 2.22427 0.3203285 0.07835078 2.121778 0.3059678 0.1492535 2.347504 0.3677063 0.167135 2.422127 0.3867576 0.2089562 2.433823 0.3575077 0.2408006 2.266977 0.2372477 0.1377417 2.12752 0.1582482 0.1396744 2.454218 0.4252589 0.3144016 2.378183 0.2001054 0.1726638 2.495127 0.3967865 0.2072139 2.525755 0.3400533 0.3192432 2.46516 0.2113287 0.3140266 2.38518 0.1067394 0.3135033 2.56535 0.1977432 0.3100729 2.613369 0.1314268 0.3185961 2.454611 0.05768883 0.3207741 2.391439 0.1698325 0.2881722 2.513994 -0.04365563 0.1849364 2.614031 -0.1662961 0.07579898 2.31264 0.450892 0.2568085 2.442696 -0.1209698 0.1471753 2.181799 0.3057332 0.2189612 2.335739 -0.1206814 0.2547176 2.259977 0.04319119 0.293808 2.32767 0.07041937 0.2436914 2.622133 -0.03259372 0.3049445 2.475355 0.1455936 0.1396198 2.243025 0.3654313 0.04959964 2.194224 0.4351585 0.02630114 2.165643 0.34462 0.07597315 2.203946 0.2830932 0.08215171 2.184923 0.3164353 0.173443 2.218117 0.2724304 0.110337 2.219644 0.2858415 0.1770884 2.174881 0.2452137 0.04856127 2.144554 0.3900554 0.1516968 2.184414 0.343672 0.1261545 2.14177 0.2747087 0.1537775 2.380596 0.3840511 0.1887658 2.435797 0.3778517 0.2334744 2.394997 0.3009531 0.1559771 2.335737 0.3409076 0.227334 2.426504 0.335644 0.1958003 2.347726 0.3003411 0.2360902 2.245453 0.220788 0.2066615 2.19128 0.1834902 0.3129704 2.394274 0.2293991 0.2347331 2.277424 0.2578964 0.3158977 2.457632 0.2292973 0.306802 2.368445 0.08940386 0.3274057 2.578259 0.04630994 0.2822015 2.599676 0.2022665 0.2796209 2.599192 0.03087377 0.2785835 2.650591 0.1071398 0.314013 2.506031 0.1098806 0.3022499 2.45952 0.01780819 0.2967498 2.629471 0.08046525 0.2977974 2.59227 0.03874433 0.3166296 2.501173 0.02384811 0.313978 2.524319 0.08181351 0.3172262 2.602634 0.05783635 0.3146813 2.584921 0.03970205 0.3236156 2.533352 0.03417456 0.3318624 2.574205 0.06103974 0.318012 2.468306 0.1981472 0.3136687 2.395576 0.1116512 0.3207591 2.553595 0.192786 0.3225546 2.458223 0.06949192 0.3173227 2.597391 0.1334321 0.3310628 2.496124 0.05597484 0.3291199 2.563749 0.07174682 0.3167984 2.593943 0.09628283 0.30933 2.46674 0.1706468 0.3023682 2.420237 0.1105416 0.3183115 2.527039 0.1692232 0.3165345 2.464525 0.0822134 0.3176637 2.557625 0.1245557 0.3227077 2.494085 0.0644474 0.3223221 2.543953 0.07354068 0.3167815 2.562263 0.09095597 0.316556 2.375782 0.1839856 0.3174772 2.404163 0.1614685 0.3028581 2.425413 0.1435206 0.295759 2.440266 0.1237518 0.3095441 2.476471 0.09426981 0.3133423 2.501194 0.07371997 0.3228476 2.519901 0.06324124 0.3335671 2.53013 0.06016761 0.3358524 2.54615 0.05217647 0.3280885 2.560658 0.03971314 0.3164473 2.549412 0.03004115 0.3044531 2.530521 0.01490378 0.2959754 2.513021 -0.01514083 0.2665536 2.542122 -0.08575838 0.2329034 2.422335 0.3263621 -0.1722846 2.512016 -0.2132447 -0.08452373 2.102342 0.2549124 -0.05736756 2.240856 0.4517586 -0.07452851 2.31692 0.4520831 -0.09226852 2.23656 0.423131 -0.1144147 2.275106 0.4105549 -0.1277981 2.408363 0.4339199 -0.1224501 2.301736 -0.1827158 -0.1550879 2.247309 -0.1187241 -0.2568085 2.442696 -0.1209698 -0.2930608 2.420345 7.65726e-4 -0.1562685 2.699478 -0.05768799 -0.08956444 2.157907 0.333998 -0.1320862 2.195022 0.3087456 -0.1472893 2.182395 0.3102059 -0.2189612 2.335739 -0.1206814 -0.1472076 2.38254 -0.2044653 -0.1772176 2.17798 0.02267706 -0.1653944 2.150425 0.09071725 -0.2423779 2.22676 0.1176 -0.2547176 2.259978 0.04319119 -0.2802403 2.288144 0.1501093 -0.293808 2.32767 0.07041937 -0.3027391 2.3561 0.080612 -0.2225145 2.642115 0.2098989 -0.1734791 2.674356 -0.09527903 -0.1831564 2.642754 -0.136335 -0.2436914 2.622133 -0.03259372 -0.3049445 2.475355 0.1455936 -0.0986762 2.204913 0.4011133 -0.1049787 2.169247 0.375335 -0.1393119 2.2422 0.3664832 -0.05024182 2.194286 0.4350984 -0.04476225 2.186805 0.3001394 -0.04376184 2.147488 0.3734848 -0.02695149 2.16563 0.3446429 -0.05310153 2.174051 0.3271146 -0.09236562 2.158775 0.3526828 -0.07651484 2.203567 0.2839937 -0.1359692 2.178878 0.3341386 -0.08279383 2.185327 0.3156819 -0.1137276 2.203799 0.3054876 -0.1634691 2.208652 0.3167863 -0.2034265 2.218039 0.2672579 -0.1969061 2.231836 0.2805784 -0.1201047 2.22434 0.2787149 -0.1736972 2.219005 0.273838 -0.1109239 2.221159 0.2854803 -0.1833341 2.171939 0.228269 -0.1772137 2.175768 0.2474539 -0.0492109 2.144487 0.3901808 -0.1049061 2.157923 0.3664947 -0.151776 2.185052 0.3439674 -0.1804063 2.22492 0.3196344 -0.0788834 2.121764 0.305954 -0.1266265 2.141964 0.2756808 -0.1492833 2.35099 0.3693001 -0.1528256 2.386147 0.3852737 -0.1676573 2.421106 0.3867915 -0.1790925 2.418079 0.400187 -0.1908084 2.432121 0.377856 -0.2100991 2.431789 0.3575649 -0.2240273 2.443586 0.3772142 -0.2672145 2.443195 0.3268628 -0.2327794 2.39673 0.3013175 -0.1559018 2.336857 0.3413141 -0.2280263 2.4256 0.3358297 -0.2328755 2.421309 0.3264797 -0.1957755 2.347978 0.3004131 -0.2359385 2.244941 0.2208364 -0.2408025 2.267036 0.2372217 -0.2066901 2.191549 0.182741 -0.1378894 2.127577 0.1560824 -0.1400012 2.453182 0.4252653 -0.1551547 2.476757 0.4137866 -0.3144016 2.378183 0.2001054 -0.3124049 2.395409 0.229652 -0.3188977 2.410267 0.2131686 -0.1732959 2.493969 0.3968077 -0.1935424 2.516579 0.3613303 -0.2071551 2.52564 0.3400533 -0.2346963 2.277738 0.2579448 -0.3156753 2.456223 0.2292972 -0.3206208 2.422066 0.1883777 -0.3193085 2.465008 0.2113287 -0.3114479 2.509171 0.2209128 -0.306802 2.368445 0.08940386 -0.3104389 2.410078 0.08731216 -0.3140266 2.38518 0.1067394 -0.3274057 2.578259 0.04630994 -0.2819164 2.598495 0.2022665 -0.3132339 2.564003 0.1977432 -0.2796209 2.599192 0.03087365 -0.293514 2.54986 0.01177489 -0.3101904 2.6131 0.1314268 -0.2790723 2.649708 0.1071398 -0.314013 2.506029 0.1098806 -0.3022499 2.45952 0.01780819 -0.3185961 2.454613 0.05768883 -0.2967498 2.629471 0.08046525 -0.3074517 2.607531 0.05194127 -0.2977974 2.59227 0.03874433 -0.3166296 2.501173 0.02384811 -0.3335545 2.525955 0.04977798 -0.313978 2.524319 0.08181351 -0.3172262 2.602634 0.05783635 -0.3146813 2.584921 0.03970205 -0.3236156 2.533352 0.03417468 -0.3318624 2.574205 0.06103974 -0.3180857 2.468142 0.1981472 -0.3136687 2.395576 0.1116512 -0.3208463 2.553364 0.192786 -0.3225546 2.458223 0.06949192 -0.3174453 2.597116 0.1334321 -0.3310628 2.496124 0.05597478 -0.3291199 2.563749 0.07174682 -0.3167984 2.593943 0.09628283 -0.30933 2.46674 0.1706468 -0.3023682 2.420237 0.1105416 -0.3187976 2.526163 0.1692232 -0.3165345 2.464525 0.08221346 -0.3176637 2.557625 0.1245557 -0.3227077 2.494085 0.0644474 -0.3223221 2.543953 0.07354062 -0.3167815 2.562263 0.09095585 -0.316556 2.375782 0.1839856 -0.3207741 2.391439 0.1698325 -0.3174772 2.404163 0.1614685 -0.3028579 2.425413 0.1435206 -0.295759 2.440266 0.1237518 -0.3095441 2.476471 0.09426981 -0.3133423 2.501194 0.07371985 -0.3228474 2.519901 0.06324124 -0.3335671 2.53013 0.06016772 -0.3358524 2.54615 0.05217647 -0.3280885 2.560658 0.03971314 -0.3164473 2.549412 0.03004115 -0.3044531 2.530521 0.01490378 -0.2881722 2.513994 -0.04365563 -0.2959754 2.513021 -0.01514083 -0.2665534 2.542122 -0.08575826 -0.1849364 2.614031 -0.166296 -0.07855296 2.397539 0.4568818 -0.08586519 2.454582 0.4475441 -0.09501361 2.488918 0.4348817 -0.1060402 2.515959 0.4183347 -0.1117798 2.530834 0.4039838 -0.1192336 2.547995 0.3832271 -0.1274706 2.56303 0.3624623 -0.1378902 2.67942 0.22909 -0.110419 2.740244 0.02328979 -0.0982055 2.729977 -0.07020956 -0.1076728 2.70488 -0.1173309 -0.1135143 2.670927 -0.1643428 -0.1144227 2.640953 -0.1966734 -0.1061574 2.535032 -0.2440662 -0.09079188 2.394512 -0.2339364 -0.07648676 2.297466 -0.2011936 -0.09635156 2.227711 -0.1259825 -0.1094847 2.176912 -0.03232979 -0.1098335 2.149793 0.02125459 -0.1023614 2.119028 0.08780777 -0.08512383 2.099205 0.1565787 -0.06163829 2.088646 0.2229345 -0.05226528 2.083692 0.2575865 -0.04378533 2.086382 0.2910001 -0.04844653 2.108249 0.3195992 -0.05476307 2.145043 0.3503582 -0.04878777 2.163316 0.3443251 -0.02741742 2.178106 0.3139818 -2.69512e-4 2.18142 0.300755 0.02687841 2.178106 0.3139822 0.04823291 2.16333 0.3443761 0.05422335 2.145002 0.3504608 0.04790753 2.108222 0.3196621 0.04325032 2.086379 0.2910056 0.0517466 2.083695 0.2575793 0.08481878 2.099204 0.1565763 0.1021462 2.119026 0.08780258 0.1098329 2.149793 0.02125459 0.09635156 2.227711 -0.1259825 0.07648688 2.297466 -0.2011936 0.09079188 2.394512 -0.2339364 0.1061574 2.535032 -0.2440662 0.1118424 2.607246 -0.2238648 0.1144227 2.640953 -0.1966734 0.1104192 2.740244 0.02328979 0.1283894 2.721865 0.1475309 0.1382819 2.680407 0.22909 0.1396747 2.590006 0.3260114 0.1279103 2.563047 0.3624623 0.09487241 2.488949 0.4346943 0.0860269 2.455923 0.4475534 0.07853806 2.395254 0.4561338 -3.25186e-4 2.180624 0.3195708 -2.7025e-4 2.202638 0.269381 -2.77631e-4 2.223818 0.2520273 -3.23815e-4 2.205853 0.2929552 -3.24975e-4 2.190012 0.3049974 -3.07471e-4 2.234068 0.2510312 -3.19808e-4 2.232017 0.2709289 -3.21812e-4 2.223402 0.280705 -2.88281e-4 2.230304 0.2448368 0.01436626 2.620741 -0.2356936 0.07826489 2.237908 0.4360774 0.1015685 2.24939 0.4179277 0.1366923 2.298822 0.3971806 0.11064 2.18701 0.3143656 0.1551764 2.205211 0.2951195 0.2160053 2.193438 0.1035848 0.2867811 2.304193 0.1587545 0.2646141 2.260327 0.1347395 0.3012285 2.334792 0.122244 0.2667868 2.604902 0.009315848 0.09496259 2.221575 0.4133482 0.1012108 2.188751 0.3883779 0.06718724 2.152246 0.3637927 0.07485747 2.16561 0.3404045 0.02686005 2.181337 0.3162854 0.150826 2.190786 0.3265357 0.1152773 2.166689 0.3425226 0.1449779 2.201115 0.3135717 0.06145745 2.209741 0.2941811 0.2020674 2.228103 0.2745826 0.1640321 2.224302 0.2848465 0.06275725 2.229828 0.2667696 0.1902276 2.231963 0.2893968 0.1765928 2.220769 0.3055036 0.1979829 2.197691 0.2493205 0.1582791 2.151278 0.2156125 0.1006838 2.156162 0.3607659 0.1757566 2.215132 0.3180945 0.1739752 2.229193 0.3300192 0.1568676 2.340958 0.3718493 0.1744986 2.420866 0.3924921 0.2180967 2.438105 0.3660791 0.2592008 2.374828 0.2972751 0.2657101 2.290863 0.2061617 0.2203696 2.246838 0.2632892 0.299798 2.336015 0.1774619 0.2887342 2.366157 0.262826 0.1541176 2.316691 0.3875697 0.1621994 2.332213 0.3783681 0.1617754 2.416059 0.4152067 0.1985748 2.463755 0.3951256 0.317235 2.373555 0.1225396 0.3112433 2.54443 0.2116774 0.3119934 2.591492 0.1722294 0.3103576 2.608595 0.1466942 0.3100653 2.612597 0.1125921 0.3134687 2.437302 0.0683977 0.3241327 2.476423 0.05018877 0.3125801 2.606714 0.09444612 0.3163309 2.601561 0.0839824 0.3284707 2.496229 0.04779028 0.3305736 2.507748 0.04787218 0.3239839 2.590244 0.07237809 0.3112545 2.438932 0.1647375 0.3106909 2.428715 0.09972542 0.3201954 2.37304 0.1472223 0.3166187 2.52346 0.06752085 0.3351777 2.552046 0.06072729 0.3213289 2.566706 0.03765004 0.3147233 2.530455 0.02604901 0.2804096 2.552725 -0.02725571 0.06319046 2.269539 0.4546719 0.09841352 2.290524 0.4301305 0.1212572 2.340782 0.4313781 0.2702968 2.414156 -0.07973444 0.2292789 2.474211 -0.1630644 0.2644083 2.470905 -0.1155452 0.1446968 2.190896 0.3108699 0.1243713 2.172194 0.3168728 0.1722045 2.197153 0.2897346 0.2401388 2.392139 -0.1222483 0.234071 2.316706 -0.08444201 0.1978376 2.290003 -0.1175697 0.1949719 2.357903 -0.158339 0.2519779 2.243222 0.08208864 0.2288662 2.222242 0.03241711 0.2474911 2.288792 -0.02367675 0.2915833 2.306883 0.1128001 0.2774429 2.297058 0.05758023 0.2826252 2.370795 -0.008321523 0.3005705 2.345543 0.07674491 0.1834404 2.697859 0.01150614 0.1186014 2.22274 0.3829927 0.1437073 2.220934 0.357909 0.1600801 2.251825 0.3437729 0.156075 2.280025 0.3565226 0.126695 2.257483 0.3880684 0.04900801 2.176322 0.4194782 0.07461178 2.197579 0.4186521 0.05221855 2.215698 0.4452646 0.03618323 2.155936 0.3593524 0.01367413 2.173389 0.3330948 0.0392434 2.16938 0.3359468 0.107838 2.199018 0.2967806 0.1044621 2.214319 0.2761917 0.03909987 2.208818 0.2692335 0.0618335 2.19717 0.2886412 0.1135164 2.179358 0.3256073 0.06649029 2.178939 0.3211036 0.0428878 2.192635 0.3051608 0.10023 2.192982 0.3114538 0.1909887 2.214476 0.2715082 0.1408402 2.22133 0.2698939 0.0861383 2.226874 0.2531829 0.1136984 2.211024 0.2974613 0.1778237 2.16951 0.2379417 0.1829715 2.191416 0.2567644 0.1814419 2.209348 0.276721 0.1397994 2.220718 0.2726448 0.04687732 2.143622 0.3830013 0.07626777 2.150019 0.3791351 0.04926121 2.156159 0.4006715 0.1497421 2.198786 0.3503184 0.1301724 2.169039 0.3535216 0.1474327 2.179148 0.3398607 0.1664405 2.202699 0.3334351 0.1396285 2.163458 0.2918749 0.1072326 2.134598 0.2885315 0.1110594 2.124564 0.261776 0.1524264 2.154521 0.2524357 0.1700634 2.165972 0.2433496 0.1609416 2.374645 0.3890393 0.1504724 2.361509 0.3775795 0.1590543 2.405018 0.387217 0.196403 2.437649 0.3847549 0.1772141 2.432098 0.3837574 0.1992458 2.435946 0.3684456 0.2479343 2.403082 0.3055179 0.2360303 2.413042 0.3135059 0.2228652 2.378077 0.2948287 0.1655312 2.330862 0.3441603 0.1623793 2.333733 0.3281496 0.1512555 2.339449 0.3547421 0.2182142 2.430788 0.3470223 0.2104043 2.340707 0.3021791 0.2078291 2.359332 0.2955813 0.177027 2.336764 0.3121789 0.2181969 2.229364 0.2485713 0.2592576 2.266359 0.1871032 0.2406044 2.258858 0.2301285 0.2252331 2.208268 0.1521162 0.2246141 2.220955 0.2030267 0.1927811 2.179431 0.2093947 0.1827499 2.163728 0.1692302 0.3012664 2.421566 0.265403 0.1906102 2.265196 0.3114414 0.2003523 2.248626 0.2986577 0.2318903 2.30394 0.2822649 0.1513448 2.355482 0.4145513 0.1655291 2.36732 0.3970037 0.1788524 2.449684 0.4074919 0.200096 2.440489 0.3931243 0.2440207 2.447306 0.3565438 0.256876 2.487329 0.3268421 0.291332 2.423851 0.2850368 0.2674038 2.412155 0.3053048 0.2310835 2.317598 0.2951736 0.2240059 2.331852 0.3034484 0.1682335 2.303572 0.3517246 0.172704 2.322448 0.3486931 0.3115883 2.378759 0.1001762 0.3036354 2.576328 0.2006559 0.2713583 2.648613 0.06946861 0.2973025 2.628834 0.125585 0.2864852 2.642756 0.09359765 0.3113461 2.453945 0.04424834 0.3219397 2.597654 0.06310027 0.3138666 2.599777 0.04874664 0.3292317 2.533009 0.04052978 0.3267443 2.588604 0.06439709 0.3082848 2.411261 0.1119853 0.3221457 2.540461 0.1805809 0.3214514 2.462137 0.07764536 0.3179152 2.577478 0.1301193 0.2968667 2.426544 0.1136569 0.3117719 2.506361 0.1595074 0.3106043 2.46752 0.085891 0.3165052 2.535574 0.1196337 0.3197186 2.38307 0.1746019 0.3098862 2.41861 0.1506789 0.2964838 2.428959 0.1368676 0.2995658 2.453932 0.1330439 0.2944701 2.434477 0.1297461 0.3012114 2.4512 0.1135337 0.3117046 2.487043 0.1008348 0.3067772 2.465836 0.1019325 0.3120522 2.488943 0.08509272 0.3141146 2.508379 0.06736165 0.3166771 2.514259 0.06445997 0.3331873 2.543913 0.06570553 0.3292317 2.524113 0.06227099 0.3353264 2.55805 0.05576199 0.335674 2.538101 0.0557971 0.3336689 2.537647 0.04709202 0.3345909 2.553995 0.04884797 0.3280764 2.568426 0.04188644 0.3320792 2.559502 0.04402977 0.3121216 2.543118 0.02616775 0.3161421 2.564121 0.03204882 0.3215048 2.556068 0.03527259 0.3180587 2.539888 0.02978688 0.301363 2.554766 0.0219478 0.3081784 2.537214 0.02263927 0.2928729 2.511211 -0.02797967 0.2875516 2.546686 5.63592e-4 0.2996755 2.519953 -0.001565873 0.2985542 2.483278 -0.01181161 0.2600293 2.57703 -0.06447207 0.280833 2.523548 -0.06167471 0.2671962 2.503157 -0.1023437 0.2410321 2.57196 -0.119628 0.2532144 2.446951 0.3455725 0.009186983 2.303236 0.4718785 0.00591427 2.19253 0.4479561 0.005622506 2.141014 0.3986566 0.004986464 2.14463 0.3801117 0.003021538 2.163606 0.3502579 -3.25291e-4 2.171775 0.3372569 -0.06358152 2.270331 0.4550314 -0.07874917 2.238378 0.4363878 -0.1016998 2.250917 0.4188321 -0.09819662 2.292774 0.4313912 -0.1361873 2.301767 0.398721 -0.1207969 2.343951 0.4328692 -0.2702968 2.414156 -0.07973444 -0.2292789 2.474211 -0.1630644 -0.2644083 2.470905 -0.1155452 -0.1111441 2.186898 0.3149791 -0.1248156 2.172257 0.3177121 -0.1449207 2.191123 0.3136191 -0.1721976 2.198095 0.2938788 -0.1553622 2.205713 0.2982793 -0.234071 2.316706 -0.08444201 -0.2401388 2.392139 -0.1222482 -0.1978377 2.290003 -0.1175697 -0.1949717 2.357903 -0.158339 -0.2646143 2.260327 0.1347402 -0.2519827 2.243111 0.08179467 -0.216018 2.193211 0.1029832 -0.2288829 2.222493 0.03166258 -0.2474911 2.288792 -0.02367675 -0.2774429 2.297058 0.05758023 -0.2915833 2.306883 0.1128001 -0.2826252 2.370795 -0.008321523 -0.3005705 2.345543 0.07674491 -0.3012285 2.334792 0.122244 -0.2867811 2.304193 0.1587546 -0.2667868 2.604902 0.009315729 -0.1834404 2.697859 0.01150614 -0.1018437 2.188722 0.3884437 -0.1435925 2.219563 0.359118 -0.1188585 2.222574 0.3839462 -0.1596938 2.251332 0.3444574 -0.1556915 2.27995 0.3570418 -0.126621 2.258876 0.3892832 -0.09543508 2.221987 0.4138751 -0.04965353 2.176515 0.419116 -0.0752359 2.197474 0.4190304 -0.05284392 2.215747 0.4453537 -0.03683358 2.155916 0.3593912 -0.0143246 2.173385 0.3331044 -0.02751022 2.181303 0.3163495 -0.03989368 2.169349 0.3360071 -0.07550519 2.165626 0.3403759 -0.06783634 2.152204 0.3638735 -0.1049501 2.214301 0.276952 -0.1083403 2.198595 0.2981398 -0.03964269 2.208801 0.2692659 -0.06237357 2.197124 0.2887378 -0.1158897 2.167219 0.3417604 -0.06713736 2.179018 0.3209562 -0.1141255 2.180345 0.3240528 -0.04353547 2.192701 0.3050356 -0.06209844 2.210107 0.2934945 -0.1008486 2.193625 0.3105361 -0.1451218 2.204121 0.3138409 -0.1508788 2.193347 0.3260417 -0.2017606 2.227948 0.2759473 -0.1639743 2.225418 0.2862539 -0.1412737 2.2247 0.2763329 -0.1907347 2.214801 0.2743022 -0.06337857 2.230121 0.2662199 -0.08672463 2.227044 0.2528651 -0.1977022 2.196781 0.2492883 -0.1765153 2.223745 0.305711 -0.1142675 2.213408 0.298136 -0.1901857 2.234317 0.2904201 -0.1831257 2.192705 0.259629 -0.1779263 2.169938 0.2389426 -0.1816682 2.210608 0.2795939 -0.1401559 2.221271 0.2737496 -0.04752731 2.14358 0.3830807 -0.1013259 2.156193 0.360709 -0.07691508 2.149873 0.3794067 -0.04990881 2.155989 0.4009898 -0.1307268 2.16931 0.3534484 -0.1497575 2.197945 0.3511388 -0.147593 2.180527 0.339565 -0.1755803 2.217405 0.3181427 -0.1662909 2.203663 0.3332939 -0.1737078 2.228618 0.3300793 -0.1077418 2.134584 0.2888854 -0.1400818 2.163904 0.2935309 -0.1115409 2.124613 0.2622344 -0.1527839 2.155163 0.2543585 -0.170215 2.166967 0.2459238 -0.1583911 2.150857 0.2145076 -0.156801 2.345165 0.3736632 -0.1497273 2.365396 0.3791482 -0.1597265 2.380135 0.3905566 -0.1591712 2.406408 0.3875585 -0.175002 2.419811 0.3925171 -0.1795381 2.427906 0.3837612 -0.1983927 2.433949 0.3847597 -0.2007238 2.43325 0.3684647 -0.2194344 2.43564 0.3661366 -0.2357943 2.411228 0.3135059 -0.2475064 2.400856 0.3055179 -0.2224516 2.379358 0.2951491 -0.2582743 2.376657 0.2977989 -0.1623837 2.333976 0.3282232 -0.1655065 2.331497 0.3443961 -0.1514665 2.342596 0.3558476 -0.2190996 2.42935 0.3471346 -0.2076902 2.360001 0.2957737 -0.2103459 2.341043 0.3022931 -0.1770272 2.336794 0.3121886 -0.2179298 2.228497 0.2485447 -0.2592578 2.26636 0.1871065 -0.2657104 2.290864 0.2061572 -0.2404026 2.258183 0.2301189 -0.2200646 2.246068 0.2631431 -0.2246248 2.220831 0.2027006 -0.2252467 2.208437 0.1516657 -0.1928173 2.179332 0.2091317 -0.1827869 2.163986 0.1674345 -0.299798 2.336015 0.177462 -0.300772 2.41931 0.265403 -0.2879474 2.367725 0.2633336 -0.2002201 2.249289 0.2986484 -0.1905029 2.265056 0.3116407 -0.2318119 2.304193 0.2824607 -0.1537846 2.320372 0.3894124 -0.1508139 2.359077 0.4163144 -0.1620681 2.336818 0.3802814 -0.1647967 2.371708 0.3987257 -0.1622373 2.41573 0.4153292 -0.1801391 2.447187 0.4074924 -0.2017694 2.437254 0.3931291 -0.2000537 2.461052 0.3951294 -0.2449316 2.445768 0.3566535 -0.2538154 2.445932 0.3457184 -0.2568111 2.486814 0.3268421 -0.2908401 2.421587 0.2850368 -0.2668977 2.409655 0.3053048 -0.2309107 2.317954 0.2953575 -0.2238754 2.332218 0.3036137 -0.1681378 2.30372 0.3518877 -0.1726861 2.322644 0.3487828 -0.3115883 2.378759 0.1001762 -0.317235 2.373555 0.1225398 -0.3109708 2.543085 0.2116774 -0.3033595 2.575045 0.2006559 -0.3120799 2.591263 0.1722294 -0.2717543 2.647926 0.06946861 -0.3104651 2.608337 0.1466941 -0.2974143 2.628572 0.125585 -0.310827 2.611275 0.1125921 -0.2870917 2.641703 0.09359765 -0.3241327 2.476423 0.05018866 -0.3113461 2.453945 0.04424834 -0.3134687 2.437302 0.0683977 -0.3125801 2.606714 0.09444612 -0.3163309 2.601561 0.0839824 -0.3305736 2.507748 0.04787212 -0.3284707 2.496229 0.04779016 -0.3219397 2.597654 0.06310027 -0.3138666 2.599777 0.04874652 -0.3292317 2.533009 0.04052978 -0.3267443 2.588604 0.06439709 -0.3239839 2.590244 0.07237809 -0.3112545 2.438932 0.1647375 -0.3106909 2.428715 0.0997253 -0.3082848 2.411261 0.1119853 -0.3222623 2.540188 0.1805809 -0.3214514 2.462137 0.07764548 -0.3186564 2.576191 0.1301193 -0.2968667 2.426544 0.1136569 -0.312166 2.505676 0.1595074 -0.3106043 2.46752 0.085891 -0.3165052 2.535574 0.1196337 -0.3201954 2.37304 0.1472225 -0.3197186 2.38307 0.1746019 -0.3098862 2.41861 0.1506791 -0.2964838 2.428959 0.1368676 -0.2944701 2.434477 0.1297461 -0.2995658 2.453932 0.1330438 -0.3012114 2.451199 0.1135337 -0.3067772 2.465834 0.1019325 -0.3117044 2.487043 0.1008347 -0.3120522 2.488943 0.08509272 -0.3141146 2.508379 0.06736165 -0.3166187 2.52346 0.06752085 -0.3166771 2.514259 0.06445997 -0.3351779 2.552046 0.06072729 -0.3331873 2.543913 0.06570565 -0.3292315 2.524111 0.06227099 -0.335674 2.538101 0.0557971 -0.3353264 2.55805 0.05576199 -0.3336689 2.537647 0.04709202 -0.3345909 2.553995 0.04884797 -0.3213289 2.566706 0.03765004 -0.3280764 2.568426 0.04188632 -0.3320792 2.559502 0.04402965 -0.3161421 2.564123 0.0320487 -0.3121216 2.543118 0.02616775 -0.3215048 2.556068 0.03527259 -0.3180587 2.539888 0.02978688 -0.3147233 2.530455 0.02604901 -0.301363 2.554766 0.0219478 -0.3081787 2.537214 0.02263927 -0.2804096 2.552725 -0.02725559 -0.2875516 2.546686 5.63486e-4 -0.2928729 2.511211 -0.02797967 -0.2996755 2.519953 -0.001565992 -0.2985544 2.483278 -0.01181161 -0.280833 2.523548 -0.06167471 -0.2600291 2.57703 -0.06447207 -0.2671962 2.503157 -0.1023437 -0.2410321 2.57196 -0.1196278 -0.0820589 2.429176 0.453192 -0.09040796 2.47456 0.4414251 -0.1000257 2.501762 0.4280307 -0.1820629 2.504351 0.382658 -0.1392992 2.589769 0.3260114 -0.1422783 2.639433 0.2743618 -0.1284127 2.721731 0.1475309 -0.1174623 2.740311 0.06953483 -0.1018295 2.739254 -0.02015727 -0.1118424 2.607246 -0.2238648 -0.1092154 2.572807 -0.240849 -0.09962177 2.467531 -0.2415142 -0.08085054 2.340185 -0.2220765 -0.08438962 2.259273 -0.1665461 -0.1041656 2.204886 -0.0873509 -0.1072448 2.134477 0.05753654 -0.09462243 2.108063 0.1243225 -0.07478344 2.094187 0.1850073 -0.06920647 2.100683 0.283757 -0.04686635 2.083161 0.2757134 -0.04494994 2.094712 0.3049235 -0.05236113 2.127109 0.3371572 -0.0797671 2.174312 0.3290327 -0.0537222 2.155795 0.3519962 -0.03948926 2.171479 0.3294842 -2.69617e-4 2.190531 0.2839315 -0.014144 2.180946 0.3042099 0.003217637 2.177691 0.31934 0.01360481 2.180946 0.3042104 0.07922935 2.174359 0.3289196 0.03895002 2.171478 0.3294864 0.00672996 2.14199 0.3566434 0.05318212 2.155766 0.3520515 0.005918562 2.105468 0.3241255 0.05182147 2.127069 0.3372555 0.06867778 2.100692 0.2837408 0.04441231 2.094701 0.304949 0.006417751 2.07814 0.2567806 0.04633653 2.083164 0.2757092 0.06116783 2.088649 0.2229317 0.01074784 2.086893 0.1596402 0.07440787 2.094188 0.1850076 0.01313459 2.106783 0.09664767 0.09439826 2.108063 0.1243227 0.01410824 2.136192 0.02292799 0.1072411 2.134474 0.05752801 0.1094847 2.176912 -0.03232979 0.01237642 2.220091 -0.1262252 0.1041656 2.204886 -0.0873509 0.009824812 2.297571 -0.2078118 0.08438962 2.259273 -0.1665461 0.0116623 2.40317 -0.2462239 0.08085054 2.340185 -0.2220767 0.01363605 2.548479 -0.2568052 0.09962177 2.467531 -0.2415142 0.1092154 2.572807 -0.240849 0.01469767 2.654562 -0.2108054 0.1135142 2.670927 -0.1643428 0.1076728 2.70488 -0.1173309 0.0982055 2.729977 -0.07020956 0.0141834 2.758778 0.03025186 0.1018295 2.739254 -0.02015739 0.01604139 2.739519 0.1612563 0.1173686 2.740547 0.06953483 0.01725393 2.70293 0.2428784 0.1426719 2.640093 0.2743618 0.01625961 2.588404 0.3748262 0.1194068 2.548407 0.3832269 0.181767 2.50489 0.3826437 0.1115111 2.531282 0.4038806 0.1057946 2.516342 0.4182065 0.01191776 2.497877 0.4432132 0.09983783 2.50198 0.4278741 0.01082652 2.456558 0.4568367 0.09025698 2.475075 0.4414275 0.009983718 2.388617 0.4678531 0.08191055 2.427908 0.452698 -0.07492488 2.360072 0.4571235 0.07529675 2.357343 0.456145 0.161572 2.449348 -0.2106355 0.177271 2.547718 -0.2110832 0.1007724 2.112434 0.2194273 0.07485461 2.100029 0.2715757 0.008120417 2.270077 0.4697094 0.08564293 2.261703 0.4369798 0.1274132 2.316898 0.4171696 0.122372 2.371932 0.4351411 0.1360534 2.273754 -0.1549851 0.1675295 2.227401 -0.08291065 0.2544518 2.368579 -0.08341354 0.2143167 2.418413 -0.1621523 0.236069 2.505733 -0.1594527 0.2779651 2.439934 -0.0735836 0.1957055 2.697147 0.04934322 0.1687917 2.699594 -0.0238713 0.08499664 2.140397 0.3218179 0.08734434 2.167931 0.3357408 0.1221167 2.181722 0.319659 0.1179715 2.15408 0.3042009 0.166001 2.178611 0.2742088 0.1686726 2.204247 0.2961094 0.2127963 2.272036 -0.08264136 0.1750337 2.312248 -0.1532472 0.1312654 2.334419 -0.195944 0.176226 2.202377 -0.02970135 0.1732364 2.163565 0.05886334 0.2252476 2.207925 0.06887668 0.2247968 2.24747 -0.02687579 0.2751122 2.278149 0.09840697 0.2676439 2.33302 -0.01649421 0.2898054 2.392759 -0.002152264 0.2983246 2.323605 0.1202347 0.2323611 2.596687 0.2514558 0.2109058 2.684496 0.1247152 0.2576199 2.610991 -0.009239077 0.2224325 2.640924 -0.06014531 0.3029416 2.469017 0.1523697 0.3097277 2.486874 0.133965 0.1240537 2.205142 0.3726039 0.1595486 2.233884 0.3441534 0.169613 2.279281 0.3394752 0.145665 2.286647 0.3763578 0.1117956 2.234816 0.3999996 0.005752742 2.173713 0.4313567 0.0754776 2.181165 0.4040675 0.07504832 2.216569 0.4294951 0.006418466 2.215002 0.4585505 0.06399905 2.181178 0.3152764 0.02247047 2.189745 0.2887051 0.004193842 2.153892 0.3649907 0.001448333 2.169351 0.3408406 0.02019947 2.177136 0.3245342 0.05532604 2.160091 0.3502824 0.1380712 2.209203 0.2875907 0.05581724 2.22031 0.2599585 0.03148156 2.200974 0.2756379 0.08938306 2.192333 0.3027825 0.09445542 2.171713 0.3326266 0.03417104 2.186316 0.3102224 0.05376595 2.200849 0.2999332 0.1314154 2.189553 0.3196936 0.1790168 2.222846 0.2802935 0.07676643 2.228599 0.2589805 0.1510305 2.212295 0.3048258 0.0606147 2.218011 0.2876952 0.05711185 2.226548 0.2774458 0.1551222 2.221957 0.2926881 0.1891801 2.193274 0.2543168 0.179354 2.188698 0.2606266 0.07792657 2.225974 0.2533083 0.1685849 2.214596 0.2824624 0.005420684 2.140245 0.390691 0.07356697 2.148806 0.3727682 0.0768634 2.161468 0.3884485 0.129261 2.183274 0.3621914 0.1261479 2.16575 0.3490608 0.1620423 2.195849 0.3302915 0.1637293 2.214446 0.3403687 0.07225131 2.108673 0.293386 0.09626901 2.119509 0.2768624 0.1344998 2.136921 0.2349081 0.1611525 2.154164 0.2299613 0.157702 2.355304 0.3822451 0.166014 2.402306 0.3926404 0.1850091 2.431721 0.3899632 0.2075975 2.439053 0.3762488 0.2497067 2.420521 0.3198886 0.2392061 2.37536 0.2972105 0.1730778 2.327658 0.3310976 0.1597668 2.33404 0.3584385 0.2278727 2.436258 0.3558924 0.2448702 2.430273 0.3344767 0.223731 2.352902 0.2972755 0.1896936 2.329768 0.3147039 0.2092812 2.206492 0.2297117 0.2454197 2.240075 0.1704761 0.2650154 2.281244 0.1962676 0.2211205 2.240911 0.25771 0.1670886 2.15505 0.1947465 0.2004406 2.17748 0.1374742 0.1528727 2.13782 0.1260673 0.1216671 2.120694 0.1813335 0.1333783 2.43383 0.4299388 0.1465206 2.468233 0.4198549 0.2950084 2.349638 0.2228285 0.3145437 2.434135 0.234508 0.1626585 2.486504 0.4067056 0.2482548 2.51421 0.2964435 0.1825697 2.246397 0.3200498 0.1943183 2.235957 0.299732 0.2144798 2.251439 0.2762203 0.263186 2.306591 0.235499 0.2582722 2.3241 0.2695837 0.1972501 2.287181 0.3118739 0.1511946 2.333763 0.403847 0.1624728 2.347596 0.3897705 0.1701454 2.397306 0.4004378 0.1545762 2.385632 0.41699 0.1700618 2.435387 0.4118674 0.1889703 2.431946 0.3977079 0.211445 2.444744 0.3859396 0.1882179 2.458839 0.4018764 0.2087464 2.468073 0.3873394 0.2329526 2.447035 0.3678408 0.2301395 2.478357 0.3633447 0.2432559 2.484453 0.3445661 0.2768519 2.476292 0.3027439 0.2818081 2.37334 0.2819703 0.2019284 2.302994 0.3158054 0.2548063 2.335444 0.2864959 0.2406125 2.34594 0.2978635 0.2004112 2.319698 0.3178794 0.1791906 2.299583 0.3369162 0.1814866 2.317855 0.3352206 0.1661079 2.326678 0.3640773 0.159909 2.308546 0.3695035 0.3185151 2.462736 0.2194009 0.307421 2.512644 0.2277793 0.2993121 2.511993 0.2425265 0.2983205 2.403545 0.04921311 0.3053849 2.40567 0.07722771 0.315309 2.366266 0.1199278 0.308825 2.352494 0.1193494 0.3310633 2.576809 0.04981845 0.2878058 2.564281 0.2274232 0.3035493 2.551685 0.2166711 0.2998936 2.606199 0.1693832 0.273159 2.637218 0.1539028 0.2591076 2.657524 0.07163113 0.2827163 2.637314 0.06630277 0.2881627 2.596882 0.03615599 0.2737625 2.60128 0.0224685 0.2971883 2.624582 0.140756 0.2999263 2.626371 0.1074595 0.2732189 2.652348 0.1192492 0.3131328 2.498634 0.1199127 0.3142784 2.515816 0.0967496 0.2972999 2.439156 0.024158 0.310436 2.4827 0.01692569 0.3182063 2.476879 0.03800022 0.3064046 2.435242 0.05577969 0.3059971 2.617523 0.09040534 0.3113983 2.610756 0.0804547 0.3039448 2.62031 0.07203722 0.2933486 2.624224 0.06132239 0.3006184 2.615419 0.05660498 0.3039029 2.589098 0.0391426 0.3190248 2.510706 0.02927774 0.3262713 2.507975 0.04052865 0.3237629 2.496828 0.03870016 0.3144283 2.528706 0.07414913 0.3170922 2.60393 0.07132828 0.3265293 2.589777 0.05681133 0.3231099 2.592777 0.05267679 0.3108706 2.611412 0.06435328 0.3194325 2.592752 0.04858708 0.3203783 2.581223 0.04332697 0.3093774 2.58708 0.03893929 0.3212667 2.521259 0.03218275 0.3262794 2.546549 0.03739774 0.3305104 2.545954 0.04203909 0.3280454 2.52 0.04085975 0.3308117 2.571272 0.06677615 0.3322871 2.575489 0.05538129 0.3287075 2.585924 0.05889159 0.3146188 2.469379 0.1816933 0.3158166 2.502531 0.1909171 0.3153203 2.507807 0.2084143 0.3125305 2.418039 0.09571892 0.3082514 2.404596 0.1207596 0.3155248 2.386518 0.1234134 0.317595 2.536205 0.2031677 0.3192768 2.526112 0.1880666 0.3220723 2.558552 0.1635057 0.320478 2.575895 0.1713564 0.3276663 2.477665 0.06102144 0.3259828 2.478765 0.06855601 0.316592 2.448978 0.08634483 0.3171608 2.442774 0.07931393 0.3185453 2.591925 0.1481466 0.319648 2.572172 0.1435639 0.3175032 2.578661 0.1123685 0.316426 2.597576 0.114756 0.3321328 2.506617 0.05469477 0.3290827 2.50419 0.05923032 0.3286788 2.495043 0.06162816 0.3228242 2.581146 0.07876181 0.3219938 2.56735 0.07954359 0.3267643 2.552809 0.07346689 0.3174467 2.577639 0.09462213 0.3187871 2.574493 0.08556044 0.3187532 2.589741 0.08619278 0.3036687 2.464767 0.1610743 0.3078201 2.486382 0.168349 0.3119881 2.494429 0.1782212 0.3061595 2.434107 0.1004308 0.3010604 2.438526 0.1040027 0.2957289 2.42185 0.1198263 0.3013773 2.414614 0.1179818 0.3154926 2.514765 0.1755341 0.3094947 2.497585 0.1651436 0.3153608 2.518953 0.1471168 0.3195078 2.542034 0.1550187 0.3204005 2.479395 0.07284152 0.3141291 2.480877 0.07713115 0.3068225 2.455454 0.09316003 0.3122294 2.452065 0.08961379 0.3186789 2.553019 0.1372365 0.3168468 2.529863 0.1312714 0.3160255 2.541006 0.1035697 0.3169117 2.561069 0.1076619 0.3230393 2.502419 0.06146013 0.316988 2.501898 0.06377893 0.3162317 2.494213 0.0676046 0.3197987 2.555973 0.07948631 0.3168051 2.544714 0.07662355 0.3169069 2.534548 0.0720418 0.3154802 2.544777 0.08689987 0.3158984 2.545834 0.07946586 0.3177345 2.561056 0.08376801 0.3113713 2.352056 0.1572278 0.3184376 2.36481 0.1495563 0.3208463 2.416319 0.194707 0.3200603 2.410563 0.2034994 0.3174782 2.430376 0.177907 0.3172998 2.387772 0.142436 0.30902 2.405943 0.1353376 0.3049569 2.441763 0.1558136 0.3015702 2.415264 0.1304146 0.2958639 2.420864 0.1272572 0.2992246 2.442904 0.1475444 0.297895 2.447903 0.1394594 0.3050828 2.464905 0.1222985 0.3098559 2.477795 0.109558 0.3129888 2.499905 0.09034305 0.3133481 2.5117 0.07753717 0.3139367 2.517857 0.07043087 0.3229604 2.53002 0.06719517 0.3174117 2.507269 0.06316596 0.32288 2.510574 0.06137281 0.3291621 2.535881 0.0672037 0.3290627 2.513418 0.05954611 0.3328648 2.517542 0.05612546 0.3330915 2.546707 0.04599964 0.3342714 2.563189 0.05136245 0.3320096 2.567099 0.04602432 0.3113925 2.561031 0.02865397 0.3219507 2.548126 0.03453546 0.3066084 2.557892 0.02625811 0.3119097 2.522184 0.02137017 0.3095298 2.514545 0.01256263 0.2844961 2.547993 -0.01203638 0.3047626 2.500158 -0.00226444 0.2940996 2.468931 -0.01958125 0.2734392 2.561295 -0.04340636 0.2813604 2.475973 -0.06677061 0.2395475 2.537588 -0.1436771 0.236625 2.603258 -0.09443652 0.1812598 2.581219 -0.1945001 0.220107 2.473026 0.3767085 0.2377825 2.433552 0.3444343 -0.0858516 2.263032 0.4376366 -0.1268187 2.320108 0.4187486 -0.236069 2.505733 -0.1594527 -0.2779651 2.439934 -0.0735836 -0.1225774 2.181695 0.3205466 -0.1687399 2.204932 0.2997885 -0.2544518 2.368579 -0.08341342 -0.2127964 2.272036 -0.08264136 -0.1750337 2.312248 -0.1532472 -0.2143166 2.418413 -0.1621523 -0.2751122 2.278149 0.09840697 -0.2252479 2.207925 0.0688771 -0.2247968 2.247469 -0.02687579 -0.2676439 2.33302 -0.01649409 -0.2898054 2.392759 -0.002152264 -0.2983246 2.323605 0.1202347 -0.2576196 2.610989 -0.009239077 -0.2224325 2.640924 -0.06014525 -0.3029416 2.469017 0.1523697 -0.3097277 2.486874 0.133965 -0.1242517 2.203759 0.3737221 -0.1592852 2.232669 0.3446436 -0.1694527 2.279245 0.3397129 -0.1455665 2.288753 0.3774071 -0.11194 2.240308 0.3991573 -0.07611823 2.180976 0.4044259 -0.07563501 2.216703 0.4297121 -0.02084982 2.17712 0.324563 -0.05597579 2.160053 0.3503537 -0.1383877 2.209572 0.2895958 -0.05636984 2.220294 0.2599897 -0.03202348 2.200973 0.2756581 -0.08991545 2.192231 0.3030725 -0.09509766 2.172022 0.3320475 -0.03482049 2.186288 0.3102741 -0.05441051 2.201077 0.2995064 -0.1316954 2.191909 0.3201854 -0.1788663 2.223462 0.2822621 -0.07737249 2.228848 0.2585123 -0.1889285 2.193571 0.2576647 -0.1511517 2.215709 0.3058953 -0.06125241 2.218401 0.2869632 -0.0577442 2.22685 0.2768829 -0.1552541 2.224912 0.2944536 -0.07849681 2.226008 0.2532442 -0.1687344 2.215342 0.2850146 -0.07421511 2.148745 0.3728814 -0.07750797 2.161097 0.3891399 -0.1296352 2.182283 0.3627863 -0.1267232 2.166315 0.348429 -0.1619635 2.197821 0.3296926 -0.1635138 2.213648 0.3404312 -0.1184379 2.15416 0.3047483 -0.09677988 2.119481 0.2770629 -0.1348816 2.137312 0.2361116 -0.1662496 2.180204 0.2785747 -0.1795279 2.190248 0.2645729 -0.1612934 2.154321 0.230409 -0.1570973 2.359027 0.3840537 -0.166238 2.403822 0.3930461 -0.1865093 2.428856 0.3899651 -0.2092687 2.435915 0.3762705 -0.2495584 2.419298 0.3200366 -0.2385437 2.376953 0.2976465 -0.1730809 2.327701 0.3311114 -0.1599915 2.33742 0.3595119 -0.2289157 2.43445 0.3559978 -0.2455573 2.429419 0.334702 -0.2234932 2.353672 0.2975385 -0.1896923 2.329799 0.3147142 -0.2650154 2.281248 0.1962771 -0.2208189 2.239996 0.257643 -0.2454207 2.240076 0.1704789 -0.2093081 2.206312 0.2292346 -0.1671568 2.154594 0.1935459 -0.2004701 2.177689 0.1364832 -0.2949817 2.34987 0.2229533 -0.3143744 2.431728 0.234508 -0.1823728 2.24595 0.3202069 -0.1941899 2.237844 0.3000195 -0.2142872 2.251932 0.2763808 -0.2631865 2.306604 0.2354895 -0.2581203 2.32451 0.2699425 -0.1972011 2.287252 0.3119702 -0.1507446 2.337111 0.4057212 -0.1619965 2.351162 0.3916821 -0.1703603 2.399677 0.4010429 -0.1546131 2.39043 0.4181631 -0.1705862 2.434198 0.4118733 -0.1898119 2.430155 0.3977106 -0.2132001 2.441393 0.385958 -0.1902678 2.455097 0.4018779 -0.2098104 2.466139 0.3873472 -0.2341347 2.444893 0.3679142 -0.2304329 2.477798 0.3633611 -0.2432833 2.484066 0.3445661 -0.2766342 2.475273 0.3027439 -0.2807758 2.375252 0.2825096 -0.2019041 2.303076 0.3158474 -0.2543387 2.336312 0.2868681 -0.2402245 2.346764 0.2982049 -0.2004021 2.319755 0.3179016 -0.1791761 2.299633 0.3369474 -0.1814868 2.317858 0.335222 -0.1662984 2.329478 0.364892 -0.1599808 2.311189 0.3704185 -0.3179228 2.462629 0.2194009 -0.3071389 2.511269 0.2277793 -0.299017 2.510748 0.2425263 -0.2983205 2.403545 0.04921311 -0.3053849 2.40567 0.07722771 -0.315309 2.366266 0.1199279 -0.308825 2.352494 0.1193494 -0.3310633 2.576809 0.04981833 -0.2875228 2.563173 0.2274232 -0.3032732 2.550415 0.2166711 -0.2999694 2.605988 0.1693832 -0.2732291 2.637018 0.1539028 -0.2595305 2.656792 0.07163113 -0.2827163 2.637314 0.06630277 -0.2881627 2.596882 0.03615599 -0.2737625 2.60128 0.0224685 -0.2972894 2.624334 0.140756 -0.3007224 2.62499 0.1074595 -0.2733207 2.652102 0.1192492 -0.3131328 2.498634 0.1199127 -0.3142784 2.515816 0.0967496 -0.2972999 2.439156 0.02415812 -0.310436 2.4827 0.01692569 -0.3182063 2.476879 0.03800022 -0.3064046 2.435242 0.05577969 -0.3059974 2.617523 0.09040534 -0.3113983 2.610756 0.0804547 -0.3039448 2.62031 0.07203722 -0.2933486 2.624224 0.06132239 -0.3006184 2.615419 0.05660498 -0.3039029 2.589098 0.0391426 -0.3190248 2.510706 0.02927774 -0.3262713 2.507975 0.04052865 -0.3237629 2.496828 0.03870016 -0.3144283 2.528706 0.07414901 -0.3170922 2.60393 0.07132828 -0.3265293 2.589777 0.05681133 -0.3231099 2.592777 0.05267679 -0.3108706 2.611412 0.06435328 -0.3194323 2.592752 0.04858702 -0.3203783 2.581223 0.04332697 -0.3093774 2.58708 0.03893929 -0.3212667 2.521259 0.03218275 -0.3262794 2.546549 0.03739774 -0.3305104 2.545954 0.04203909 -0.3280454 2.52 0.04085975 -0.3308117 2.571272 0.06677615 -0.3322873 2.575489 0.05538129 -0.3287075 2.585924 0.05889159 -0.3148432 2.46899 0.1816933 -0.3161366 2.501925 0.1909171 -0.3152461 2.506939 0.2084143 -0.3125305 2.418039 0.09571892 -0.3082514 2.404596 0.1207596 -0.3155248 2.386518 0.1234134 -0.317508 2.535389 0.2031677 -0.3193939 2.525835 0.1880666 -0.3221948 2.558271 0.1635057 -0.3205802 2.575644 0.1713564 -0.3276663 2.477665 0.06102144 -0.3259828 2.478765 0.06855601 -0.316592 2.448978 0.08634483 -0.3171608 2.442774 0.07931393 -0.3186629 2.591652 0.1481466 -0.3201137 2.571333 0.1435639 -0.3176725 2.578367 0.1123685 -0.3169725 2.596628 0.114756 -0.3321328 2.506617 0.05469477 -0.3290827 2.50419 0.05923044 -0.3286788 2.495043 0.06162816 -0.3228242 2.581146 0.07876181 -0.3219938 2.56735 0.07954359 -0.3267643 2.552809 0.07346689 -0.3174467 2.577639 0.09462201 -0.3187871 2.574493 0.08556044 -0.3187532 2.589741 0.08619278 -0.3036687 2.464767 0.1610743 -0.3078201 2.486382 0.168349 -0.3126271 2.49332 0.1782212 -0.3061595 2.434107 0.1004308 -0.3010604 2.438526 0.1040027 -0.2957289 2.42185 0.1198263 -0.3013773 2.414614 0.1179818 -0.3159823 2.513882 0.1755341 -0.3098927 2.496895 0.1651436 -0.3155522 2.518621 0.1471168 -0.3201413 2.54092 0.1550187 -0.3204005 2.479395 0.07284152 -0.3141291 2.480877 0.07713115 -0.3068225 2.455454 0.09316003 -0.3122296 2.452065 0.08961379 -0.3190467 2.55238 0.1372365 -0.3168468 2.529863 0.1312712 -0.3160255 2.541006 0.1035697 -0.3169117 2.561069 0.1076619 -0.3230393 2.502419 0.06146013 -0.316988 2.501898 0.06377893 -0.316232 2.494213 0.0676046 -0.3197987 2.555973 0.07948631 -0.3168049 2.544714 0.07662355 -0.3169069 2.534548 0.0720418 -0.3154802 2.544777 0.08689987 -0.3158984 2.545832 0.07946586 -0.3177345 2.561056 0.08376801 -0.3113713 2.352056 0.1572278 -0.3184376 2.36481 0.1495563 -0.3208463 2.416319 0.194707 -0.3200603 2.410563 0.2034994 -0.3174782 2.430376 0.177907 -0.3172998 2.387772 0.1424361 -0.30902 2.405943 0.1353376 -0.3049569 2.441763 0.1558136 -0.3015702 2.415264 0.1304146 -0.2958639 2.420864 0.1272572 -0.2992246 2.442904 0.1475444 -0.297895 2.447905 0.1394594 -0.3050828 2.464905 0.1222985 -0.3098559 2.477795 0.109558 -0.3129888 2.499905 0.09034305 -0.3133481 2.511698 0.07753717 -0.3139367 2.517857 0.07043087 -0.3229604 2.53002 0.06719517 -0.3174117 2.507269 0.06316596 -0.3228798 2.510576 0.06137281 -0.3291621 2.535881 0.0672037 -0.3290627 2.513418 0.05954611 -0.3328648 2.517542 0.05612546 -0.3330915 2.546707 0.04599964 -0.3342714 2.563189 0.05136239 -0.3320096 2.567099 0.0460242 -0.3113925 2.561031 0.02865397 -0.3219507 2.548126 0.03453546 -0.3066084 2.557892 0.02625811 -0.3119097 2.522184 0.02137017 -0.3095298 2.514545 0.01256263 -0.2844961 2.547993 -0.01203638 -0.3047626 2.500158 -0.00226444 -0.2940996 2.468931 -0.01958125 -0.2734392 2.561295 -0.0434063 -0.2813604 2.475973 -0.06677061 -0.2395475 2.537588 -0.1436771 -0.236625 2.60326 -0.09443652 -0.2207849 2.471815 0.3767211 -0.2386003 2.432312 0.3446009 -0.02300995 2.189744 0.2887058 -0.06453859 2.181141 0.3153493 -0.08787935 2.167909 0.3358331 -0.08553105 2.140375 0.3217556 -0.07278203 2.108665 0.2934015 -0.0753749 2.100012 0.2716236 -0.1011888 2.112472 0.2195809 -0.1219574 2.120715 0.1813946 -0.1529849 2.1379 0.1247207 -0.1732895 2.163383 0.05619543 -0.176226 2.202377 -0.02970135 -0.1675296 2.227401 -0.08291065 -0.1360534 2.273754 -0.1549851 -0.1312653 2.334419 -0.1959438 -0.161572 2.449348 -0.2106355 -0.177271 2.547718 -0.2110832 -0.1812598 2.581219 -0.1945001 -0.1687917 2.699594 -0.0238713 -0.1961547 2.696367 0.04934322 -0.2109537 2.68434 0.1247152 -0.2320657 2.595949 0.2514558 -0.2480493 2.513512 0.2964435 -0.1635913 2.484774 0.4067335 -0.1471848 2.466948 0.4199018 -0.1337219 2.433527 0.4300702 0.001512646 2.180496 0.3111811 0.004767119 2.170417 0.334609 0.006596386 2.153114 0.3581114 0.006421327 2.124175 0.3428514 0.005469918 2.091662 0.3078852 0.005719482 2.078908 0.2753689 0.00937587 2.082602 0.1881204 0.0120061 2.094047 0.1261079 0.01377469 2.119891 0.05939173 0.01338016 2.19539 -0.08611118 0.01083993 2.25508 -0.1696768 0.01038539 2.34478 -0.2319758 0.01279652 2.479202 -0.2546115 0.01402884 2.586599 -0.2524717 0.0145809 2.685238 -0.177774 0.01383072 2.721308 -0.1273197 0.0126146 2.748028 -0.07428336 0.01308017 2.757977 -0.01783734 0.01468765 2.756989 0.08045953 0.01797831 2.668146 0.2888288 0.01513618 2.569897 0.3940296 0.01398146 2.54847 0.413198 0.01327282 2.529942 0.4272125 0.01253604 2.512386 0.4364944 0.01134395 2.479374 0.4500756 0.01025259 2.425491 0.4627597 -0.1219014 2.37604 0.4363739 0.009709656 2.343419 0.4718227 0.03273987 2.757439 0.01910907 0.0385968 2.755117 0.007651329 0.03211617 2.757923 0.01164549 0.03273987 2.718153 -0.1288246 0.0385968 2.709965 -0.1371684 0.03211617 2.714495 -0.1353476 -0.009466826 -1.097331 -0.6879659 -0.122589 0.6214257 0.03240829 -0.08111488 0.6057197 0.0564444 0.002388119 0.7518818 -0.2816932 -0.172322 0.6561941 -0.01377522 0.002388119 0.5877669 0.06779038 -0.1932856 0.7026119 -0.1005371 0.002388119 0.5636615 -0.3992102 -0.02889394 0.7219337 -0.2763574 -0.113154 0.2560943 -0.07130396 0.002388119 0.2420825 -0.05690336 -0.01588052 0.2114275 -0.4439616 -0.09316301 -0.2991786 -0.351438 -0.06556648 -0.4004483 -0.42524 -0.01273304 -0.420608 -0.5022268 -0.08674508 -0.1850914 -0.4136608 -0.03571593 -0.1827459 -0.4434125 0.002388119 -0.1699542 -0.4817634 -0.07815331 -0.3375497 -0.3135946 -0.1350859 0.01489329 -0.2187684 -0.1829442 0.3259559 -0.2173424 0.003253281 -0.3317461 -0.2643726 0.005673348 -0.6345892 -0.5588474 0.03920352 -0.1210127 -0.2080376 -0.05867654 -0.2283401 -0.2461073 -0.02780157 -0.5505838 -0.4883318 -0.03743106 -0.9023581 -0.5841713 -0.04628264 -0.6678715 -0.4867797 0.02055174 -0.6237602 -0.3850522 -0.02201056 -1.005096 -0.6054502 -0.0420987 -0.7312498 -0.4785905 -0.01030039 -0.7575874 -0.4537992 -0.0127266 -0.8189039 -0.5828099 -0.1098536 0.7358756 -0.2446918 -0.1515037 0.5419481 -0.2844107 -0.164905 0.7273126 -0.1864759 -0.128449 0.1853881 -0.361603 -0.101262 -0.1870208 -0.3721504 0.01197922 -1.01556 -0.5990167 0.1980618 0.7026122 -0.1005366 0.1696814 0.7273126 -0.1864759 0.1770985 0.6561941 -0.01377522 0.1273655 0.6214257 0.03240829 0.0858913 0.6057197 0.0564444 0.1332253 0.1853881 -0.361603 0.1877208 0.3259559 -0.2173424 0.1060783 -0.1870317 -0.3721488 0.1169943 -0.1925192 -0.3271546 0.04152685 0.05217361 -0.4309154 0.09152144 -0.1850914 -0.4136608 0.03599637 -0.3400025 -0.4620824 0.08460479 -0.3375368 -0.3136418 0.1398622 0.01489353 -0.2187681 0.05263453 -0.3369846 -0.279484 0.07372725 -0.5325174 -0.4217153 0.03883826 -0.5505266 -0.4882898 0.07286638 -0.4004149 -0.4252195 0.03367042 0.7219337 -0.2763572 0.04336518 -0.7479897 -0.5330472 0.04472464 -0.7268257 -0.4600215 0.04452759 -0.9023533 -0.5841818 0.04275327 -0.9067888 -0.5668488 0.01554572 -0.9725122 -0.6499987 0.15628 0.5419478 -0.284411 0.11463 0.7358747 -0.2446921 1.166987 1.543366 0.01003742 1.270446 1.484354 -0.1386098 1.262708 1.537998 -0.1811001 1.489627 1.609035 0.02317661 1.491643 1.628093 -0.02179682 1.506307 1.499712 -0.06069272 1.507781 1.500721 -0.01852822 1.49135 1.526459 0.01319104 1.486977 1.566634 0.03254532 0.9227171 1.690801 -0.1337833 0.9003592 1.462607 -0.1480923 0.9187956 1.459019 -0.07878512 0.9313512 1.587573 0.03180706 0.9016938 1.577474 -0.2083899 0.8872576 1.511523 -0.208719 0.9272776 1.515294 -0.01788675 0.9341035 1.681162 -0.009049475 1.243677 1.65822 -0.1103945 1.497642 1.620863 -0.06852078 1.501192 1.593477 -0.1052978 1.506106 1.54467 -0.1183077 1.499811 1.513398 -0.1007737 1.041263 1.490213 -0.01070034 1.023407 1.462861 -0.1271626 1.036048 1.46496 -0.06249779 1.031489 1.631989 -0.05572116 1.004852 1.555339 -0.1936262 1.007657 1.504291 -0.1898689 1.039371 1.559234 -0.006071388 1.00384 1.668613 -0.1412495 1.001573 1.592548 -0.1944298 0.1483697 1.7014 0.2203411 0.2258303 1.716507 0.1812903 0.2488062 1.771833 0.1203955 1.300751 1.523849 -0.0192061 1.207482 1.462459 -0.02444016 1.257668 1.585898 -0.02545756 1.355003 1.47401 -0.0645771 1.24398 1.590709 -0.1622123 1.357617 1.485813 -0.1078533 1.351448 1.549664 -0.01432204 1.247909 1.630219 -0.02904766 1.288396 1.480215 -0.03089433 0.1194415 2.129159 0.128446 0.06680995 2.10562 0.1504428 0.05483251 2.009941 -0.08797681 0.05476576 2.140869 -0.0761556 0.1316841 2.121882 -0.01971149 0.1313353 1.999629 -0.03157329 0.1494075 2.110924 0.00898236 0.1440631 1.987261 0.001065969 0.1391057 1.981751 0.04028558 0.1430103 2.103556 0.04437637 0.09390342 2.043496 0.1270131 0.08320969 1.953128 0.1100901 0.06385987 2.035776 0.1436689 0.05301225 1.943801 0.1143966 0.1422101 2.161386 0.1050739 0.1031574 1.964593 0.09078294 0.1105326 2.057287 0.100987 0.148675 2.183326 0.08253848 0.108577 1.974083 0.07038903 0.1175342 2.081468 0.07608282 0.04730778 2.09195 0.1761763 0.02728837 1.928621 0.1231911 0.0456736 2.029817 0.1603566 0.0263198 2.011133 -0.08889043 0.0262975 2.141338 -0.07932162 0.09410786 2.006588 -0.06446331 0.09413182 2.133592 -0.05272597 0.0307371 2.20826 -0.07219928 0.06108009 2.209195 -0.06665307 0.1311679 2.20647 -0.01619821 0.09928524 2.20929 -0.04564702 0.1517293 2.206306 0.01569348 0.1620334 2.206101 0.04320949 0.09845179 1.942101 -0.08507657 0.1128671 2.003439 -0.04807919 0.06122213 1.93711 -0.1114691 0.07463675 1.791182 0.1341283 0.04297596 1.780594 0.155077 0.07529389 1.769333 0.151951 0.03831642 1.761913 0.170789 0.07910913 1.857266 0.1182542 0.09729129 1.857938 0.1004513 0.05406802 1.857595 0.1106758 0.02875256 1.782497 0.1465698 0.1663618 1.790365 0.0843451 0.1013135 1.784525 0.1092886 0.1687678 1.779125 0.1109884 0.1153393 1.772635 0.1305963 0.1119756 1.853568 0.08003365 0.07850515 1.909178 0.1112152 0.09704041 1.914248 0.09165054 0.05514776 1.900394 0.1043227 0.116487 1.919754 0.07055413 0.1548367 1.90099 0.02717429 0.1526566 1.923416 -0.0105338 0.1471945 1.932551 -0.05717134 0.1254848 1.941972 -0.07162964 0.02631282 1.935307 -0.1113707 0.1786439 1.84636 0.06404429 0.0164687 1.78222 0.1405575 0.01185786 1.747074 0.1647288 0.02382773 1.889646 0.1150424 0.02405518 1.857275 0.1232252 0.1152268 2.207879 -0.03090769 0.1700495 1.770675 0.1294004 0.02386814 1.739591 0.1739029 0.04162514 1.740696 0.1821812 0.09522145 1.719597 0.2004387 0.1129082 2.127918 -0.03621888 1.003479 1.575016 -0.194155 1.032909 1.461352 -0.07818704 -1.126134 1.640829 -0.04973769 -1.158175 1.547817 0.006231725 -1.162821 1.460656 -0.1359321 -1.116917 1.595753 -0.2028483 -1.104646 1.70252 -0.1244042 -1.161856 1.476462 -0.01054817 -1.55828 1.629606 -0.03130894 -1.560985 1.640855 -0.07874345 -1.582805 1.509551 -0.0898385 -1.583584 1.518724 -0.04986256 -1.565359 1.550389 -0.02396112 -1.558315 1.591723 -0.01407587 -0.9230828 1.702055 -0.09878045 -0.8985238 1.606668 -0.1915379 -0.9253039 1.512348 -0.02057862 -0.9086814 1.457387 -0.116149 -0.9273834 1.584494 0.02944511 -0.9270053 1.678249 -0.01098954 -1.237493 1.6714 -0.03470152 -1.241085 1.698017 -0.08814096 -1.568481 1.625175 -0.1226438 -1.574349 1.591731 -0.1528877 -1.582691 1.5424 -0.1566082 -1.577081 1.514461 -0.1328892 -1.038728 1.675474 -0.1077687 -1.10176 1.492528 -0.01452851 -1.09314 1.467265 -0.06648564 -1.096307 1.56142 -0.009384095 -1.038164 1.530896 -0.1952152 -1.079954 1.633988 -0.05853176 -0.06640052 1.705885 0.2181226 -0.2250282 1.718341 0.1814617 -0.1475098 1.702941 0.2206907 -1.270554 1.511225 -0.009366273 -1.262519 1.564009 -0.01050007 -1.270331 1.481074 -0.02099847 -1.241519 1.664807 -0.166504 -1.240005 1.596083 -0.1782919 -1.258043 1.538119 -0.206466 -1.269639 1.480782 -0.1694099 -1.271946 1.461461 -0.04868888 -1.269646 1.46768 -0.1154453 -1.250787 1.606574 -0.02766036 -1.476467 1.641747 -0.1173845 -1.470531 1.51623 -0.05825233 -1.478404 1.551238 -0.02793949 -1.473351 1.496626 -0.07885354 -1.467158 1.507071 -0.06302499 -1.479524 1.579731 -0.1567389 -1.479915 1.519239 -0.1344376 -1.47612 1.636034 -0.03119391 -1.339322 1.633262 -0.03203535 -1.341737 1.663007 -0.07205975 -1.349051 1.585456 -0.03196054 -1.355803 1.493834 -0.1089961 -1.352427 1.514573 -0.1499543 -1.346561 1.56716 -0.1722629 -1.334436 1.609324 -0.1497822 -1.341533 1.494299 -0.04117363 -1.356462 1.478856 -0.06342327 -1.352117 1.554182 -0.02569198 -1.353897 1.522692 -0.03511005 -1.334989 1.647348 -0.1204211 -0.119648 2.129159 0.1284459 -0.06709539 2.10562 0.1504427 -0.05483251 2.009941 -0.08797681 -0.05476576 2.140869 -0.0761556 -0.1316841 2.121882 -0.01971149 -0.1313351 1.999629 -0.03157329 -0.1494075 2.110924 0.00898236 -0.1440631 1.987261 0.001065969 -0.1405509 1.983386 0.04028558 -0.1430103 2.103556 0.04437637 -0.09393304 2.043496 0.1270131 -0.08321571 1.953128 0.1100901 -0.06389909 2.035776 0.1436689 -0.05301642 1.943801 0.1143966 -0.1422905 2.16139 0.1015543 -0.1031628 1.964593 0.09078294 -0.1105326 2.057287 0.100987 -0.1487201 2.183459 0.08026677 -0.108577 1.974083 0.07038903 -0.1175342 2.081468 0.07608282 -0.04767036 2.09195 0.1761763 -0.02729237 1.928621 0.1231911 -0.04573476 2.029817 0.1603566 -0.0263198 2.011133 -0.08889043 -0.0262975 2.141338 -0.07932162 -0.09410774 2.006588 -0.06446331 -0.09413182 2.133592 -0.05272597 -0.0307371 2.20826 -0.07219928 -0.06108009 2.209195 -0.06665307 -0.1311679 2.20647 -0.01619821 -0.09928524 2.20929 -0.04564702 -0.1517746 2.206698 0.01351565 -0.162068 2.206395 0.04154628 -0.09949356 1.943834 -0.08507657 -0.1128671 2.003439 -0.04807919 -0.06188189 1.938476 -0.1114691 -0.07463657 1.791201 0.1341289 -0.04297482 1.780574 0.155077 -0.07529348 1.76925 0.1519471 -0.0382902 1.761981 0.170789 -0.07915562 1.857497 0.1182638 -0.09739053 1.858337 0.1004636 -0.05411767 1.857846 0.1106914 -0.02875232 1.78249 0.1465698 -0.02480709 1.75396 0.1670027 -0.1663668 1.790404 0.08434534 -0.1013144 1.784596 0.1092898 -0.1687269 1.778843 0.1109856 -0.1153352 1.77244 0.130592 -0.1122079 1.854354 0.08005213 -0.07896435 1.910171 0.1110886 -0.09764945 1.915412 0.0915451 -0.05514979 1.900396 0.1043281 -0.1174515 1.921362 0.07045155 -0.1553072 1.902056 0.02717429 -0.1560994 1.927932 -0.0105338 -0.1507238 1.937125 -0.05717134 -0.1274325 1.944753 -0.07162964 -0.02685385 1.93552 -0.1113707 -0.1788076 1.846737 0.06404662 -0.01646858 1.782219 0.1405575 -0.01316881 1.757936 0.1586242 -0.02382934 1.889651 0.1150572 -0.02406626 1.857354 0.1232316 -0.07784575 1.754758 0.166657 -0.04677009 1.747711 0.1759725 -0.0336529 1.744886 0.1763307 -0.1152268 2.207879 -0.03090769 -0.1205602 1.762048 0.1497092 -0.1699817 1.77009 0.1293925 -0.01041686 1.736325 0.1708333 -0.02251237 1.72569 0.1808032 -0.03620672 1.731778 0.1905419 -0.07581508 1.740422 0.1834774 -0.04891049 1.740111 0.1858796 -0.1808578 1.762215 0.1442497 -0.1257538 1.747948 0.1682304 -0.1129082 2.127918 -0.03621888 -1.024479 1.628333 -0.1884456 -1.070716 1.464699 -0.1312031 -1.012413 1.575891 -0.197646 -1.05133 1.576113 -0.19681 -1.100593 1.463522 -0.08310067 -1.074731 1.463511 -0.08127808 0 1.702479 0.2052916 -2.13416e-4 2.079282 0.1906695 0 2.012239 -0.08202958 0 2.140483 -0.07459354 0 1.928162 0.1409541 -1.83049e-4 2.018535 0.1711451 0 2.208364 -0.07030159 0 1.745537 0.165574 0 1.779114 0.1391414 -1.89586e-4 1.935034 -0.1023037 0 1.858374 0.1253766 0 1.885644 0.1279025 -1.635879 1.612873 -0.1224077 -1.628377 1.636636 -0.08944779 -1.64569 1.530494 -0.05746066 -1.650636 1.522813 -0.09512382 -1.621329 1.63881 -0.05083966 -1.647289 1.561892 -0.1303383 -1.625244 1.580388 -0.01044607 -1.618672 1.617775 -0.0203979 -1.633428 1.546809 -0.02283573 0.2538116 2.433262 0.3084548 0.2230914 2.467007 0.3176763 0.1782533 2.475681 0.3267236 0.1364238 2.455971 0.3321407 0.1135806 2.415405 0.3318586 0.1184489 2.369476 0.3259852 0.1491688 2.335732 0.3167639 0.1940069 2.327057 0.3077166 0.2358363 2.346766 0.3022993 0.2586796 2.387333 0.3025813 0.2488136 2.422401 0.3539939 0.2239605 2.449703 0.3614542 0.1876858 2.45672 0.3687737 0.1538452 2.440773 0.3731563 0.1353647 2.407955 0.3729279 0.139303 2.370798 0.3681762 0.1641561 2.343497 0.3607159 0.2004308 2.336479 0.3533964 0.2342715 2.352426 0.349014 0.2527521 2.385244 0.349242 0.2368245 2.413551 0.372443 0.2187676 2.433386 0.3778632 0.1924124 2.438484 0.3831811 0.1678258 2.426899 0.3863652 0.1543987 2.403055 0.3861995 0.1572602 2.376059 0.3827472 0.1753172 2.356224 0.377327 0.2016721 2.351125 0.372009 0.2262589 2.362711 0.368825 0.2396858 2.386555 0.3689907 0.219873 2.403507 0.3854866 0.21038 2.413935 0.3883362 0.1965243 2.416616 0.3911319 0.1835982 2.410524 0.3928058 0.1765392 2.397989 0.3927188 0.1780436 2.383797 0.3909037 0.1875365 2.373369 0.3880541 0.2013923 2.370688 0.3852584 0.2143183 2.37678 0.3835845 0.2213773 2.389315 0.3836715 0.1996185 2.393255 0.3918478 -0.1127609 2.436092 0.3337121 -0.1349859 2.463381 0.3298788 -0.1674219 2.475792 0.3230085 -0.2121006 2.468132 0.312393 -0.2435801 2.434971 0.3036211 -0.2498367 2.388975 0.3000436 -0.2284801 2.347714 0.3030269 -0.187668 2.326946 0.3114316 -0.15325 2.329106 0.3194354 -0.1246612 2.348604 0.3269074 -0.1048222 2.390219 0.3333998 -0.1275631 2.430738 0.3656275 -0.1473658 2.455053 0.3622119 -0.1762666 2.46611 0.3560905 -0.2160755 2.459286 0.3466318 -0.2441242 2.429739 0.3388159 -0.2496986 2.388758 0.3356283 -0.2306696 2.351993 0.3382866 -0.1943058 2.333488 0.3457751 -0.1636393 2.335413 0.3529067 -0.1381664 2.352786 0.3595643 -0.1204897 2.389866 0.3653491 -0.1437929 2.423479 0.3813906 -0.1595083 2.442774 0.37868 -0.182444 2.45155 0.373822 -0.2140367 2.446135 0.3663156 -0.2362962 2.422686 0.3601129 -0.24072 2.390162 0.3575833 -0.2256187 2.360985 0.3596928 -0.1967602 2.3463 0.3656359 -0.1724231 2.347828 0.3712955 -0.1522077 2.361614 0.376579 -0.1381795 2.391041 0.3811698 -0.1633266 2.414053 0.3908725 -0.1734164 2.426443 0.3891323 -0.1881422 2.432077 0.3860133 -0.2084259 2.428598 0.3811936 -0.2227173 2.413546 0.3772113 -0.2255577 2.392664 0.3755872 -0.215862 2.37393 0.3769417 -0.1973337 2.364503 0.3807573 -0.1817083 2.365483 0.3843908 -0.1687293 2.374334 0.3877831 -0.1597226 2.393229 0.3907306 -0.1945964 2.397913 0.391479</float_array>
          <technique_common>
            <accessor source="#polySurfaceShape66-mesh-positions-array" count="1894" stride="3">
              <param name="X" type="float"/>
              <param name="Y" type="float"/>
              <param name="Z" type="float"/>
            </accessor>
          </technique_common>
        </source>
        <source id="polySurfaceShape66-mesh-normals">
          <float_array id="polySurfaceShape66-mesh-normals-array" count="5670">0.2749201 -0.1943485 -0.9416197 0.5129389 -0.1538175 -0.8445317 0.5066807 -0.2460463 -0.8262784 0.2766829 -0.09930795 -0.9558163 0.52432 -0.06686758 -0.8488918 0.2779039 -5.79857e-4 -0.9606087 0.5773375 0.1460663 -0.8033344 0.3058061 0.2391514 -0.921569 0.6187396 0.3823404 -0.6862778 0.5623401 -0.8184543 0.1179248 0.3424842 -0.9389475 -0.03289943 0.5419543 -0.8371024 0.07446604 0.5611339 -0.7495011 0.3512504 0.3157852 -0.9342626 0.1656293 0.5585609 -0.7899263 0.253034 0.3311353 -0.9432627 0.02459859 0.4309354 -0.1164929 0.8948319 0.03701937 -0.02227878 0.9990662 0.03097712 -0.1095645 0.9934969 0.4029189 -0.2352445 0.8844866 0.02990859 -0.2050877 0.9782866 0.6706641 -0.2745832 0.6890674 0.6346812 -0.1614475 0.7557212 0.5986346 -0.264266 0.7561748 0.7137851 -0.2451919 0.6560426 0.7198612 -0.2114994 0.6611112 0.6153202 -0.2042623 0.7613527 0.5279489 -0.2030127 0.824655 0.6313718 -0.3178833 0.707333 0.2855341 0.02813833 0.9579554 0.4712787 -0.07626765 0.8786807 0.4472604 -0.002990841 0.8943988 0.3212158 -0.05673539 0.9453051 0.2047525 -0.78315 -0.5871565 0.4229733 -0.579906 -0.6962778 0.4499186 -0.6583363 -0.6034622 0.2025252 -0.6901301 -0.694769 0.4137858 -0.4939304 -0.7647315 0.2226722 -0.8663646 -0.447023 0.4824426 -0.7261664 -0.4898282 0.503229 -0.765693 -0.4005933 0.2087832 -0.8434038 -0.4950553 0.9188727 -0.2601764 -0.2966163 0.8599736 -0.2995167 -0.4132012 0.8955935 -0.2330771 -0.3789296 0.8916289 -0.3236904 -0.3165794 0.8226153 -0.3620802 -0.4384087 0.7451099 -0.3378235 -0.5750536 0.7841634 -0.2718661 -0.5578322 0.8256289 -0.1878135 -0.5320367 0.6715141 -0.2210506 -0.707252 0.7022839 -0.1286396 -0.700178 0.6466759 -0.3030883 -0.6999628 0.8122088 0.244093 -0.5298447 0.7711769 0.05908417 -0.6338734 0.9080067 0.118506 -0.4018461 0.8865463 -0.03054946 -0.4616303 0.9805748 -0.07452732 -0.1814353 0.9432949 -0.1163401 -0.3109015 0.9598217 -0.009827077 -0.2804388 0.9562226 -0.1605912 -0.2446406 0.5939049 0.7859932 -0.1717319 0.3394641 0.9384931 0.06320506 0.6206977 0.7807095 -0.07229977 0.3334528 0.9013541 0.2763514 0.5344252 0.8084894 -0.2464441 0.3416905 0.9297915 -0.1368776 0.5653423 0.8017154 -0.1940121 0.345869 0.9351556 -0.076541 0.3332418 -0.3722762 0.8662335 0.5432125 -0.6091037 0.577852 0.5164528 -0.3390423 0.7863377 0.3392597 -0.6367376 0.6924365 0.5570396 -0.6714262 0.4887677 -0.02319437 0.8014882 0.5975607 0.2164738 0.3056515 0.927209 0.2784881 0.3731282 0.8849971 -0.04403918 0.7767744 0.6282375 0.2541042 0.3208501 0.9124069 0.5204185 -0.4051159 0.7516953 0.349936 0.2577062 0.9006289 -0.04471009 0.7640703 0.6435819 0.5587537 -0.6429268 0.5238697 0.5706801 -0.7022793 0.4255914 0.5965942 -0.7248979 0.3443815 0.6031596 -0.655165 0.4549257 0.6038215 -0.4681333 0.645175 0.6947662 -0.6107168 0.3799011 0.8200559 -0.2365252 0.5211185 0.6054046 -0.740634 0.291456 -0.0220043 0.7872726 0.6162126 0.6011397 0.37551 0.7054243 0.7509516 -0.5594446 -0.3508469 0.7203282 -0.5135261 -0.4662814 0.6532295 -0.4645913 -0.597868 0.859144 -0.3963825 -0.3236553 0.5815063 -0.4162772 -0.6989734 0.4669818 -0.3677623 -0.8041635 0.210368 -0.5436669 -0.8125095 0.2463211 -0.3499646 -0.903798 0.5187094 -0.7926219 -0.3204547 0.5494976 -0.8207824 -0.1561055 0.2773304 -0.887262 -0.3685836 0.5319142 -0.8148552 -0.2303873 0.2474504 -0.8825265 -0.3998943 0.724924 -0.6872938 -0.04596197 0.7399588 -0.6587178 -0.1362054 0.7499484 -0.6145958 -0.2446419 0.834376 -0.5424253 -0.09793746 0.8086837 -0.5879727 0.01785337 0.8517656 -0.4752479 -0.2205331 0.8837462 -0.4110334 -0.2237061 0.9083568 -0.4158775 -0.04397732 0.8679924 -0.4898309 -0.08157742 0.870352 -0.4795511 0.1118841 0.8390057 -0.5409848 0.05835282 0.919942 -0.3333619 -0.2063407 0.9716762 -0.1568391 -0.1767683 0.9612189 -0.2222376 -0.1633058 0.9368875 -0.3482885 -0.03061103 0.890345 -0.4312404 0.1460052 0.9501016 -0.3114207 0.01800644 0.488126 0.7323111 0.4748196 0.3538364 0.6867064 0.6350073 0.5242396 0.5616875 0.6400625 0.3892157 0.6622434 0.6402693 0.3375102 0.7989279 0.4977963 0.4871752 0.8623455 0.1379154 0.3505433 0.7376485 -0.5770565 0.5832819 0.7377088 -0.3399528 0.612613 0.6382187 -0.4662426 0.3519124 0.8185451 -0.4540284 0.9233813 0.3322292 -0.1923304 0.8082264 0.5500383 -0.2103043 0.8054031 0.5233442 -0.2782745 0.866344 0.4126174 -0.2814161 0.8989179 0.3675449 -0.2384479 0.7319799 0.6366369 -0.2426911 0.7943496 0.4951409 -0.3519151 0.7910074 0.5800558 -0.194532 0.918507 0.09293109 -0.3843288 0.9801154 -0.1900718 -0.05697882 0.9340223 0.004211544 -0.3571899 0.9521476 -0.296497 0.07419288 0.9807843 -0.1603155 -0.1111801 0.959971 -0.2659414 0.08792483 0.947124 -0.3020457 0.1082811 0.9668335 -0.2351163 0.09976571 0.9662054 -0.2577341 0.00451678 0.9818502 -0.1896436 0.00238043 0.9581788 -0.1006216 -0.267897 0.9692452 -0.2263881 -0.09650027 0.598122 -0.3940073 0.6978598 0.606666 -0.3138927 0.7303614 0.6685869 -0.1978262 0.7168379 0.6596767 -0.179454 0.7298103 0.6724286 -0.09796649 0.73365 0.7466546 -0.2307564 0.623906 0.6678249 -0.3707798 0.6453931 0.7567548 -0.03955292 0.6525011 0.7041684 -0.01171934 0.7099364 0.7241376 -0.1059334 0.6814712 0.7520674 -0.02234041 0.6587075 0.7434122 -0.0888713 0.662903 0.7438104 -0.1731651 0.6455695 0.7856873 -0.2511733 0.5653384 0.7454028 -0.2164427 0.6304977 0.7490123 -0.1397188 0.6476567 0.7219039 -0.3579915 0.5921968 0.7670646 -0.2591978 0.5868803 0.786966 -0.3221598 0.5262106 0.6816232 -0.3302518 0.6529348 0.769831 -0.2719007 0.5774343 0.384028 -0.5278974 0.7575268 0.02261465 -0.6834769 0.7296219 0.3613829 -0.6281244 0.6891026 0.02383542 -0.7012681 0.7124992 0.4658754 -0.547026 0.6955018 0.5250221 -0.5267922 0.6684623 0.5701261 -0.4797897 0.6669019 0.3265231 -0.6384887 0.6969326 0.588043 -0.3661077 0.7212285 0.3978791 -0.3582041 0.8446195 0.02881014 -0.3364133 0.9412736 0.02588021 -0.5447361 0.8382081 -0.1265313 0.8603581 0.4937346 -0.02267551 0.8873068 0.4606219 -0.09726577 0.8587287 0.5031149 0.02600246 0.797685 0.6025136 0 0.8233485 0.5675361 -0.03763055 0.9369491 0.3474342 -0.1154234 0.8397038 0.5306364 -0.03756958 0.9168384 0.3974869 -0.04458796 -0.8598679 -0.5085657 -0.001068115 -0.8960142 -0.4440243 -0.00463885 -0.8469004 -0.5317313 -0.06799668 -0.8581681 -0.5088459 -0.005798578 -0.8430285 -0.5378377 -0.06814926 -0.8774256 -0.4748474 -0.00463885 -0.8467473 -0.5319752 0.01431369 -0.8456699 -0.5335146 -1.52596e-4 -0.8293596 -0.5587152 -0.05630695 -0.8821734 -0.4675464 0 -0.8994599 -0.4370035 -0.007873833 -0.8278222 -0.5609353 -0.05340778 -0.8642601 -0.5002021 0.01611387 -0.8455517 -0.5336503 0.01895236 -0.8978749 -0.4398427 -0.02816915 -0.8648816 -0.5011851 -0.005829155 -0.8996474 -0.4365783 -1.83116e-4 -0.8314676 -0.5555732 -0.1030943 0.8080303 0.5800507 -0.1067879 0.8056555 0.5826796 -0.06982904 0.8045297 0.5897932 9.1557e-5 0.6980309 0.7160677 -0.1182332 0.7061945 0.6980763 -0.07245302 0.7719273 0.6315686 -0.1352314 0.7797092 0.6113643 1.52597e-4 0.7061907 0.7080218 -0.1298589 0.7481765 0.6506679 -0.1402338 0.8085345 0.571495 1.52598e-4 0.6384387 0.7696727 -0.1105107 0.8274419 0.55057 0.06415033 -0.884768 -0.4615955 0.05938953 -0.7998971 -0.5971914 0.143256 -0.8478477 -0.5105214 0.05047923 -0.7647269 -0.6423743 0.07931947 -0.6939768 -0.7156149 0.1261067 -0.7301191 -0.6715826 -2.74676e-4 -0.7078389 -0.706374 0.04052978 -0.7275219 -0.6848863 3.96752e-4 -0.6051684 -0.7960975 0.06732535 -0.6384617 -0.7667034 0.002594113 -0.577758 -0.8162041 0.07419294 -0.5975111 -0.798421 0.001648008 -0.5600826 -0.8284352 0.06527954 -0.6045151 -0.7939143 0.09525084 -0.6481088 -0.7555675 0.2454037 -0.6671161 -0.7033727 0.3850601 -0.7088072 -0.5910339 0.2035928 -0.6741973 -0.7099352 0.2773888 -0.7779947 -0.5637196 0.1206738 -0.653299 -0.747421 0.5012813 -0.5982413 0.6251595 0.1059933 -0.6455128 0.7563588 0.5726285 -0.3579271 0.7375533 0.1296761 -0.9824131 0.1343455 -0.05426257 -0.9953128 0.08005106 0.2644513 -0.1744798 0.9484844 0.251816 -0.5826165 0.7727527 -0.07608509 -0.9851083 -0.1541845 -0.002624571 -0.9649722 0.2623391 -0.09912574 -0.9936076 0.05401861 -0.00149542 -0.5251368 0.8510165 -0.289201 -0.2083554 0.9343184 -0.02322524 -0.9859915 -0.1651712 0.42721 -0.7150992 -0.5532855 0.2239168 -0.7421879 -0.6316791 0.4272087 -0.8176417 -0.3859466 0.1005924 -0.7267013 -0.6795486 0.1773791 -0.9119216 -0.3700485 0.02633786 -0.6978165 -0.7157922 0.001953184 -0.6841763 -0.729314 -0.02877902 -0.8726801 -0.4874435 0.01236039 -0.8943467 -0.4472039 -0.00213629 -0.9988652 -0.04757952 -3.05195e-5 -0.878229 -0.4782405 0.5008237 -0.8542082 0.1396569 0.6145413 -0.6151212 0.4939281 0.5466859 -0.6122406 0.5712231 0.6184741 -0.5379641 0.5727866 0.7064278 -0.6881773 0.1654445 0.6600789 -0.67659 0.326377 0.7047593 -0.595377 0.3857986 0.7846713 -0.4961457 0.3716591 0.9069354 0.3315898 0.2598394 0.6285187 -0.6941356 0.3509132 -3.96745e-4 0.4415158 0.8972533 -0.05945187 0.7282858 0.6826897 0.005615472 0.9275311 0.3737042 0.2956697 0.769846 0.5656118 0.2528187 -0.8657913 0.4318427 0.006622552 -0.992596 -0.121282 0.09677475 -0.9860897 -0.1351368 0.1601954 -0.9745702 -0.1566857 0.2376186 -0.9581653 -0.1595517 0.3787398 -0.8277952 0.4138976 0.5310034 -0.4674624 0.7067633 0.01989817 -0.891604 0.4523788 0.5944578 -0.6712447 0.4427761 0.7478983 -0.5028309 0.4333696 0.3815762 -0.9104361 -0.1597047 0.5786805 -0.7996723 -0.1601664 0.4677107 -0.7774833 0.4204361 0.7011763 -0.6841772 -0.2006325 0.7544291 -0.6506341 -0.08667385 0.8368421 -0.3951348 0.3788984 0.3389742 -0.70862 0.6188331 0.564795 -0.7095187 0.4214141 0.3237798 -0.7813259 0.5335698 0.5848103 -0.7340801 0.3451424 0.5959697 -0.769957 0.2280054 0.5704692 -0.8094057 0.1393822 0.5939946 -0.7925218 0.1381297 0.5829427 -0.8080201 0.08533102 0.9944174 -0.09479069 0.04635769 0.8085298 0.489995 -0.3258596 0.8020403 0.2009068 -0.5624659 0.7131122 0.5157139 -0.4748792 0.6700882 0.2482463 -0.6995396 0.7540983 0.02581918 -0.6562538 0.9889665 -0.1366028 0.05731457 0.8563574 -0.4737128 0.2055441 0.6966331 -0.1867474 -0.692696 0.6017842 -0.5063191 -0.6176543 0.9709707 -0.2247134 0.08197474 0.6070842 0.0558803 -0.7926703 0.5060445 -0.4192774 -0.7537411 0.5704975 -0.1505212 -0.8073884 0.4563893 -0.8203044 -0.3446878 0.6943423 -0.5847173 0.4195169 0.3624158 -0.7692981 -0.5261514 0.2324314 -0.9698579 -0.07315361 0.3800899 -0.9234899 0.05194419 0.6039947 -0.4210964 0.6766596 0.2897518 -0.9107315 0.2942993 0.2769667 -0.8783583 0.3895846 0.5835621 -0.4693889 0.6626685 0.1653202 -0.9652478 0.2024005 0.06064134 -0.6768518 0.7336173 0.07925939 -0.450744 0.8891275 0.2864823 -0.6593642 0.695102 0.509586 -0.384303 0.7698268 0.3106859 -0.2393624 0.9198805 -0.0783109 -0.1004369 0.9918568 -0.1164012 -0.3248796 0.9385648 0.7283463 0.3181346 0.6068789 0.3106904 0.6461932 0.6970695 0.5120886 0.7826756 0.3538139 0.2855998 0.7433285 0.6048929 0.4197091 0.8770187 0.2338432 0.5820589 0.8064044 0.1044971 0.8681423 0.3286586 0.371904 0.9414767 0.2428691 0.233744 0.6677297 0.7411589 -0.06943118 0.4662153 0.8843931 0.02218765 0.6029387 0.7811102 -0.1622709 0.6454537 -0.3691315 0.6686789 0.3110221 -0.837785 0.4487556 0.1479865 -0.9308289 0.3341523 0.1671217 -0.8969823 0.409259 0.3619914 -0.7854186 0.5020758 0.7079584 -0.2868823 0.6453631 0.7658749 -0.1707539 0.6199024 0.4005359 -0.730328 0.5533463 0.1702364 -0.8117206 0.5586854 0.2876404 -0.09347927 0.9531656 0.003204405 0.1843631 0.9828531 -0.13474 -0.02459806 0.9905757 -0.002685666 0.2434825 0.9699016 0.1408479 0.4239172 0.8946821 0.3826172 0.06329649 0.9217362 0.5307312 0.2534325 0.8087623 0.1248235 0.4919694 0.8616179 0.8234906 -0.4890953 0.2874877 0.8112555 -0.5520578 0.1926053 0.7664929 -0.6306209 0.1216805 0.7388584 -0.6636298 0.1169782 0.8104044 -0.5572178 0.1809782 0.8329291 -0.5113182 0.2116199 0.8122155 -0.5629627 0.1529027 0.8260464 -0.507146 0.2458667 0.7843466 -0.6124008 0.09882158 0.8448737 -0.4391769 0.3054705 0.8589594 -0.4301053 0.2778456 0.8442865 -0.4216549 0.3307379 0.7944168 -0.3584489 0.4903227 0.8160501 -0.4016923 0.4155786 0.6395374 -0.5153533 0.5704411 0.8359921 -0.3778323 0.3979447 0.5224559 -0.8469347 0.09869867 0.6109002 -0.7840043 0.1101738 0.5347011 -0.844199 0.03772205 0.6622958 -0.7446058 0.08322566 0.7018219 -0.7118322 0.02722316 0.548645 -0.8334814 -0.06555539 0.3050111 -0.9324599 -0.1936152 0.2874286 -0.9084003 -0.3036343 0.3378196 -0.9407921 -0.02807784 0.3268569 -0.9400113 -0.09769082 0.2524275 0.1909915 0.9485793 0.4212934 0.05047953 0.9055185 0.402241 0.1192989 0.907728 0.2652423 0.1046503 0.9584858 0.2536125 0.3604899 0.8976235 0.3933873 0.1992267 0.8975273 0.4019977 0.2812336 0.8713815 0.2504729 0.2966183 0.9215645 0.9299329 -0.3124599 0.1938911 0.8454506 -0.4524818 0.2836785 0.8741911 -0.4566278 0.1651697 0.9245833 -0.2311534 0.3028433 0.9837527 -0.06589072 0.1670005 0.9271667 0.04321485 0.3721485 0.9039773 0.02353024 0.4269324 0.6857729 0.5209372 0.5082715 0.8340387 -0.386805 0.3933972 0.2856887 0.5299325 0.7984695 0.4268441 0.3662021 0.8268617 0.4618759 0.4805842 0.7454594 0.2610014 0.4152767 0.8714492 0.3357761 0.6799146 0.6518977 0.4921636 0.5777109 0.6511722 0.5129981 0.6097746 0.604159 0.3598837 0.6883326 0.629827 0.5666563 0.6505545 0.5056477 0.8439259 -0.2925907 0.4496442 0.8101104 -0.1863217 0.5558827 0.7825153 -0.5878631 0.2051508 0.7846279 -0.4023396 0.4716801 0.7904306 -0.3830226 0.4780305 0.8038746 -0.477991 0.3539917 0.7355192 -0.5038154 0.4529699 0.6823195 -0.4503119 0.5758988 0.6982508 -0.2800756 0.6587894 0.7551411 -0.3177678 0.5733982 0.9855036 0.03326618 0.1663615 0.695344 -0.2236734 0.6829838 0.5846805 -0.1079452 0.8040502 0.6498244 -0.1173785 0.7509664 0.5194129 -0.07776391 0.8509777 0.4829898 0.004669368 0.8756135 0.6239378 -0.5198363 0.5834997 0.5288407 0.1572055 0.8340349 0.4914239 0.09943228 0.8652259 0.5761724 0.2210202 0.7868771 0.6345485 0.3178541 0.7044978 0.749677 -0.2298411 0.6206107 0.6879648 0.4094462 0.5992149 0.671366 0.3941887 0.6276011 0.7328898 0.4471989 0.5127238 0.8886903 0.421593 0.1802467 0.7341119 -0.3098322 0.6042217 0.8436476 -0.08801788 0.5296335 0.6736785 -0.2264822 0.7034652 0.6115787 -0.3770369 0.6955681 0.620544 -0.4204 0.6619584 0.7368035 -0.1701771 0.6543396 0.8177661 -0.2072874 0.536927 0.8502454 -0.2838017 0.4433277 0.817454 -0.3308575 0.4714895 0.9915382 -0.06909543 0.1098996 0.9075932 0.05740547 0.4159078 0.9930606 0.06998026 -0.09451758 0.9761424 0.05713105 0.2094807 0.9990433 -1.83115e-4 0.04373389 0.8545061 0.166421 0.4920605 0.7740254 0.198893 0.6011043 0.9070576 0.09631818 0.4098407 0.9810757 -0.06906533 -0.1808883 0.9537191 -0.147773 -0.2618836 0.9570569 -0.1572052 -0.243575 0.949293 -0.10938 -0.2947523 0.9373645 -0.1670007 -0.3057101 0.9848115 -0.05200403 -0.1656561 0.9365253 -0.3503844 0.012299 0.9342152 -0.2919442 -0.2049652 0.9019051 -0.4042886 -0.1520469 0.9816924 -0.01141393 -0.190131 0.8790408 -0.4706956 0.0757178 0.5849896 0.3747437 -0.7192735 0.7402217 0.5169711 -0.4298987 0.6251317 0.422482 -0.6562922 0.9208004 0.3895494 0.01944082 0.8605495 0.3465453 -0.3733107 0.8490804 0.4978325 -0.1767073 0.9707658 0.2392352 -0.01950132 0.8639498 0.2097309 -0.457825 0.6062577 0.2861451 -0.7420058 0.6420411 0.4370103 0.6299248 0.5940274 0.6092566 0.525298 0.7761046 0.2343268 0.5854508 0.7089921 0.3346433 0.620761 0.7617934 0.3944931 0.5138542 0.6668487 0.5020135 0.5507225 0.6235393 0.6554014 0.4262017 0.5342064 0.757179 0.3759038 0.7533072 0.5329581 0.3853363 0.521426 0.7406171 -0.423794 0.8131288 0.4386861 -0.3825914 0.1789972 0.8706927 -0.4580987 0.6842473 0.4681082 -0.5591784 0.5598645 0.6756522 -0.479631 0.5020137 0.4973747 -0.7075313 0.7216297 0.3771275 -0.5805389 0.9296491 0.3197204 -0.1831159 0.8612878 0.3629671 -0.3555815 0.786229 0.5676829 0.2440904 0.649472 0.7023612 0.2913331 0.8310297 0.5511714 0.07483232 0.7247135 0.6794227 0.1147834 0.5210866 0.8331161 0.1854353 0.5594781 0.8284439 0.02578872 0.7842515 0.620394 0.007812857 0.6822954 0.7255721 -0.08954435 0.8645931 0.5023673 -0.01028478 0.9721382 -0.2295983 0.04724419 0.98705 -0.1567158 0.03424245 0.9876567 -0.1565931 0.003601193 0.9950417 -0.09784394 -0.01785361 0.9968745 -0.07867813 -0.007141411 0.9973409 -0.06146591 -0.03915625 0.9969339 -0.05539196 -0.05526989 0.9977287 -0.05136352 -0.04358118 0.994574 -0.09653061 -0.03878927 0.9507635 -0.2019453 -0.2350891 0.8137327 -0.2357606 -0.5312777 0.8887173 -0.3121193 -0.3358021 0.9204556 -0.1057486 -0.3762698 0.892137 -0.2294127 -0.3891807 0.8866186 -0.2938711 -0.3571378 0.8417221 -0.3872287 -0.3762418 0.8645172 -0.2850798 -0.4139318 0.8906241 -0.3626648 -0.274341 0.8800315 -0.3333041 -0.3383093 0.8646331 -0.3907344 -0.3158103 0.8157505 0.5784018 0.001586973 0.7228899 0.6752486 -0.1465251 0.9054679 0.3936644 0.1586071 0.8285295 0.5566053 0.06106847 0.8186829 0.5718725 0.05215764 0.6929984 0.6915946 -0.2035933 0.7025083 0.6908501 -0.1709043 0.8995028 0.4353309 0.03717279 0.4052723 0.6824226 -0.6083205 0.5173613 0.6648911 -0.5387552 0.3720841 0.4835994 -0.7922657 0.3676027 0.6640959 -0.6510337 0.216108 0.4662145 -0.8578702 0.3660198 0.2616738 -0.8930602 0.2146413 0.4460071 -0.8689113 0.4004985 0.2825433 -0.8716481 0.590084 0.3246302 -0.7391996 0.8892675 0.03576844 -0.4559869 0.8984461 -0.04745686 -0.4365119 0.792088 0.2114961 -0.5725959 0.7681095 -0.01367259 -0.6401726 0.8514279 0.02459853 -0.5238946 0.8593239 0.2233076 -0.4601047 0.8260921 -0.08923792 -0.556425 0.9231055 -0.1265009 -0.3631445 0.8410167 -0.1040398 -0.5309114 0.9031916 -0.1920586 -0.3838732 0.8657982 -0.1609275 -0.47381 0.9991423 -0.0346089 0.0227369 0.9983169 -0.05664378 -0.01245182 0.6716619 -0.2688112 0.69037 0.9609884 -0.1398999 0.238599 0.9579428 -0.1031556 0.2677772 0.9963064 -0.08585113 0.001739561 0.9506081 -0.198496 0.2386286 0.6714842 -0.3016216 0.6768556 0.9060115 0.3173649 0.2800405 0.8330299 0.5532271 0.001037657 0.7094455 0.6522834 -0.2668585 0.9048317 0.3869218 0.1776825 0.4829956 0.586669 -0.6500267 0.6349497 0.4346224 -0.6387035 0.4655181 0.3930031 -0.7929952 0.5542047 0.2697318 -0.7874656 0.5375106 0.2518475 -0.8047704 0.6554225 0.1171312 -0.7461245 0.7123517 -3.05193e-4 -0.7018225 0.6155291 0.09936845 -0.7818248 0.67124 0.05728459 -0.7390232 0.9127697 -0.06061118 -0.4039528 0.7937431 0.00262463 -0.6082475 0.8702992 0.008606195 -0.4924482 0.8041481 -0.05841356 -0.591552 0.9638725 -0.1109966 -0.2421354 0.9926138 0.1167368 0.03302198 0.9204852 0.1557082 0.3584158 0.9661607 0.0423904 0.2544343 0.9578523 0.2092106 0.1968503 0.9735956 0.157449 -0.1652924 0.989991 0.06943178 -0.1228714 0.9968298 0.0692467 0.03918588 0.955086 0.1276907 -0.2674058 0.9455602 0.06906372 -0.3180351 0.9939836 -0.06320548 -0.08945208 0.9862544 0.01059007 0.1648945 0.9793699 0.1960876 0.0488311 0.9958893 -0.02139365 0.08801615 0.8058061 0.4039865 0.43298 0.7980495 0.2195864 0.5611585 0.8855238 0.4085037 -0.221297 0.9717175 0.2259609 -0.06860613 0.8851438 0.4547032 0.09882062 0.9613041 0.2279503 -0.1547034 0.9384986 0.03851532 0.3431283 0.9382783 0.1549147 0.3092497 0.995136 -0.09463965 0.02734506 0.9884658 -0.1460968 0.03988897 0.998919 0.01007127 -0.04538178 0.9447638 0.2719904 0.1828732 0.9783 -0.2065249 -0.01663303 0.9607947 -0.2771418 0.008117973 0.8449841 0.08859711 0.5274017 0.88496 0.01333677 0.4654761 0.9675435 -0.2486076 0.04532068 0.8642685 0.02252304 0.5025264 0.9582433 0.2756803 0.07596236 0.9660844 0.2582227 -0.001464903 0.9972239 0.03433436 -0.06607466 0.9951509 0.04272603 -0.0885955 0.9732115 0.229104 -0.0192573 0.9997459 0.01767057 -0.01400828 0.9454256 -0.1529015 0.2877356 0.9857916 -0.08197379 0.1466128 0.9927891 -0.1079769 0.05206573 0.6376714 0.04388684 0.7690573 0.720385 0.1387726 0.6795497 0.5723965 -0.1369112 0.8084663 0.8801364 0.07846421 0.4681914 0.8257493 0.02661246 0.563409 0.7687211 -0.07605415 0.6350463 0.6493306 -0.1472865 0.7461076 0.83692 -0.1094103 0.5362783 0.5518124 -0.2949652 0.7800632 0.9828093 0.1740814 0.06149613 0.9969717 -0.01391673 0.07651168 0.9383783 -0.053653 0.3414199 0.9569613 0.1233893 0.2626791 0.8858485 0.1761869 -0.4292211 0.872637 0.09128308 -0.4797626 0.8215465 0.22572 -0.523557 0.955622 -0.08054053 -0.2833722 0.657316 0.4313235 0.6179771 0.6256147 0.3021408 0.7192478 0.8922248 0.1608965 0.4219565 0.865893 0.04703021 0.4980136 0.8894305 0.4285551 -0.1589151 0.7705237 0.5796859 0.2650611 0.9219127 0.3267346 0.2081384 0.7934312 0.552942 -0.2544058 0.9670018 -0.2250793 -0.1193607 0.9724404 -0.2210217 -0.07422322 0.9888307 -0.1199415 -0.08847588 0.591071 0.3230794 0.7390905 0.659331 0.2436631 0.7112742 0.8338433 0.1823212 0.5210224 0.8502357 0.08459931 0.5195597 0.8568096 0.03225928 0.5146229 0.6504881 0.2177246 0.7276409 0.9947466 -0.04144519 -0.09360271 0.9974102 -0.02139353 -0.06866693 0.9990375 -0.03326559 -0.02859622 0.3377532 -0.08731472 0.9371761 0.3252469 0.1643173 0.9312434 0.3931219 0.3399569 0.8543328 0.6545941 0.1878727 0.732264 0.7415871 0.2721096 0.6131926 0.5648576 -0.01410007 0.8250681 0.6669451 -0.224838 0.7103746 0.4520225 -0.3120301 0.8356511 0.7290119 -0.2883758 0.6207908 0.3750841 -0.356925 0.8555213 0.995079 -0.07272726 0.06729483 0.9183268 -0.1446921 0.3684294 0.9379355 -0.3026859 0.169288 0.9958422 -0.06686758 -0.06186246 0.9805376 -0.1632449 0.1090741 0.9989999 0.01895213 -0.04049831 0.9520666 0.1944967 -0.2360939 0.8766497 0.2928066 -0.3817718 0.7920697 0.3667515 -0.4879745 0.8906124 0.2421396 -0.3849391 0.9700748 -0.199899 0.1378235 0.9969637 -0.04168891 -0.06576842 0.9483221 -0.2636551 0.1765534 0.9664717 -0.2197359 0.1328486 0.9820277 -0.1482594 0.1167947 0.9906226 -0.04687744 0.1283332 0.9817716 0.0576812 0.1811008 0.9268907 0.01293998 0.3751083 0.6431543 -0.1657173 0.7475898 0.5380793 -0.2852604 0.7931565 0.3640041 -0.2670442 0.8922939 0.9941418 -0.0966857 0.0483123 0.8890573 -0.2086298 0.4074935 0.9855849 -0.005981743 -0.169076 0.9423656 0.04623627 -0.3313753 0.6204914 0.138772 -0.7718374 0.8425599 0.08316642 -0.5321431 0.5837098 0.1237857 -0.8024712 0.6074249 0.1325146 -0.7832463 0.5918224 0.1253105 -0.7962685 0.5238865 0.1460326 -0.8391767 0.7869364 0.3126687 -0.5319488 0.661142 0.2111943 -0.7199224 0.8332524 0.3283814 -0.4448102 0.9163869 0.2193383 -0.3348519 0.9541503 0.1345589 -0.2673782 0.9531959 0.1248527 -0.2753717 0.9294244 0.1919337 -0.3151693 0.8896585 0.274976 -0.3645491 0.8134654 0.372673 -0.4465301 0.6292477 0.5229489 -0.5749538 0.350517 0.6346846 -0.6887042 0.3339372 0.4886678 -0.8060333 0.310043 0.6318359 0.710392 0.2016432 -0.856076 0.4758928 -0.400651 -0.1073651 0.9099185 -0.6104366 -0.1961442 0.7673947 -0.6340048 -0.1599814 0.7566002 -0.7139285 -0.2498887 0.6541115 -0.6717004 -0.2675936 0.6908055 -0.7405843 -0.2169015 0.6359943 -0.3752968 -0.2319167 0.8974224 -0.59965 -0.2612176 0.7564294 -0.5225709 -0.1992868 0.828978 -0.6308955 -0.3164854 0.708384 -0.721756 -0.3507608 0.596687 -0.7022839 -0.1286396 -0.700178 -0.8865463 -0.03054946 -0.4616303 -0.7711769 0.05908417 -0.6338734 -0.9080067 0.118506 -0.4018461 -0.8122088 0.244093 -0.5298447 -0.5773375 0.1460663 -0.8033344 -0.52432 -0.06686758 -0.8488918 -0.8256289 -0.1878135 -0.5320367 -0.9432949 -0.1163401 -0.3109015 -0.8955935 -0.2330771 -0.3789296 -0.9562226 -0.1605912 -0.2446406 -0.9805748 -0.07452732 -0.1814353 -0.9598217 -0.009827077 -0.2804388 -0.5585062 -0.446927 0.6988041 -0.2218105 0.303723 0.9265811 -0.2685952 0.28535 0.9200174 -0.4949601 -0.4209511 0.7601413 -0.271925 0.3672666 0.8894786 0.06741577 0.7714209 0.632744 0.08957487 0.7557864 0.6486628 -0.5813047 0.4062754 0.7050002 -0.8285627 -0.2195848 0.5150402 0.05728495 0.793963 0.6052613 -0.7450968 -0.3378175 -0.5750741 -0.8599736 -0.2995167 -0.4132012 -0.7841634 -0.2718661 -0.5578322 -0.8226153 -0.3620802 -0.4384087 -0.8916289 -0.3236904 -0.3165794 -0.9188727 -0.2601764 -0.2966163 -0.6532295 -0.4645913 -0.597868 -0.7203282 -0.5135261 -0.4662814 -0.4499186 -0.6583363 -0.6034622 -0.4824426 -0.7261664 -0.4898282 -0.7509884 -0.5591441 -0.3512467 -0.859144 -0.3963825 -0.3236553 -0.5815063 -0.4162772 -0.6989734 -0.6466759 -0.3030883 -0.6999628 -0.4669818 -0.3677623 -0.8041635 -0.4137858 -0.4939304 -0.7647315 -0.4229733 -0.579906 -0.6962778 -0.5066769 -0.2460749 -0.8262722 -0.6715141 -0.2210506 -0.707252 -0.5129389 -0.1538175 -0.8445317 -0.8344235 -0.5422639 -0.09842419 -0.8390488 -0.5408818 0.05868732 -0.8683302 -0.4892522 -0.08145552 -0.870352 -0.4795511 0.1118841 -0.9083568 -0.4158775 -0.04397732 -0.8837462 -0.4110334 -0.2237061 -0.8520942 -0.4743894 -0.2211111 -0.7501659 -0.6137443 -0.2461081 -0.7419933 -0.6560805 -0.1378571 -0.5200222 -0.7880446 -0.3294888 -0.5304009 -0.8129822 -0.2402811 -0.7262691 -0.6860141 -0.04379522 -0.8085755 -0.5880743 0.01934915 -0.5032066 -0.7650644 -0.4018205 -0.919942 -0.3333619 -0.2063407 -0.9612189 -0.2222376 -0.1633058 -0.9716762 -0.1568391 -0.1767683 -0.9501016 -0.3114207 0.01800644 -0.890345 -0.4312404 0.1460052 -0.9368875 -0.3482885 -0.03061103 -0.8663515 0.412621 -0.2813879 -0.8081348 0.5503129 -0.209938 -0.7910235 0.5800452 -0.194498 -0.9233813 0.3322292 -0.1923304 -0.8989179 0.3675449 -0.2384479 -0.612613 0.6382187 -0.4662426 -0.7319799 0.6366369 -0.2426911 -0.5832819 0.7377088 -0.3399528 -0.7943617 0.4951179 -0.3519204 -0.5945537 0.7863394 -0.1678582 -0.5653423 0.8017154 -0.1940121 -0.5344252 0.8084894 -0.2464441 -0.623172 0.7789421 -0.07004159 -0.8050703 0.5240175 -0.2779704 -0.9521369 -0.2965242 0.07422256 -0.9792281 -0.1944661 -0.05740594 -0.9588229 -0.2721095 0.08133375 -0.918507 0.09293109 -0.3843288 -0.9807877 -0.1603161 -0.11115 -0.947124 -0.3020457 0.1082811 -0.9664911 -0.2389065 0.09390842 -0.9653845 -0.2606343 -0.01013237 -0.9807833 -0.1945269 -0.0149542 -0.9639106 -0.2428698 -0.1090442 -0.9527977 -0.1295524 -0.2745778 -0.7261117 -0.2011212 0.6575046 -0.683933 -0.09216767 0.7236994 -0.6641978 -0.2037487 0.7192551 -0.680602 -0.1944054 0.7063906 -0.6111091 -0.3419025 0.7138966 -0.5935762 -0.3943746 0.7015241 -0.6729255 -0.353752 0.6496391 -0.7477391 -0.1608336 0.6442196 -0.7150618 -0.01419132 0.6989172 -0.7478793 -0.08667522 0.6581521 -0.7576822 -0.03872948 0.6514736 -0.7705151 -0.0591154 0.6346747 -0.7437549 -0.1158817 0.6583314 -0.7876994 -0.2423831 0.5663745 -0.7465612 -0.2125968 0.6304356 -0.7502769 -0.1416077 0.6457802 -0.698466 -0.2775125 0.6596454 -0.7868116 -0.3123624 0.5323133 -0.7498189 -0.2617606 0.6076619 -0.7639238 -0.2526066 0.5938103 -0.7096179 -0.310784 0.6323416 -0.3310407 -0.6307992 0.7017866 -0.5640931 -0.4790655 0.6725291 -0.5205749 -0.5223755 0.6753708 -0.4635508 -0.552086 0.6930525 -0.296466 -0.6399015 0.708967 -0.3543854 -0.5367358 0.7657191 -0.5863725 -0.3611992 0.7250534 -0.369374 -0.3604624 0.8565218 0.06317412 -0.8570324 -0.5113751 0.05630779 -0.8821861 -0.4675226 0.06628715 -0.8755282 -0.4785984 0.05337876 -0.8642538 -0.5002161 0.007812857 -0.827984 -0.5606974 0.0411098 -0.8594919 -0.5094935 0.02819931 -0.8649017 -0.5011486 0.004699885 -0.8997302 -0.4364215 -0.0190134 -0.8978438 -0.4399035 -0.01498496 -0.8460858 -0.532836 9.76601e-4 -0.8319419 -0.5548619 0.1298885 0.7994126 0.5865737 0.1198494 0.8073585 0.5777615 0.1013239 0.8096755 0.5780649 0.1441416 0.7766496 0.6132199 0.07480275 0.7743661 0.6283007 0.1201236 0.7064586 0.697486 0.1450566 0.8049681 0.575313 0.1301945 0.7481453 0.6506367 0.1267172 0.8602545 0.4938673 0.1156066 0.839582 0.5307892 0.1189939 0.8233438 0.5549284 0.02664321 0.8006709 0.5985118 0.09824025 0.8583738 0.5035309 -0.07467913 -0.694788 -0.715327 -0.05792558 -0.8021079 -0.5943631 -0.1704797 -0.7037094 -0.6897317 -0.04587018 -0.7679828 -0.638826 -0.06543344 -0.8845417 -0.461849 -0.1613549 -0.8418412 -0.5150418 -0.06238085 -0.6435548 -0.7628538 -0.03909528 -0.729749 -0.6825965 -0.06796604 -0.6024778 -0.7952365 -0.1297688 -0.6143266 -0.7783077 -0.07706075 -0.6017454 -0.7949619 -0.2409778 -0.638457 -0.73096 -0.3017727 -0.7443605 -0.595702 -0.3626332 -0.6863235 -0.6304422 -0.2412242 -0.636815 -0.7323098 -0.1722836 -0.6063652 -0.7762988 -0.2346326 -0.1907764 0.9531799 -0.08249258 -0.5935316 0.8005719 -0.2382907 -0.5528783 0.798463 0.06506669 -0.9880558 0.1396859 -0.1019659 -0.9651811 0.2408909 -0.5137004 -0.5111368 0.6890946 -0.5861304 -0.3440483 0.7335405 0.264329 -0.1659952 0.9500399 0.08401989 -0.992277 0.09125298 0.06430304 -0.9877094 -0.1424616 -0.04055929 -0.9711651 -0.2349327 -0.681793 -0.4983131 0.5355768 -0.5110797 -0.6206142 0.5946726 -0.7416496 -0.5854213 0.3274721 -0.6472484 -0.6955601 0.3118743 -0.6236516 -0.6255743 0.4687382 -0.5880837 -0.5463023 0.5964155 -0.1653512 -0.9374784 -0.3062568 -0.1424313 -0.7241812 -0.6747407 -0.2183035 -0.7194584 -0.6593357 -0.4001073 -0.6933057 -0.5993674 -0.3894599 -0.8199685 -0.4194911 -0.06143462 -0.8832799 -0.4648038 -0.04077357 -0.6983695 -0.7145751 0.02090531 -0.8731415 -0.4870183 -0.4919742 -0.8521957 0.1781117 0.0116887 0.9313741 0.3638762 0.05844449 0.7530949 0.655311 -0.2675623 0.7949655 0.5444635 -0.8959747 0.3528598 0.2696653 -0.09003138 -0.9870798 -0.1325445 -0.3741345 -0.8378733 0.3974817 -0.1584864 -0.9738387 -0.1628507 -0.2374057 -0.9555129 -0.1750252 -0.2311804 -0.8719851 0.4315063 -0.5330219 -0.4700297 0.7035339 -0.7610861 -0.530331 0.3734931 -0.6030533 -0.6959833 0.3897873 -0.5714719 -0.7867542 -0.2333192 -0.3902735 -0.8975252 -0.2052689 -0.4708239 -0.7884706 0.3957765 -0.6744181 -0.685161 -0.2751631 -0.8495875 -0.4214671 0.3171228 -0.7267368 -0.6685051 -0.1579703 -0.5956461 -0.7260248 0.3436478 -0.5512145 -0.6473512 0.5264021 -0.5914118 -0.6701833 0.4484267 -0.5676614 -0.703778 0.4271499 -0.5402148 -0.60992 0.5797979 -0.5104613 -0.3460248 0.7872079 -0.5969564 -0.7698479 0.2257813 -0.5831612 -0.7353911 0.3451418 -0.5625896 -0.8184925 0.116461 -0.5578612 -0.7904789 0.2528519 -0.563546 -0.7098574 0.4225145 -0.5549968 -0.6718254 0.4905397 -0.5724432 -0.8070116 0.1450564 -0.5432167 -0.8363565 0.07364356 -0.6089525 -0.7391785 0.2877364 -0.6972484 -0.6132282 0.3712086 -0.803515 -0.4796735 0.3525297 -0.6394389 -0.6883918 0.3423953 -0.7035648 -0.6943479 0.1512544 -0.5950263 -0.7897061 0.1493593 -0.5839536 -0.8061941 0.09512817 -0.7388175 -0.006744801 -0.6738719 -0.6815891 0.2442465 -0.6897683 -0.8072025 0.2124442 -0.5507191 -0.7027885 0.5377424 -0.4657484 -0.803385 0.4985296 -0.3256389 -0.9947263 -0.08331602 0.05981659 -0.98999 -0.1340109 0.04428368 -0.6139491 0.002624571 -0.7893413 -0.6776105 -0.2587084 -0.6884141 -0.5510559 -0.2086297 -0.8079672 -0.9537821 -0.2902058 0.07797622 -0.8180973 -0.5299656 0.2232784 -0.4619083 -0.5121735 -0.7240989 -0.5499535 -0.6113579 -0.5690279 -0.2576736 -0.9648643 -0.05139428 -0.4656041 -0.8617155 -0.2016417 -0.3701 -0.9251738 0.08414 -0.3815506 -0.8456249 -0.3732798 -0.6370611 -0.5906716 0.4952376 -0.1808242 -0.9730938 0.1427977 -0.3080316 -0.9188454 0.2466572 -0.5994336 -0.4673452 0.6498214 -0.6269242 -0.4178681 0.657535 -0.2959755 -0.8908257 0.3447147 -0.04468005 -0.4565671 0.8885663 -0.03338754 -0.6751365 0.7369371 -0.2821767 -0.6517286 0.7040073 -0.5055522 -0.3896704 0.7697883 -0.7730869 -0.1696878 0.6111814 0.1539717 -0.3640081 0.9185809 0.08881127 -0.1072145 0.9902614 0.1432867 -0.02731448 0.9893043 -0.3071731 -0.2497975 0.9182842 -0.6299182 0.77577 0.03720301 -0.4451817 0.8692442 0.2150068 -0.5247821 0.7772696 0.3470672 -0.2872145 0.7409409 0.6070539 -0.3077871 0.6443233 0.700082 -0.7297868 0.3162145 0.6061515 -0.8876551 0.2938097 0.3546043 -0.5100945 0.8577975 -0.06314378 -0.691086 0.7106796 -0.1316615 -0.5949079 0.7715217 -0.2254748 -0.9533005 0.2207765 0.2060967 -0.3753265 -0.7951807 0.4762539 -0.17463 -0.9119704 0.3712338 -0.3273515 -0.8497526 0.4132331 -0.1563203 -0.9458267 0.2845628 -0.6655366 -0.3644322 0.651345 -0.7240172 -0.2824897 0.6292843 -0.4121907 -0.7322444 0.542141 -0.7677928 -0.2164701 0.6030216 -0.1691057 -0.8064643 0.5665851 -0.1325152 0.4172003 0.8991016 0.01248216 0.2340484 0.9721449 0.005401849 0.1770724 0.9841831 -0.2878576 -0.09268695 0.9531774 -0.3806926 0.05975598 0.922769 -0.1167038 0.4850351 0.8666725 -0.5290246 0.2518162 0.8103837 -0.8336873 -0.5106742 0.2101842 -0.8451694 -0.4188461 0.3320493 -0.8595755 -0.4293452 0.2771151 -0.8452311 -0.4382567 0.305803 -0.8262456 -0.5082052 0.2429936 -0.8187502 -0.3966637 0.4150975 -0.8238956 -0.4896801 0.2853237 -0.7944576 -0.3463983 0.498844 -0.8354952 -0.3741661 0.402427 -0.8116944 -0.5640599 0.1516204 -0.7825077 -0.6145615 0.09998029 -0.8085091 -0.5611832 0.1771627 -0.7657257 -0.6323265 0.1175903 -0.8117751 -0.553798 0.1852809 -0.7415302 -0.6614472 0.112342 -0.6652916 -0.7426276 0.07675617 -0.6156029 -0.7814443 0.101873 -0.5360004 -0.8437209 0.02896225 -0.5247557 -0.8460976 0.09354287 -0.7008419 -0.7126224 0.03146523 -0.5451018 -0.8237718 -0.1557695 -0.5496475 -0.8329861 -0.0634185 -0.9284862 -0.3111435 0.2027391 -0.8461522 -0.444455 0.2940856 -0.9196103 -0.2341142 0.3154484 -0.9823533 -0.06625723 0.1749057 -0.9260447 0.03695875 0.3756 -0.9031609 0.00814867 0.429225 -0.6892184 0.520721 0.5038133 -0.8319894 -0.3781964 0.4059081 -0.8085436 -0.2015179 0.5528542 -0.8504784 -0.3379696 0.4030671 -0.7802584 -0.3967824 0.483488 -0.7651194 -0.6156358 0.1886399 -0.7894009 -0.3834085 0.4794208 -0.8034819 -0.4769253 0.356313 -0.7375893 -0.4929469 0.4614816 -0.6834508 -0.448238 0.5761752 -0.6951064 -0.2140009 0.6863169 -0.753706 -0.3158143 0.5763581 -0.986612 0.04760932 0.1559816 -0.8168216 -0.3261305 0.4758587 -0.6454882 -0.1146619 0.7551144 -0.5879178 -0.1116079 0.8011844 -0.4668812 -0.06686735 0.8817884 -0.4478446 0.008423388 0.8940717 -0.4711456 -0.01513719 0.8819256 -0.5111957 -0.08694905 0.8550549 -0.4227262 0.06189358 0.9041415 -0.3996459 0.1192071 0.9088855 -0.5884081 -0.532253 0.6086729 -0.4916324 0.08523988 0.8666208 -0.5329619 0.1653546 0.829825 -0.3926277 0.1955661 0.8986643 -0.4046877 0.2782762 0.8710857 -0.6344122 0.3213109 0.7030509 -0.5776654 0.2270315 0.784066 -0.4287599 0.3599398 0.8286184 -0.4621879 0.4733275 0.7498956 -0.6907635 0.413042 0.5935 -0.5121507 0.609722 0.6049305 -0.6706603 0.3998631 0.6247594 -0.491115 0.5739136 0.6553084 -0.7377378 0.4464637 0.5063726 -0.8928318 0.4170414 0.170082 -0.5686296 0.6528009 0.5005112 -0.7297881 -0.3114845 0.6085942 -0.8437839 -0.09973543 0.5273344 -0.6134763 -0.3718214 0.6967034 -0.6740427 -0.225688 0.7033715 -0.624733 -0.4048709 0.6676738 -0.8153513 -0.2047228 0.5415634 -0.7371384 -0.1690782 0.6542474 -0.8514695 -0.2743722 0.4469002 -0.991549 -0.06695777 0.1111181 -0.9104928 0.06073206 0.4090412 -0.9933273 0.07107836 -0.09082406 -0.9714178 0.05887103 0.2299602 -0.9951603 0.05737549 0.0797764 -0.9989699 0.003296017 0.04525923 -0.8549727 0.1658123 0.4914551 -0.9033198 0.09744912 0.4177526 -0.7750119 0.1984377 0.5999826 -0.9810757 -0.06906533 -0.1808883 -0.9537191 -0.147773 -0.2618836 -0.9373645 -0.1670007 -0.3057101 -0.949293 -0.10938 -0.2947523 -0.9570569 -0.1572052 -0.243575 -0.9342152 -0.2919442 -0.2049652 -0.9019051 -0.4042886 -0.1520469 -0.9365253 -0.3503844 0.012299 -0.9848115 -0.05200403 -0.1656561 -0.9816924 -0.01141393 -0.190131 -0.8790408 -0.4706956 0.0757178 -0.5849896 0.3747437 -0.7192735 -0.7402217 0.5169711 -0.4298987 -0.6349582 0.4345977 -0.6387121 -0.6251237 0.4225071 -0.6562837 -0.8490804 0.4978325 -0.1767073 -0.8605398 0.3465414 -0.373337 -0.9208004 0.3895494 0.01944082 -0.6062577 0.2861451 -0.7420058 -0.8639498 0.2097309 -0.457825 -0.9707658 0.2392352 -0.01950132 -0.6441406 0.4366092 0.6280569 -0.5257291 0.5628714 0.6377968 -0.5915889 0.6052006 0.5326864 -0.6643766 0.4961842 0.5589321 -0.710402 0.3337916 0.6196065 -0.7464927 0.4004997 0.5313649 -0.769778 0.2356364 0.5932263 -0.6179246 0.6536628 0.4369145 -0.7484618 0.5304911 0.3979752 -0.4872053 0.7304417 0.4786294 -0.5317106 0.7557847 0.3821956 -0.8130992 0.4389002 -0.3824087 -0.5187332 0.7448797 -0.4196072 -0.1897082 0.870473 -0.454189 -0.4867795 0.8621948 0.1402352 -0.6842172 0.4682611 -0.5590872 -0.5517639 0.6833645 -0.4780896 -0.7216297 0.3771275 -0.5805389 -0.5020137 0.4973747 -0.7075313 -0.9296491 0.3197204 -0.1831159 -0.8612878 0.3629671 -0.3555815 -0.5246856 0.8327156 0.1768891 -0.7254779 0.6794241 0.1098395 -0.649695 0.7022798 0.2910321 -0.8298196 0.5529791 0.07492482 -0.7862679 0.5676279 0.2440931 -0.5750081 0.8180003 0.01553416 -0.7848038 0.6196944 0.007873952 -0.8680859 0.496302 -0.01055961 -0.6835946 0.725192 -0.08243173 -0.9876567 -0.1565931 0.003601193 -0.987002 -0.1574808 0.03204548 -0.9950417 -0.09784394 -0.01785361 -0.9721467 -0.2295626 0.04724311 -0.9968745 -0.07867813 -0.007141411 -0.9973409 -0.06146591 -0.03915625 -0.9965563 -0.0577718 -0.05948084 -0.9977287 -0.05136352 -0.04358118 -0.993389 -0.102818 -0.05105805 -0.8887173 -0.3121193 -0.3358021 -0.8137327 -0.2357606 -0.5312777 -0.9507635 -0.2019453 -0.2350891 -0.9204556 -0.1057486 -0.3762698 -0.8921475 -0.2294154 -0.3891547 -0.8892675 0.03576844 -0.4559869 -0.8645172 -0.2850798 -0.4139318 -0.8417407 -0.3872233 -0.3762059 -0.8866106 -0.293899 -0.3571346 -0.8800315 -0.3333041 -0.3383093 -0.8906166 -0.3626618 -0.2743692 -0.8646331 -0.3907344 -0.3158103 -0.8140423 0.580783 0.005157709 -0.8989731 0.4366685 0.03418147 -0.7195719 0.6797754 -0.1418513 -0.7025083 0.6908501 -0.1709043 -0.8186829 0.5718725 0.05215764 -0.6929984 0.6915946 -0.2035933 -0.8285295 0.5566053 0.06106847 -0.9054679 0.3936644 0.1586071 -0.5173613 0.6648911 -0.5387552 -0.4052723 0.6824226 -0.6083205 -0.3720841 0.4835994 -0.7922657 -0.216108 0.4662145 -0.8578702 -0.3676027 0.6640959 -0.6510337 -0.4004985 0.2825433 -0.8716481 -0.3659834 0.2616696 -0.8930763 -0.590084 0.3246302 -0.7391996 -0.8984461 -0.04745686 -0.4365119 -0.8593239 0.2233076 -0.4601047 -0.7681095 -0.01367259 -0.6401726 -0.792088 0.2114961 -0.5725959 -0.8514136 0.02462863 -0.5239163 -0.8657982 -0.1609275 -0.47381 -0.8410167 -0.1040398 -0.5309114 -0.9031916 -0.1920586 -0.3838732 -0.9231055 -0.1265009 -0.3631445 -0.8260921 -0.08923792 -0.556425 -0.9991423 -0.0346089 0.0227369 -0.9983169 -0.05664378 -0.01245182 -0.6716619 -0.2688112 0.69037 -0.9609884 -0.1398999 0.238599 -0.6714842 -0.3016216 0.6768556 -0.9579506 -0.1031564 0.2677488 -0.9963038 -0.08588141 0.001739561 -0.9506376 -0.1984653 0.2385368 -0.7291026 -0.2883449 0.6206986 -0.7094455 0.6522834 -0.2668585 -0.8330299 0.5532271 0.001037657 -0.9060061 0.3173738 0.2800482 -0.9048317 0.3869218 0.1776825 -0.4829956 0.586669 -0.6500267 -0.2146413 0.4460071 -0.8689113 -0.4655181 0.3930031 -0.7929952 -0.5542391 0.2697337 -0.7874406 -0.5374715 0.251874 -0.8047882 -0.7123517 -3.05193e-4 -0.7018225 -0.6554374 0.1171339 -0.7461109 -0.6155291 0.09936845 -0.7818248 -0.67124 0.05728459 -0.7390232 -0.6074249 0.1325146 -0.7832463 -0.8041481 -0.05841356 -0.591552 -0.7937431 0.00262463 -0.6082475 -0.9127697 -0.06061118 -0.4039528 -0.9638725 -0.1109966 -0.2421354 -0.9926103 0.1167669 0.03302186 -0.9204852 0.1557082 0.3584158 -0.9578465 0.2092094 0.1968796 -0.9735956 0.157449 -0.1652924 -0.9907354 0.06799608 -0.1175588 -0.9551867 0.126349 -0.267683 -0.9461776 0.06253319 -0.3175492 -0.8853995 0.1753036 -0.4305073 -0.9959457 -0.0599386 -0.06707996 -0.9835016 0.01464903 0.1803056 -0.9793699 0.1960876 0.0488311 -0.9958893 -0.02139365 0.08801615 -0.8058061 0.4039865 0.43298 -0.7980495 0.2195864 0.5611585 -0.8851438 0.4547032 0.09882062 -0.9717175 0.2259609 -0.06860613 -0.8855238 0.4085037 -0.221297 -0.9613041 0.2279503 -0.1547034 -0.9335138 0.04022395 0.3562783 -0.9296396 0.1688616 0.3274995 -0.9953776 -0.08679604 0.04110908 -0.9888218 -0.1375194 0.05762022 -0.9992061 0.01754862 -0.03576874 -0.941428 0.2742767 0.1961778 -0.9783 -0.2065249 -0.01663303 -0.9607951 -0.2771419 0.008087456 -0.8449841 0.08859711 0.5274017 -0.8849596 0.01336729 0.4654759 -0.9675421 -0.2486073 0.04535114 -0.8642691 0.02249252 0.5025268 -0.9556361 0.2829401 0.08188199 -0.9624482 0.2713752 0.006988823 -0.9972651 0.02349948 -0.07007128 -0.9960045 0.0393384 -0.0801723 -0.9747633 0.2217854 -0.02545326 -0.9994118 0.005157709 -0.03390681 -0.9454256 -0.1529015 0.2877356 -0.9857916 -0.08197379 0.1466128 -0.9927891 -0.1079769 0.05206573 -0.6376714 0.04388684 0.7690573 -0.5723825 -0.1369079 0.8084768 -0.720385 0.1387726 0.6795497 -0.8801364 0.07846421 0.4681914 -0.8257493 0.02661246 0.563409 -0.7687211 -0.07605415 0.6350463 -0.8369109 -0.109413 0.536292 -0.6493306 -0.1472865 0.7461076 -0.9661607 0.0423904 0.2544343 -0.9833276 0.1738982 0.05316436 -0.9972239 -0.01467984 0.07300257 -0.9569613 0.1233893 0.2626791 -0.9383783 -0.053653 0.3414199 -0.8687453 0.08780229 -0.4874141 -0.8215522 0.225691 -0.5235606 -0.9340223 0.004211544 -0.3571899 -0.9534589 -0.08633959 -0.2888973 -0.657316 0.4313235 0.6179771 -0.6256204 0.3021131 0.7192544 -0.8922248 0.1608965 0.4219565 -0.865893 0.04703021 0.4980136 -0.9219127 0.3267346 0.2081384 -0.7705237 0.5796859 0.2650611 -0.8894305 0.4285551 -0.1589151 -0.7934312 0.552942 -0.2544058 -0.969552 -0.2182705 -0.1110274 -0.9736486 -0.2186383 -0.06485289 -0.98936 -0.1153307 -0.08868777 -0.5910909 0.3230735 0.7390772 -0.659331 0.2436631 0.7112742 -0.8338433 0.1823212 0.5210224 -0.8502492 0.08460068 0.5195374 -0.6504881 0.2177246 0.7276409 -0.8568096 0.03225928 0.5146229 -0.993257 -0.04086434 -0.1084935 -0.9960977 -0.02841281 -0.08355998 -0.9988616 -0.03671455 -0.03045809 -0.3377524 -0.087345 0.9371736 -0.3252469 0.1643173 0.9312434 -0.3931219 0.3399569 0.8543328 -0.6545941 0.1878727 0.732264 -0.5648784 -0.01409983 0.8250538 -0.7415671 0.272144 0.6132014 -0.6669622 -0.2248334 0.7103602 -0.4520225 -0.3120301 0.8356511 -0.3750783 -0.356889 0.8555387 -0.5518174 -0.2949374 0.7800703 -0.995079 -0.07272726 0.06729483 -0.9183268 -0.1446921 0.3684294 -0.8740807 -0.4565728 0.1659044 -0.9379355 -0.3026859 0.169288 -0.9805376 -0.1632449 0.1090741 -0.9958422 -0.06686758 -0.06186246 -0.9989999 0.01895213 -0.04049831 -0.9520666 0.1944967 -0.2360939 -0.8766497 0.2928066 -0.3817718 -0.7920697 0.3667515 -0.4879745 -0.8906124 0.2421396 -0.3849391 -0.9700748 -0.199899 0.1378235 -0.996965 -0.04165846 -0.06576848 -0.9483146 -0.2636835 0.1765519 -0.9820321 -0.1482295 0.1167952 -0.9664717 -0.2197359 0.1328486 -0.9906187 -0.04687726 0.1283632 -0.9817699 0.05771166 0.1811005 -0.9268907 0.01293998 0.3751083 -0.6431689 -0.1657211 0.7475763 -0.5380576 -0.2852652 0.7931696 -0.3640012 -0.2670726 0.8922867 -0.9941418 -0.0966857 0.0483123 -0.8890573 -0.2086298 0.4074935 -0.9855849 -0.005981743 -0.169076 -0.8702992 0.008606195 -0.4924482 -0.9423656 0.04623627 -0.3313753 -0.6204914 0.138772 -0.7718374 -0.8425462 0.08316504 -0.5321649 -0.583712 0.1237557 -0.8024743 -0.5918224 0.1253105 -0.7962685 -0.5238865 0.1460326 -0.8391767 -0.7869364 0.3126687 -0.5319488 -0.661142 0.2111943 -0.7199224 -0.8332524 0.3283814 -0.4448102 -0.9163869 0.2193383 -0.3348519 -0.9541503 0.1345589 -0.2673782 -0.9531959 0.1248527 -0.2753717 -0.8896585 0.274976 -0.3645491 -0.9294156 0.1919319 -0.3151968 -0.8134654 0.372673 -0.4465301 -0.6187396 0.3823404 -0.6862778 -0.6292293 0.5229589 -0.5749648 -0.2056407 -0.8665417 0.4547719 0.04220825 0.9154285 0.4002615 0.04199439 0.9345592 0.3533208 -0.02118027 0.7963058 0.6045234 0.02542233 0.8861824 0.4626386 -0.2053034 0.2998523 0.9316326 -0.3251855 -0.6378582 0.6981342 -0.3187419 -0.3761484 0.8700092 -0.5605174 -0.7497066 0.3517959 -0.3116649 -0.7827942 0.5386078 -0.3261586 -0.7093271 0.6248805 -0.3169996 -0.9482519 0.01815873 -0.3036084 -0.9389032 0.1621198 -0.32457 -0.9449917 -0.04055976 -0.3104101 -0.9448418 -0.1044975 -0.3204188 -0.9466074 -0.0355851 -0.2717769 -0.9118643 -0.3076375 -0.2897799 -0.9365736 -0.1971235 -0.2310622 -0.8855198 -0.4030694 -0.2564255 -0.8914462 -0.3735901 -0.2119572 -0.8686738 -0.4477501 -0.1997186 -0.8457217 -0.4948408 -0.1944674 -0.6925078 -0.6947052 -0.1964197 -0.7857397 -0.5865429 -0.2343261 -0.3482542 -0.90764 -0.2008158 -0.5444001 -0.8144333 -0.2618557 -0.09781438 -0.9601375 -0.2610315 -0.1923326 -0.9459761 -0.2887082 0.2427773 -0.9261246 -0.2627402 0.001098692 -0.9648661 -0.3304318 0.6399275 -0.6937634 -0.3304355 0.7425414 -0.5826188 -0.3312516 0.8236734 -0.4602549 -0.3131855 0.9013773 -0.2990552 -0.3225886 0.9441744 -0.0668677 -0.3199661 0.9377413 -0.1351402 -0.3161429 0.9050312 0.2845561 -0.3187739 0.9456095 0.06485348 -0.3166988 0.8017421 0.5068646 -0.366692 0.6739321 0.6413677 -0.3312293 0.6948093 0.6383786 -0.3343142 0.7002469 0.6307839 -0.3123378 0.6914831 0.6513803 -0.2926201 0.6433187 0.7074705 -0.2716207 0.5395792 0.7969169 -0.2487621 0.4261094 0.8697978 -0.235728 0.2862979 0.9286904 -0.2389019 0.360184 0.9017724 -0.2509575 0.1271725 0.959608 -0.2399417 0.2038375 0.9491462 0.02560549 0.09543329 0.9951065 -0.2902038 -0.05893188 0.9551486 0.03329622 0.01797568 0.9992839 -0.380366 -0.1036751 0.9190067 0.01413047 0.234633 0.9719814 0.01977634 0.1559524 0.9875666 -0.2642647 0.03561574 0.9637925 0.01174974 0.3156566 0.9488008 0.01400822 0.3875618 0.9217373 0.01568692 0.4446665 0.8955589 0.01681625 0.5420579 0.8401729 0.01797568 0.6397087 0.7684073 0.02081394 0.699221 0.7146026 0.02490359 0.730719 0.6822241 0.02734553 0.7336001 0.679031 0.02420192 0.7611866 0.6480814 0.02066165 0.8571699 0.5146193 0.01959311 0.9488334 0.3151689 0.01376414 0.9920874 0.1247929 0.01623618 0.999868 6.40902e-4 0.02194344 0.9950553 -0.09686863 0.02157711 0.9493952 -0.3133419 0.0230419 0.8564888 -0.5156512 0.02237051 0.7755228 -0.630923 0.02166885 0.6690792 -0.7428753 -0.3148425 0.4939023 -0.8105151 0.01931852 0.520991 -0.8533436 0.01727396 0.2893847 -0.9570571 0.0152899 0.04190236 -0.9990048 0.01529014 -0.07126253 -0.9973405 0.01480185 -0.1709695 -0.9851652 0.01181083 -0.3412634 -0.9398936 0.008698046 -0.5614361 -0.8274744 0.007843255 -0.7253672 -0.6883175 0.008575737 -0.8178705 -0.5753385 0.009857654 -0.8685126 -0.4955692 0.01174992 -0.8811218 -0.4727435 0.01425236 -0.8979927 -0.4397796 0.01385551 -0.9250249 -0.3796539 0.01434379 -0.9362555 -0.3510271 0.01742637 -0.9532014 -0.3018334 0.0187996 -0.9845684 -0.1739879 0.01922696 -0.9929985 -0.1165522 0.01721274 -0.9971203 -0.07385623 0.01303172 -0.9999056 -0.004364252 0.0110175 -0.9911484 0.1323016 -0.2902687 -0.8849365 0.3641863 0.01028484 -0.9319257 0.3625037 0.01123106 -0.8179166 0.5752273 0.01275712 -0.7329556 0.6801569 0.01416075 -0.6582939 0.7526279 0.01596128 -0.3849629 0.9227941 0.01205486 0.301647 0.9533436 0.004791438 0.7875965 0.6161729 0.005462884 0.8853628 0.4648689 0.008575737 0.9306672 0.3657664 0.006958305 0.9669677 0.2548041 0.002838194 0.9461723 0.3236511 0.1157885 -0.9874675 -0.1072432 0.3023253 -0.881431 0.3628758 0.3370255 0.8940653 -0.2950614 0.4228725 -0.1079765 0.8997333 -0.4100683 -0.9117164 -0.02484625 -0.4102904 -0.7781382 0.4755657 -0.9966938 -0.06695896 -0.04602283 -0.9976233 -0.006073176 -0.06863635 -0.8812696 0.1610493 -0.4443276 -0.6929678 0.1583028 -0.7033748 -0.5711988 -0.2971968 0.7651184 -0.6645887 -0.2198917 0.7141216 -0.9098886 -0.1436827 0.3891762 0.06180161 -0.3524983 0.9337696 0.004547297 -0.3343041 0.9424543 -0.388665 -0.2845632 0.8763352 -0.8081551 0.04410058 -0.5873163 -0.1218327 0.1384962 -0.9828407 -0.01821988 0.07919704 -0.9966925 -0.6292062 0.04217696 -0.7760933 -0.4229391 -0.312306 0.8506394 -0.9101941 -0.230753 0.3439474 -0.8112162 -0.2967329 0.5038629 -0.7689605 -0.0274977 -0.6387048 -0.9822434 -0.07321429 -0.1727356 -0.9882199 -0.1519563 -0.01818954 -0.9360524 -0.09268659 -0.3394339 -0.8388385 0.08160716 -0.5382288 -0.006225824 0.2138456 -0.9768477 -0.3255497 0.1715492 -0.9298325 -0.0579856 -0.3496228 0.9350945 0.2825478 -0.3336067 0.8993738 -0.9537703 0.0351575 -0.2984729 -0.9141183 -0.2052432 0.3496612 0 0.5295984 -0.8482486 3.05193e-4 0.2835853 -0.958947 -0.5035067 0.3333313 -0.7971019 -0.9787451 0.01611399 -0.2044469 -0.3052842 0.3397099 -0.8896059 -0.245095 -0.4614109 0.8526596 -0.06680709 -0.8447483 -0.5309777 -0.7566009 -0.4311749 0.4915723 0.4625183 -0.6333342 0.6204552 0.2073469 -0.4097497 0.88832 0.463497 0.1971853 -0.86388 -0.5270662 0.277694 -0.8031733 0.9967594 -0.06616574 -0.04574835 0.8812696 0.1610493 -0.4443276 0.9976233 -0.006073176 -0.06863635 0.6929678 0.1583028 -0.7033748 0.4850513 -0.3488109 0.8019079 0.8891127 -0.2003883 0.4114889 -0.1121579 -0.7320633 -0.6719405 0.7392765 0.0753529 -0.669173 0.5274302 0.09546357 -0.844218 0.7913085 -0.005035698 -0.6113963 0.6515548 0.04110938 -0.7574869 0.8410901 -0.2393653 0.4850482 0.5025941 -0.2917659 0.8138009 0.8352069 -0.2557167 0.4868658 0.9558527 -0.06964415 -0.285474 0.990944 -0.08719205 -0.1021158 0.8604594 0.0874986 -0.5019499 0.8540732 0.01834189 -0.5198295 0.7045414 -0.3604041 0.611335 0.9898568 -0.1370613 -0.03738588 0.5038732 0.3302795 -0.79814 0.8953862 -0.2927958 0.3354914 0.9664105 -0.0262767 -0.2556565 0.7113495 0.1665756 -0.6828138 0.5270662 0.277694 -0.8031733 -0.1638289 -0.9385373 0.3038222 -0.1598597 -0.1846413 0.9697178 0.1128311 -0.2053055 0.9721723 0.1035822 0.9522303 -0.2872774 0.1586383 0.9049832 -0.3947647 0.1281179 0.4691351 -0.8737839 0.1311104 -0.1340708 -0.9822602 0.2218706 -0.1441701 -0.9643591 0.09863799 -0.8368055 -0.5385416 0.1824727 0.5806226 -0.7934616 -0.008209645 0.6728264 0.739755 -0.1240898 0.6145898 0.7790257 0.1927284 -0.8714134 -0.4511036 0.2167167 0.786754 0.5779723 0.2708006 0.8820782 -0.3854933 0.5668936 0.6762438 0.470453 0.3928156 -0.003235042 0.9196116 -0.008362233 -0.9698081 0.2437261 -0.01736527 -0.6091276 0.7928822 -0.01113957 -0.9608423 0.276872 0.0486772 -0.9071357 -0.4180136 0.09415197 -0.9532087 -0.287278 0.1296757 -0.4955083 -0.8588689 0.1091063 -0.417137 -0.9022709 0.1384629 -0.03668332 -0.989688 0.1019029 0.2059116 -0.9732505 0.1096563 0.3009217 -0.9473235 0.05749821 0.2042651 0.9772256 -0.1394724 -0.5661909 0.8123887 0.1639462 0.9227008 -0.3489197 0.02914571 0.0586577 0.9978526 0.07962447 -0.8550556 0.5123864 0.1150572 0.7370073 0.6660197 0.07547473 0.7323155 0.67677 0.09622746 0.8491093 0.5193783 0.1647431 -0.7509575 -0.6394705 0.1664529 -0.9451559 0.2810228 0.2490093 -0.5416006 0.8029093 -0.2380784 -0.1380983 0.961378 0.03881984 -0.9974762 -0.05945056 0.1123728 0.138406 0.9839798 0.05612373 0.982608 0.1770079 0.9770996 -0.04184168 -0.2086285 0.828874 0.1930956 -0.5250543 0.7709383 0.04287904 -0.6354648 0.6108152 -0.2039306 0.7650603 0.5118676 -0.160775 0.8438857 0.6854324 -0.1759741 0.7065518 0.6094748 -0.1207352 0.7835582 0.7714654 -0.2496778 0.585237 0.8644154 -0.06732451 0.4982504 0.935155 -0.1852792 0.3019218 0.8976005 0.0205394 0.4403312 0.9276115 -0.1932193 0.3196924 0.8688133 7.62974e-4 0.4951393 0.9316 -0.153756 0.3293637 0.9533441 -0.2282496 0.1975783 0.9514648 -0.2938994 0.09131324 0.4635665 -0.2659197 0.8452176 -0.001007139 -0.3477396 0.9375907 4.2727e-4 -0.3063223 0.9519278 0.5101866 -0.291182 0.809273 0.3128861 -0.2466588 0.9172032 -0.03097701 0.07666432 -0.9965757 -1.52596e-4 0.1586999 -0.9873269 0 0.06045722 -0.9981708 0.3185259 0.08389645 -0.9441942 -0.1055943 0.1777403 -0.9783958 0.5925051 0.05911618 -0.8033947 0.2834345 0.1984682 -0.93823 0.6681647 0.2292629 -0.7078096 0.6686407 0.05069202 -0.7418558 0 0.09869992 -0.9951173 0.05554491 0.11286 -0.9920572 0.8969326 0.01284861 -0.4419809 0.7643114 0.02911484 -0.6441897 0.3548465 0.08636927 -0.9309266 0.5898796 0.03528046 -0.8067202 0.9942743 0.08771121 -0.06103771 0.8546242 0.3152615 -0.4125866 0.05105841 0.8279526 0.558469 0.09635096 0.7387925 0.6670099 -0.1595255 0.2890198 -0.9439381 0.245953 0.3170319 -0.9159683 0.564004 0.3668162 -0.7398279 0.477351 0.3007668 -0.8256363 -0.02688699 0.5820842 0.8126839 0.2585281 0.6473733 0.7169876 0.5057279 0.412035 0.7579357 0.3020507 0.2371053 0.9233345 -0.3646107 0.4798811 0.7979808 -0.1568994 0.5512692 0.8194419 0.009033739 0.3058959 0.9520221 0.1714847 0.8321543 0.5273637 0.05438566 0.9123484 0.4057866 0.4614224 0.6246706 0.629981 0.2158626 0.6021754 0.7686275 0.7586741 0.1090752 0.6422743 0.6149051 0.2369832 0.7521508 0.7351758 0.004608333 0.6778609 0.2979019 -0.002838313 0.9545924 0.03534072 -0.04223793 0.9984824 0.7598993 0.03170949 0.6492669 -1.83114e-4 0.2773562 -0.9607672 0.5786724 0.2041726 -0.7895898 0.9876646 0.1565333 0.003997981 0.007049977 0.4154912 0.9095699 -0.1371241 0.6404821 0.7556321 -0.2668275 0.3818536 0.8848677 2.44151e-4 -0.0674467 0.9977229 0.2613075 0.2073796 0.9427152 0.413687 -0.002197325 0.9104166 1.83113e-4 0.05560523 0.9984529 -0.2933204 0.6188997 0.7286469 0.6209725 -0.1752713 0.763985 -0.1070907 0.5966131 0.7953519 0.2540122 0.4478709 0.857257 0.6780173 0.02646023 -0.7345696 -0.02816921 0.6257044 0.7795516 0.03116023 0.6858311 0.7270933 0.7942098 0.2395172 0.5584464 0.9934678 -0.09668546 -0.06061154 -7.32458e-4 -0.2770219 0.9608633 0.9813105 -0.02276718 -0.1910799 0.1743288 0.6058172 0.77627 -0.1170409 0.9897357 0.0820049 0.05667465 0.6071544 0.7925601 0.03326565 -0.3361967 0.9412042 0.04089581 -0.451655 0.891255 -0.05975699 -0.8669956 0.4947198 -0.08408099 0.8767008 -0.4736309 -0.07187181 0.8058798 -0.5877009 -0.05304247 0.9983465 -0.02215695 -0.03469967 0.1415455 -0.9893235 -0.2218397 -0.3243517 -0.919556 -0.1271114 0.392138 -0.9110821 -0.005829036 0.6919825 0.7218909 -0.06973707 0.7776678 0.6247956 0.03949105 0.09076231 0.9950894 -0.04663288 -0.7204909 -0.6918947 -0.2194901 -0.8700254 -0.4414522 -0.3551835 0.6922691 0.6281786 -0.0135197 0.9986902 0.04934853 -0.03277754 0.6735879 0.73838 -0.2726304 -0.02627724 0.9617601 0.04648053 0.2185472 0.9747188 0.0119633 -0.6979031 0.7160923 0.04925763 -0.9566174 0.2871531 0.158698 -0.9460542 -0.2824826 0.03888154 -0.3907687 -0.9196675 0.1617183 0.175177 -0.9711644 -0.1348026 0.9664776 -0.2185164 0.04935014 0.5068998 -0.8605912 0.1648945 0.9818598 -0.093602 0.05282849 0.1307436 0.9900078 0.05758988 -0.714457 0.6973052 0.03790467 -0.9058374 -0.4219265 -0.02035623 0.1328499 -0.9909271 0.1788414 -0.5498915 0.8158647 -0.1768581 -0.9839358 -0.0243237 -0.1325151 -0.6586999 0.7406445 -0.1796058 -0.969444 0.1670929 -0.3513969 -0.6156924 0.7052965 -0.137796 0.2283477 0.9637788 -0.1926382 -0.1852831 0.9636186 -0.198681 -0.9607494 -0.1936148 -0.1952905 -0.7707247 -0.6065024 -0.1208841 -0.1084325 -0.9867267 -0.1448442 -0.9517725 0.2704613 -0.2062178 -0.5985109 0.7741181 -0.2021608 0.3313496 -0.9215957 -0.01837247 0.2677749 0.9633063 -0.2231285 0.617014 -0.7546572 -0.1299194 -0.01290953 0.9914405 -0.06073325 0.1233587 0.9905019 -0.2436054 0.7951509 -0.5553299 -0.1904426 0.5051919 -0.8417321 -0.1941622 0.968217 0.1576614 -0.269459 -0.6527873 -0.7079976 -0.2207773 0.1096257 -0.9691438 -0.0721479 0.411066 0.9087461 -0.1965744 -0.9028811 -0.3823145 -0.2027086 -0.3152329 0.9271125 -0.2675325 -0.5369573 0.8000645 -0.2265145 -0.9503722 0.2132691 -0.8252311 0.2199802 -0.5201947 -0.9772822 -0.04489356 -0.207133 -0.769143 0.0400716 -0.6378192 -0.5105254 -0.1590967 0.8450161 -0.6113623 -0.2052727 0.7642639 -0.6858239 -0.1767967 0.7059664 -0.6103521 -0.1226869 0.7825716 -0.7866877 -0.2453725 0.5664933 -0.862142 -0.06167966 0.5028983 -0.9354692 -0.1851284 0.3010396 -0.9531753 -0.2913361 0.08111995 -0.8971701 0.03173983 0.4405433 -0.9276334 -0.1899519 0.3215816 -0.9313882 -0.1481712 0.3325078 -0.8624458 0.008881092 0.5060716 -0.9532814 -0.2225798 0.2042375 -0.993385 -0.09747684 -0.06070172 -0.4637122 -0.2661905 0.8450525 -0.5108561 -0.2922186 0.8084765 -0.3135218 -0.2477228 0.9166993 0.03097701 0.07666432 -0.9965757 0.1059613 0.17765 -0.9783725 -0.3185259 0.08389645 -0.9441942 -0.2811105 0.202524 -0.9380624 -0.5925051 0.05911618 -0.8033947 -0.6670814 0.2464703 -0.7030326 -0.6686407 0.05069202 -0.7418558 -0.05554491 0.11286 -0.9920572 -0.8922072 0.007355153 -0.4515665 -0.7535129 0.02957284 -0.6567678 -0.6780173 0.02646023 -0.7345696 -0.3548465 0.08636927 -0.9309266 -0.5898796 0.03528046 -0.8067202 -0.8260348 0.3821624 -0.4142687 -0.9893881 0.1275684 -0.06955224 -0.09409081 0.8117206 0.5764171 -0.09015339 0.8410758 0.5333517 -0.04333776 0.8967866 0.4403361 0.1647719 0.2897166 -0.9428227 -0.5335348 0.4024858 -0.7438724 -0.4639499 0.3143153 -0.8282248 -0.5757225 0.2152245 -0.7888106 -0.2411009 0.6763032 0.6960491 0.0257883 0.5823894 0.8125008 -0.5063733 0.4099329 0.7586444 -0.30028 0.2356705 0.9242789 0.1488404 0.5383524 0.8294717 0.3579016 0.4929807 0.7930175 -0.008392632 0.3055855 0.9521277 -0.1660539 0.8746138 0.4554962 -0.05960452 0.9075579 0.4156754 -0.4626399 0.6202408 0.6334555 -0.218518 0.5970181 0.7718935 -0.7560281 0.1055363 0.6459749 -0.6139506 0.2320664 0.75446 -0.7307548 0.004425287 0.6826258 -0.3043992 -0.003814876 0.952537 -0.0393694 -0.03915578 0.9984573 -0.756436 0.03140372 0.6533133 -0.9820044 0.1851272 0.037355 0.2515995 0.5717144 0.7809228 0.2662178 0.3964426 0.8786133 -0.2600872 0.20738 0.9430527 -0.4132896 -0.001617491 0.9105982 -0.6227804 -0.1774402 0.7620102 -0.1202781 0.7253307 0.6778116 0.3402289 0.5073524 0.791731 0.4143276 0.485315 0.7699364 -0.257061 0.4434401 0.8586504 -0.2534924 0.7852283 0.5649408 0.3371824 0.6991469 0.6304774 -0.05905449 0.7201906 0.6912584 -0.01208555 0.611389 0.791238 -0.07525944 0.7584546 0.6473659 -0.1831474 0.736588 0.6510724 -0.06689852 0.7758035 0.6274181 0.01623618 0.6312595 0.7754018 0.3029615 0.672607 0.6751402 0.03296035 0.7004694 0.712921 -0.7824522 0.2219359 0.5818188 0.05612468 0.04529035 -0.997396 0.9774386 -0.1094113 -0.1806737 0.02575773 -0.925844 -0.3770273 0.9073595 -0.1291868 0.4000121 -0.9883459 -0.1413056 -0.0566138 -0.252761 0.5738549 -0.7789753 -0.08450627 0.9438519 -0.3193782 -0.2129623 -0.9200594 0.3288433 -0.1525652 -0.9220752 -0.3556702 0.1142651 0.9418023 0.3161519 -0.3895144 -0.3148038 -0.8655502 0.1010789 -0.1113028 0.9886329 0.1154848 0.5640264 0.8176415 -0.04553538 -0.6334365 0.7724537 0.5212106 0.7971671 0.3047364 0.8668709 0.3137997 0.3873818 0.9095265 0.3705919 0.1882105 -0.0455048 0.9068009 0.4190963 0.5134565 0.7020351 0.4934663 -0.4835851 0.5750833 0.6598671 -0.00238049 0.8018361 0.5975393 -0.5742272 0.6576679 0.4875819 -0.746387 0.108375 0.6566289 -0.8014374 -0.4356328 0.409783 -0.8629776 0.1448723 0.4840267 -0.4131423 -0.8621757 0.2932007 -0.6903827 -0.4199795 0.5890578 0.1535719 -0.9718186 0.1788417 -0.3369621 -0.8082084 0.4829657 0.6823224 -0.7226691 0.1103886 0.1788403 -0.9079964 0.3788914 0.9710568 -0.2099103 0.1139583 0.6600789 -0.681229 0.3165802 0.9228702 -0.21455 0.3198107 0.4400861 0.4489672 0.7776585 0.6896179 0.1748765 0.7027413 -0.2638404 0.3593357 0.8951348 0.07590121 0.5194062 0.8511499 -0.4493689 0.02984803 0.8928475 -0.409841 -0.3431872 0.8451349 -0.1603163 -0.6172774 0.7702386 0.2038404 -0.6877288 0.6967627 0.5436091 -0.5276475 0.652746 0.7291337 -0.1981305 0.6550636 0.3332101 0.1963919 0.9221721 0.4719805 0.04397821 0.8805115 0.1307126 0.2355757 0.9630256 -0.05816876 0.1465206 0.9874959 -0.1613532 -0.03662258 0.986217 -0.1393491 -0.2440593 0.9596962 0.2018544 -0.4356625 0.8771848 -6.10382e-4 -0.396474 0.9180458 0.4939544 -0.1634307 0.8539903 0.3908005 -0.346639 0.8527113 0.176828 -0.1063898 0.9784749 0.806711 0.3941845 0.4402683 0.4187515 0.7242774 0.5477859 0.7177236 0.3613186 0.5952494 0.03183162 0.9569326 0.2885599 0.4904184 0.7800183 0.3886663 -0.4979152 0.8519034 0.1622993 -0.01269572 0.8918139 0.4522243 -0.904534 0.4235787 0.04898363 -0.5098608 0.7937543 0.3316568 -0.968784 -0.168865 0.1815001 -0.8927063 0.3904579 0.2249848 -0.9853466 -0.1705419 0.002777218 -0.7090784 -0.670655 0.2177836 -0.7095034 -0.7034912 0.04129207 -0.2583764 -0.9143582 0.3117547 -0.2293239 -0.9633497 0.1391692 0.1999905 -0.8839195 0.4227176 0.6638153 -0.6563382 0.3585659 0.257549 -0.931864 0.2555347 0.887757 -0.1544601 0.4336239 0.5835614 -0.6249457 0.518555 0.7947407 -0.1537538 0.5871517 0.2462907 0.5536201 0.795516 0.4854394 0.2675624 0.8323214 -0.4867507 0.6122151 0.6231105 -0.09454947 0.6888257 0.7187348 -0.7901311 0.2926445 0.5385649 -0.850423 -0.1505827 0.5040889 -0.2888932 -0.739812 0.607634 -0.6446274 -0.5482171 0.5328354 0.07397764 -0.7132557 0.6969891 0.5470541 -0.1386175 0.8255405 0.3796646 -0.5100141 0.7718423 0.04788488 0.320942 0.9458877 0.197795 0.1434708 0.9696872 -0.1642833 0.4064508 0.8987819 -0.4073709 0.3617141 0.8385773 -0.6346787 -0.1149966 0.764172 -0.5969874 0.1620268 0.7857185 -0.5060352 -0.3635726 0.7821404 -0.05859738 -0.4618818 0.8850038 -0.2848065 -0.479825 0.8298513 0.132515 -0.3363537 0.9323659 0.2388095 -0.1075177 0.9650959 -0.2248356 -0.04510748 0.9733521 0 -0.8996387 -0.4366351 -0.2485802 -0.6738676 0.6957805 -0.2761992 -0.04504638 -0.9600443 -0.2342024 0.3243554 -0.9164839</float_array>
          <technique_common>
            <accessor source="#polySurfaceShape66-mesh-normals-array" count="1890" stride="3">
              <param name="X" type="float"/>
              <param name="Y" type="float"/>
              <param name="Z" type="float"/>
            </accessor>
          </technique_common>
        </source>
        <source id="polySurfaceShape66-mesh-map-0">
          <float_array id="polySurfaceShape66-mesh-map-0-array" count="21594">0.20371 0.04563897 0.2111099 0.05916398 0.201319 0.057585 0.214491 0.04717397 0.2199029 0.06036895 0.2111099 0.05916398 0.224245 0.04833894 0.225033 0.060853 0.2199029 0.06036895 0.230036 0.04874795 0.230449 0.06191599 0.225033 0.060853 0.109449 0.05668097 0.118097 0.04885095 0.114537 0.06373 0.102683 0.048096 0.107718 0.04192698 0.106411 0.052055 0.111693 0.04481196 0.106411 0.052055 0.107718 0.04192698 0.04335397 0.146903 0.03294396 0.158929 0.02809697 0.150285 0.04194998 0.138407 0.02809697 0.150285 0.02548295 0.1404809 0.05933898 0.133652 0.05396199 0.142364 0.05204498 0.135826 0.06967097 0.1401579 0.05396199 0.142364 0.06351298 0.136606 0.06003296 0.147288 0.04335397 0.146903 0.05396199 0.142364 0.04194998 0.138407 0.05396199 0.142364 0.04335397 0.146903 0.079418 0.1548759 0.06003296 0.147288 0.07866597 0.1491709 0.06967097 0.1401579 0.07866597 0.1491709 0.06003296 0.147288 0.06879895 0.1686 0.08393198 0.159368 0.089298 0.162927 0.05949199 0.1631979 0.079418 0.1548759 0.08393198 0.159368 0.180398 0.04863899 0.184015 0.05932098 0.18071 0.06413 0.183694 0.04586195 0.187766 0.05533099 0.184015 0.05932098 0.170231 0.05240195 0.177124 0.06741297 0.170342 0.07071995 0.176939 0.05046397 0.18071 0.06413 0.177124 0.06741297 0.190802 0.10471 0.196272 0.08911496 0.202812 0.09370899 0.1855829 0.09819495 0.188731 0.08393096 0.196272 0.08911496 0.193216 0.07744997 0.196272 0.08911496 0.188731 0.08393096 0.201327 0.08053696 0.202812 0.09370899 0.196272 0.08911496 0.208254 0.08308196 0.205974 0.07174897 0.2136189 0.07332396 0.201327 0.08053696 0.197202 0.06971496 0.205974 0.07174897 0.201319 0.057585 0.205974 0.07174897 0.197202 0.06971496 0.2111099 0.05916398 0.2136189 0.07332396 0.205974 0.07174897 0.225033 0.060853 0.222413 0.076137 0.217698 0.074319 0.2161819 0.08724397 0.217698 0.074319 0.222413 0.076137 0.211739 0.08493 0.2136189 0.07332396 0.217698 0.074319 0.2199029 0.06036895 0.217698 0.074319 0.2136189 0.07332396 0.198031 0.112449 0.206367 0.09694796 0.21094 0.09926897 0.193926 0.108838 0.202812 0.09370899 0.206367 0.09694796 0.208254 0.08308196 0.206367 0.09694796 0.202812 0.09370899 0.211739 0.08493 0.21094 0.09926897 0.206367 0.09694796 0.183353 0.237354 0.162356 0.244823 0.182876 0.226299 0.150569 0.229668 0.182876 0.226299 0.162356 0.244823 0.184877 0.258809 0.1701999 0.264312 0.183705 0.248688 0.166467 0.254561 0.183705 0.248688 0.1701999 0.264312 0.07240897 0.03353798 0.07957696 0.04219597 0.07150697 0.04005199 0.08028095 0.034922 0.08893895 0.04457396 0.07957696 0.04219597 0.065153 0.03823095 0.06800198 0.032763 0.06723195 0.03876197 0.06800198 0.032763 0.07150697 0.04005199 0.06723195 0.03876197 0.06485199 0.04303199 0.06723195 0.03876197 0.06678897 0.044815 0.06723195 0.03876197 0.07116997 0.04751294 0.06678897 0.044815 0.07116997 0.04751294 0.06639999 0.04875999 0.06678897 0.044815 0.0647 0.04574596 0.06678897 0.044815 0.06639999 0.04875999 0.07150697 0.04005199 0.07987695 0.05058199 0.07116997 0.04751294 0.07957696 0.04219597 0.09010297 0.05339199 0.07987695 0.05058199 0.09097397 0.05983495 0.07987695 0.05058199 0.09010297 0.05339199 0.07993799 0.05674695 0.07116997 0.04751294 0.07987695 0.05058199 0.07074296 0.05280995 0.07776099 0.06506597 0.068318 0.05942898 0.07993799 0.05674695 0.089998 0.06917798 0.07776099 0.06506597 0.064121 0.049757 0.06639999 0.04875999 0.06478595 0.05368697 0.07074296 0.05280995 0.06478595 0.05368697 0.06639999 0.04875999 0.174412 0.08406996 0.177124 0.06741297 0.1821759 0.07892596 0.18071 0.06413 0.1821759 0.07892596 0.177124 0.06741297 0.186178 0.07397699 0.188731 0.08393096 0.1821759 0.07892596 0.179657 0.09081095 0.1821759 0.07892596 0.188731 0.08393096 0.187766 0.05533099 0.189738 0.06734496 0.184015 0.05932098 0.193198 0.05598199 0.197202 0.06971496 0.189738 0.06734496 0.193216 0.07744997 0.189738 0.06734496 0.197202 0.06971496 0.186178 0.07397699 0.184015 0.05932098 0.189738 0.06734496 0.188086 0.04379999 0.193198 0.05598199 0.187766 0.05533099 0.194833 0.04411995 0.201319 0.057585 0.193198 0.05598199 0.161996 0.07270199 0.170231 0.05240195 0.170342 0.07071995 0.149274 0.07096195 0.155744 0.05354297 0.1559579 0.072187 0.161765 0.05375999 0.1559579 0.072187 0.155744 0.05354297 0.150124 0.08615797 0.1559579 0.072187 0.15772 0.08722096 0.161996 0.07270199 0.15772 0.08722096 0.1559579 0.072187 0.164758 0.087179 0.159633 0.09540498 0.15772 0.08722096 0.150916 0.09476196 0.15772 0.08722096 0.159633 0.09540498 0.168044 0.09470498 0.174412 0.08406996 0.179657 0.09081095 0.164758 0.087179 0.170342 0.07071995 0.174412 0.08406996 0.171412 0.102366 0.16246 0.109786 0.1613039 0.103363 0.1510969 0.109658 0.1613039 0.103363 0.16246 0.109786 0.151203 0.102976 0.159633 0.09540498 0.1613039 0.103363 0.168044 0.09470498 0.1613039 0.103363 0.159633 0.09540498 0.174184 0.108668 0.1855829 0.09819495 0.190802 0.10471 0.171412 0.102366 0.179657 0.09081095 0.1855829 0.09819495 0.176343 0.1142179 0.193926 0.108838 0.198031 0.112449 0.175678 0.112112 0.190802 0.10471 0.193926 0.108838 0.163289 0.115399 0.150709 0.113664 0.162826 0.113366 0.150709 0.113664 0.16246 0.109786 0.162826 0.113366 0.174184 0.108668 0.162826 0.113366 0.16246 0.109786 0.175678 0.112112 0.163289 0.115399 0.162826 0.113366 0.156535 0.19584 0.1220999 0.206193 0.1451669 0.188323 0.110592 0.1975769 0.1451669 0.188323 0.1220999 0.206193 0.13302 0.214585 0.174839 0.210312 0.150569 0.229668 0.1922439 0.277683 0.192703 0.261788 0.198749 0.26372 0.18534 0.276298 0.184877 0.258809 0.192703 0.261788 0.20897 0.221477 0.2000949 0.224887 0.202216 0.217276 0.2050009 0.239461 0.2000949 0.224887 0.206857 0.2295179 0.198749 0.26372 0.197181 0.246209 0.203144 0.249404 0.198659 0.235245 0.203144 0.249404 0.197181 0.246209 0.183353 0.237354 0.197181 0.246209 0.183705 0.248688 0.192703 0.261788 0.183705 0.248688 0.197181 0.246209 0.202216 0.217276 0.182876 0.226299 0.174839 0.210312 0.2000949 0.224887 0.183353 0.237354 0.182876 0.226299 0.170836 0.143904 0.173416 0.149846 0.169528 0.149138 0.17782 0.146435 0.173416 0.149846 0.1744149 0.145009 0.177126 0.15132 0.182983 0.1482999 0.182702 0.1532109 0.1764619 0.157916 0.182702 0.1532109 0.182856 0.160075 0.168848 0.154175 0.173416 0.149846 0.172109 0.156283 0.177126 0.15132 0.172109 0.156283 0.173416 0.149846 0.06719797 0.116818 0.07923901 0.109758 0.07743096 0.117503 0.08730298 0.110296 0.07743096 0.117503 0.07923901 0.109758 0.08646798 0.118152 0.075199 0.123912 0.07743096 0.117503 0.06506597 0.122777 0.07743096 0.117503 0.075199 0.123912 0.09729796 0.111844 0.09426295 0.117886 0.09256297 0.110836 0.103967 0.115425 0.09787398 0.123364 0.09426295 0.117886 0.086555 0.125865 0.09426295 0.117886 0.09787398 0.123364 0.08646798 0.118152 0.09256297 0.110836 0.09426295 0.117886 0.09707897 0.134534 0.09787398 0.123364 0.105509 0.131676 0.1114889 0.120691 0.105509 0.131676 0.09787398 0.123364 0.081685 0.143333 0.07812899 0.1333 0.08847999 0.138436 0.086555 0.125865 0.08847999 0.138436 0.07812899 0.1333 0.06351298 0.136606 0.06213098 0.128763 0.07057595 0.1303679 0.06506597 0.122777 0.07057595 0.1303679 0.06213098 0.128763 0.075199 0.123912 0.07812899 0.1333 0.07057595 0.1303679 0.06967097 0.1401579 0.07057595 0.1303679 0.07812899 0.1333 0.04208499 0.122111 0.02871698 0.108426 0.04432898 0.115892 0.03289699 0.100246 0.04432898 0.115892 0.02871698 0.108426 0.05875796 0.110374 0.06719797 0.116818 0.05581897 0.116978 0.06506597 0.122777 0.05581897 0.116978 0.06719797 0.116818 0.05365496 0.122782 0.04432898 0.115892 0.05581897 0.116978 0.04802399 0.109359 0.05581897 0.116978 0.04432898 0.115892 0.05933898 0.133652 0.05216997 0.129181 0.06213098 0.128763 0.05204498 0.135826 0.04140895 0.12988 0.05216997 0.129181 0.04208499 0.122111 0.05216997 0.129181 0.04140895 0.12988 0.05365496 0.122782 0.06213098 0.128763 0.05216997 0.129181 0.04140895 0.12988 0.02548295 0.1404809 0.02512496 0.12837 0.02640795 0.116751 0.04140895 0.12988 0.02512496 0.12837 0.06247794 0.03882795 0.06413197 0.03259599 0.06366896 0.03836297 0.06569695 0.03248494 0.06366896 0.03836297 0.06413197 0.03259599 0.06006497 0.03976899 0.06174194 0.03320598 0.06127399 0.03929698 0.06293696 0.03290098 0.06127399 0.03929698 0.06174194 0.03320598 0.05263996 0.09559595 0.04027295 0.09167397 0.04131096 0.08996099 0.05184197 0.09129899 0.04131096 0.08996099 0.04216396 0.088045 0.05040198 0.08677595 0.04216396 0.088045 0.04311895 0.08605396 0.044254 0.08401197 0.05040198 0.08677595 0.04311895 0.08605396 0.05398297 0.07839095 0.05489599 0.08535295 0.05165696 0.08026295 0.05871897 0.08358895 0.05778795 0.09035795 0.05489599 0.08535295 0.05184197 0.09129899 0.05489599 0.08535295 0.05778795 0.09035795 0.05040198 0.08677595 0.05165696 0.08026295 0.05489599 0.08535295 0.06701797 0.09369295 0.06123596 0.099478 0.05998694 0.09518998 0.05269598 0.09935998 0.05998694 0.09518998 0.06123596 0.099478 0.05263996 0.09559595 0.05778795 0.09035795 0.05998694 0.09518998 0.06316196 0.088714 0.05998694 0.09518998 0.05778795 0.09035795 0.06189996 0.04907798 0.06343197 0.04491996 0.06312 0.04893398 0.0647 0.04574596 0.06312 0.04893398 0.06343197 0.04491996 0.05955696 0.04874396 0.06103795 0.04555398 0.06071895 0.04897296 0.06230795 0.04521298 0.06071895 0.04897296 0.06103795 0.04555398 0.05978095 0.04405796 0.06127399 0.03929698 0.06107598 0.04358595 0.06247794 0.03882795 0.06107598 0.04358595 0.06127399 0.03929698 0.06232297 0.04313099 0.06103795 0.04555398 0.06107598 0.04358595 0.059695 0.04591995 0.06107598 0.04358595 0.06103795 0.04555398 0.065153 0.03823095 0.06347197 0.04270899 0.06366896 0.03836297 0.06485199 0.04303199 0.06343197 0.04491996 0.06347197 0.04270899 0.06230795 0.04521298 0.06347197 0.04270899 0.06343197 0.04491996 0.06232297 0.04313099 0.06366896 0.03836297 0.06347197 0.04270899 0.06975299 0.09811896 0.07359099 0.09358096 0.07799899 0.09809297 0.06701797 0.09369295 0.06782096 0.08833199 0.07359099 0.09358096 0.07194095 0.08858495 0.07359099 0.09358096 0.06782096 0.08833199 0.079194 0.09405499 0.07799899 0.09809297 0.07359099 0.09358096 0.05871897 0.08358895 0.05492699 0.07705795 0.06150895 0.08277297 0.05517596 0.07599896 0.06150895 0.08277297 0.05492699 0.07705795 0.063784 0.08245599 0.06782096 0.08833199 0.06150895 0.08277297 0.06316196 0.088714 0.06150895 0.08277297 0.06782096 0.08833199 0.05563896 0.073969 0.06606 0.08218801 0.05541896 0.07494598 0.06763797 0.08169698 0.07569396 0.08884197 0.06606 0.08218801 0.07194095 0.08858495 0.06606 0.08218801 0.07569396 0.08884197 0.063784 0.08245599 0.05541896 0.07494598 0.06606 0.08218801 0.086667 0.09459096 0.088759 0.09869295 0.08331096 0.09431898 0.08474397 0.09856396 0.08331096 0.09431898 0.088759 0.09869295 0.079194 0.09405499 0.07569396 0.08884197 0.08331096 0.09431898 0.078395 0.08878397 0.08331096 0.09431898 0.07569396 0.08884197 0.1075479 0.100082 0.09516298 0.091919 0.107822 0.09825295 0.09496599 0.093288 0.08204996 0.08503997 0.09516298 0.091919 0.079427 0.08158695 0.09516298 0.091919 0.08204996 0.08503997 0.09581798 0.089809 0.107822 0.09825295 0.09516298 0.091919 0.06909096 0.07856899 0.05645799 0.070055 0.06919097 0.07766997 0.05966699 0.07127797 0.06919097 0.07766997 0.05645799 0.070055 0.068973 0.07659298 0.08204996 0.08503997 0.06919097 0.07766997 0.08195495 0.086102 0.06919097 0.07766997 0.08204996 0.08503997 0.09267997 0.09934198 0.08998399 0.09508895 0.09914296 0.10137 0.086667 0.09459096 0.07935696 0.08809196 0.08998399 0.09508895 0.07935696 0.08809196 0.09347599 0.09488999 0.08998399 0.09508895 0.09347599 0.09488999 0.09914296 0.10137 0.08998399 0.09508895 0.05563896 0.073969 0.06781798 0.080711 0.06763797 0.08169698 0.05582195 0.07313799 0.06802296 0.07940399 0.06781798 0.080711 0.08036696 0.08697396 0.06781798 0.080711 0.06802296 0.07940399 0.07935696 0.08809196 0.06763797 0.08169698 0.06781798 0.080711 0.05629897 0.07086098 0.06802296 0.07940399 0.05606299 0.07200598 0.06909096 0.07856899 0.08036696 0.08697396 0.06802296 0.07940399 0.09496599 0.093288 0.106128 0.102473 0.09347599 0.09488999 0.08195495 0.086102 0.09347599 0.09488999 0.08036696 0.08697396 0.09211498 0.08087998 0.09790599 0.08634901 0.08608096 0.08184397 0.10565 0.08345299 0.09790599 0.08634901 0.100711 0.08221298 0.109516 0.09062999 0.09581798 0.089809 0.09790599 0.08634901 0.09581798 0.089809 0.08608096 0.08184397 0.09790599 0.08634901 0.068318 0.05942898 0.07566499 0.07072997 0.06519699 0.063977 0.07776099 0.06506597 0.08925098 0.07580697 0.07566499 0.07072997 0.08926796 0.07869696 0.07566499 0.07072997 0.08925098 0.07580697 0.07469397 0.07311201 0.06519699 0.063977 0.07566499 0.07072997 0.05936998 0.05175495 0.06071895 0.04897296 0.05980199 0.05487495 0.06189996 0.04907798 0.05980199 0.05487495 0.06071895 0.04897296 0.06063497 0.05691796 0.05888599 0.06017899 0.05980199 0.05487495 0.05917298 0.05491697 0.05980199 0.05487495 0.05888599 0.06017899 0.064121 0.049757 0.06226795 0.05680596 0.06312 0.04893398 0.068318 0.05942898 0.06226795 0.05680596 0.06478595 0.05368697 0.06267195 0.06656897 0.06226795 0.05680596 0.06519699 0.063977 0.06063497 0.05691796 0.06312 0.04893398 0.06226795 0.05680596 0.05058395 0.104868 0.03876197 0.093055 0.05190795 0.102283 0.04027295 0.09167397 0.05190795 0.102283 0.03876197 0.093055 0.06975299 0.09811896 0.06127899 0.102847 0.06123596 0.099478 0.07082998 0.101581 0.06055998 0.105744 0.06127899 0.102847 0.06055998 0.105744 0.05190795 0.102283 0.06127899 0.102847 0.05190795 0.102283 0.06123596 0.099478 0.06127899 0.102847 0.05058395 0.104868 0.05875796 0.110374 0.04802399 0.109359 0.06055998 0.105744 0.06938499 0.109643 0.05875796 0.110374 0.03676599 0.09490096 0.04802399 0.109359 0.03289699 0.100246 0.06938499 0.109643 0.08070898 0.104385 0.07923901 0.109758 0.08871799 0.104689 0.07923901 0.109758 0.08070898 0.104385 0.07082998 0.101581 0.07799899 0.09809297 0.08022099 0.101444 0.08474397 0.09856396 0.08022099 0.101444 0.07799899 0.09809297 0.08779197 0.101806 0.08070898 0.104385 0.08022099 0.101444 0.07074898 0.104605 0.08022099 0.101444 0.08070898 0.104385 0.09267997 0.09934198 0.09188199 0.102037 0.088759 0.09869295 0.09665596 0.103261 0.09305596 0.105123 0.09188199 0.102037 0.08871799 0.104689 0.09188199 0.102037 0.09305596 0.105123 0.08779197 0.101806 0.088759 0.09869295 0.09188199 0.102037 0.08730298 0.110296 0.09305596 0.105123 0.09256297 0.110836 0.09305596 0.105123 0.09729796 0.111844 0.09256297 0.110836 0.08921599 0.03649199 0.09709 0.04656594 0.08893895 0.04457396 0.09681397 0.037826 0.102683 0.048096 0.09709 0.04656594 0.09709 0.04656594 0.106411 0.052055 0.09903699 0.055314 0.109449 0.05668097 0.09903699 0.055314 0.106411 0.052055 0.100844 0.06133794 0.09010297 0.05339199 0.09903699 0.055314 0.08893895 0.04457396 0.09903699 0.055314 0.09010297 0.05339199 0.09097397 0.05983495 0.101912 0.07034295 0.089998 0.06917798 0.100844 0.06133794 0.114537 0.06373 0.101912 0.07034295 0.089998 0.06917798 0.101533 0.07795095 0.08925098 0.07580697 0.101912 0.07034295 0.112738 0.07894998 0.101533 0.07795095 0.10565 0.08345299 0.101533 0.07795095 0.112738 0.07894998 0.100711 0.08221298 0.08925098 0.07580697 0.101533 0.07795095 0.100346 0.148966 0.105095 0.147051 0.105413 0.148964 0.108219 0.147822 0.105413 0.148964 0.105095 0.147051 0.108517 0.14898 0.106985 0.1509259 0.105413 0.148964 0.102634 0.1520839 0.105413 0.148964 0.106985 0.1509259 0.1072199 0.155999 0.108644 0.1524389 0.110546 0.153604 0.104875 0.154325 0.106985 0.1509259 0.108644 0.1524389 0.109711 0.15011 0.108644 0.1524389 0.106985 0.1509259 0.112519 0.15198 0.108644 0.1524389 0.110979 0.151129 0.1072199 0.155999 0.112847 0.154519 0.10982 0.157414 0.110546 0.153604 0.114529 0.1526049 0.112847 0.154519 0.116737 0.153061 0.112847 0.154519 0.114529 0.1526049 0.115319 0.155197 0.10982 0.157414 0.112847 0.154519 0.118457 0.159833 0.117733 0.15565 0.119998 0.155912 0.115577 0.15929 0.115319 0.155197 0.117733 0.15565 0.115319 0.155197 0.118867 0.153409 0.117733 0.15565 0.118867 0.153409 0.119998 0.155912 0.117733 0.15565 0.126951 0.151379 0.131623 0.15151 0.130632 0.154327 0.1375679 0.154191 0.130632 0.154327 0.131623 0.15151 0.13515 0.147984 0.131623 0.15151 0.130235 0.147742 0.127026 0.1493059 0.130235 0.147742 0.131623 0.15151 0.111842 0.1417019 0.1172299 0.143637 0.113118 0.143842 0.117336 0.144307 0.113118 0.143842 0.1172299 0.143637 0.113982 0.1447539 0.110332 0.1446689 0.113118 0.143842 0.107615 0.142699 0.113118 0.143842 0.110332 0.1446689 0.105095 0.147051 0.102937 0.143983 0.107196 0.145678 0.107615 0.142699 0.107196 0.145678 0.102937 0.143983 0.111865 0.145687 0.107196 0.145678 0.110332 0.1446689 0.109639 0.146717 0.105095 0.147051 0.107196 0.145678 0.121034 0.160277 0.119998 0.155912 0.122025 0.156017 0.120773 0.153553 0.122025 0.156017 0.119998 0.155912 0.122306 0.1534 0.1244879 0.156008 0.122025 0.156017 0.124277 0.160721 0.122025 0.156017 0.1244879 0.156008 0.135026 0.161068 0.1275179 0.155793 0.130632 0.154327 0.1255609 0.152643 0.130632 0.154327 0.1275179 0.155793 0.129137 0.144093 0.130235 0.147742 0.125878 0.145281 0.126205 0.147047 0.125878 0.145281 0.130235 0.147742 0.123627 0.1455129 0.121922 0.144525 0.125878 0.145281 0.1240079 0.143045 0.125878 0.145281 0.121922 0.144525 0.1177639 0.1416479 0.121922 0.144525 0.1172299 0.143637 0.121038 0.1449339 0.1172299 0.143637 0.121922 0.144525 0.119722 0.100346 0.109516 0.09062999 0.120694 0.094464 0.10565 0.08345299 0.120694 0.094464 0.109516 0.09062999 0.132377 0.09021896 0.120694 0.094464 0.121921 0.08749496 0.1313419 0.09788697 0.119722 0.100346 0.120694 0.094464 0.151203 0.102976 0.140574 0.107702 0.141364 0.100938 0.1303099 0.104428 0.141364 0.100938 0.140574 0.107702 0.1313419 0.09788697 0.141936 0.09283697 0.141364 0.100938 0.150916 0.09476196 0.141364 0.100938 0.141936 0.09283697 0.150709 0.113664 0.139477 0.1154659 0.140096 0.112024 0.139477 0.1154659 0.129972 0.108711 0.140096 0.112024 0.129972 0.108711 0.140574 0.107702 0.140096 0.112024 0.1510969 0.109658 0.140096 0.112024 0.140574 0.107702 0.119122 0.106437 0.107822 0.09825295 0.11932 0.103985 0.108371 0.09546798 0.11932 0.103985 0.107822 0.09825295 0.1303099 0.104428 0.11932 0.103985 0.119722 0.100346 0.129747 0.111762 0.11932 0.103985 0.129972 0.108711 0.112738 0.07894998 0.12498 0.067671 0.12309 0.08059495 0.13331 0.068753 0.12309 0.08059495 0.12498 0.067671 0.132722 0.082556 0.121921 0.08749496 0.12309 0.08059495 0.10565 0.08345299 0.12309 0.08059495 0.121921 0.08749496 0.149274 0.07096195 0.141762 0.08450698 0.141567 0.06983298 0.150124 0.08615797 0.141936 0.09283697 0.141762 0.08450698 0.132377 0.09021896 0.141762 0.08450698 0.141936 0.09283697 0.132722 0.082556 0.141567 0.06983298 0.141762 0.08450698 0.13331 0.068753 0.1421419 0.052284 0.141567 0.06983298 0.1492919 0.05288195 0.141567 0.06983298 0.1421419 0.052284 0.114537 0.06373 0.127143 0.05114996 0.12498 0.067671 0.134643 0.05171698 0.12498 0.067671 0.127143 0.05114996 0.07671695 0.1761839 0.09260195 0.165828 0.095245 0.168251 0.07370597 0.172752 0.089298 0.162927 0.09260195 0.165828 0.08403599 0.182232 0.09862697 0.170376 0.102316 0.172172 0.08033996 0.179425 0.095245 0.168251 0.09862697 0.170376 0.149204 0.130653 0.145 0.129985 0.149549 0.121403 0.14647 0.138432 0.148779 0.139725 0.146559 0.147875 0.143232 0.151096 0.146559 0.147875 0.135019 0.1741 0.14647 0.138432 0.140702 0.14139 0.145 0.129985 0.090882 0.186377 0.105879 0.173605 0.110188 0.174969 0.08727097 0.184364 0.102316 0.172172 0.105879 0.173605 0.098742 0.190168 0.114349 0.17589 0.119894 0.176985 0.103906 0.1927739 0.119894 0.176985 0.126116 0.178439 0.110592 0.1975769 0.126116 0.178439 0.135019 0.1741 0.09841901 0.106809 0.103967 0.115425 0.09729796 0.111844 0.109502 0.110868 0.1114889 0.120691 0.103967 0.115425 0.09665596 0.103261 0.09914296 0.10137 0.106279 0.106604 0.106128 0.102473 0.106279 0.106604 0.09914296 0.10137 0.117095 0.109049 0.109502 0.110868 0.106279 0.106604 0.09841901 0.106809 0.106279 0.106604 0.109502 0.110868 0.1075479 0.100082 0.117095 0.109049 0.106128 0.102473 0.119122 0.106437 0.127485 0.116091 0.117095 0.109049 0.139477 0.1154659 0.145 0.129985 0.137561 0.122194 0.129747 0.111762 0.137561 0.122194 0.127485 0.116091 0.127485 0.116091 0.1350769 0.134497 0.129151 0.13176 0.145 0.129985 0.1350769 0.134497 0.137561 0.122194 0.1114889 0.120691 0.129151 0.13176 0.117806 0.130198 0.081685 0.143333 0.09180998 0.149237 0.07866597 0.1491709 0.09180998 0.149237 0.09983795 0.145943 0.100346 0.148966 0.09531599 0.153583 0.100346 0.148966 0.102634 0.1520839 0.079418 0.1548759 0.09180998 0.149237 0.09531599 0.153583 0.104875 0.154325 0.101025 0.159288 0.09833699 0.156804 0.102634 0.1520839 0.09833699 0.156804 0.09531599 0.153583 0.089298 0.162927 0.09833699 0.156804 0.101025 0.159288 0.08393198 0.159368 0.09531599 0.153583 0.09833699 0.156804 0.09260195 0.165828 0.101025 0.159288 0.10353 0.161421 0.10353 0.161421 0.1072199 0.155999 0.10982 0.157414 0.106284 0.163203 0.10982 0.157414 0.112623 0.158525 0.095245 0.168251 0.10353 0.161421 0.106284 0.163203 0.115577 0.15929 0.113324 0.165758 0.109718 0.164631 0.112623 0.158525 0.109718 0.164631 0.106284 0.163203 0.102316 0.172172 0.109718 0.164631 0.113324 0.165758 0.09862697 0.170376 0.106284 0.163203 0.109718 0.164631 0.105879 0.173605 0.113324 0.165758 0.116594 0.166633 0.116594 0.166633 0.118457 0.159833 0.121034 0.160277 0.120502 0.167499 0.121034 0.160277 0.124277 0.160721 0.110188 0.174969 0.116594 0.166633 0.120502 0.167499 0.128511 0.160982 0.130572 0.168758 0.124652 0.168217 0.119894 0.176985 0.124652 0.168217 0.130572 0.168758 0.136623 0.168965 0.135026 0.161068 0.140325 0.166851 0.126116 0.178439 0.130572 0.168758 0.136623 0.168965 0.135019 0.1741 0.136623 0.168965 0.140325 0.166851 0.143232 0.151096 0.138255 0.1459079 0.140702 0.14139 0.138255 0.1459079 0.1375679 0.154191 0.13515 0.147984 0.141355 0.155261 0.135026 0.161068 0.1375679 0.154191 0.143232 0.151096 0.140325 0.166851 0.141355 0.155261 0.129151 0.13176 0.119687 0.136471 0.117806 0.130198 0.128419 0.138795 0.1177639 0.1416479 0.119687 0.136471 0.140702 0.14139 0.133096 0.140435 0.1350769 0.134497 0.133096 0.140435 0.13515 0.147984 0.129137 0.144093 0.128419 0.138795 0.129137 0.144093 0.1240079 0.143045 0.128419 0.138795 0.1350769 0.134497 0.133096 0.140435 0.117806 0.130198 0.109979 0.137011 0.105509 0.131676 0.119687 0.136471 0.111842 0.1417019 0.109979 0.137011 0.103018 0.139182 0.111842 0.1417019 0.107615 0.142699 0.103018 0.139182 0.105509 0.131676 0.109979 0.137011 0.09983795 0.145943 0.09564298 0.141674 0.102937 0.143983 0.103018 0.139182 0.102937 0.143983 0.09564298 0.141674 0.09089398 0.144891 0.08847999 0.138436 0.09564298 0.141674 0.09707897 0.134534 0.09564298 0.141674 0.08847999 0.138436 0.146559 0.147875 0.151386 0.1397179 0.149047 0.152314 0.156268 0.141453 0.151872 0.152333 0.154233 0.140727 0.149047 0.152314 0.154233 0.140727 0.151872 0.152333 0.149047 0.152314 0.152353 0.1647959 0.1489689 0.166909 0.151872 0.152333 0.154531 0.1635839 0.152353 0.1647959 0.146559 0.147875 0.1489689 0.166909 0.135019 0.1741 0.176343 0.1142179 0.191302 0.119246 0.176563 0.117969 0.186402 0.131258 0.175959 0.123448 0.187669 0.126424 0.176563 0.117969 0.187669 0.126424 0.175959 0.123448 0.16842 0.125001 0.158838 0.124401 0.167417 0.122067 0.158838 0.124401 0.165553 0.118208 0.167417 0.122067 0.176563 0.117969 0.167417 0.122067 0.165553 0.118208 0.175629 0.127278 0.167417 0.122067 0.175959 0.123448 0.155067 0.122164 0.163289 0.115399 0.165553 0.118208 0.176343 0.1142179 0.165553 0.118208 0.163289 0.115399 0.24496 0.183515 0.242631 0.181955 0.245671 0.18119 0.2408249 0.180777 0.2442359 0.18062 0.241618 0.1813639 0.245671 0.18119 0.241618 0.1813639 0.2442359 0.18062 0.241302 0.179744 0.244695 0.1799719 0.2442359 0.18062 0.246267 0.180588 0.2442359 0.18062 0.244695 0.1799719 0.246267 0.180588 0.24496 0.183515 0.245671 0.18119 0.135019 0.1741 0.158411 0.1773999 0.1451669 0.188323 0.169149 0.183781 0.1451669 0.188323 0.158411 0.1773999 0.152353 0.1647959 0.161881 0.171135 0.160802 0.173583 0.1703079 0.175051 0.160802 0.173583 0.161881 0.171135 0.170228 0.178477 0.158411 0.1773999 0.160802 0.173583 0.1489689 0.166909 0.160802 0.173583 0.158411 0.1773999 0.169149 0.183781 0.183535 0.184383 0.183629 0.193242 0.170228 0.178477 0.183356 0.1791599 0.183535 0.184383 0.156535 0.19584 0.183629 0.193242 0.174839 0.210312 0.205043 0.203095 0.205749 0.212706 0.19871 0.206368 0.202216 0.217276 0.19871 0.206368 0.205749 0.212706 0.210093 0.209263 0.21445 0.197551 0.216876 0.203458 0.218951 0.207324 0.210093 0.209263 0.216876 0.203458 0.211596 0.216574 0.202216 0.217276 0.205749 0.212706 0.214478 0.212909 0.205749 0.212706 0.210093 0.209263 0.183535 0.184383 0.19483 0.181348 0.194872 0.186704 0.201407 0.181842 0.194872 0.186704 0.19483 0.181348 0.2015129 0.1861889 0.195442 0.196121 0.194872 0.186704 0.183629 0.193242 0.194872 0.186704 0.195442 0.196121 0.202229 0.193981 0.211432 0.185253 0.212631 0.190496 0.2015129 0.1861889 0.210713 0.182385 0.211432 0.185253 0.205043 0.203095 0.212631 0.190496 0.21445 0.197551 0.174839 0.210312 0.195442 0.196121 0.19871 0.206368 0.202229 0.193981 0.19871 0.206368 0.195442 0.196121 0.182702 0.1532109 0.188493 0.150058 0.1883389 0.154654 0.1924099 0.151287 0.1883389 0.154654 0.188493 0.150058 0.192218 0.155478 0.198238 0.1533319 0.198105 0.156931 0.193279 0.161779 0.198105 0.156931 0.199196 0.162469 0.182856 0.160075 0.1883389 0.154654 0.189145 0.161368 0.192218 0.155478 0.189145 0.161368 0.1883389 0.154654 0.198031 0.112449 0.202704 0.124943 0.191302 0.119246 0.210509 0.118833 0.209057 0.1314899 0.202704 0.124943 0.215682 0.125671 0.2194769 0.142118 0.209057 0.1314899 0.2151139 0.149157 0.205901 0.138267 0.216744 0.1468189 0.209057 0.1314899 0.216744 0.1468189 0.205901 0.138267 0.197264 0.137177 0.187669 0.126424 0.198662 0.132604 0.191302 0.119246 0.198662 0.132604 0.187669 0.126424 0.202704 0.124943 0.205901 0.138267 0.198662 0.132604 0.204574 0.141857 0.198662 0.132604 0.205901 0.138267 0.210713 0.182385 0.221122 0.184252 0.211432 0.185253 0.222248 0.1876119 0.211432 0.185253 0.221122 0.184252 0.225778 0.181691 0.231913 0.182581 0.226757 0.1833969 0.233135 0.184791 0.226757 0.1833969 0.231913 0.182581 0.2279 0.1862069 0.221122 0.184252 0.226757 0.1833969 0.220359 0.18238 0.226757 0.1833969 0.221122 0.184252 0.233135 0.184791 0.229495 0.190392 0.2279 0.1862069 0.223717 0.192785 0.2279 0.1862069 0.229495 0.190392 0.21445 0.197551 0.222248 0.1876119 0.223717 0.192785 0.216876 0.203458 0.223717 0.192785 0.225087 0.198018 0.2347559 0.18792 0.231091 0.194929 0.229495 0.190392 0.225087 0.198018 0.229495 0.190392 0.231091 0.194929 0.237879 0.193907 0.231091 0.194929 0.236407 0.191455 0.232496 0.198131 0.225087 0.198018 0.231091 0.194929 0.226369 0.201617 0.216876 0.203458 0.225087 0.198018 0.224949 0.137665 0.2288759 0.152553 0.2194769 0.142118 0.238456 0.156997 0.238499 0.16527 0.2341639 0.159111 0.2335799 0.149653 0.2341639 0.159111 0.2288759 0.152553 0.236315 0.167043 0.229897 0.162621 0.231696 0.161613 0.224619 0.157314 0.231696 0.161613 0.229897 0.162621 0.226325 0.155788 0.2341639 0.159111 0.231696 0.161613 0.238499 0.16527 0.231696 0.161613 0.2341639 0.159111 0.2151139 0.149157 0.226325 0.155788 0.224619 0.157314 0.216744 0.1468189 0.2288759 0.152553 0.226325 0.155788 0.198105 0.156931 0.203889 0.155385 0.203781 0.1583189 0.211098 0.158612 0.207273 0.159153 0.207348 0.156686 0.203781 0.1583189 0.207348 0.156686 0.207273 0.159153 0.205058 0.163072 0.207273 0.159153 0.2086229 0.163361 0.211006 0.160984 0.2086229 0.163361 0.207273 0.159153 0.199196 0.162469 0.203781 0.1583189 0.205058 0.163072 0.2313899 0.180115 0.236756 0.182012 0.231913 0.182581 0.237769 0.183356 0.231913 0.182581 0.236756 0.182012 0.242631 0.181955 0.236756 0.182012 0.241618 0.1813639 0.236358 0.18054 0.241618 0.1813639 0.236756 0.182012 0.239328 0.185322 0.242631 0.181955 0.243454 0.1828809 0.237769 0.183356 0.2347559 0.18792 0.233135 0.184791 0.239328 0.185322 0.236407 0.191455 0.2347559 0.18792 0.24079 0.1875039 0.243454 0.1828809 0.24496 0.183515 0.24803 0.178463 0.24079 0.1875039 0.24496 0.183515 0.24237 0.18874 0.236407 0.191455 0.24079 0.1875039 0.242116 0.163873 0.241554 0.170683 0.238499 0.16527 0.244198 0.170062 0.244563 0.17627 0.241554 0.170683 0.2387 0.173141 0.243394 0.176567 0.242376 0.176713 0.239922 0.1717799 0.244563 0.17627 0.243394 0.176567 0.241554 0.170683 0.236315 0.167043 0.238499 0.16527 0.239922 0.1717799 0.234632 0.169131 0.236315 0.167043 0.2374809 0.1763679 0.2322649 0.177085 0.233128 0.173985 0.236701 0.178508 0.241828 0.178613 0.241302 0.179744 0.236701 0.178508 0.2408249 0.180777 0.236358 0.18054 0.2322649 0.177085 0.236358 0.18054 0.2313899 0.180115 0.156268 0.141453 0.157944 0.152458 0.153955 0.152397 0.160133 0.142677 0.163906 0.152195 0.157944 0.152458 0.157944 0.152458 0.163892 0.159768 0.1581349 0.162009 0.153955 0.152397 0.1581349 0.162009 0.154531 0.1635839 0.1767849 0.1305609 0.186402 0.131258 0.186577 0.134532 0.180196 0.1346909 0.186577 0.134532 0.187929 0.13753 0.170306 0.133933 0.170935 0.128448 0.1753799 0.133047 0.1767849 0.1305609 0.1753799 0.133047 0.170935 0.128448 0.165035 0.129528 0.16842 0.125001 0.170935 0.128448 0.175629 0.127278 0.170935 0.128448 0.16842 0.125001 0.154531 0.1635839 0.164079 0.1684229 0.161881 0.171135 0.171347 0.171738 0.161881 0.171135 0.164079 0.1684229 0.175153 0.166978 0.164079 0.1684229 0.168956 0.16451 0.1581349 0.162009 0.168956 0.16451 0.164079 0.1684229 0.171347 0.171738 0.184962 0.1700479 0.18369 0.174894 0.1703079 0.175051 0.18369 0.174894 0.183356 0.1791599 0.204574 0.141857 0.212727 0.149637 0.20344 0.143571 0.20344 0.143571 0.209147 0.149016 0.201505 0.144323 0.187929 0.13753 0.196739 0.139678 0.196039 0.14129 0.196739 0.139678 0.201505 0.144323 0.196039 0.14129 0.186577 0.134532 0.197264 0.137177 0.196739 0.139678 0.197264 0.137177 0.20344 0.143571 0.196739 0.139678 0.183356 0.1791599 0.194777 0.177033 0.19483 0.181348 0.201046 0.178054 0.19483 0.181348 0.194777 0.177033 0.199039 0.1726329 0.194777 0.177033 0.193827 0.1719779 0.18369 0.174894 0.193827 0.1719779 0.194777 0.177033 0.209709 0.179288 0.199039 0.1726329 0.2064149 0.173546 0.201407 0.181842 0.209709 0.179288 0.210713 0.182385 0.229897 0.162621 0.2285079 0.164876 0.226275 0.1613039 0.224619 0.157314 0.226275 0.1613039 0.22156 0.156796 0.22156 0.156796 0.220399 0.158003 0.216392 0.154462 0.226275 0.1613039 0.222427 0.161034 0.220399 0.158003 0.212727 0.149637 0.216392 0.154462 0.209147 0.149016 0.2151139 0.149157 0.22156 0.156796 0.212727 0.149637 0.2322649 0.177085 0.225534 0.177417 0.2268199 0.173781 0.2268199 0.173781 0.220431 0.172572 0.221364 0.1692889 0.227537 0.1702319 0.221364 0.1692889 0.221884 0.165983 0.233128 0.173985 0.2268199 0.173781 0.227537 0.1702319 0.220359 0.18238 0.209709 0.179288 0.218729 0.1797569 0.218729 0.1797569 0.2064149 0.173546 0.213905 0.173996 0.225534 0.177417 0.218052 0.173853 0.220431 0.172572 0.223188 0.179197 0.213905 0.173996 0.218052 0.173853 0.2313899 0.180115 0.223188 0.179197 0.225534 0.177417 0.225778 0.181691 0.218729 0.1797569 0.223188 0.179197 0.1655949 0.144388 0.167216 0.150898 0.163906 0.152195 0.168656 0.144501 0.169528 0.149138 0.167216 0.150898 0.167216 0.150898 0.168848 0.154175 0.166993 0.156993 0.163906 0.152195 0.166993 0.156993 0.163892 0.159768 0.180844 0.136875 0.187929 0.13753 0.186774 0.139035 0.1791239 0.138526 0.186774 0.139035 0.183975 0.140451 0.1730509 0.13704 0.176767 0.135422 0.17589 0.137192 0.180844 0.136875 0.17589 0.137192 0.176767 0.135422 0.172371 0.136047 0.1753799 0.133047 0.176767 0.135422 0.180196 0.1346909 0.176767 0.135422 0.1753799 0.133047 0.163892 0.159768 0.17147 0.160702 0.168956 0.16451 0.176818 0.162666 0.168956 0.16451 0.17147 0.160702 0.1764619 0.157916 0.17147 0.160702 0.172109 0.156283 0.166993 0.156993 0.172109 0.156283 0.17147 0.160702 0.176818 0.162666 0.182856 0.160075 0.184511 0.165311 0.175153 0.166978 0.184511 0.165311 0.184962 0.1700479 0.201505 0.144323 0.204851 0.148335 0.198365 0.144626 0.198365 0.144626 0.199984 0.148115 0.193975 0.145065 0.186774 0.139035 0.1897 0.143007 0.183975 0.140451 0.19352 0.142094 0.193975 0.145065 0.1897 0.143007 0.186774 0.139035 0.196039 0.14129 0.19352 0.142094 0.196039 0.14129 0.198365 0.144626 0.19352 0.142094 0.184962 0.1700479 0.191797 0.1669 0.193827 0.1719779 0.196375 0.167336 0.193827 0.1719779 0.191797 0.1669 0.193279 0.161779 0.191797 0.1669 0.189145 0.161368 0.184511 0.165311 0.189145 0.161368 0.191797 0.1669 0.196375 0.167336 0.199196 0.162469 0.202714 0.167906 0.2064149 0.173546 0.196375 0.167336 0.202714 0.167906 0.220399 0.158003 0.2165769 0.157928 0.214679 0.155418 0.216392 0.154462 0.214679 0.155418 0.211103 0.152582 0.211103 0.152582 0.20906 0.1536689 0.205713 0.15145 0.214679 0.155418 0.211049 0.1553879 0.20906 0.1536689 0.204851 0.148335 0.205713 0.15145 0.199984 0.148115 0.209147 0.149016 0.211103 0.152582 0.204851 0.148335 0.221364 0.1692889 0.215497 0.167628 0.2161459 0.164965 0.2161459 0.164965 0.210735 0.1633149 0.211006 0.160984 0.216437 0.162107 0.211006 0.160984 0.211098 0.158612 0.221884 0.165983 0.2161459 0.164965 0.216437 0.162107 0.213905 0.173996 0.202714 0.167906 0.209197 0.168354 0.209197 0.168354 0.199196 0.162469 0.205058 0.163072 0.215497 0.167628 0.2086229 0.163361 0.210735 0.1633149 0.213153 0.168476 0.205058 0.163072 0.2086229 0.163361 0.220431 0.172572 0.213153 0.168476 0.215497 0.167628 0.218052 0.173853 0.209197 0.168354 0.213153 0.168476 0.152523 0.130186 0.149549 0.121403 0.155067 0.122164 0.1611779 0.126344 0.155943 0.131933 0.158838 0.124401 0.152523 0.130186 0.158838 0.124401 0.155943 0.131933 0.151386 0.1397179 0.155943 0.131933 0.154233 0.140727 0.158285 0.133336 0.154233 0.140727 0.155943 0.131933 0.149204 0.130653 0.151386 0.1397179 0.148779 0.139725 0.156268 0.141453 0.162155 0.135504 0.160133 0.142677 0.158285 0.133336 0.165035 0.129528 0.162155 0.135504 0.162155 0.135504 0.170306 0.133933 0.167617 0.138736 0.160133 0.142677 0.167617 0.138736 0.1655949 0.144388 0.167617 0.138736 0.168656 0.144501 0.1655949 0.144388 0.170238 0.14003 0.170306 0.133933 0.172371 0.136047 0.171789 0.14022 0.172371 0.136047 0.1730509 0.13704 0.170238 0.14003 0.170836 0.143904 0.168656 0.144501 0.171789 0.14022 0.1744149 0.145009 0.170836 0.143904 0.178183 0.142964 0.1744149 0.145009 0.174993 0.141558 0.1791239 0.138526 0.174993 0.141558 0.17589 0.137192 0.174993 0.141558 0.1730509 0.13704 0.17589 0.137192 0.178183 0.142964 0.183975 0.140451 0.183042 0.144746 0.17782 0.146435 0.183042 0.144746 0.182983 0.1482999 0.182983 0.1482999 0.188376 0.14667 0.188493 0.150058 0.1922979 0.148171 0.188493 0.150058 0.188376 0.14667 0.193975 0.145065 0.188376 0.14667 0.1897 0.143007 0.183042 0.144746 0.1897 0.143007 0.188376 0.14667 0.1922979 0.148171 0.199984 0.148115 0.19828 0.1506749 0.1924099 0.151287 0.19828 0.1506749 0.198238 0.1533319 0.198238 0.1533319 0.203909 0.153234 0.203889 0.155385 0.19828 0.1506749 0.205713 0.15145 0.203909 0.153234 0.211049 0.1553879 0.207306 0.154911 0.20906 0.1536689 0.203909 0.153234 0.20906 0.1536689 0.207306 0.154911 0.203889 0.155385 0.207306 0.154911 0.207348 0.156686 0.211143 0.1569589 0.207348 0.156686 0.207306 0.154911 0.22238 0.163573 0.216437 0.162107 0.216705 0.1600649 0.216705 0.1600649 0.211098 0.158612 0.211143 0.1569589 0.2165769 0.157928 0.211143 0.1569589 0.211049 0.1553879 0.222427 0.161034 0.216705 0.1600649 0.2165769 0.157928 0.233822 0.17155 0.227537 0.1702319 0.228314 0.167683 0.228314 0.167683 0.221884 0.165983 0.22238 0.163573 0.2285079 0.164876 0.22238 0.163573 0.222427 0.161034 0.234632 0.169131 0.228314 0.167683 0.2285079 0.164876 0.237866 0.174581 0.233128 0.173985 0.233822 0.17155 0.2387 0.173141 0.233822 0.17155 0.234632 0.169131 0.237866 0.174581 0.242376 0.176713 0.24207 0.177643 0.2374809 0.1763679 0.24207 0.177643 0.241828 0.178613 0.246085 0.179601 0.24803 0.178463 0.246267 0.180588 0.241828 0.178613 0.244767 0.17925 0.244695 0.1799719 0.246085 0.179601 0.244695 0.1799719 0.244767 0.17925 0.246085 0.179601 0.243394 0.176567 0.244563 0.17627 0.24207 0.177643 0.243394 0.176567 0.244767 0.17925 0.246973 0.176865 0.244563 0.17627 0.24581 0.1757979 0.246488 0.170402 0.2494339 0.164601 0.248974 0.171645 0.246973 0.176865 0.248974 0.171645 0.24803 0.178463 0.246488 0.170402 0.24581 0.1757979 0.244198 0.170062 0.245669 0.163987 0.244198 0.170062 0.242116 0.163873 0.238709 0.149146 0.2383019 0.137329 0.244374 0.149194 0.245669 0.163987 0.247758 0.157078 0.2494339 0.164601 0.242896 0.156821 0.244374 0.149194 0.247758 0.157078 0.238709 0.149146 0.238456 0.156997 0.2335799 0.149653 0.242896 0.156821 0.242116 0.163873 0.238456 0.156997 0.231261 0.137088 0.2335799 0.149653 0.224949 0.137665 0.222748 0.125081 0.226733 0.1189759 0.2313809 0.126326 0.2175509 0.117573 0.224421 0.110972 0.226733 0.1189759 0.231261 0.137088 0.2313809 0.126326 0.2383019 0.137329 0.222748 0.125081 0.224949 0.137665 0.215682 0.125671 0.215166 0.109603 0.210509 0.118833 0.198031 0.112449 0.2175509 0.117573 0.215682 0.125671 0.210509 0.118833 0.224421 0.110972 0.2177349 0.100023 0.226619 0.101505 0.223011 0.08950096 0.226619 0.101505 0.2177349 0.100023 0.2161819 0.08724397 0.2177349 0.100023 0.21094 0.09926897 0.215166 0.109603 0.21094 0.09926897 0.2177349 0.100023 0.230449 0.06191599 0.228747 0.07870596 0.222413 0.076137 0.223011 0.08950096 0.222413 0.076137 0.228747 0.07870596 0.231119 0.09122496 0.228747 0.07870596 0.235713 0.08078396 0.236441 0.06401598 0.235713 0.08078396 0.228747 0.07870596 0.236441 0.06401598 0.249495 0.05273997 0.242574 0.06620997 0.242789 0.05104297 0.230449 0.06191599 0.236164 0.049483 0.09426397 0.188031 0.110188 0.174969 0.114349 0.17589 0.114349 0.17589 0.120502 0.167499 0.124652 0.168217 0.124652 0.168217 0.124277 0.160721 0.128511 0.160982 0.128511 0.160982 0.1244879 0.156008 0.1275179 0.155793 0.1239089 0.1530399 0.1275179 0.155793 0.1244879 0.156008 0.04335397 0.146903 0.06003296 0.147288 0.05396199 0.142364 0.06967097 0.1401579 0.05396199 0.142364 0.06003296 0.147288 0.05933898 0.133652 0.05396199 0.142364 0.06351298 0.136606 0.04194998 0.138407 0.05396199 0.142364 0.05204498 0.135826 0.06003296 0.147288 0.079418 0.1548759 0.07866597 0.1491709 0.06967097 0.1401579 0.07866597 0.1491709 0.081685 0.143333 0.2136189 0.07332396 0.211739 0.08493 0.217698 0.074319 0.2161819 0.08724397 0.217698 0.074319 0.211739 0.08493 0.222413 0.076137 0.225033 0.060853 0.217698 0.074319 0.2199029 0.06036895 0.217698 0.074319 0.225033 0.060853 0.208254 0.08308196 0.206367 0.09694796 0.211739 0.08493 0.202812 0.09370899 0.193926 0.108838 0.206367 0.09694796 0.198031 0.112449 0.206367 0.09694796 0.193926 0.108838 0.21094 0.09926897 0.211739 0.08493 0.206367 0.09694796 0.07074296 0.05280995 0.06678897 0.044815 0.06639999 0.04875999 0.07116997 0.04751294 0.06723195 0.03876197 0.06678897 0.044815 0.06723195 0.03876197 0.06485199 0.04303199 0.06678897 0.044815 0.0647 0.04574596 0.06678897 0.044815 0.06485199 0.04303199 0.07074296 0.05280995 0.06478595 0.05368697 0.068318 0.05942898 0.06639999 0.04875999 0.064121 0.049757 0.06478595 0.05368697 0.193216 0.07744997 0.196272 0.08911401 0.201327 0.08053696 0.188731 0.08393096 0.1855829 0.09819495 0.196272 0.08911401 0.190802 0.10471 0.196272 0.08911401 0.1855829 0.09819495 0.202812 0.09370899 0.201327 0.08053696 0.196272 0.08911401 0.188731 0.08393096 0.186178 0.07397699 0.1821759 0.07892596 0.18071 0.06413 0.1821759 0.07892596 0.186178 0.07397699 0.177124 0.06741297 0.174412 0.08406996 0.1821759 0.07892596 0.179657 0.09081095 0.1821759 0.07892596 0.174412 0.08406996 0.193216 0.07744997 0.189738 0.06734496 0.186178 0.07397699 0.197202 0.06971496 0.193198 0.05598199 0.189738 0.06734496 0.187766 0.05533099 0.189738 0.06734496 0.193198 0.05598199 0.184015 0.05932098 0.186178 0.07397699 0.189738 0.06734496 0.201319 0.057585 0.205974 0.07174897 0.2111099 0.05916398 0.197202 0.06971496 0.201327 0.08053696 0.205974 0.07174897 0.208254 0.08308196 0.205974 0.07174897 0.201327 0.08053696 0.2136189 0.07332396 0.2111099 0.05916398 0.205974 0.07174897 0.159633 0.09540498 0.151203 0.102976 0.1613039 0.103363 0.1510969 0.109658 0.1613039 0.103363 0.151203 0.102976 0.16246 0.109786 0.171412 0.102367 0.1613039 0.103363 0.168044 0.09470498 0.1613039 0.103363 0.171412 0.102367 0.159633 0.09540498 0.164758 0.087179 0.15772 0.08722096 0.161996 0.07270199 0.15772 0.08722096 0.164758 0.087179 0.1559579 0.072187 0.150124 0.08615797 0.15772 0.08722096 0.150916 0.09476196 0.15772 0.08722096 0.150124 0.08615797 0.168044 0.09470498 0.174412 0.08406996 0.164758 0.087179 0.170342 0.07071995 0.164758 0.087179 0.174412 0.08406996 0.179657 0.09081095 0.171412 0.102367 0.1855829 0.09819495 0.174184 0.108668 0.1855829 0.09819495 0.171412 0.102367 0.190802 0.10471 0.175678 0.112112 0.193926 0.108838 0.176343 0.1142179 0.193926 0.108838 0.175678 0.112112 0.174184 0.108668 0.162826 0.113366 0.175678 0.112112 0.16246 0.109786 0.150709 0.113664 0.162826 0.113366 0.150709 0.113664 0.163289 0.115399 0.162826 0.113366 0.163289 0.115399 0.175678 0.112112 0.162826 0.113366 0.2050009 0.239461 0.2000949 0.224887 0.198659 0.235245 0.20897 0.221477 0.2000949 0.224887 0.206857 0.2295179 0.198749 0.26372 0.197181 0.246209 0.192703 0.261788 0.203144 0.249404 0.198659 0.235245 0.197181 0.246209 0.197181 0.246209 0.183353 0.237354 0.183705 0.248688 0.192703 0.261788 0.183705 0.248688 0.184877 0.258809 0.183353 0.237354 0.2000949 0.224887 0.182876 0.226299 0.202216 0.217276 0.182876 0.226299 0.2000949 0.224887 0.17782 0.146435 0.173416 0.149846 0.177126 0.15132 0.170836 0.143904 0.173416 0.149846 0.1744149 0.145009 0.182983 0.1482999 0.177126 0.15132 0.182702 0.1532109 0.182702 0.1532109 0.1764619 0.157916 0.182856 0.160075 0.177126 0.15132 0.172109 0.156283 0.1764619 0.157916 0.173416 0.149846 0.168848 0.154175 0.172109 0.156283 0.075199 0.123912 0.08646798 0.118152 0.07743096 0.117503 0.08730298 0.110296 0.07743096 0.117503 0.08646798 0.118152 0.07923901 0.109758 0.06719797 0.116818 0.07743096 0.117503 0.06506597 0.122777 0.07743096 0.117503 0.06719797 0.116818 0.086555 0.125865 0.09426295 0.117886 0.08646798 0.118152 0.09787398 0.123364 0.103967 0.115425 0.09426295 0.117886 0.09729796 0.111844 0.09426295 0.117886 0.103967 0.115425 0.09256297 0.110836 0.08646798 0.118152 0.09426295 0.117886 0.09787398 0.123364 0.09707897 0.134534 0.105509 0.131676 0.1114889 0.120691 0.105509 0.131676 0.117806 0.130198 0.086555 0.125865 0.08847999 0.138436 0.09707897 0.134534 0.07812899 0.1333 0.081685 0.143333 0.08847999 0.138436 0.07812899 0.1333 0.075199 0.123912 0.07057595 0.1303679 0.06506597 0.122777 0.07057595 0.1303679 0.075199 0.123912 0.06213098 0.128763 0.06351298 0.136606 0.07057595 0.1303679 0.06967097 0.1401579 0.07057595 0.1303679 0.06351298 0.136606 0.04432898 0.115892 0.05365496 0.122782 0.05581897 0.116978 0.06506597 0.122777 0.05581897 0.116978 0.05365496 0.122782 0.06719797 0.116818 0.05875796 0.110374 0.05581897 0.116978 0.04802399 0.109359 0.05581897 0.116978 0.05875796 0.110374 0.04208499 0.122111 0.05216997 0.129181 0.05365496 0.122782 0.04140895 0.12988 0.05204498 0.135826 0.05216997 0.129181 0.05933898 0.133652 0.05216997 0.129181 0.05204498 0.135826 0.06213098 0.128763 0.05365496 0.122782 0.05216997 0.129181 0.05184197 0.09129899 0.05489599 0.08535295 0.05040198 0.08677595 0.05778795 0.09035795 0.05871897 0.08358895 0.05489599 0.08535295 0.05398297 0.07839095 0.05489599 0.08535295 0.05871897 0.08358895 0.05165696 0.08026295 0.05040198 0.08677595 0.05489599 0.08535295 0.05778795 0.09035795 0.05263996 0.09559595 0.05998694 0.09518998 0.05269598 0.09935998 0.05998694 0.09518998 0.05263996 0.09559595 0.06123596 0.099478 0.06701797 0.09369295 0.05998694 0.09518998 0.06316196 0.088714 0.05998694 0.09518998 0.06701797 0.09369295 0.06343197 0.04491996 0.06189996 0.04907798 0.06312 0.04893398 0.0647 0.04574596 0.06312 0.04893398 0.064121 0.049757 0.06230795 0.04521298 0.06071895 0.04897296 0.06189996 0.04907798 0.06103795 0.04555398 0.05955696 0.04874396 0.06071895 0.04897296 0.06103795 0.04555398 0.06232297 0.04313099 0.06107598 0.04358595 0.06247794 0.03882795 0.06107598 0.04358595 0.06232297 0.04313099 0.06127399 0.03929698 0.05978095 0.04405796 0.06107598 0.04358595 0.059695 0.04591995 0.06107598 0.04358595 0.05978095 0.04405796 0.06230795 0.04521298 0.06347197 0.04270899 0.06232297 0.04313099 0.06343197 0.04491996 0.06485199 0.04303199 0.06347197 0.04270899 0.065153 0.03823095 0.06347197 0.04270899 0.06485199 0.04303199 0.06366896 0.03836297 0.06232297 0.04313099 0.06347197 0.04270899 0.07194095 0.08858495 0.07359099 0.09358096 0.079194 0.09405499 0.06782096 0.08833301 0.06701797 0.09369295 0.07359099 0.09358096 0.06975299 0.09811896 0.07359099 0.09358096 0.06701797 0.09369295 0.07799899 0.09809297 0.079194 0.09405499 0.07359099 0.09358096 0.06782096 0.08833301 0.063784 0.08245599 0.06150895 0.08277297 0.05517596 0.07599896 0.06150895 0.08277297 0.063784 0.08245599 0.05492699 0.07705795 0.05871897 0.08358895 0.06150895 0.08277297 0.06316196 0.088714 0.06150895 0.08277297 0.05871897 0.08358895 0.07194095 0.08858495 0.06606 0.08218801 0.063784 0.08245599 0.07569396 0.08884197 0.06763797 0.08169698 0.06606 0.08218801 0.05563896 0.073969 0.06606 0.08218801 0.06763797 0.08169698 0.05541896 0.07494598 0.063784 0.08245599 0.06606 0.08218801 0.07569396 0.08884197 0.079194 0.09405499 0.08331096 0.09431898 0.08474397 0.09856396 0.08331096 0.09431898 0.079194 0.09405499 0.088759 0.09869295 0.086667 0.09459096 0.08331096 0.09431898 0.078395 0.08878397 0.08331096 0.09431898 0.086667 0.09459096 0.079427 0.08158695 0.09516298 0.091919 0.09581798 0.089809 0.08204996 0.08503997 0.09496599 0.093288 0.09516298 0.091919 0.1075479 0.100082 0.09516298 0.091919 0.09496599 0.093288 0.107822 0.09825295 0.09581798 0.089809 0.09516298 0.091919 0.08204996 0.08503997 0.068973 0.07659298 0.06919097 0.07766997 0.05966699 0.07127797 0.06919097 0.07766997 0.068973 0.07659298 0.05645799 0.070055 0.06909096 0.07856899 0.06919097 0.07766997 0.08195495 0.086102 0.06919097 0.07766997 0.06909096 0.07856899 0.108371 0.09546798 0.09790599 0.08634901 0.09581798 0.089809 0.109516 0.09062999 0.100711 0.08221298 0.09790599 0.08634901 0.09211498 0.08087998 0.09790599 0.08634901 0.100711 0.08221298 0.08608096 0.08184397 0.09581798 0.089809 0.09790599 0.08634901 0.09347599 0.09488999 0.07935696 0.08809196 0.08998399 0.09508895 0.07935696 0.08809196 0.086667 0.09459096 0.08998399 0.09508895 0.09267997 0.09934198 0.08998399 0.09508895 0.086667 0.09459096 0.09914296 0.10137 0.09347599 0.09488999 0.08998399 0.09508895 0.08036696 0.08697396 0.06781798 0.080711 0.07935696 0.08809196 0.06802296 0.07940399 0.05582195 0.07313799 0.06781798 0.080711 0.05563896 0.073969 0.06781798 0.080711 0.05582195 0.07313799 0.06763797 0.08169698 0.07935696 0.08809196 0.06781798 0.080711 0.08036696 0.08697396 0.06909096 0.07856899 0.06802296 0.07940399 0.05629897 0.07086098 0.06802296 0.07940399 0.06909096 0.07856899 0.106128 0.102473 0.09496599 0.093288 0.09347599 0.09488999 0.08195495 0.086102 0.09347599 0.09488999 0.09496599 0.093288 0.05888599 0.06017899 0.06063497 0.05691796 0.05980199 0.05487495 0.06189996 0.04907798 0.05980199 0.05487495 0.06063497 0.05691796 0.06071895 0.04897296 0.05936998 0.05175495 0.05980199 0.05487495 0.05917298 0.05491697 0.05980199 0.05487495 0.05936998 0.05175495 0.06267195 0.06656897 0.06226795 0.05680596 0.06063497 0.05691796 0.068318 0.05942898 0.06226795 0.05680596 0.06519699 0.063977 0.064121 0.049757 0.06226795 0.05680596 0.06478595 0.05368697 0.06312 0.04893398 0.06063497 0.05691796 0.06226795 0.05680596 0.05190795 0.102283 0.06055998 0.105744 0.06127899 0.102847 0.06055998 0.105744 0.07082998 0.101581 0.06127899 0.102847 0.06975299 0.09811896 0.06127899 0.102847 0.07082998 0.101581 0.06123596 0.099478 0.05190795 0.102283 0.06127899 0.102847 0.05058395 0.104868 0.05875796 0.110374 0.06055998 0.105744 0.06938499 0.109643 0.06055998 0.105744 0.05875796 0.110374 0.08871799 0.104689 0.07923901 0.109758 0.08730298 0.110296 0.08070898 0.104385 0.06938499 0.109643 0.07923901 0.109758 0.08070898 0.104385 0.08779197 0.101806 0.08022099 0.101444 0.08474397 0.09856396 0.08022099 0.101444 0.08779197 0.101806 0.07799899 0.09809297 0.07082998 0.101581 0.08022099 0.101444 0.07074898 0.104605 0.08022099 0.101444 0.07082998 0.101581 0.08871799 0.104689 0.09188199 0.102037 0.08779197 0.101806 0.09305596 0.105123 0.09665596 0.103261 0.09188199 0.102037 0.09267997 0.09934198 0.09188199 0.102037 0.09665596 0.103261 0.088759 0.09869295 0.08779197 0.101806 0.09188199 0.102037 0.09305596 0.105123 0.08730298 0.110296 0.09256297 0.110836 0.09729796 0.111844 0.09305596 0.105123 0.09256297 0.110836 0.09097397 0.05983495 0.07987695 0.05058199 0.07993799 0.05674695 0.09010297 0.05339199 0.07957696 0.04219597 0.07987695 0.05058199 0.07150697 0.04005199 0.07987695 0.05058199 0.07957696 0.04219597 0.07116997 0.04751294 0.07993799 0.05674695 0.07987695 0.05058199 0.09010297 0.05339199 0.100844 0.06133794 0.09903699 0.055314 0.109449 0.05668097 0.09903699 0.055314 0.100844 0.06133794 0.106411 0.052055 0.09709 0.04656594 0.09903699 0.055314 0.08893895 0.04457396 0.09903699 0.055314 0.09709 0.04656594 0.09097397 0.05983495 0.101912 0.07034295 0.100844 0.06133794 0.114537 0.06373 0.100844 0.06133794 0.101912 0.07034295 0.089998 0.06917798 0.07993799 0.05674695 0.07776099 0.06506597 0.07074296 0.05280995 0.07776099 0.06506597 0.07993799 0.05674695 0.08926796 0.07869696 0.07566499 0.07072997 0.07469397 0.07311201 0.08925098 0.07580697 0.07776099 0.06506597 0.07566499 0.07072997 0.068318 0.05942898 0.07566499 0.07072997 0.07776099 0.06506597 0.06519699 0.063977 0.07469397 0.07311201 0.07566499 0.07072997 0.10565 0.08345299 0.101533 0.07795095 0.100711 0.08221298 0.112738 0.07894998 0.101912 0.07034295 0.101533 0.07795095 0.089998 0.06917798 0.101533 0.07795095 0.101912 0.07034295 0.08925098 0.07580697 0.100711 0.08221298 0.101533 0.07795095 0.106985 0.1509259 0.108517 0.14898 0.105413 0.148964 0.108219 0.147822 0.105413 0.148964 0.108517 0.14898 0.105095 0.14705 0.100346 0.148966 0.105413 0.148964 0.102634 0.1520839 0.105413 0.148964 0.100346 0.148966 0.109711 0.15011 0.108644 0.1524389 0.110979 0.151129 0.106985 0.1509259 0.104875 0.154325 0.108644 0.1524389 0.1072199 0.155999 0.108644 0.1524389 0.104875 0.154325 0.112519 0.15198 0.108644 0.1524389 0.110546 0.153604 0.116737 0.153061 0.112847 0.154519 0.115319 0.155197 0.114529 0.1526049 0.110546 0.153604 0.112847 0.154519 0.1072199 0.155999 0.112847 0.154519 0.110546 0.153604 0.10982 0.157414 0.115319 0.155197 0.112847 0.154519 0.118867 0.153409 0.115319 0.155197 0.117733 0.15565 0.115319 0.155197 0.115577 0.15929 0.117733 0.15565 0.118457 0.159833 0.117733 0.15565 0.115577 0.15929 0.119998 0.155912 0.118867 0.153409 0.117733 0.15565 0.131623 0.15151 0.126951 0.151379 0.130632 0.154327 0.1375679 0.154191 0.130632 0.154327 0.135026 0.161068 0.127026 0.1493059 0.130235 0.147742 0.126205 0.147047 0.131623 0.15151 0.13515 0.147984 0.130235 0.147742 0.110332 0.1446689 0.113982 0.1447539 0.113118 0.143842 0.117336 0.144307 0.113118 0.143842 0.113982 0.1447539 0.1172299 0.143637 0.111842 0.1417019 0.113118 0.143842 0.107615 0.142699 0.113118 0.143842 0.111842 0.1417019 0.111865 0.145687 0.107196 0.145678 0.109639 0.146717 0.110332 0.1446689 0.102937 0.143983 0.107196 0.145678 0.102937 0.143983 0.105095 0.14705 0.107196 0.145678 0.105095 0.14705 0.109639 0.146717 0.107196 0.145678 0.1244879 0.156008 0.122306 0.1534 0.122025 0.156017 0.120773 0.153553 0.122025 0.156017 0.122306 0.1534 0.119998 0.155912 0.121034 0.160277 0.122025 0.156017 0.124277 0.160721 0.122025 0.156017 0.121034 0.160277 0.135026 0.161068 0.1275179 0.155793 0.128511 0.160982 0.130632 0.154327 0.1255609 0.152643 0.1275179 0.155793 0.121922 0.144525 0.123627 0.1455129 0.125878 0.145281 0.126205 0.147047 0.125878 0.145281 0.123627 0.1455129 0.130235 0.147742 0.129137 0.144093 0.125878 0.145281 0.1240079 0.143045 0.125878 0.145281 0.129137 0.144093 0.121038 0.1449339 0.1172299 0.143637 0.117336 0.144307 0.121922 0.144525 0.1177639 0.1416479 0.1172299 0.143637 0.140574 0.107702 0.129972 0.108711 0.140096 0.112024 0.129972 0.108711 0.139477 0.1154659 0.140096 0.112024 0.139477 0.1154659 0.150709 0.113664 0.140096 0.112024 0.1510969 0.109658 0.140096 0.112024 0.150709 0.113664 0.1303099 0.104428 0.11932 0.103985 0.129972 0.108711 0.108371 0.09546798 0.11932 0.103985 0.119722 0.100346 0.107822 0.09825295 0.119122 0.106437 0.11932 0.103985 0.129747 0.111762 0.11932 0.103985 0.119122 0.106437 0.150916 0.09476196 0.141364 0.100938 0.151203 0.102976 0.141936 0.09283697 0.1313419 0.09788697 0.141364 0.100938 0.1303099 0.104428 0.141364 0.100938 0.1313419 0.09788697 0.140574 0.107702 0.151203 0.102976 0.141364 0.100938 0.132377 0.09021896 0.120694 0.094464 0.1313419 0.09788697 0.10565 0.08345299 0.120694 0.094464 0.121921 0.08749496 0.109516 0.09062999 0.119722 0.100346 0.120694 0.094464 0.119722 0.100346 0.1313419 0.09788697 0.120694 0.094464 0.121921 0.08749496 0.132722 0.082556 0.12309 0.08059495 0.13331 0.068753 0.12309 0.08059495 0.132722 0.082556 0.12498 0.067671 0.112738 0.07894998 0.12309 0.08059495 0.10565 0.08345299 0.12309 0.08059495 0.112738 0.07894998 0.132377 0.09021896 0.141762 0.08450698 0.132722 0.082556 0.141936 0.09283697 0.150124 0.08615797 0.141762 0.08450698 0.149274 0.07096195 0.141762 0.08450698 0.150124 0.08615797 0.141567 0.06983298 0.132722 0.082556 0.141762 0.08450698 0.149204 0.130653 0.145 0.129985 0.14647 0.138432 0.148779 0.139725 0.14647 0.138432 0.146559 0.147875 0.146559 0.147875 0.143232 0.151096 0.135019 0.1741 0.14647 0.138432 0.140702 0.14139 0.143232 0.151096 0.1114889 0.120691 0.109502 0.110868 0.103967 0.115425 0.09841901 0.106809 0.103967 0.115425 0.109502 0.110868 0.109502 0.110868 0.117095 0.109049 0.106279 0.106604 0.106128 0.102473 0.106279 0.106604 0.117095 0.109049 0.09914296 0.10137 0.09665596 0.103261 0.106279 0.106604 0.09841901 0.106809 0.106279 0.106604 0.09665596 0.103261 0.127485 0.116091 0.119122 0.106437 0.117095 0.109049 0.1075479 0.100082 0.117095 0.109049 0.119122 0.106437 0.145 0.129985 0.139477 0.1154659 0.137561 0.122194 0.129747 0.111762 0.137561 0.122194 0.139477 0.1154659 0.127485 0.116091 0.1350769 0.134497 0.137561 0.122194 0.145 0.129985 0.1350769 0.134497 0.140702 0.14139 0.129151 0.13176 0.1114889 0.120691 0.117806 0.130198 0.09531599 0.153583 0.100346 0.148966 0.09180998 0.149237 0.09180998 0.149237 0.09983795 0.145943 0.09089398 0.144891 0.081685 0.143333 0.09180998 0.149237 0.09089398 0.144891 0.079418 0.1548759 0.09180998 0.149237 0.07866597 0.1491709 0.102634 0.1520839 0.09833699 0.156804 0.104875 0.154325 0.104875 0.154325 0.101025 0.159288 0.1072199 0.155999 0.09531599 0.153583 0.08393198 0.159368 0.09833699 0.156804 0.089298 0.162927 0.09833699 0.156804 0.08393198 0.159368 0.106284 0.163203 0.10982 0.157414 0.10353 0.161421 0.1072199 0.155999 0.10353 0.161421 0.10982 0.157414 0.101025 0.159288 0.09260195 0.165828 0.10353 0.161421 0.095245 0.168251 0.10353 0.161421 0.09260195 0.165828 0.112623 0.158525 0.109718 0.164631 0.115577 0.15929 0.115577 0.15929 0.113324 0.165758 0.118457 0.159833 0.106284 0.163203 0.09862697 0.170376 0.109718 0.164631 0.102316 0.172172 0.109718 0.164631 0.09862697 0.170376 0.120502 0.167499 0.121034 0.160277 0.116594 0.166633 0.118457 0.159833 0.116594 0.166633 0.121034 0.160277 0.113324 0.165758 0.105879 0.173605 0.116594 0.166633 0.110188 0.174969 0.116594 0.166633 0.105879 0.173605 0.128511 0.160982 0.130572 0.168758 0.135026 0.161068 0.119894 0.176985 0.124652 0.168217 0.114349 0.17589 0.135026 0.161068 0.136623 0.168965 0.140325 0.166851 0.126116 0.178439 0.130572 0.168758 0.119894 0.176985 0.136623 0.168965 0.135019 0.1741 0.140325 0.166851 0.138255 0.1459079 0.1375679 0.154191 0.141355 0.155261 0.143232 0.151096 0.138255 0.1459079 0.141355 0.155261 0.135026 0.161068 0.141355 0.155261 0.1375679 0.154191 0.143232 0.151096 0.140325 0.166851 0.135019 0.1741 0.128419 0.138795 0.1177639 0.1416479 0.1240079 0.143045 0.129151 0.13176 0.119687 0.136471 0.128419 0.138795 0.128419 0.138795 0.129137 0.144093 0.133096 0.140435 0.13515 0.147984 0.133096 0.140435 0.129137 0.144093 0.140702 0.14139 0.133096 0.140435 0.138255 0.1459079 0.1350769 0.134497 0.128419 0.138795 0.133096 0.140435 0.103018 0.139182 0.111842 0.1417019 0.109979 0.137011 0.119687 0.136471 0.111842 0.1417019 0.1177639 0.1416479 0.117806 0.130198 0.109979 0.137011 0.119687 0.136471 0.105509 0.131676 0.103018 0.139182 0.109979 0.137011 0.107615 0.142699 0.09564298 0.141674 0.102937 0.143983 0.09983795 0.145943 0.09564298 0.141674 0.09089398 0.144891 0.09707897 0.134534 0.09564298 0.141674 0.103018 0.139182 0.08847999 0.138436 0.09089398 0.144891 0.09564298 0.141674 0.151386 0.1397179 0.146559 0.147875 0.149047 0.152314 0.156268 0.141453 0.151872 0.152333 0.153955 0.152397 0.154233 0.140727 0.149047 0.152314 0.151872 0.152333 0.149047 0.152314 0.152353 0.1647959 0.151872 0.152333 0.154531 0.1635839 0.151872 0.152333 0.152353 0.1647959 0.146559 0.147875 0.1489689 0.166909 0.149047 0.152314 0.176343 0.1142179 0.191302 0.119246 0.198031 0.112449 0.176563 0.117969 0.187669 0.126424 0.191302 0.119246 0.175959 0.123448 0.186402 0.131258 0.187669 0.126424 0.176563 0.117969 0.167417 0.122067 0.175959 0.123448 0.165553 0.118208 0.158838 0.124401 0.167417 0.122067 0.158838 0.124401 0.16842 0.125001 0.167417 0.122067 0.175629 0.127278 0.167417 0.122067 0.16842 0.125001 0.176343 0.1142179 0.165553 0.118208 0.176563 0.117969 0.163289 0.115399 0.155067 0.122164 0.165553 0.118208 0.24496 0.183515 0.242631 0.181955 0.243454 0.1828809 0.245671 0.18119 0.241618 0.1813639 0.242631 0.181955 0.2442359 0.18062 0.2408249 0.180777 0.241618 0.1813639 0.246267 0.180588 0.2442359 0.18062 0.245671 0.18119 0.244695 0.1799719 0.241302 0.179744 0.2442359 0.18062 0.24496 0.183515 0.246267 0.180588 0.245671 0.18119 0.135019 0.1741 0.158411 0.1773999 0.1489689 0.166909 0.1451669 0.188323 0.169149 0.183781 0.158411 0.1773999 0.158411 0.1773999 0.170228 0.178477 0.160802 0.173583 0.1703079 0.175051 0.160802 0.173583 0.170228 0.178477 0.161881 0.171135 0.152353 0.1647959 0.160802 0.173583 0.1489689 0.166909 0.160802 0.173583 0.152353 0.1647959 0.169149 0.183781 0.183535 0.184383 0.170228 0.178477 0.183356 0.1791599 0.170228 0.178477 0.183535 0.184383 0.156535 0.19584 0.183629 0.193242 0.169149 0.183781 0.205749 0.212706 0.205043 0.203095 0.19871 0.206368 0.202216 0.217276 0.19871 0.206368 0.174839 0.210312 0.210093 0.209263 0.21445 0.197551 0.205043 0.203095 0.210093 0.209263 0.218951 0.207324 0.216876 0.203458 0.202216 0.217276 0.211596 0.216574 0.205749 0.212706 0.214478 0.212909 0.205749 0.212706 0.211596 0.216574 0.195442 0.196121 0.2015129 0.1861889 0.194872 0.186704 0.201407 0.181842 0.194872 0.186704 0.2015129 0.1861889 0.19483 0.181348 0.183535 0.184383 0.194872 0.186704 0.183629 0.193242 0.194872 0.186704 0.183535 0.184383 0.202229 0.193981 0.211432 0.185253 0.2015129 0.1861889 0.210713 0.182385 0.2015129 0.1861889 0.211432 0.185253 0.205043 0.203095 0.212631 0.190496 0.202229 0.193981 0.174839 0.210312 0.195442 0.196121 0.183629 0.193242 0.19871 0.206368 0.202229 0.193981 0.195442 0.196121 0.1924099 0.151287 0.1883389 0.154654 0.192218 0.155478 0.188493 0.150058 0.182702 0.1532109 0.1883389 0.154654 0.198238 0.1533319 0.192218 0.155478 0.198105 0.156931 0.198105 0.156931 0.193279 0.161779 0.199196 0.162469 0.192218 0.155478 0.189145 0.161368 0.193279 0.161779 0.1883389 0.154654 0.182856 0.160075 0.189145 0.161368 0.209057 0.1314899 0.210509 0.118833 0.202704 0.124943 0.198031 0.112449 0.202704 0.124943 0.210509 0.118833 0.215682 0.125671 0.2194769 0.142118 0.224949 0.137665 0.209057 0.1314899 0.216744 0.1468189 0.2194769 0.142118 0.205901 0.138267 0.2151139 0.149157 0.216744 0.1468189 0.205901 0.138267 0.202704 0.124943 0.198662 0.132604 0.191302 0.119246 0.198662 0.132604 0.202704 0.124943 0.187669 0.126424 0.197264 0.137177 0.198662 0.132604 0.204574 0.141857 0.198662 0.132604 0.197264 0.137177 0.210713 0.182385 0.221122 0.184252 0.220359 0.18238 0.211432 0.185253 0.222248 0.1876119 0.221122 0.184252 0.221122 0.184252 0.2279 0.1862069 0.226757 0.1833969 0.233135 0.184791 0.226757 0.1833969 0.2279 0.1862069 0.231913 0.182581 0.225778 0.181691 0.226757 0.1833969 0.220359 0.18238 0.226757 0.1833969 0.225778 0.181691 0.223717 0.192785 0.2279 0.1862069 0.222248 0.1876119 0.229495 0.190392 0.233135 0.184791 0.2279 0.1862069 0.21445 0.197551 0.222248 0.1876119 0.212631 0.190496 0.216876 0.203458 0.223717 0.192785 0.21445 0.197551 0.225087 0.198018 0.229495 0.190392 0.223717 0.192785 0.231091 0.194929 0.2347559 0.18792 0.229495 0.190392 0.225087 0.198018 0.232496 0.198131 0.231091 0.194929 0.237879 0.193907 0.231091 0.194929 0.232496 0.198131 0.216876 0.203458 0.226369 0.201617 0.225087 0.198018 0.224949 0.137665 0.2288759 0.152553 0.2335799 0.149653 0.238499 0.16527 0.238456 0.156997 0.2341639 0.159111 0.2335799 0.149653 0.2341639 0.159111 0.238456 0.156997 0.2341639 0.159111 0.226325 0.155788 0.231696 0.161613 0.224619 0.157314 0.231696 0.161613 0.226325 0.155788 0.229897 0.162621 0.236315 0.167043 0.231696 0.161613 0.238499 0.16527 0.231696 0.161613 0.236315 0.167043 0.2288759 0.152553 0.216744 0.1468189 0.226325 0.155788 0.2151139 0.149157 0.226325 0.155788 0.216744 0.1468189 0.203889 0.155385 0.198105 0.156931 0.203781 0.1583189 0.211098 0.158612 0.207273 0.159153 0.211006 0.160984 0.207348 0.156686 0.203781 0.1583189 0.207273 0.159153 0.207273 0.159153 0.205058 0.163072 0.2086229 0.163361 0.211006 0.160984 0.2086229 0.163361 0.210735 0.1633149 0.203781 0.1583189 0.199196 0.162469 0.205058 0.163072 0.237769 0.183356 0.231913 0.182581 0.233135 0.184791 0.236756 0.182012 0.2313899 0.180115 0.231913 0.182581 0.236756 0.182012 0.242631 0.181955 0.241618 0.1813639 0.236358 0.18054 0.241618 0.1813639 0.2408249 0.180777 0.239328 0.185322 0.242631 0.181955 0.237769 0.183356 0.2347559 0.18792 0.237769 0.183356 0.233135 0.184791 0.236407 0.191455 0.239328 0.185322 0.2347559 0.18792 0.24079 0.1875039 0.243454 0.1828809 0.239328 0.185322 0.24079 0.1875039 0.246432 0.182861 0.24496 0.183515 0.24237 0.18874 0.236407 0.191455 0.237879 0.193907 0.241554 0.170683 0.242116 0.163873 0.238499 0.16527 0.244198 0.170062 0.244563 0.17627 0.24581 0.1757979 0.244563 0.17627 0.239922 0.1717799 0.243394 0.176567 0.2387 0.173141 0.243394 0.176567 0.239922 0.1717799 0.241554 0.170683 0.236315 0.167043 0.239922 0.1717799 0.234632 0.169131 0.239922 0.1717799 0.236315 0.167043 0.2374809 0.1763679 0.2322649 0.177085 0.236701 0.178508 0.241828 0.178613 0.236701 0.178508 0.241302 0.179744 0.236701 0.178508 0.2408249 0.180777 0.241302 0.179744 0.236358 0.18054 0.2322649 0.177085 0.2313899 0.180115 0.156268 0.141453 0.157944 0.152458 0.160133 0.142677 0.160133 0.142677 0.163906 0.152195 0.1655949 0.144388 0.157944 0.152458 0.163892 0.159768 0.163906 0.152195 0.153955 0.152397 0.1581349 0.162009 0.157944 0.152458 0.186402 0.131258 0.1767849 0.1305609 0.186577 0.134532 0.186577 0.134532 0.180196 0.1346909 0.187929 0.13753 0.1767849 0.1305609 0.1753799 0.133047 0.180196 0.1346909 0.170935 0.128448 0.170306 0.1339319 0.1753799 0.133047 0.175629 0.127278 0.170935 0.128448 0.1767849 0.1305609 0.16842 0.125001 0.165035 0.129528 0.170935 0.128448 0.154531 0.1635839 0.164079 0.1684229 0.1581349 0.162009 0.161881 0.171135 0.171347 0.171738 0.164079 0.1684229 0.164079 0.1684229 0.175153 0.166978 0.168956 0.16451 0.1581349 0.162009 0.168956 0.16451 0.163892 0.159768 0.171347 0.171738 0.184962 0.1700479 0.175153 0.166978 0.1703079 0.175051 0.18369 0.174894 0.171347 0.171738 0.204574 0.141857 0.212727 0.149637 0.2151139 0.149157 0.20344 0.143571 0.209147 0.149016 0.212727 0.149637 0.201505 0.144323 0.196739 0.139678 0.196039 0.14129 0.196739 0.139678 0.187929 0.13753 0.196039 0.14129 0.20344 0.143571 0.197264 0.137177 0.196739 0.139678 0.197264 0.137177 0.186577 0.134532 0.196739 0.139678 0.183356 0.1791599 0.194777 0.177033 0.18369 0.174894 0.19483 0.181348 0.201046 0.178054 0.194777 0.177033 0.194777 0.177033 0.199039 0.1726329 0.193827 0.1719779 0.18369 0.174894 0.193827 0.1719779 0.184962 0.1700479 0.199039 0.1726329 0.209709 0.179288 0.2064149 0.173546 0.201407 0.181842 0.209709 0.179288 0.201046 0.178054 0.2285079 0.164876 0.229897 0.162621 0.226275 0.1613039 0.224619 0.157314 0.226275 0.1613039 0.229897 0.162621 0.22156 0.156796 0.220399 0.158003 0.226275 0.1613039 0.222427 0.161034 0.226275 0.1613039 0.220399 0.158003 0.212727 0.149637 0.216392 0.154462 0.22156 0.156796 0.2151139 0.149157 0.22156 0.156796 0.224619 0.157314 0.2322649 0.177085 0.225534 0.177417 0.2313899 0.180115 0.2268199 0.173781 0.220431 0.172572 0.225534 0.177417 0.227537 0.1702319 0.221364 0.1692889 0.2268199 0.173781 0.233128 0.173985 0.2268199 0.173781 0.2322649 0.177085 0.209709 0.179288 0.220359 0.18238 0.218729 0.1797569 0.2064149 0.173546 0.218729 0.1797569 0.213905 0.173996 0.213905 0.173996 0.223188 0.179197 0.218052 0.173853 0.225534 0.177417 0.218052 0.173853 0.223188 0.179197 0.218729 0.1797569 0.225778 0.181691 0.223188 0.179197 0.2313899 0.180115 0.223188 0.179197 0.225778 0.181691 0.1655949 0.144388 0.167216 0.150898 0.168656 0.144501 0.168656 0.144501 0.169528 0.149138 0.170836 0.143904 0.167216 0.150898 0.168848 0.154175 0.169528 0.149138 0.163906 0.152195 0.166993 0.156993 0.167216 0.150898 0.187929 0.13753 0.180844 0.136875 0.186774 0.139035 0.186774 0.139035 0.1791239 0.138526 0.183975 0.140451 0.180844 0.136875 0.17589 0.137192 0.1791239 0.138526 0.176767 0.135422 0.1730509 0.13704 0.17589 0.137192 0.180196 0.1346909 0.176767 0.135422 0.180844 0.136875 0.1753799 0.133047 0.172371 0.136047 0.176767 0.135422 0.163892 0.159768 0.17147 0.160702 0.166993 0.156993 0.168956 0.16451 0.176818 0.162666 0.17147 0.160702 0.17147 0.160702 0.1764619 0.157916 0.172109 0.156283 0.166993 0.156993 0.172109 0.156283 0.168848 0.154175 0.176818 0.162666 0.182856 0.160075 0.1764619 0.157916 0.175153 0.166978 0.184511 0.165311 0.176818 0.162666 0.201505 0.144323 0.204851 0.148335 0.209147 0.149016 0.198365 0.144626 0.199984 0.148115 0.204851 0.148335 0.193975 0.145065 0.19352 0.142094 0.1897 0.143007 0.186774 0.139035 0.1897 0.143007 0.19352 0.142094 0.198365 0.144626 0.196039 0.14129 0.19352 0.142094 0.196039 0.14129 0.186774 0.139035 0.19352 0.142094 0.184962 0.1700479 0.191797 0.1669 0.184511 0.165311 0.193827 0.1719779 0.196375 0.167336 0.191797 0.1669 0.191797 0.1669 0.193279 0.161779 0.189145 0.161368 0.184511 0.165311 0.189145 0.161368 0.182856 0.160075 0.196375 0.167336 0.199196 0.162469 0.193279 0.161779 0.196375 0.167336 0.2064149 0.173546 0.202714 0.167906 0.2165769 0.157928 0.220399 0.158003 0.214679 0.155418 0.216392 0.154462 0.214679 0.155418 0.220399 0.158003 0.211103 0.152582 0.20906 0.1536689 0.214679 0.155418 0.211049 0.1553879 0.214679 0.155418 0.20906 0.1536689 0.204851 0.148335 0.205713 0.15145 0.211103 0.152582 0.209147 0.149016 0.211103 0.152582 0.216392 0.154462 0.221364 0.1692889 0.215497 0.167628 0.220431 0.172572 0.2161459 0.164965 0.210735 0.1633149 0.215497 0.167628 0.216437 0.162107 0.211006 0.160984 0.2161459 0.164965 0.221884 0.165983 0.2161459 0.164965 0.221364 0.1692889 0.202714 0.167906 0.213905 0.173996 0.209197 0.168354 0.199196 0.162469 0.209197 0.168354 0.205058 0.163072 0.205058 0.163072 0.213153 0.168476 0.2086229 0.163361 0.215497 0.167628 0.2086229 0.163361 0.213153 0.168476 0.209197 0.168354 0.218052 0.173853 0.213153 0.168476 0.220431 0.172572 0.213153 0.168476 0.218052 0.173853 0.149549 0.121403 0.152523 0.130186 0.155067 0.122164 0.152523 0.130186 0.158838 0.124401 0.155067 0.122164 0.155943 0.131933 0.1611779 0.126344 0.158838 0.124401 0.155943 0.131933 0.151386 0.1397179 0.154233 0.140727 0.158285 0.133336 0.154233 0.140727 0.156268 0.141453 0.149204 0.130653 0.151386 0.1397179 0.152523 0.130186 0.162155 0.135504 0.156268 0.141453 0.160133 0.142677 0.158285 0.133336 0.165035 0.129528 0.1611779 0.126344 0.162155 0.135504 0.170306 0.1339319 0.165035 0.129528 0.167617 0.138736 0.160133 0.142677 0.1655949 0.144388 0.167617 0.138736 0.168656 0.144501 0.170238 0.14003 0.170306 0.1339319 0.170238 0.14003 0.172371 0.136047 0.172371 0.136047 0.171789 0.14022 0.1730509 0.13704 0.170238 0.14003 0.170836 0.143904 0.171789 0.14022 0.178183 0.142964 0.1744149 0.145009 0.17782 0.146435 0.171789 0.14022 0.1744149 0.145009 0.174993 0.141558 0.174993 0.141558 0.1791239 0.138526 0.17589 0.137192 0.1730509 0.13704 0.174993 0.141558 0.17589 0.137192 0.178183 0.142964 0.183975 0.140451 0.1791239 0.138526 0.183042 0.144746 0.17782 0.146435 0.182983 0.1482999 0.1922979 0.148171 0.188493 0.150058 0.1924099 0.151287 0.188376 0.14667 0.182983 0.1482999 0.188493 0.150058 0.188376 0.14667 0.193975 0.145065 0.1897 0.143007 0.183042 0.144746 0.1897 0.143007 0.183975 0.140451 0.1922979 0.148171 0.199984 0.148115 0.193975 0.145065 0.19828 0.1506749 0.1924099 0.151287 0.198238 0.1533319 0.203909 0.153234 0.198238 0.1533319 0.203889 0.155385 0.19828 0.1506749 0.205713 0.15145 0.199984 0.148115 0.203909 0.153234 0.20906 0.1536689 0.205713 0.15145 0.207306 0.154911 0.211049 0.1553879 0.20906 0.1536689 0.207306 0.154911 0.203889 0.155385 0.207348 0.156686 0.211143 0.1569589 0.207348 0.156686 0.211098 0.158612 0.22238 0.163573 0.216437 0.162107 0.221884 0.165983 0.216705 0.1600649 0.211098 0.158612 0.216437 0.162107 0.211143 0.1569589 0.2165769 0.157928 0.211049 0.1553879 0.216705 0.1600649 0.222427 0.161034 0.2165769 0.157928 0.233822 0.17155 0.227537 0.1702319 0.233128 0.173985 0.228314 0.167683 0.221884 0.165983 0.227537 0.1702319 0.22238 0.163573 0.2285079 0.164876 0.222427 0.161034 0.228314 0.167683 0.234632 0.169131 0.2285079 0.164876 0.237866 0.174581 0.233128 0.173985 0.2374809 0.1763679 0.233822 0.17155 0.2387 0.173141 0.234632 0.169131 0.237866 0.174581 0.242376 0.176713 0.2387 0.173141 0.24207 0.177643 0.2374809 0.1763679 0.241828 0.178613 0.246432 0.182861 0.246085 0.179601 0.246267 0.180588 0.246085 0.179601 0.244695 0.1799719 0.246267 0.180588 0.244767 0.17925 0.241828 0.178613 0.244695 0.1799719 0.246085 0.179601 0.243394 0.176567 0.244767 0.17925 0.24207 0.177643 0.243394 0.176567 0.242376 0.176713 0.246973 0.176865 0.244563 0.17627 0.246085 0.179601 0.246488 0.170402 0.2494339 0.164601 0.245669 0.163987 0.248974 0.171645 0.246973 0.176865 0.246432 0.182861 0.246488 0.170402 0.24581 0.1757979 0.246973 0.176865 0.244198 0.170062 0.245669 0.163987 0.242116 0.163873 0.2383019 0.137329 0.238709 0.149146 0.244374 0.149194 0.244374 0.149194 0.242896 0.156821 0.247758 0.157078 0.245669 0.163987 0.247758 0.157078 0.242896 0.156821 0.238709 0.149146 0.238456 0.156997 0.242896 0.156821 0.242116 0.163873 0.242896 0.156821 0.238456 0.156997 0.231261 0.137088 0.2335799 0.149653 0.238709 0.149146 0.222748 0.125081 0.226733 0.1189759 0.2175509 0.117573 0.224421 0.110972 0.2175509 0.117573 0.226733 0.1189759 0.2313809 0.126326 0.231261 0.137088 0.2383019 0.137329 0.222748 0.125081 0.224949 0.137665 0.231261 0.137088 0.215682 0.125671 0.2175509 0.117573 0.210509 0.118833 0.215166 0.109603 0.210509 0.118833 0.2175509 0.117573 0.223011 0.08950096 0.226619 0.101505 0.231119 0.09122496 0.2177349 0.100023 0.224421 0.110972 0.226619 0.101505 0.2177349 0.100023 0.2161819 0.08724397 0.21094 0.09926897 0.215166 0.109603 0.21094 0.09926897 0.198031 0.112449 0.223011 0.08950096 0.222413 0.076137 0.2161819 0.08724397 0.228747 0.07870596 0.230449 0.06191599 0.222413 0.076137 0.228747 0.07870596 0.231119 0.09122496 0.235713 0.08078396 0.236441 0.06401598 0.235713 0.08078396 0.242574 0.06620997 0.114349 0.17589 0.120502 0.167499 0.110188 0.174969 0.124277 0.160721 0.124652 0.168217 0.128511 0.160982 0.128511 0.160982 0.1244879 0.156008 0.124277 0.160721 0.1275179 0.155793 0.1239089 0.1530399 0.1244879 0.156008 0.06293696 0.03290098 0.06127399 0.03929698 0.06247794 0.03882795 0.06174194 0.03320598 0.06006497 0.03976899 0.06127399 0.03929698 0.06569695 0.03248494 0.06366896 0.03836297 0.065153 0.03823095 0.06413197 0.03259599 0.06247794 0.03882795 0.06366896 0.03836297 0.07150697 0.04005199 0.06800198 0.032763 0.06723195 0.03876197 0.06800198 0.032763 0.065153 0.03823095 0.06723195 0.03876197 0.08893895 0.04457396 0.08028095 0.034922 0.07957696 0.04219597 0.07240897 0.03353798 0.07957696 0.04219597 0.08028095 0.034922 0.102683 0.048096 0.09681397 0.037826 0.09709 0.04656594 0.08921599 0.03649199 0.09709 0.04656594 0.09681397 0.037826 0.111693 0.04481196 0.106411 0.052055 0.109449 0.05668097 0.107718 0.04192698 0.102683 0.048096 0.106411 0.052055 0.118097 0.04885095 0.109449 0.05668097 0.114537 0.06373 0.134643 0.05171698 0.12498 0.067671 0.13331 0.068753 0.127143 0.05114996 0.114537 0.06373 0.12498 0.067671 0.1492919 0.05288195 0.141567 0.06983298 0.149274 0.07096195 0.1421419 0.052284 0.13331 0.068753 0.141567 0.06983298 0.161765 0.05375999 0.1559579 0.072187 0.161996 0.07270199 0.155744 0.05354297 0.149274 0.07096195 0.1559579 0.072187 0.170231 0.05240195 0.161996 0.07270199 0.170342 0.07071995 0.18071 0.06413 0.176939 0.05046397 0.177124 0.06741297 0.170231 0.05240195 0.177124 0.06741297 0.176939 0.05046397 0.187766 0.05533099 0.183694 0.04586195 0.184015 0.05932098 0.180398 0.04863899 0.184015 0.05932098 0.183694 0.04586195 0.201319 0.057585 0.194833 0.04411995 0.193198 0.05598199 0.188086 0.04379999 0.193198 0.05598199 0.194833 0.04411995 0.2199029 0.06036895 0.214491 0.04717397 0.2111099 0.05916398 0.20371 0.04563897 0.2111099 0.05916398 0.214491 0.04717397 0.230449 0.06191599 0.230036 0.04874795 0.225033 0.060853 0.224245 0.04833894 0.225033 0.060853 0.230036 0.04874795 0.242789 0.05104297 0.230449 0.06191599 0.236441 0.06401598 0.249495 0.05273997 0.236441 0.06401598 0.242574 0.06620997 0.1922439 0.277683 0.192703 0.261788 0.18534 0.276298 0.18534 0.276298 0.184877 0.258809 0.176208 0.273399 0.166467 0.254561 0.183705 0.248688 0.183353 0.237354 0.1701999 0.264312 0.184877 0.258809 0.183705 0.248688 0.150569 0.229668 0.182876 0.226299 0.174839 0.210312 0.162356 0.244823 0.183353 0.237354 0.182876 0.226299 0.13302 0.214585 0.174839 0.210312 0.156535 0.19584 0.110592 0.1975769 0.1451669 0.188323 0.135019 0.1741 0.1220999 0.206193 0.156535 0.19584 0.1451669 0.188323 0.126116 0.178439 0.110592 0.1975769 0.135019 0.1741 0.103906 0.1927739 0.119894 0.176985 0.098742 0.190168 0.098742 0.190168 0.114349 0.17589 0.09426397 0.188031 0.09426397 0.188031 0.110188 0.174969 0.090882 0.186377 0.102316 0.172172 0.08727097 0.184364 0.105879 0.173605 0.090882 0.186377 0.105879 0.173605 0.08727097 0.184364 0.095245 0.168251 0.08033996 0.179425 0.09862697 0.170376 0.08403599 0.182232 0.09862697 0.170376 0.08033996 0.179425 0.089298 0.162927 0.07370597 0.172752 0.09260195 0.165828 0.07671695 0.1761839 0.09260195 0.165828 0.07370597 0.172752 0.046947 0.175195 0.05949199 0.1631979 0.04000198 0.167563 0.04981398 0.155502 0.04000198 0.167563 0.05949199 0.1631979 0.03294396 0.158929 0.04335397 0.146903 0.02809697 0.150285 0.04194998 0.138407 0.02809697 0.150285 0.04335397 0.146903 0.02548295 0.1404809 0.04140895 0.12988 0.02512496 0.12837 0.04140895 0.12988 0.02640795 0.116751 0.02512496 0.12837 0.04208499 0.122111 0.02871698 0.108426 0.02640795 0.116751 0.04432898 0.115892 0.03289699 0.100246 0.02871698 0.108426 0.04802399 0.109359 0.03676599 0.09490096 0.03289699 0.100246 0.05058395 0.104868 0.03876197 0.093055 0.03676599 0.09490096 0.05269598 0.09935998 0.03876197 0.093055 0.05190795 0.102283 0.04027295 0.09167397 0.05263996 0.09559595 0.04131096 0.08996099 0.05184197 0.09129899 0.04131096 0.08996099 0.05263996 0.09559595 0.04216396 0.088045 0.05040198 0.08677595 0.04311895 0.08605396 0.05040198 0.08677595 0.044254 0.08401197 0.04311895 0.08605396 0.05495798 0.185442 0.07370597 0.172752 0.05145299 0.180833 0.06879895 0.1686 0.05145299 0.180833 0.07370597 0.172752 0.07671695 0.1761839 0.05889797 0.189986 0.08033996 0.179425 0.06259 0.19397 0.08033996 0.179425 0.05889797 0.189986 0.08403599 0.182232 0.06534999 0.196896 0.08727097 0.184364 0.06799 0.1996499 0.08727097 0.184364 0.06534999 0.196896 0.07037198 0.20221 0.090882 0.186377 0.06799 0.1996499 0.07354897 0.205583 0.09426397 0.188031 0.07037198 0.20221 0.07732295 0.209439 0.098742 0.190168 0.07354897 0.205583 0.103906 0.1927739 0.08401995 0.216655 0.110592 0.1975769 0.1220999 0.206193 0.08401995 0.216655 0.09472596 0.227349 0.13302 0.214585 0.09472596 0.227349 0.10502 0.236783 0.150569 0.229668 0.10502 0.236783 0.124122 0.253114 0.150569 0.229668 0.140364 0.26725 0.162356 0.244823 0.166467 0.254561 0.140364 0.26725 0.1485739 0.275036 0.1701999 0.264312 0.1485739 0.275036 0.156104 0.282831 0.176208 0.273399 0.156104 0.282831 0.165759 0.290007 0.176711 0.292067 0.176208 0.273399 0.165759 0.290007 0.184647 0.291612 0.18534 0.276298 0.176711 0.292067 0.249526 0.03708297 0.249495 0.05273997 0.256455 0.03871995 0.236164 0.049483 0.249526 0.03708297 0.242027 0.03612995 0.236164 0.049483 0.235114 0.03567898 0.230036 0.04874795 0.228666 0.03527098 0.230036 0.04874795 0.235114 0.03567898 0.224245 0.04833894 0.217891 0.03408998 0.214491 0.04717397 0.206023 0.03252899 0.214491 0.04717397 0.217891 0.03408998 0.20371 0.04563897 0.196297 0.03097695 0.194833 0.04411995 0.188978 0.02997398 0.194833 0.04411995 0.196297 0.03097695 0.188086 0.04379999 0.184332 0.03005599 0.183694 0.04586195 0.181001 0.030559 0.183694 0.04586195 0.184332 0.03005599 0.180398 0.04863899 0.1776289 0.03081899 0.176939 0.05046397 0.170231 0.05240195 0.1776289 0.03081899 0.170835 0.03133594 0.161765 0.05375999 0.170835 0.03133594 0.161974 0.03209894 0.155744 0.05354297 0.161974 0.03209894 0.155791 0.03236699 0.1492919 0.05288195 0.155791 0.03236699 0.149471 0.03245997 0.1421419 0.052284 0.149471 0.03245997 0.142916 0.03244596 0.134643 0.05171698 0.142916 0.03244596 0.136245 0.03237998 0.127143 0.05114996 0.136245 0.03237998 0.129573 0.03231298 0.118097 0.04885095 0.129573 0.03231298 0.12064 0.03168696 0.111693 0.04481196 0.12064 0.03168696 0.112997 0.03043097 0.107718 0.04192698 0.112997 0.03043097 0.108045 0.02952396 0.103005 0.03945899 0.108045 0.02952396 0.102762 0.02874195 0.103005 0.03945899 0.09681695 0.02820998 0.09681397 0.037826 0.08978497 0.02773499 0.09681397 0.037826 0.09681695 0.02820998 0.08921599 0.03649199 0.08123898 0.02712297 0.08028095 0.034922 0.07350498 0.02654498 0.08028095 0.034922 0.08123898 0.02712297 0.06800198 0.032763 0.07350498 0.02654498 0.06890898 0.02617096 0.06569695 0.03248494 0.06890898 0.02617096 0.06634098 0.02598899 0.06413197 0.03259599 0.06634098 0.02598899 0.06468999 0.02598994 0.06293696 0.03290098 0.06468999 0.02598994 0.06349796 0.02608197 0.06174194 0.03320598 0.06349796 0.02608197 0.06230598 0.02617394 0.06054699 0.03351199 0.06230598 0.02617394 0.06121498 0.02688199 0.06054699 0.03351199 0.06230598 0.02617394 0.06174194 0.03320598 0.06349796 0.02608197 0.06174194 0.03320598 0.06230598 0.02617394 0.06293696 0.03290098 0.06468999 0.02598994 0.06413197 0.03259599 0.06634098 0.02598899 0.06413197 0.03259599 0.06468999 0.02598994 0.06569695 0.03248494 0.06890898 0.02617096 0.06800198 0.032763 0.07350498 0.02654498 0.06800198 0.032763 0.06890898 0.02617096 0.08028095 0.034922 0.07350498 0.02654498 0.08123898 0.02712297 0.08921599 0.03649199 0.08123898 0.02712297 0.08978497 0.02773499 0.09681397 0.037826 0.08978497 0.02773499 0.09681695 0.02820998 0.103005 0.03945899 0.09681695 0.02820998 0.102762 0.02874195 0.103005 0.03945899 0.108045 0.02952396 0.107718 0.04192698 0.112997 0.03043097 0.107718 0.04192698 0.108045 0.02952396 0.111693 0.04481196 0.12064 0.03168696 0.118097 0.04885095 0.118097 0.04885095 0.129573 0.03231298 0.127143 0.05114996 0.136245 0.03237998 0.127143 0.05114996 0.129573 0.03231298 0.134643 0.05171698 0.142916 0.03244596 0.1421419 0.052284 0.149471 0.03245997 0.1421419 0.052284 0.142916 0.03244596 0.1492919 0.05288195 0.1557919 0.03236699 0.155744 0.05354297 0.161974 0.03209894 0.155744 0.05354297 0.1557919 0.03236699 0.161765 0.05375999 0.170835 0.03133594 0.170231 0.05240195 0.170231 0.05240195 0.1776289 0.03081899 0.176939 0.05046397 0.180398 0.04863899 0.1776289 0.03081899 0.181001 0.030559 0.183694 0.04586195 0.181001 0.030559 0.184332 0.03005599 0.188086 0.04379999 0.184332 0.03005599 0.188978 0.02997398 0.194833 0.04411995 0.188978 0.02997398 0.196297 0.03097695 0.20371 0.04563897 0.196297 0.03097695 0.206023 0.03252899 0.214491 0.04717397 0.206023 0.03252899 0.217891 0.03408998 0.224245 0.04833894 0.217891 0.03408998 0.228666 0.03527098 0.230036 0.04874795 0.228666 0.03527098 0.235114 0.03567898 0.236164 0.049483 0.235114 0.03567898 0.242027 0.03612995 0.249526 0.03708297 0.236164 0.049483 0.242027 0.03612995 0.249495 0.05273997 0.249526 0.03708297 0.256455 0.03871995 0.18534 0.276298 0.184647 0.291612 0.176711 0.292067 0.176208 0.273399 0.176711 0.292067 0.165759 0.290007 0.176208 0.273399 0.156104 0.282831 0.1701999 0.264312 0.1485739 0.275036 0.1701999 0.264312 0.156104 0.282831 0.162356 0.244823 0.1485739 0.275036 0.140364 0.26725 0.150569 0.229668 0.140364 0.26725 0.124122 0.253114 0.10502 0.236783 0.150569 0.229668 0.124122 0.253114 0.13302 0.214585 0.09472596 0.227349 0.1220999 0.206193 0.08401995 0.216655 0.1220999 0.206193 0.09472596 0.227349 0.103906 0.1927739 0.08401995 0.216655 0.07732295 0.209439 0.098742 0.190168 0.07732295 0.209439 0.07354897 0.205583 0.09426397 0.188031 0.07354897 0.205583 0.07037198 0.20221 0.090882 0.186377 0.07037198 0.20221 0.06799 0.1996499 0.08727097 0.184364 0.06799 0.1996499 0.06534999 0.196896 0.08403599 0.182232 0.06534999 0.196896 0.06259 0.19397 0.08033996 0.179425 0.06259 0.19397 0.05889797 0.189986 0.07671695 0.1761839 0.05889797 0.189986 0.05495798 0.185442 0.07370597 0.172752 0.05495798 0.185442 0.05145299 0.180833 0.06879895 0.1686 0.05145299 0.180833 0.046947 0.175195 0.06879895 0.1686 0.08393198 0.159368 0.05949199 0.1631979 0.079418 0.1548759 0.05949199 0.1631979 0.08393198 0.159368 0.05949199 0.1631979 0.046947 0.175195 0.04000198 0.167563 0.04981398 0.155502 0.04000198 0.167563 0.03294396 0.158929 0.238151 0.212625 0.2292439 0.212244 0.2327049 0.211934 0.238151 0.212625 0.2292439 0.212244 0.2327049 0.211934 0.615702 0.212931 0.619172 0.190762 0.628747 0.189244 0.628747 0.189244 0.629168 0.200883 0.615702 0.212931 0.590839 0.215136 0.594816 0.19387 0.604893 0.198008 0.590839 0.215136 0.579889 0.216909 0.574841 0.196574 0.574841 0.196574 0.588283 0.1951439 0.590839 0.215136 0.615702 0.212931 0.629168 0.200883 0.625987 0.222078 0.642915 0.220683 0.646878 0.248614 0.638541 0.248278 0.597726 0.252107 0.604287 0.234414 0.609945 0.258124 0.629677 0.248326 0.623516 0.2483879 0.625987 0.222078 0.619837 0.255356 0.63027 0.262741 0.638481 0.273824 0.646361 0.278176 0.638481 0.273824 0.644121 0.264134 0.638481 0.273824 0.63027 0.262741 0.644121 0.264134 0.597726 0.252107 0.592506 0.259558 0.588429 0.245971 0.579889 0.216909 0.590839 0.215136 0.597726 0.252107 0.597726 0.252107 0.588429 0.245971 0.579889 0.216909 0.590839 0.215136 0.588283 0.1951439 0.594816 0.19387 0.609945 0.258124 0.619837 0.255356 0.630866 0.278402 0.630866 0.278402 0.619355 0.285641 0.609945 0.258124 0.609945 0.258124 0.604287 0.234414 0.619837 0.255356 0.615702 0.212931 0.619837 0.255356 0.604287 0.234414 0.625987 0.222078 0.623516 0.2483879 0.619837 0.255356 0.619837 0.255356 0.615702 0.212931 0.625987 0.222078 0.619837 0.255356 0.623516 0.2483879 0.63027 0.262741 0.63027 0.262741 0.629677 0.248326 0.638541 0.248278 0.638541 0.248278 0.644121 0.264134 0.63027 0.262741 0.638541 0.248278 0.646878 0.248614 0.644121 0.264134 0.604287 0.234414 0.597726 0.252107 0.590839 0.215136 0.654747 0.189774 0.65268 0.200442 0.643569 0.193903 0.630866 0.278402 0.629242 0.301416 0.619355 0.285641 0.639984 0.296904 0.630866 0.278402 0.646361 0.278176 0.619355 0.285641 0.607596 0.291047 0.597726 0.252107 0.597726 0.252107 0.609945 0.258124 0.619355 0.285641 0.639984 0.296904 0.629242 0.301416 0.630866 0.278402 0.635384 0.321047 0.621906 0.309522 0.629242 0.301416 0.635384 0.321047 0.612826 0.310888 0.621906 0.309522 0.597726 0.252107 0.607596 0.291047 0.598753 0.279184 0.598753 0.279184 0.592506 0.259558 0.597726 0.252107 0.638481 0.273824 0.646361 0.278176 0.630866 0.278402 0.642915 0.220683 0.643569 0.193903 0.65268 0.200442 0.604893 0.198008 0.604287 0.234414 0.590839 0.215136 0.615702 0.212931 0.604287 0.234414 0.604893 0.198008 0.604893 0.198008 0.619172 0.190762 0.615702 0.212931 0.619837 0.255356 0.638481 0.273824 0.630866 0.278402 0.639984 0.296904 0.641405 0.312138 0.635384 0.321047 0.639984 0.296904 0.635384 0.321047 0.629242 0.301416 0.629242 0.301416 0.621906 0.309522 0.619355 0.285641 0.621906 0.309522 0.607596 0.291047 0.619355 0.285641 0.621906 0.309522 0.612826 0.310888 0.607596 0.291047 0.643569 0.193903 0.629168 0.200883 0.636191 0.188477 0.625987 0.222078 0.629168 0.200883 0.643569 0.193903 0.643569 0.193903 0.642915 0.220683 0.625987 0.222078 0.642915 0.220683 0.638541 0.248278 0.629677 0.248326 0.629677 0.248326 0.625987 0.222078 0.642915 0.220683 0.628747 0.189244 0.636191 0.188477 0.629168 0.200883 0.63027 0.262741 0.623516 0.2483879 0.629677 0.248326 0.615702 0.212931 0.628747 0.189244 0.619172 0.190762 0.628747 0.189244 0.615702 0.212931 0.629168 0.200883 0.589561 0.2051399 0.604893 0.198008 0.594816 0.19387 0.589561 0.2051399 0.574841 0.196574 0.579889 0.216909 0.615702 0.212931 0.625987 0.222078 0.629168 0.200883 0.647542 0.2205089 0.638176 0.232365 0.646878 0.248614 0.638176 0.232365 0.629677 0.248326 0.639793 0.258392 0.646878 0.248614 0.638176 0.232365 0.639793 0.258392 0.609945 0.258124 0.591779 0.245735 0.600324 0.258715 0.591779 0.245735 0.609945 0.258124 0.604287 0.234414 0.629677 0.248326 0.625987 0.222078 0.623516 0.2483879 0.624126 0.269907 0.638481 0.273824 0.63027 0.262741 0.639793 0.258392 0.646361 0.278176 0.647675 0.264167 0.646361 0.278176 0.639793 0.258392 0.638481 0.273824 0.638481 0.273824 0.639793 0.258392 0.63027 0.262741 0.600324 0.258715 0.591779 0.245735 0.592506 0.259558 0.579889 0.216909 0.591779 0.245735 0.589561 0.2051399 0.624126 0.269907 0.609945 0.258124 0.614901 0.286018 0.609945 0.258124 0.617613 0.2484059 0.604287 0.234414 0.615702 0.212931 0.604287 0.234414 0.617613 0.2484059 0.625987 0.222078 0.617613 0.2484059 0.623516 0.2483879 0.617613 0.2484059 0.625987 0.222078 0.615702 0.212931 0.617613 0.2484059 0.63027 0.262741 0.623516 0.2483879 0.63027 0.262741 0.617613 0.2484059 0.624126 0.269907 0.63027 0.262741 0.639793 0.258392 0.629677 0.248326 0.639793 0.258392 0.647675 0.264167 0.646878 0.248614 0.609945 0.258124 0.624126 0.269907 0.617613 0.2484059 0.604287 0.234414 0.589561 0.2051399 0.591779 0.245735 0.654747 0.189774 0.643569 0.193903 0.65268 0.200442 0.623517 0.301512 0.624126 0.269907 0.614901 0.286018 0.624126 0.269907 0.623517 0.301512 0.629242 0.301416 0.646361 0.278176 0.635718 0.287447 0.644073 0.29821 0.614901 0.286018 0.600324 0.258715 0.603054 0.278618 0.600324 0.258715 0.614901 0.286018 0.609945 0.258124 0.635718 0.287447 0.624126 0.269907 0.629242 0.301416 0.635321 0.331693 0.629242 0.301416 0.623517 0.301512 0.615602 0.310395 0.635321 0.331693 0.623517 0.301512 0.629242 0.301416 0.635321 0.331693 0.638425 0.31127 0.614901 0.286018 0.603054 0.278618 0.605168 0.29575 0.603054 0.278618 0.600324 0.258715 0.592506 0.259558 0.638481 0.273824 0.635718 0.287447 0.646361 0.278176 0.638176 0.232365 0.65268 0.200442 0.643569 0.193903 0.65268 0.200442 0.638176 0.232365 0.647542 0.2205089 0.604893 0.198008 0.589561 0.2051399 0.604287 0.234414 0.615702 0.212931 0.604893 0.198008 0.604287 0.234414 0.604893 0.198008 0.615702 0.212931 0.619172 0.190762 0.624126 0.269907 0.635718 0.287447 0.638481 0.273824 0.638425 0.31127 0.644073 0.29821 0.635718 0.287447 0.635718 0.287447 0.629242 0.301416 0.638425 0.31127 0.615602 0.310395 0.623517 0.301512 0.614901 0.286018 0.605168 0.29575 0.615602 0.310395 0.614901 0.286018 0.643569 0.193903 0.636191 0.188477 0.629168 0.200883 0.625987 0.222078 0.643569 0.193903 0.629168 0.200883 0.643569 0.193903 0.625987 0.222078 0.638176 0.232365 0.629677 0.248326 0.638176 0.232365 0.625987 0.222078 0.628747 0.189244 0.629168 0.200883 0.636191 0.188477 0.63027 0.262741 0.629677 0.248326 0.623516 0.2483879 0.340791 0.272541 0.34817 0.276575 0.35952 0.273949 0.363033 0.289443 0.34076 0.290679 0.36257 0.296456 0.361027 0.30033 0.339568 0.298396 0.359708 0.305393 0.36257 0.296456 0.340246 0.294458 0.361027 0.30033 0.362901 0.282048 0.341999 0.282655 0.363033 0.289443 0.339568 0.298396 0.351438 0.304962 0.359708 0.305393 0.380681 0.282645 0.392191 0.292502 0.392469 0.281972 0.391933 0.274339 0.380681 0.282645 0.392469 0.281972 0.375764 0.316879 0.385869 0.32303 0.387352 0.318747 0.389741 0.314197 0.3782 0.312429 0.387352 0.318747 0.381057 0.306908 0.389741 0.314197 0.391932 0.309094 0.382025 0.303157 0.391932 0.309094 0.39185 0.304108 0.392191 0.292502 0.382749 0.300425 0.39185 0.304108 0.379776 0.27544 0.390746 0.267773 0.379033 0.269897 0.380681 0.282645 0.363033 0.289443 0.383277 0.291793 0.374341 0.27459 0.380681 0.282645 0.379776 0.27544 0.375764 0.316879 0.365484 0.316353 0.374239 0.319893 0.361027 0.30033 0.3782 0.312429 0.381057 0.306908 0.36257 0.296456 0.381057 0.306908 0.382025 0.303157 0.383277 0.291793 0.36257 0.296456 0.382749 0.300425 0.374341 0.27459 0.379033 0.269897 0.369404 0.268554 0.462246 0.300622 0.47764 0.303457 0.474797 0.299504 0.339816 0.301268 0.350975 0.308435 0.351438 0.304962 0.353331 0.269291 0.35952 0.273949 0.360345 0.270545 0.34817 0.276575 0.342195 0.279214 0.362901 0.282048 0.35952 0.273949 0.340912 0.269168 0.340791 0.272541 0.369404 0.268554 0.35952 0.273949 0.374341 0.27459 0.374341 0.27459 0.362572 0.278762 0.362901 0.282048 0.35952 0.273949 0.34817 0.276575 0.362572 0.278762 0.362572 0.278762 0.34817 0.276575 0.362901 0.282048 0.341593 0.286692 0.363033 0.289443 0.341999 0.282655 0.369404 0.268554 0.353331 0.269291 0.360345 0.270545 0.359708 0.305393 0.350975 0.308435 0.365484 0.316353 0.469241 0.169277 0.470526 0.162376 0.471775 0.168681 0.479936 0.32366 0.477044 0.320781 0.476892 0.325186 0.480259 0.326183 0.476892 0.325186 0.477235 0.327711 0.474362 0.321949 0.476892 0.325186 0.477044 0.320781 0.4747 0.326621 0.477235 0.327711 0.476892 0.325186 0.470525 0.324244 0.47309 0.327727 0.472465 0.322973 0.472465 0.322973 0.4747 0.326621 0.474362 0.321949 0.471409 0.328899 0.473564 0.330543 0.47309 0.327727 0.47309 0.327727 0.47501 0.329337 0.4747 0.326621 0.483323 0.32015 0.484665 0.323073 0.484668 0.32037 0.482059 0.323298 0.47987 0.320123 0.479936 0.32366 0.482235 0.167562 0.484592 0.160836 0.484592 0.167539 0.479727 0.167747 0.481999 0.160597 0.482235 0.167562 0.4758 0.168148 0.479227 0.160616 0.479727 0.167747 0.471775 0.168681 0.472681 0.161858 0.473752 0.168371 0.484592 0.171274 0.482235 0.167562 0.484592 0.167539 0.481909 0.171138 0.479727 0.167747 0.482235 0.167562 0.471775 0.168681 0.470146 0.173207 0.469241 0.169277 0.473752 0.168371 0.472779 0.172296 0.471775 0.168681 0.4758 0.168148 0.479383 0.1712999 0.475937 0.171818 0.467644 0.163087 0.468387 0.155996 0.470526 0.162376 0.471456 0.306899 0.47764 0.303457 0.466138 0.305856 0.481835 0.152573 0.479227 0.160616 0.478319 0.152782 0.470526 0.162376 0.471131 0.155591 0.472681 0.161858 0.479227 0.160616 0.474112 0.154747 0.478319 0.152782 0.481507 0.308465 0.47872 0.307461 0.478487 0.30964 0.478487 0.30964 0.478634 0.314849 0.481507 0.308465 0.482894 0.308929 0.481997 0.306454 0.481507 0.308465 0.481507 0.308465 0.480716 0.31509 0.482894 0.308929 0.475238 0.307949 0.471456 0.306899 0.471145 0.308341 0.475592 0.309832 0.471145 0.308341 0.470723 0.310389 0.478487 0.30964 0.475238 0.307949 0.475592 0.309832 0.476646 0.314943 0.475592 0.309832 0.474475 0.314858 0.477044 0.320781 0.475521 0.318232 0.474362 0.321949 0.47789 0.317777 0.476646 0.314943 0.475521 0.318232 0.47987 0.320123 0.47789 0.317777 0.477044 0.320781 0.480337 0.3177 0.478634 0.314849 0.47789 0.317777 0.474362 0.321949 0.472285 0.319014 0.472465 0.322973 0.475521 0.318232 0.474475 0.314858 0.472285 0.319014 0.472285 0.319014 0.470525 0.324244 0.472465 0.322973 0.484592 0.152921 0.481999 0.160597 0.481835 0.152573 0.473752 0.168371 0.474935 0.161353 0.4758 0.168148 0.470525 0.324244 0.467088 0.322047 0.468648 0.325041 0.484677 0.308829 0.484376 0.305764 0.484035 0.309028 0.48467 0.317956 0.483396 0.315148 0.483289 0.317624 0.484035 0.309028 0.484672 0.315373 0.484677 0.308829 0.483289 0.317624 0.480716 0.31509 0.480337 0.3177 0.482894 0.308929 0.483396 0.315148 0.484035 0.309028 0.482894 0.308929 0.484376 0.305764 0.483428 0.304839 0.48467 0.317956 0.483323 0.32015 0.484668 0.32037 0.482092 0.325692 0.479936 0.32366 0.480259 0.326183 0.47872 0.307461 0.481871 0.304391 0.47764 0.303457 0.481997 0.306454 0.483428 0.304839 0.481871 0.304391 0.474475 0.314858 0.470723 0.310389 0.469052 0.314514 0.47872 0.307461 0.47764 0.303457 0.475238 0.307949 0.474935 0.161353 0.471131 0.155591 0.474112 0.154747 0.4758 0.168148 0.474335 0.172008 0.473752 0.168371 0.48468 0.305583 0.483428 0.304839 0.484376 0.305764 0.481871 0.304391 0.484683 0.300851 0.47764 0.303457 0.474475 0.314858 0.46846 0.319633 0.472285 0.319014 0.469711 0.329392 0.471499 0.332115 0.471409 0.328899 0.471409 0.328899 0.468648 0.325041 0.469711 0.329392 0.483323 0.32015 0.480337 0.3177 0.47987 0.320123 0.482059 0.323298 0.484663 0.325155 0.484665 0.323073 0.382749 0.300425 0.382025 0.303157 0.39185 0.304108 0.3782 0.312429 0.375764 0.316879 0.376383 0.315793 0.3782 0.312429 0.375764 0.316879 0.387352 0.318747 0.374568 0.283398 0.365734 0.289063 0.365786 0.285192 0.345975 0.278285 0.339677 0.279133 0.338368 0.27601 0.346285 0.293277 0.339344 0.294119 0.339955 0.290083 0.346135 0.299364 0.338584 0.301901 0.339041 0.297926 0.346135 0.299364 0.339344 0.294119 0.346285 0.293277 0.346181 0.28527 0.340136 0.286026 0.340141 0.282578 0.346034 0.304773 0.338991 0.304752 0.338584 0.301901 0.390475 0.281994 0.381394 0.289319 0.378747 0.283449 0.389516 0.27441 0.378747 0.283449 0.377443 0.276318 0.386173 0.323415 0.375744 0.317947 0.388481 0.31669 0.388481 0.31669 0.380851 0.305738 0.391195 0.301174 0.390448 0.28931 0.38205 0.298277 0.381394 0.289319 0.377443 0.276318 0.387965 0.267936 0.389516 0.27441 0.378747 0.283449 0.376147 0.290535 0.374568 0.283398 0.377443 0.276318 0.374568 0.283398 0.371971 0.27583 0.375744 0.317947 0.369542 0.32027 0.370917 0.312036 0.380851 0.305738 0.370917 0.312036 0.37534 0.300437 0.371971 0.27583 0.376393 0.270835 0.377443 0.276318 0.346034 0.304773 0.338302 0.308086 0.338991 0.304752 0.346434 0.27456 0.346238 0.272394 0.348964 0.27363 0.345975 0.278285 0.340141 0.282578 0.339677 0.279133 0.346434 0.27456 0.338368 0.27601 0.338302 0.272635 0.371971 0.27583 0.363648 0.277872 0.362889 0.274253 0.370917 0.312036 0.362589 0.311324 0.363454 0.307705 0.370917 0.312036 0.364648 0.303497 0.37534 0.300437 0.370917 0.312036 0.361365 0.315939 0.362589 0.311324 0.371315 0.270579 0.362889 0.274253 0.362716 0.272021 0.37534 0.300437 0.364648 0.303497 0.365918 0.299322 0.374568 0.283398 0.365786 0.285192 0.364635 0.280975 0.371971 0.27583 0.364635 0.280975 0.363648 0.277872 0.37534 0.300437 0.365918 0.299322 0.366008 0.294778 0.371315 0.270579 0.362716 0.272021 0.362101 0.269686 0.355957 0.278063 0.356276 0.280576 0.345975 0.278285 0.35798 0.292908 0.358096 0.296973 0.346285 0.293277 0.357232 0.288533 0.346285 0.293277 0.346181 0.28527 0.356387 0.305444 0.346135 0.299364 0.357132 0.300936 0.358096 0.296973 0.346135 0.299364 0.346285 0.293277 0.357251 0.284341 0.357232 0.288533 0.346181 0.28527 0.356387 0.305444 0.355513 0.308986 0.346034 0.304773 0.355513 0.308986 0.346171 0.309699 0.346034 0.304773 0.35568 0.275492 0.345975 0.278285 0.346434 0.27456 0.35568 0.275492 0.348964 0.27363 0.35671 0.273212 0.356276 0.280576 0.346181 0.28527 0.345975 0.278285 0.355173 0.271474 0.348964 0.27363 0.346238 0.272394 0.339955 0.290083 0.346181 0.28527 0.346285 0.293277 0.38205 0.298277 0.376147 0.290535 0.381394 0.289319 0.376147 0.290535 0.366008 0.294778 0.365734 0.289063 0.362101 0.269686 0.35671 0.273212 0.355173 0.271474 0.364635 0.280975 0.357251 0.284341 0.356276 0.280576 0.362589 0.311324 0.356387 0.305444 0.363454 0.307705 0.365734 0.289063 0.35798 0.292908 0.357232 0.288533 0.364648 0.303497 0.356387 0.305444 0.357132 0.300936 0.366008 0.294778 0.358096 0.296973 0.35798 0.292908 0.365918 0.299322 0.357132 0.300936 0.358096 0.296973 0.362889 0.274253 0.355957 0.278063 0.35568 0.275492 0.362889 0.274253 0.35671 0.273212 0.362716 0.272021 0.365786 0.285192 0.357232 0.288533 0.357251 0.284341 0.363648 0.277872 0.356276 0.280576 0.355957 0.278063 0.362589 0.311324 0.354887 0.312633 0.355513 0.308986 0.471354 0.162376 0.470069 0.169278 0.472603 0.168681 0.47637 0.320762 0.479255 0.323647 0.476208 0.325165 0.476208 0.325165 0.479572 0.326169 0.476546 0.32769 0.473686 0.321924 0.476208 0.325165 0.474015 0.326594 0.474015 0.326594 0.476546 0.32769 0.474319 0.32931 0.469848 0.324209 0.472405 0.327695 0.470722 0.328863 0.471789 0.322943 0.474015 0.326594 0.472405 0.327695 0.470722 0.328863 0.472873 0.330511 0.470806 0.332077 0.472405 0.327695 0.474319 0.32931 0.472873 0.330511 0.482647 0.320145 0.484665 0.323073 0.481378 0.32329 0.479195 0.320111 0.481378 0.32329 0.479255 0.323647 0.484592 0.160836 0.483063 0.167562 0.484592 0.167539 0.482827 0.160597 0.480554 0.167747 0.483063 0.167562 0.480054 0.160616 0.476628 0.168148 0.480554 0.167747 0.473509 0.161858 0.472603 0.168681 0.47458 0.168371 0.483063 0.167562 0.484592 0.171274 0.484592 0.167539 0.480554 0.167747 0.482737 0.171138 0.483063 0.167562 0.472603 0.168681 0.470974 0.173207 0.473607 0.172296 0.47458 0.168371 0.473607 0.172296 0.475163 0.172008 0.480211 0.1712999 0.476628 0.168148 0.476765 0.171818 0.469215 0.155997 0.468472 0.163088 0.471354 0.162376 0.470383 0.305496 0.47463 0.306322 0.470805 0.306876 0.482662 0.152573 0.480054 0.160616 0.482827 0.160597 0.471959 0.155592 0.471354 0.162376 0.473509 0.161858 0.480054 0.160616 0.474939 0.154748 0.475763 0.161354 0.478067 0.307449 0.480852 0.308458 0.47783 0.309628 0.477968 0.314836 0.47783 0.309628 0.480852 0.308458 0.481345 0.306448 0.482237 0.308925 0.480852 0.308458 0.480852 0.308458 0.480051 0.315081 0.477968 0.314836 0.470805 0.306876 0.474584 0.307932 0.470493 0.308316 0.470493 0.308316 0.474936 0.309814 0.470068 0.310362 0.474584 0.307932 0.47783 0.309628 0.474936 0.309814 0.474936 0.309814 0.475981 0.314925 0.473811 0.314836 0.47637 0.320762 0.474852 0.318211 0.47722 0.317761 0.47722 0.317761 0.475981 0.314925 0.477968 0.314836 0.479195 0.320111 0.47722 0.317761 0.479667 0.317689 0.479667 0.317689 0.477968 0.314836 0.480051 0.315081 0.473686 0.321924 0.471615 0.318985 0.474852 0.318211 0.474852 0.318211 0.473811 0.314836 0.475981 0.314925 0.469848 0.324209 0.471615 0.318985 0.471789 0.322943 0.484592 0.152921 0.482827 0.160597 0.484592 0.160836 0.475763 0.161354 0.47458 0.168371 0.476628 0.168148 0.466417 0.322006 0.469848 0.324209 0.46797 0.325002 0.483595 0.306753 0.484677 0.308829 0.483378 0.309025 0.48273 0.315144 0.48467 0.317956 0.482619 0.31762 0.484672 0.315373 0.483378 0.309025 0.484677 0.308829 0.480051 0.315081 0.482619 0.31762 0.479667 0.317689 0.48273 0.315144 0.482237 0.308925 0.483378 0.309025 0.482237 0.308925 0.483595 0.306753 0.483378 0.309025 0.482647 0.320145 0.48467 0.317956 0.484668 0.32037 0.479255 0.323647 0.481406 0.325684 0.479572 0.326169 0.478143 0.305755 0.481345 0.306448 0.478067 0.307449 0.481345 0.306448 0.481856 0.304976 0.482597 0.306085 0.470068 0.310362 0.473811 0.314836 0.468392 0.314483 0.478067 0.307449 0.47463 0.306322 0.478143 0.305755 0.482597 0.306085 0.483854 0.304771 0.483595 0.306753 0.48468 0.305583 0.483595 0.306753 0.483854 0.304771 0.481856 0.304976 0.482959 0.303588 0.482597 0.306085 0.478576 0.303969 0.480748 0.305116 0.478143 0.305755 0.474428 0.300912 0.470383 0.305496 0.469037 0.302376 0.475763 0.161354 0.471959 0.155592 0.473509 0.161858 0.476628 0.168148 0.475163 0.172008 0.476765 0.171818 0.474646 0.304645 0.478143 0.305755 0.47463 0.306322 0.480635 0.304049 0.481856 0.304976 0.480748 0.305116 0.482959 0.303588 0.48468 0.305583 0.483854 0.304771 0.484683 0.300851 0.481645 0.303398 0.479688 0.30014 0.481645 0.303398 0.478576 0.303969 0.479688 0.30014 0.479688 0.30014 0.474646 0.304645 0.474428 0.300912 0.467792 0.319597 0.473811 0.314836 0.471615 0.318985 0.469024 0.329352 0.470806 0.332077 0.46927 0.332202 0.46797 0.325002 0.470722 0.328863 0.469024 0.329352 0.479667 0.317689 0.482647 0.320145 0.479195 0.320111 0.481378 0.32329 0.484663 0.325155 0.481406 0.325684 0.380851 0.305738 0.38205 0.298277 0.391195 0.301174 0.380112 0.302237 0.37534 0.300437 0.38205 0.298277 0.380851 0.305738 0.380112 0.302237 0.38286 0.302501 0.38286 0.302501 0.380112 0.302237 0.38205 0.298277 0.377928 0.313343 0.375744 0.317947 0.370917 0.312036 0.375744 0.317947 0.377928 0.313343 0.388481 0.31669 0.377156 0.31703 0.375447 0.316613 0.377928 0.313343 0.375744 0.317947 0.375447 0.316613 0.377156 0.31703 0.522389 0.05631697 0.521516 0.06102395 0.524846 0.060265 0.521516 0.06102395 0.522389 0.05631697 0.518609 0.05683594 0.536293 0.05511498 0.534053 0.06016898 0.537732 0.06037497 0.534053 0.06016898 0.536293 0.05511498 0.532614 0.05476295 0.518609 0.05683594 0.518167 0.06193697 0.521516 0.06102395 0.518167 0.06193697 0.518609 0.05683594 0.515155 0.05758094 0.53183 0.06002599 0.527834 0.05535596 0.529606 0.05988395 0.527834 0.05535596 0.534053 0.06016898 0.532614 0.05476295 0.515306 0.06260299 0.50882 0.05865198 0.51273 0.062945 0.50882 0.05865198 0.515306 0.06260299 0.512129 0.05805999 0.51273 0.062945 0.506353 0.05910199 0.509553 0.06336498 0.506353 0.05910199 0.51273 0.062945 0.50882 0.05865198 0.518167 0.06193697 0.512129 0.05805999 0.515306 0.06260299 0.512129 0.05805999 0.518167 0.06193697 0.515155 0.05758094 0.527834 0.05535596 0.524846 0.060265 0.529606 0.05988395 0.524846 0.060265 0.527834 0.05535596 0.522389 0.05631697 0.539624 0.05554395 0.537732 0.06037497 0.540459 0.06019395 0.537732 0.06037497 0.539624 0.05554395 0.536293 0.05511498 0.534053 0.06016898 0.527834 0.05535596 0.53183 0.06002599 0.299119 0.438403 0.313719 0.40975 0.323029 0.414494 0.265723 0.443692 0.294376 0.429093 0.299119 0.438403 0.265723 0.443692 0.2429839 0.420953 0.267358 0.433372 0.235596 0.428342 0.230565 0.39658 0.2429839 0.420953 0.225535 0.364818 0.230565 0.39658 0.220245 0.398215 0.249444 0.340909 0.234845 0.369562 0.225535 0.364818 0.28284 0.33562 0.254188 0.350219 0.249444 0.340909 0.312967 0.35097 0.281206 0.34594 0.28284 0.33562 0.328318 0.381098 0.305579 0.358359 0.312967 0.35097 0.328318 0.381098 0.313719 0.40975 0.317998 0.382732 0.313719 0.40975 0.288881 0.418309 0.302934 0.404255 0.267358 0.433372 0.288881 0.418309 0.294376 0.429093 0.267358 0.433372 0.251543 0.412395 0.269251 0.421418 0.2429839 0.420953 0.24252 0.394687 0.251543 0.412395 0.230565 0.39658 0.245629 0.375057 0.24252 0.394687 0.234845 0.369562 0.259682 0.361003 0.245629 0.375057 0.254188 0.350219 0.279312 0.357894 0.259682 0.361003 0.305579 0.358359 0.279312 0.357894 0.281206 0.34594 0.317998 0.382732 0.297021 0.366917 0.305579 0.358359 0.313719 0.40975 0.306043 0.384626 0.317998 0.382732 0.302934 0.404255 0.281957 0.40472 0.289345 0.397331 0.288881 0.418309 0.271637 0.406354 0.281957 0.40472 0.251543 0.412395 0.271637 0.406354 0.269251 0.421418 0.24252 0.394687 0.262327 0.401611 0.251543 0.412395 0.245629 0.375057 0.257584 0.392301 0.24252 0.394687 0.259682 0.361003 0.259218 0.381981 0.245629 0.375057 0.259682 0.361003 0.276926 0.372958 0.266606 0.374593 0.297021 0.366917 0.276926 0.372958 0.279312 0.357894 0.297021 0.366917 0.29098 0.387011 0.286236 0.377702 0.306043 0.384626 0.289345 0.397331 0.29098 0.387011 0.289345 0.397331 0.281957 0.40472 0.274282 0.389656 0.281957 0.40472 0.271637 0.406354 0.274282 0.389656 0.271637 0.406354 0.262327 0.401611 0.274282 0.389656 0.262327 0.401611 0.257584 0.392301 0.274282 0.389656 0.257584 0.392301 0.259218 0.381981 0.274282 0.389656 0.259218 0.381981 0.266606 0.374593 0.274282 0.389656 0.266606 0.374593 0.276926 0.372958 0.274282 0.389656 0.276926 0.372958 0.286236 0.377702 0.274282 0.389656 0.286236 0.377702 0.29098 0.387011 0.274282 0.389656 0.29098 0.387011 0.289345 0.397331 0.274282 0.389656 0.323029 0.414494 0.303292 0.429585 0.317715 0.411787 0.28284 0.443692 0.303292 0.429585 0.30684 0.434469 0.249444 0.438403 0.281907 0.437803 0.28284 0.443692 0.225535 0.414494 0.252151 0.43309 0.249444 0.438403 0.225535 0.414494 0.226135 0.38203 0.230848 0.411787 0.220245 0.381098 0.239812 0.355187 0.226135 0.38203 0.235596 0.35097 0.266656 0.341509 0.239812 0.355187 0.265723 0.33562 0.289533 0.342717 0.266656 0.341509 0.312967 0.35097 0.289533 0.342717 0.291399 0.336975 0.328318 0.381098 0.308751 0.355187 0.312967 0.35097 0.323029 0.414494 0.322428 0.38203 0.328318 0.381098 0.317715 0.411787 0.297304 0.421343 0.308751 0.407219 0.281907 0.437803 0.297304 0.421343 0.303292 0.429585 0.281907 0.437803 0.256719 0.424125 0.280333 0.427865 0.252151 0.43309 0.239812 0.407219 0.256719 0.424125 0.230848 0.411787 0.236072 0.383604 0.239812 0.407219 0.239812 0.355187 0.236072 0.383604 0.226135 0.38203 0.239812 0.355187 0.26823 0.351447 0.246927 0.362301 0.266656 0.341509 0.286385 0.352405 0.26823 0.351447 0.308751 0.355187 0.286385 0.352405 0.289533 0.342717 0.308751 0.355187 0.312491 0.383604 0.301637 0.362301 0.317715 0.411787 0.312491 0.383604 0.322428 0.38203 0.308751 0.407219 0.289063 0.410001 0.296412 0.400932 0.280333 0.427865 0.289063 0.410001 0.297304 0.421343 0.256719 0.424125 0.278167 0.414188 0.280333 0.427865 0.239812 0.407219 0.263006 0.411787 0.256719 0.424125 0.239812 0.407219 0.24975 0.385771 0.252151 0.400932 0.236072 0.383604 0.256719 0.372093 0.24975 0.385771 0.26823 0.351447 0.256719 0.372093 0.246927 0.362301 0.26823 0.351447 0.282053 0.36574 0.270396 0.365124 0.301637 0.362301 0.282053 0.36574 0.286385 0.352405 0.312491 0.383604 0.291845 0.372093 0.301637 0.362301 0.308751 0.407219 0.298814 0.385771 0.312491 0.383604 0.296412 0.400932 0.289063 0.410001 0.274282 0.389656 0.289063 0.410001 0.278167 0.414188 0.274282 0.389656 0.278167 0.414188 0.263006 0.411787 0.274282 0.389656 0.263006 0.411787 0.252151 0.400932 0.274282 0.389656 0.252151 0.400932 0.24975 0.385771 0.274282 0.389656 0.24975 0.385771 0.256719 0.372093 0.274282 0.389656 0.256719 0.372093 0.270396 0.365124 0.274282 0.389656 0.270396 0.365124 0.282053 0.36574 0.274282 0.389656 0.282053 0.36574 0.291845 0.372093 0.274282 0.389656 0.291845 0.372093 0.298814 0.385771 0.274282 0.389656 0.298814 0.385771 0.296412 0.400932 0.274282 0.389656 0.20371 0.04563897 0.214491 0.04717397 0.2111099 0.05916398 0.214491 0.04717397 0.224245 0.04833894 0.2199029 0.06036895 0.224245 0.04833894 0.230036 0.04874795 0.225033 0.060853 0.230036 0.04874795 0.236164 0.049483 0.230449 0.06191599 0.109449 0.05668097 0.111693 0.04481196 0.118097 0.04885095 0.102683 0.048096 0.103005 0.03945899 0.107718 0.04192698 0.111693 0.04481196 0.109449 0.05668097 0.106411 0.052055 0.04335397 0.146903 0.04981398 0.155502 0.03294396 0.158929 0.04194998 0.138407 0.04335397 0.146903 0.02809697 0.150285 0.05933898 0.133652 0.06351298 0.136606 0.05396199 0.142364 0.06967097 0.1401579 0.06003296 0.147288 0.05396199 0.142364 0.06003296 0.147288 0.04981398 0.155502 0.04335397 0.146903 0.04194998 0.138407 0.05204498 0.135826 0.05396199 0.142364 0.079418 0.1548759 0.04981398 0.155502 0.06003296 0.147288 0.06967097 0.1401579 0.081685 0.143333 0.07866597 0.1491709 0.06879895 0.1686 0.05949199 0.1631979 0.08393198 0.159368 0.05949199 0.1631979 0.04981398 0.155502 0.079418 0.1548759 0.180398 0.04863899 0.183694 0.04586195 0.184015 0.05932098 0.183694 0.04586195 0.188086 0.04379999 0.187766 0.05533099 0.170231 0.05240195 0.176939 0.05046397 0.177124 0.06741297 0.176939 0.05046397 0.180398 0.04863899 0.18071 0.06413 0.190802 0.10471 0.1855829 0.09819495 0.196272 0.08911496 0.1855829 0.09819495 0.179657 0.09081095 0.188731 0.08393096 0.193216 0.07744997 0.201327 0.08053696 0.196272 0.08911496 0.201327 0.08053696 0.208254 0.08308196 0.202812 0.09370899 0.208254 0.08308196 0.201327 0.08053696 0.205974 0.07174897 0.201327 0.08053696 0.193216 0.07744997 0.197202 0.06971496 0.201319 0.057585 0.2111099 0.05916398 0.205974 0.07174897 0.2111099 0.05916398 0.2199029 0.06036895 0.2136189 0.07332396 0.225033 0.060853 0.230449 0.06191599 0.222413 0.076137 0.2161819 0.08724397 0.211739 0.08493 0.217698 0.074319 0.211739 0.08493 0.208254 0.08308196 0.2136189 0.07332396 0.2199029 0.06036895 0.225033 0.060853 0.217698 0.074319 0.198031 0.112449 0.193926 0.108838 0.206367 0.09694796 0.193926 0.108838 0.190802 0.10471 0.202812 0.09370899 0.208254 0.08308196 0.211739 0.08493 0.206367 0.09694796 0.211739 0.08493 0.2161819 0.08724397 0.21094 0.09926897 0.183353 0.237354 0.166467 0.254561 0.162356 0.244823 0.150569 0.229668 0.174839 0.210312 0.182876 0.226299 0.184877 0.258809 0.176208 0.273399 0.1701999 0.264312 0.166467 0.254561 0.183353 0.237354 0.183705 0.248688 0.07240897 0.03353798 0.08028095 0.034922 0.07957696 0.04219597 0.08028095 0.034922 0.08921599 0.03649199 0.08893895 0.04457396 0.065153 0.03823095 0.06569695 0.03248494 0.06800198 0.032763 0.06800198 0.032763 0.07240897 0.03353798 0.07150697 0.04005199 0.06485199 0.04303199 0.065153 0.03823095 0.06723195 0.03876197 0.06723195 0.03876197 0.07150697 0.04005199 0.07116997 0.04751294 0.07116997 0.04751294 0.07074296 0.05280995 0.06639999 0.04875999 0.0647 0.04574596 0.06485199 0.04303199 0.06678897 0.044815 0.07150697 0.04005199 0.07957696 0.04219597 0.07987695 0.05058199 0.07957696 0.04219597 0.08893895 0.04457396 0.09010297 0.05339199 0.09097397 0.05983495 0.07993799 0.05674695 0.07987695 0.05058199 0.07993799 0.05674695 0.07074296 0.05280995 0.07116997 0.04751294 0.07074296 0.05280995 0.07993799 0.05674695 0.07776099 0.06506597 0.07993799 0.05674695 0.09097397 0.05983495 0.089998 0.06917798 0.064121 0.049757 0.0647 0.04574596 0.06639999 0.04875999 0.07074296 0.05280995 0.068318 0.05942898 0.06478595 0.05368697 0.174412 0.08406996 0.170342 0.07071995 0.177124 0.06741297 0.18071 0.06413 0.186178 0.07397699 0.1821759 0.07892596 0.186178 0.07397699 0.193216 0.07744997 0.188731 0.08393096 0.179657 0.09081095 0.174412 0.08406996 0.1821759 0.07892596 0.187766 0.05533099 0.193198 0.05598199 0.189738 0.06734496 0.193198 0.05598199 0.201319 0.057585 0.197202 0.06971496 0.193216 0.07744997 0.186178 0.07397699 0.189738 0.06734496 0.186178 0.07397699 0.18071 0.06413 0.184015 0.05932098 0.188086 0.04379999 0.194833 0.04411995 0.193198 0.05598199 0.194833 0.04411995 0.20371 0.04563897 0.201319 0.057585 0.161996 0.07270199 0.161765 0.05375999 0.170231 0.05240195 0.149274 0.07096195 0.1492919 0.05288195 0.155744 0.05354297 0.161765 0.05375999 0.161996 0.07270199 0.1559579 0.072187 0.150124 0.08615797 0.149274 0.07096195 0.1559579 0.072187 0.161996 0.07270199 0.164758 0.087179 0.15772 0.08722096 0.164758 0.087179 0.168044 0.09470498 0.159633 0.09540498 0.150916 0.09476196 0.150124 0.08615797 0.15772 0.08722096 0.168044 0.09470498 0.164758 0.087179 0.174412 0.08406996 0.164758 0.087179 0.161996 0.07270199 0.170342 0.07071995 0.171412 0.102366 0.174184 0.108668 0.16246 0.109786 0.1510969 0.109658 0.151203 0.102976 0.1613039 0.103363 0.151203 0.102976 0.150916 0.09476196 0.159633 0.09540498 0.168044 0.09470498 0.171412 0.102366 0.1613039 0.103363 0.174184 0.108668 0.171412 0.102366 0.1855829 0.09819495 0.171412 0.102366 0.168044 0.09470498 0.179657 0.09081095 0.176343 0.1142179 0.175678 0.112112 0.193926 0.108838 0.175678 0.112112 0.174184 0.108668 0.190802 0.10471 0.163289 0.115399 0.149549 0.121403 0.150709 0.113664 0.150709 0.113664 0.1510969 0.109658 0.16246 0.109786 0.174184 0.108668 0.175678 0.112112 0.162826 0.113366 0.175678 0.112112 0.176343 0.1142179 0.163289 0.115399 0.156535 0.19584 0.13302 0.214585 0.1220999 0.206193 0.110592 0.1975769 0.135019 0.1741 0.1451669 0.188323 0.13302 0.214585 0.156535 0.19584 0.174839 0.210312 0.1922439 0.277683 0.18534 0.276298 0.192703 0.261788 0.18534 0.276298 0.176208 0.273399 0.184877 0.258809 0.20897 0.221477 0.206857 0.2295179 0.2000949 0.224887 0.2050009 0.239461 0.198659 0.235245 0.2000949 0.224887 0.198749 0.26372 0.192703 0.261788 0.197181 0.246209 0.198659 0.235245 0.2050009 0.239461 0.203144 0.249404 0.183353 0.237354 0.198659 0.235245 0.197181 0.246209 0.192703 0.261788 0.184877 0.258809 0.183705 0.248688 0.202216 0.217276 0.2000949 0.224887 0.182876 0.226299 0.2000949 0.224887 0.198659 0.235245 0.183353 0.237354 0.170836 0.143904 0.1744149 0.145009 0.173416 0.149846 0.17782 0.146435 0.177126 0.15132 0.173416 0.149846 0.177126 0.15132 0.17782 0.146435 0.182983 0.1482999 0.1764619 0.157916 0.177126 0.15132 0.182702 0.1532109 0.168848 0.154175 0.169528 0.149138 0.173416 0.149846 0.177126 0.15132 0.1764619 0.157916 0.172109 0.156283 0.06719797 0.116818 0.06938499 0.109643 0.07923901 0.109758 0.08730298 0.110296 0.08646798 0.118152 0.07743096 0.117503 0.08646798 0.118152 0.086555 0.125865 0.075199 0.123912 0.06506597 0.122777 0.06719797 0.116818 0.07743096 0.117503 0.09729796 0.111844 0.103967 0.115425 0.09426295 0.117886 0.103967 0.115425 0.1114889 0.120691 0.09787398 0.123364 0.086555 0.125865 0.08646798 0.118152 0.09426295 0.117886 0.08646798 0.118152 0.08730298 0.110296 0.09256297 0.110836 0.09707897 0.134534 0.086555 0.125865 0.09787398 0.123364 0.1114889 0.120691 0.117806 0.130198 0.105509 0.131676 0.081685 0.143333 0.06967097 0.1401579 0.07812899 0.1333 0.086555 0.125865 0.09707897 0.134534 0.08847999 0.138436 0.06351298 0.136606 0.05933898 0.133652 0.06213098 0.128763 0.06506597 0.122777 0.075199 0.123912 0.07057595 0.1303679 0.075199 0.123912 0.086555 0.125865 0.07812899 0.1333 0.06967097 0.1401579 0.06351298 0.136606 0.07057595 0.1303679 0.04208499 0.122111 0.02640795 0.116751 0.02871698 0.108426 0.03289699 0.100246 0.04802399 0.109359 0.04432898 0.115892 0.05875796 0.110374 0.06938499 0.109643 0.06719797 0.116818 0.06506597 0.122777 0.05365496 0.122782 0.05581897 0.116978 0.05365496 0.122782 0.04208499 0.122111 0.04432898 0.115892 0.04802399 0.109359 0.05875796 0.110374 0.05581897 0.116978 0.05933898 0.133652 0.05204498 0.135826 0.05216997 0.129181 0.05204498 0.135826 0.04194998 0.138407 0.04140895 0.12988 0.04208499 0.122111 0.05365496 0.122782 0.05216997 0.129181 0.05365496 0.122782 0.06506597 0.122777 0.06213098 0.128763 0.04140895 0.12988 0.04194998 0.138407 0.02548295 0.1404809 0.02640795 0.116751 0.04208499 0.122111 0.04140895 0.12988 0.06247794 0.03882795 0.06293696 0.03290098 0.06413197 0.03259599 0.06569695 0.03248494 0.065153 0.03823095 0.06366896 0.03836297 0.06006497 0.03976899 0.06054699 0.03351199 0.06174194 0.03320598 0.06293696 0.03290098 0.06247794 0.03882795 0.06127399 0.03929698 0.05263996 0.09559595 0.05269598 0.09935998 0.04027295 0.09167397 0.05184197 0.09129899 0.05263996 0.09559595 0.04131096 0.08996099 0.05040198 0.08677595 0.05184197 0.09129899 0.04216396 0.088045 0.044254 0.08401197 0.04864197 0.08213996 0.05040198 0.08677595 0.05398297 0.07839095 0.05871897 0.08358895 0.05489599 0.08535295 0.05871897 0.08358895 0.06316196 0.088714 0.05778795 0.09035795 0.05184197 0.09129899 0.05040198 0.08677595 0.05489599 0.08535295 0.05040198 0.08677595 0.04864197 0.08213996 0.05165696 0.08026295 0.06701797 0.09369295 0.06975299 0.09811896 0.06123596 0.099478 0.05269598 0.09935998 0.05263996 0.09559595 0.05998694 0.09518998 0.05263996 0.09559595 0.05184197 0.09129899 0.05778795 0.09035795 0.06316196 0.088714 0.06701797 0.09369295 0.05998694 0.09518998 0.06189996 0.04907798 0.06230795 0.04521298 0.06343197 0.04491996 0.0647 0.04574596 0.064121 0.049757 0.06312 0.04893398 0.05955696 0.04874396 0.059695 0.04591995 0.06103795 0.04555398 0.06230795 0.04521298 0.06189996 0.04907798 0.06071895 0.04897296 0.05978095 0.04405796 0.06006497 0.03976899 0.06127399 0.03929698 0.06247794 0.03882795 0.06232297 0.04313099 0.06107598 0.04358595 0.06232297 0.04313099 0.06230795 0.04521298 0.06103795 0.04555398 0.059695 0.04591995 0.05978095 0.04405796 0.06107598 0.04358595 0.065153 0.03823095 0.06485199 0.04303199 0.06347197 0.04270899 0.06485199 0.04303199 0.0647 0.04574596 0.06343197 0.04491996 0.06230795 0.04521298 0.06232297 0.04313099 0.06347197 0.04270899 0.06232297 0.04313099 0.06247794 0.03882795 0.06366896 0.03836297 0.06975299 0.09811896 0.06701797 0.09369295 0.07359099 0.09358096 0.06701797 0.09369295 0.06316196 0.088714 0.06782096 0.08833199 0.07194095 0.08858495 0.079194 0.09405499 0.07359099 0.09358096 0.079194 0.09405499 0.08474397 0.09856396 0.07799899 0.09809297 0.05871897 0.08358895 0.05398297 0.07839095 0.05492699 0.07705795 0.05517596 0.07599896 0.063784 0.08245599 0.06150895 0.08277297 0.063784 0.08245599 0.07194095 0.08858495 0.06782096 0.08833199 0.06316196 0.088714 0.05871897 0.08358895 0.06150895 0.08277297 0.05563896 0.073969 0.06763797 0.08169698 0.06606 0.08218801 0.06763797 0.08169698 0.078395 0.08878397 0.07569396 0.08884197 0.07194095 0.08858495 0.063784 0.08245599 0.06606 0.08218801 0.063784 0.08245599 0.05517596 0.07599896 0.05541896 0.07494598 0.086667 0.09459096 0.09267997 0.09934198 0.088759 0.09869295 0.08474397 0.09856396 0.079194 0.09405499 0.08331096 0.09431898 0.079194 0.09405499 0.07194095 0.08858495 0.07569396 0.08884197 0.078395 0.08878397 0.086667 0.09459096 0.08331096 0.09431898 0.1075479 0.100082 0.09496599 0.093288 0.09516298 0.091919 0.09496599 0.093288 0.08195495 0.086102 0.08204996 0.08503997 0.079427 0.08158695 0.09581798 0.089809 0.09516298 0.091919 0.09581798 0.089809 0.108371 0.09546798 0.107822 0.09825295 0.06909096 0.07856899 0.05629897 0.07086098 0.05645799 0.070055 0.05966699 0.07127797 0.068973 0.07659298 0.06919097 0.07766997 0.068973 0.07659298 0.079427 0.08158695 0.08204996 0.08503997 0.08195495 0.086102 0.06909096 0.07856899 0.06919097 0.07766997 0.09267997 0.09934198 0.086667 0.09459096 0.08998399 0.09508895 0.086667 0.09459096 0.078395 0.08878397 0.07935696 0.08809196 0.07935696 0.08809196 0.08036696 0.08697396 0.09347599 0.09488999 0.09347599 0.09488999 0.106128 0.102473 0.09914296 0.10137 0.05563896 0.073969 0.05582195 0.07313799 0.06781798 0.080711 0.05582195 0.07313799 0.05606299 0.07200598 0.06802296 0.07940399 0.08036696 0.08697396 0.07935696 0.08809196 0.06781798 0.080711 0.07935696 0.08809196 0.078395 0.08878397 0.06763797 0.08169698 0.05629897 0.07086098 0.06909096 0.07856899 0.06802296 0.07940399 0.06909096 0.07856899 0.08195495 0.086102 0.08036696 0.08697396 0.09496599 0.093288 0.1075479 0.100082 0.106128 0.102473 0.08195495 0.086102 0.09496599 0.093288 0.09347599 0.09488999 0.09211498 0.08087998 0.100711 0.08221298 0.09790599 0.08634901 0.10565 0.08345299 0.109516 0.09062999 0.09790599 0.08634901 0.109516 0.09062999 0.108371 0.09546798 0.09581798 0.089809 0.09581798 0.089809 0.079427 0.08158695 0.08608096 0.08184397 0.068318 0.05942898 0.07776099 0.06506597 0.07566499 0.07072997 0.07776099 0.06506597 0.089998 0.06917798 0.08925098 0.07580697 0.08926796 0.07869696 0.07469397 0.07311201 0.07566499 0.07072997 0.07469397 0.07311201 0.06267195 0.06656897 0.06519699 0.063977 0.05936998 0.05175495 0.05955696 0.04874396 0.06071895 0.04897296 0.06189996 0.04907798 0.06063497 0.05691796 0.05980199 0.05487495 0.06063497 0.05691796 0.06267195 0.06656897 0.05888599 0.06017899 0.05917298 0.05491697 0.05936998 0.05175495 0.05980199 0.05487495 0.064121 0.049757 0.06478595 0.05368697 0.06226795 0.05680596 0.068318 0.05942898 0.06519699 0.063977 0.06226795 0.05680596 0.06267195 0.06656897 0.06063497 0.05691796 0.06226795 0.05680596 0.06063497 0.05691796 0.06189996 0.04907798 0.06312 0.04893398 0.05058395 0.104868 0.03676599 0.09490096 0.03876197 0.093055 0.04027295 0.09167397 0.05269598 0.09935998 0.05190795 0.102283 0.06975299 0.09811896 0.07082998 0.101581 0.06127899 0.102847 0.07082998 0.101581 0.07074898 0.104605 0.06055998 0.105744 0.06055998 0.105744 0.05058395 0.104868 0.05190795 0.102283 0.05190795 0.102283 0.05269598 0.09935998 0.06123596 0.099478 0.05058395 0.104868 0.06055998 0.105744 0.05875796 0.110374 0.06055998 0.105744 0.07074898 0.104605 0.06938499 0.109643 0.03676599 0.09490096 0.05058395 0.104868 0.04802399 0.109359 0.06938499 0.109643 0.07074898 0.104605 0.08070898 0.104385 0.08871799 0.104689 0.08730298 0.110296 0.07923901 0.109758 0.07082998 0.101581 0.06975299 0.09811896 0.07799899 0.09809297 0.08474397 0.09856396 0.08779197 0.101806 0.08022099 0.101444 0.08779197 0.101806 0.08871799 0.104689 0.08070898 0.104385 0.07074898 0.104605 0.07082998 0.101581 0.08022099 0.101444 0.09267997 0.09934198 0.09665596 0.103261 0.09188199 0.102037 0.09665596 0.103261 0.09841901 0.106809 0.09305596 0.105123 0.08871799 0.104689 0.08779197 0.101806 0.09188199 0.102037 0.08779197 0.101806 0.08474397 0.09856396 0.088759 0.09869295 0.08730298 0.110296 0.08871799 0.104689 0.09305596 0.105123 0.09305596 0.105123 0.09841901 0.106809 0.09729796 0.111844 0.08921599 0.03649199 0.09681397 0.037826 0.09709 0.04656594 0.09681397 0.037826 0.103005 0.03945899 0.102683 0.048096 0.09709 0.04656594 0.102683 0.048096 0.106411 0.052055 0.109449 0.05668097 0.100844 0.06133794 0.09903699 0.055314 0.100844 0.06133794 0.09097397 0.05983495 0.09010297 0.05339199 0.08893895 0.04457396 0.09709 0.04656594 0.09903699 0.055314 0.09097397 0.05983495 0.100844 0.06133794 0.101912 0.07034295 0.100844 0.06133794 0.109449 0.05668097 0.114537 0.06373 0.089998 0.06917798 0.101912 0.07034295 0.101533 0.07795095 0.101912 0.07034295 0.114537 0.06373 0.112738 0.07894998 0.10565 0.08345299 0.100711 0.08221298 0.101533 0.07795095 0.100711 0.08221298 0.08926796 0.07869696 0.08925098 0.07580697 0.100346 0.148966 0.09983795 0.145943 0.105095 0.147051 0.108219 0.147822 0.108517 0.14898 0.105413 0.148964 0.108517 0.14898 0.109711 0.15011 0.106985 0.1509259 0.102634 0.1520839 0.100346 0.148966 0.105413 0.148964 0.1072199 0.155999 0.104875 0.154325 0.108644 0.1524389 0.104875 0.154325 0.102634 0.1520839 0.106985 0.1509259 0.109711 0.15011 0.110979 0.151129 0.108644 0.1524389 0.112519 0.15198 0.110546 0.153604 0.108644 0.1524389 0.1072199 0.155999 0.110546 0.153604 0.112847 0.154519 0.110546 0.153604 0.112519 0.15198 0.114529 0.1526049 0.116737 0.153061 0.115319 0.155197 0.112847 0.154519 0.115319 0.155197 0.112623 0.158525 0.10982 0.157414 0.118457 0.159833 0.115577 0.15929 0.117733 0.15565 0.115577 0.15929 0.112623 0.158525 0.115319 0.155197 0.115319 0.155197 0.116737 0.153061 0.118867 0.153409 0.118867 0.153409 0.120773 0.153553 0.119998 0.155912 0.126951 0.151379 0.127026 0.1493059 0.131623 0.15151 0.1375679 0.154191 0.135026 0.161068 0.130632 0.154327 0.13515 0.147984 0.1375679 0.154191 0.131623 0.15151 0.127026 0.1493059 0.126205 0.147047 0.130235 0.147742 0.111842 0.1417019 0.1177639 0.1416479 0.1172299 0.143637 0.117336 0.144307 0.113982 0.1447539 0.113118 0.143842 0.113982 0.1447539 0.111865 0.145687 0.110332 0.1446689 0.107615 0.142699 0.111842 0.1417019 0.113118 0.143842 0.105095 0.147051 0.09983795 0.145943 0.102937 0.143983 0.107615 0.142699 0.110332 0.1446689 0.107196 0.145678 0.111865 0.145687 0.109639 0.146717 0.107196 0.145678 0.109639 0.146717 0.108219 0.147822 0.105095 0.147051 0.121034 0.160277 0.118457 0.159833 0.119998 0.155912 0.120773 0.153553 0.122306 0.1534 0.122025 0.156017 0.122306 0.1534 0.1239089 0.1530399 0.1244879 0.156008 0.124277 0.160721 0.121034 0.160277 0.122025 0.156017 0.135026 0.161068 0.128511 0.160982 0.1275179 0.155793 0.1255609 0.152643 0.126951 0.151379 0.130632 0.154327 0.129137 0.144093 0.13515 0.147984 0.130235 0.147742 0.126205 0.147047 0.123627 0.1455129 0.125878 0.145281 0.123627 0.1455129 0.121038 0.1449339 0.121922 0.144525 0.1240079 0.143045 0.129137 0.144093 0.125878 0.145281 0.1177639 0.1416479 0.1240079 0.143045 0.121922 0.144525 0.121038 0.1449339 0.117336 0.144307 0.1172299 0.143637 0.119722 0.100346 0.108371 0.09546798 0.109516 0.09062999 0.10565 0.08345299 0.121921 0.08749496 0.120694 0.094464 0.132377 0.09021896 0.1313419 0.09788697 0.120694 0.094464 0.1313419 0.09788697 0.1303099 0.104428 0.119722 0.100346 0.151203 0.102976 0.1510969 0.109658 0.140574 0.107702 0.1303099 0.104428 0.1313419 0.09788697 0.141364 0.100938 0.1313419 0.09788697 0.132377 0.09021896 0.141936 0.09283697 0.150916 0.09476196 0.151203 0.102976 0.141364 0.100938 0.150709 0.113664 0.149549 0.121403 0.139477 0.1154659 0.139477 0.1154659 0.129747 0.111762 0.129972 0.108711 0.129972 0.108711 0.1303099 0.104428 0.140574 0.107702 0.1510969 0.109658 0.150709 0.113664 0.140096 0.112024 0.119122 0.106437 0.1075479 0.100082 0.107822 0.09825295 0.108371 0.09546798 0.119722 0.100346 0.11932 0.103985 0.1303099 0.104428 0.129972 0.108711 0.11932 0.103985 0.129747 0.111762 0.119122 0.106437 0.11932 0.103985 0.112738 0.07894998 0.114537 0.06373 0.12498 0.067671 0.13331 0.068753 0.132722 0.082556 0.12309 0.08059495 0.132722 0.082556 0.132377 0.09021896 0.121921 0.08749496 0.10565 0.08345299 0.112738 0.07894998 0.12309 0.08059495 0.149274 0.07096195 0.150124 0.08615797 0.141762 0.08450698 0.150124 0.08615797 0.150916 0.09476196 0.141936 0.09283697 0.132377 0.09021896 0.132722 0.082556 0.141762 0.08450698 0.132722 0.082556 0.13331 0.068753 0.141567 0.06983298 0.13331 0.068753 0.134643 0.05171698 0.1421419 0.052284 0.1492919 0.05288195 0.149274 0.07096195 0.141567 0.06983298 0.114537 0.06373 0.118097 0.04885095 0.127143 0.05114996 0.134643 0.05171698 0.13331 0.068753 0.12498 0.067671 0.07671695 0.1761839 0.07370597 0.172752 0.09260195 0.165828 0.07370597 0.172752 0.06879895 0.1686 0.089298 0.162927 0.08403599 0.182232 0.08033996 0.179425 0.09862697 0.170376 0.08033996 0.179425 0.07671695 0.1761839 0.095245 0.168251 0.149204 0.130653 0.14647 0.138432 0.145 0.129985 0.14647 0.138432 0.149204 0.130653 0.148779 0.139725 0.143232 0.151096 0.14647 0.138432 0.146559 0.147875 0.14647 0.138432 0.143232 0.151096 0.140702 0.14139 0.090882 0.186377 0.08727097 0.184364 0.105879 0.173605 0.08727097 0.184364 0.08403599 0.182232 0.102316 0.172172 0.098742 0.190168 0.09426397 0.188031 0.114349 0.17589 0.103906 0.1927739 0.098742 0.190168 0.119894 0.176985 0.110592 0.1975769 0.103906 0.1927739 0.126116 0.178439 0.09841901 0.106809 0.109502 0.110868 0.103967 0.115425 0.109502 0.110868 0.127485 0.116091 0.1114889 0.120691 0.09665596 0.103261 0.09267997 0.09934198 0.09914296 0.10137 0.106128 0.102473 0.117095 0.109049 0.106279 0.106604 0.117095 0.109049 0.127485 0.116091 0.109502 0.110868 0.09841901 0.106809 0.09665596 0.103261 0.106279 0.106604 0.1075479 0.100082 0.119122 0.106437 0.117095 0.109049 0.119122 0.106437 0.129747 0.111762 0.127485 0.116091 0.139477 0.1154659 0.149549 0.121403 0.145 0.129985 0.129747 0.111762 0.139477 0.1154659 0.137561 0.122194 0.127485 0.116091 0.137561 0.122194 0.1350769 0.134497 0.145 0.129985 0.140702 0.14139 0.1350769 0.134497 0.1114889 0.120691 0.127485 0.116091 0.129151 0.13176 0.081685 0.143333 0.09089398 0.144891 0.09180998 0.149237 0.09180998 0.149237 0.09089398 0.144891 0.09983795 0.145943 0.09531599 0.153583 0.09180998 0.149237 0.100346 0.148966 0.079418 0.1548759 0.07866597 0.1491709 0.09180998 0.149237 0.104875 0.154325 0.1072199 0.155999 0.101025 0.159288 0.102634 0.1520839 0.104875 0.154325 0.09833699 0.156804 0.089298 0.162927 0.08393198 0.159368 0.09833699 0.156804 0.08393198 0.159368 0.079418 0.1548759 0.09531599 0.153583 0.09260195 0.165828 0.089298 0.162927 0.101025 0.159288 0.10353 0.161421 0.101025 0.159288 0.1072199 0.155999 0.106284 0.163203 0.10353 0.161421 0.10982 0.157414 0.095245 0.168251 0.09260195 0.165828 0.10353 0.161421 0.115577 0.15929 0.118457 0.159833 0.113324 0.165758 0.112623 0.158525 0.115577 0.15929 0.109718 0.164631 0.102316 0.172172 0.09862697 0.170376 0.109718 0.164631 0.09862697 0.170376 0.095245 0.168251 0.106284 0.163203 0.105879 0.173605 0.102316 0.172172 0.113324 0.165758 0.116594 0.166633 0.113324 0.165758 0.118457 0.159833 0.120502 0.167499 0.116594 0.166633 0.121034 0.160277 0.110188 0.174969 0.105879 0.173605 0.116594 0.166633 0.128511 0.160982 0.135026 0.161068 0.130572 0.168758 0.119894 0.176985 0.114349 0.17589 0.124652 0.168217 0.136623 0.168965 0.130572 0.168758 0.135026 0.161068 0.126116 0.178439 0.119894 0.176985 0.130572 0.168758 0.135019 0.1741 0.126116 0.178439 0.136623 0.168965 0.143232 0.151096 0.141355 0.155261 0.138255 0.1459079 0.138255 0.1459079 0.141355 0.155261 0.1375679 0.154191 0.141355 0.155261 0.140325 0.166851 0.135026 0.161068 0.143232 0.151096 0.135019 0.1741 0.140325 0.166851 0.129151 0.13176 0.128419 0.138795 0.119687 0.136471 0.128419 0.138795 0.1240079 0.143045 0.1177639 0.1416479 0.140702 0.14139 0.138255 0.1459079 0.133096 0.140435 0.133096 0.140435 0.138255 0.1459079 0.13515 0.147984 0.128419 0.138795 0.133096 0.140435 0.129137 0.144093 0.128419 0.138795 0.129151 0.13176 0.1350769 0.134497 0.117806 0.130198 0.119687 0.136471 0.109979 0.137011 0.119687 0.136471 0.1177639 0.1416479 0.111842 0.1417019 0.103018 0.139182 0.109979 0.137011 0.111842 0.1417019 0.103018 0.139182 0.09707897 0.134534 0.105509 0.131676 0.09983795 0.145943 0.09089398 0.144891 0.09564298 0.141674 0.103018 0.139182 0.107615 0.142699 0.102937 0.143983 0.09089398 0.144891 0.081685 0.143333 0.08847999 0.138436 0.09707897 0.134534 0.103018 0.139182 0.09564298 0.141674 0.146559 0.147875 0.148779 0.139725 0.151386 0.1397179 0.156268 0.141453 0.153955 0.152397 0.151872 0.152333 0.149047 0.152314 0.151386 0.1397179 0.154233 0.140727 0.149047 0.152314 0.151872 0.152333 0.152353 0.1647959 0.151872 0.152333 0.153955 0.152397 0.154531 0.1635839 0.146559 0.147875 0.149047 0.152314 0.1489689 0.166909 0.176343 0.1142179 0.198031 0.112449 0.191302 0.119246 0.186402 0.131258 0.175629 0.127278 0.175959 0.123448 0.176563 0.117969 0.191302 0.119246 0.187669 0.126424 0.16842 0.125001 0.1611779 0.126344 0.158838 0.124401 0.158838 0.124401 0.155067 0.122164 0.165553 0.118208 0.176563 0.117969 0.175959 0.123448 0.167417 0.122067 0.175629 0.127278 0.16842 0.125001 0.167417 0.122067 0.155067 0.122164 0.149549 0.121403 0.163289 0.115399 0.176343 0.1142179 0.176563 0.117969 0.165553 0.118208 0.24496 0.183515 0.243454 0.1828809 0.242631 0.181955 0.2408249 0.180777 0.241302 0.179744 0.2442359 0.18062 0.245671 0.18119 0.242631 0.181955 0.241618 0.1813639 0.241302 0.179744 0.241828 0.178613 0.244695 0.1799719 0.246267 0.180588 0.245671 0.18119 0.2442359 0.18062 0.246267 0.180588 0.24803 0.178463 0.24496 0.183515 0.135019 0.1741 0.1489689 0.166909 0.158411 0.1773999 0.169149 0.183781 0.156535 0.19584 0.1451669 0.188323 0.152353 0.1647959 0.154531 0.1635839 0.161881 0.171135 0.1703079 0.175051 0.170228 0.178477 0.160802 0.173583 0.170228 0.178477 0.169149 0.183781 0.158411 0.1773999 0.1489689 0.166909 0.152353 0.1647959 0.160802 0.173583 0.169149 0.183781 0.170228 0.178477 0.183535 0.184383 0.170228 0.178477 0.1703079 0.175051 0.183356 0.1791599 0.156535 0.19584 0.169149 0.183781 0.183629 0.193242 0.205043 0.203095 0.210093 0.209263 0.205749 0.212706 0.202216 0.217276 0.174839 0.210312 0.19871 0.206368 0.210093 0.209263 0.205043 0.203095 0.21445 0.197551 0.218951 0.207324 0.214478 0.212909 0.210093 0.209263 0.211596 0.216574 0.20897 0.221477 0.202216 0.217276 0.214478 0.212909 0.211596 0.216574 0.205749 0.212706 0.183535 0.184383 0.183356 0.1791599 0.19483 0.181348 0.201407 0.181842 0.2015129 0.1861889 0.194872 0.186704 0.2015129 0.1861889 0.202229 0.193981 0.195442 0.196121 0.183629 0.193242 0.183535 0.184383 0.194872 0.186704 0.202229 0.193981 0.2015129 0.1861889 0.211432 0.185253 0.2015129 0.1861889 0.201407 0.181842 0.210713 0.182385 0.205043 0.203095 0.202229 0.193981 0.212631 0.190496 0.174839 0.210312 0.183629 0.193242 0.195442 0.196121 0.202229 0.193981 0.205043 0.203095 0.19871 0.206368 0.182702 0.1532109 0.182983 0.1482999 0.188493 0.150058 0.1924099 0.151287 0.192218 0.155478 0.1883389 0.154654 0.192218 0.155478 0.1924099 0.151287 0.198238 0.1533319 0.193279 0.161779 0.192218 0.155478 0.198105 0.156931 0.182856 0.160075 0.182702 0.1532109 0.1883389 0.154654 0.192218 0.155478 0.193279 0.161779 0.189145 0.161368 0.198031 0.112449 0.210509 0.118833 0.202704 0.124943 0.210509 0.118833 0.215682 0.125671 0.209057 0.1314899 0.215682 0.125671 0.224949 0.137665 0.2194769 0.142118 0.2151139 0.149157 0.204574 0.141857 0.205901 0.138267 0.209057 0.1314899 0.2194769 0.142118 0.216744 0.1468189 0.197264 0.137177 0.186402 0.131258 0.187669 0.126424 0.191302 0.119246 0.202704 0.124943 0.198662 0.132604 0.202704 0.124943 0.209057 0.1314899 0.205901 0.138267 0.204574 0.141857 0.197264 0.137177 0.198662 0.132604 0.210713 0.182385 0.220359 0.18238 0.221122 0.184252 0.222248 0.1876119 0.212631 0.190496 0.211432 0.185253 0.225778 0.181691 0.2313899 0.180115 0.231913 0.182581 0.233135 0.184791 0.2279 0.1862069 0.226757 0.1833969 0.2279 0.1862069 0.222248 0.1876119 0.221122 0.184252 0.220359 0.18238 0.225778 0.181691 0.226757 0.1833969 0.233135 0.184791 0.2347559 0.18792 0.229495 0.190392 0.223717 0.192785 0.222248 0.1876119 0.2279 0.1862069 0.21445 0.197551 0.212631 0.190496 0.222248 0.1876119 0.216876 0.203458 0.21445 0.197551 0.223717 0.192785 0.2347559 0.18792 0.236407 0.191455 0.231091 0.194929 0.225087 0.198018 0.223717 0.192785 0.229495 0.190392 0.237879 0.193907 0.232496 0.198131 0.231091 0.194929 0.232496 0.198131 0.226369 0.201617 0.225087 0.198018 0.226369 0.201617 0.218951 0.207324 0.216876 0.203458 0.224949 0.137665 0.2335799 0.149653 0.2288759 0.152553 0.238456 0.156997 0.242116 0.163873 0.238499 0.16527 0.2335799 0.149653 0.238456 0.156997 0.2341639 0.159111 0.236315 0.167043 0.234632 0.169131 0.229897 0.162621 0.224619 0.157314 0.226325 0.155788 0.231696 0.161613 0.226325 0.155788 0.2288759 0.152553 0.2341639 0.159111 0.238499 0.16527 0.236315 0.167043 0.231696 0.161613 0.2151139 0.149157 0.216744 0.1468189 0.226325 0.155788 0.216744 0.1468189 0.2194769 0.142118 0.2288759 0.152553 0.198105 0.156931 0.198238 0.1533319 0.203889 0.155385 0.211098 0.158612 0.211006 0.160984 0.207273 0.159153 0.203781 0.1583189 0.203889 0.155385 0.207348 0.156686 0.205058 0.163072 0.203781 0.1583189 0.207273 0.159153 0.211006 0.160984 0.210735 0.1633149 0.2086229 0.163361 0.199196 0.162469 0.198105 0.156931 0.203781 0.1583189 0.2313899 0.180115 0.236358 0.18054 0.236756 0.182012 0.237769 0.183356 0.233135 0.184791 0.231913 0.182581 0.242631 0.181955 0.237769 0.183356 0.236756 0.182012 0.236358 0.18054 0.2408249 0.180777 0.241618 0.1813639 0.239328 0.185322 0.237769 0.183356 0.242631 0.181955 0.237769 0.183356 0.239328 0.185322 0.2347559 0.18792 0.239328 0.185322 0.24079 0.1875039 0.236407 0.191455 0.24079 0.1875039 0.239328 0.185322 0.243454 0.1828809 0.24803 0.178463 0.24237 0.18874 0.24079 0.1875039 0.24237 0.18874 0.237879 0.193907 0.236407 0.191455 0.242116 0.163873 0.244198 0.170062 0.241554 0.170683 0.244198 0.170062 0.24581 0.1757979 0.244563 0.17627 0.2387 0.173141 0.239922 0.1717799 0.243394 0.176567 0.239922 0.1717799 0.241554 0.170683 0.244563 0.17627 0.241554 0.170683 0.239922 0.1717799 0.236315 0.167043 0.239922 0.1717799 0.2387 0.173141 0.234632 0.169131 0.2374809 0.1763679 0.236701 0.178508 0.2322649 0.177085 0.236701 0.178508 0.2374809 0.1763679 0.241828 0.178613 0.236701 0.178508 0.241302 0.179744 0.2408249 0.180777 0.2322649 0.177085 0.236701 0.178508 0.236358 0.18054 0.156268 0.141453 0.160133 0.142677 0.157944 0.152458 0.160133 0.142677 0.1655949 0.144388 0.163906 0.152195 0.157944 0.152458 0.163906 0.152195 0.163892 0.159768 0.153955 0.152397 0.157944 0.152458 0.1581349 0.162009 0.1767849 0.1305609 0.175629 0.127278 0.186402 0.131258 0.180196 0.1346909 0.1767849 0.1305609 0.186577 0.134532 0.170306 0.133933 0.165035 0.129528 0.170935 0.128448 0.1767849 0.1305609 0.180196 0.1346909 0.1753799 0.133047 0.165035 0.129528 0.1611779 0.126344 0.16842 0.125001 0.175629 0.127278 0.1767849 0.1305609 0.170935 0.128448 0.154531 0.1635839 0.1581349 0.162009 0.164079 0.1684229 0.171347 0.171738 0.1703079 0.175051 0.161881 0.171135 0.175153 0.166978 0.171347 0.171738 0.164079 0.1684229 0.1581349 0.162009 0.163892 0.159768 0.168956 0.16451 0.171347 0.171738 0.175153 0.166978 0.184962 0.1700479 0.1703079 0.175051 0.171347 0.171738 0.18369 0.174894 0.204574 0.141857 0.2151139 0.149157 0.212727 0.149637 0.20344 0.143571 0.212727 0.149637 0.209147 0.149016 0.187929 0.13753 0.186577 0.134532 0.196739 0.139678 0.196739 0.139678 0.20344 0.143571 0.201505 0.144323 0.186577 0.134532 0.186402 0.131258 0.197264 0.137177 0.197264 0.137177 0.204574 0.141857 0.20344 0.143571 0.183356 0.1791599 0.18369 0.174894 0.194777 0.177033 0.201046 0.178054 0.201407 0.181842 0.19483 0.181348 0.199039 0.1726329 0.201046 0.178054 0.194777 0.177033 0.18369 0.174894 0.184962 0.1700479 0.193827 0.1719779 0.209709 0.179288 0.201046 0.178054 0.199039 0.1726329 0.201407 0.181842 0.201046 0.178054 0.209709 0.179288 0.229897 0.162621 0.234632 0.169131 0.2285079 0.164876 0.224619 0.157314 0.229897 0.162621 0.226275 0.1613039 0.22156 0.156796 0.226275 0.1613039 0.220399 0.158003 0.226275 0.1613039 0.2285079 0.164876 0.222427 0.161034 0.212727 0.149637 0.22156 0.156796 0.216392 0.154462 0.2151139 0.149157 0.224619 0.157314 0.22156 0.156796 0.2322649 0.177085 0.2313899 0.180115 0.225534 0.177417 0.2268199 0.173781 0.225534 0.177417 0.220431 0.172572 0.227537 0.1702319 0.2268199 0.173781 0.221364 0.1692889 0.233128 0.173985 0.2322649 0.177085 0.2268199 0.173781 0.220359 0.18238 0.210713 0.182385 0.209709 0.179288 0.218729 0.1797569 0.209709 0.179288 0.2064149 0.173546 0.225534 0.177417 0.223188 0.179197 0.218052 0.173853 0.223188 0.179197 0.218729 0.1797569 0.213905 0.173996 0.2313899 0.180115 0.225778 0.181691 0.223188 0.179197 0.225778 0.181691 0.220359 0.18238 0.218729 0.1797569 0.1655949 0.144388 0.168656 0.144501 0.167216 0.150898 0.168656 0.144501 0.170836 0.143904 0.169528 0.149138 0.167216 0.150898 0.169528 0.149138 0.168848 0.154175 0.163906 0.152195 0.167216 0.150898 0.166993 0.156993 0.180844 0.136875 0.180196 0.1346909 0.187929 0.13753 0.1791239 0.138526 0.180844 0.136875 0.186774 0.139035 0.1730509 0.13704 0.172371 0.136047 0.176767 0.135422 0.180844 0.136875 0.1791239 0.138526 0.17589 0.137192 0.172371 0.136047 0.170306 0.133933 0.1753799 0.133047 0.180196 0.1346909 0.180844 0.136875 0.176767 0.135422 0.163892 0.159768 0.166993 0.156993 0.17147 0.160702 0.176818 0.162666 0.175153 0.166978 0.168956 0.16451 0.1764619 0.157916 0.176818 0.162666 0.17147 0.160702 0.166993 0.156993 0.168848 0.154175 0.172109 0.156283 0.176818 0.162666 0.1764619 0.157916 0.182856 0.160075 0.175153 0.166978 0.176818 0.162666 0.184511 0.165311 0.201505 0.144323 0.209147 0.149016 0.204851 0.148335 0.198365 0.144626 0.204851 0.148335 0.199984 0.148115 0.186774 0.139035 0.19352 0.142094 0.1897 0.143007 0.19352 0.142094 0.198365 0.144626 0.193975 0.145065 0.186774 0.139035 0.187929 0.13753 0.196039 0.14129 0.196039 0.14129 0.201505 0.144323 0.198365 0.144626 0.184962 0.1700479 0.184511 0.165311 0.191797 0.1669 0.196375 0.167336 0.199039 0.1726329 0.193827 0.1719779 0.193279 0.161779 0.196375 0.167336 0.191797 0.1669 0.184511 0.165311 0.182856 0.160075 0.189145 0.161368 0.196375 0.167336 0.193279 0.161779 0.199196 0.162469 0.2064149 0.173546 0.199039 0.1726329 0.196375 0.167336 0.220399 0.158003 0.222427 0.161034 0.2165769 0.157928 0.216392 0.154462 0.220399 0.158003 0.214679 0.155418 0.211103 0.152582 0.214679 0.155418 0.20906 0.1536689 0.214679 0.155418 0.2165769 0.157928 0.211049 0.1553879 0.204851 0.148335 0.211103 0.152582 0.205713 0.15145 0.209147 0.149016 0.216392 0.154462 0.211103 0.152582 0.221364 0.1692889 0.220431 0.172572 0.215497 0.167628 0.2161459 0.164965 0.215497 0.167628 0.210735 0.1633149 0.216437 0.162107 0.2161459 0.164965 0.211006 0.160984 0.221884 0.165983 0.221364 0.1692889 0.2161459 0.164965 0.213905 0.173996 0.2064149 0.173546 0.202714 0.167906 0.209197 0.168354 0.202714 0.167906 0.199196 0.162469 0.215497 0.167628 0.213153 0.168476 0.2086229 0.163361 0.213153 0.168476 0.209197 0.168354 0.205058 0.163072 0.220431 0.172572 0.218052 0.173853 0.213153 0.168476 0.218052 0.173853 0.213905 0.173996 0.209197 0.168354 0.152523 0.130186 0.149204 0.130653 0.149549 0.121403 0.1611779 0.126344 0.158285 0.133336 0.155943 0.131933 0.152523 0.130186 0.155067 0.122164 0.158838 0.124401 0.151386 0.1397179 0.152523 0.130186 0.155943 0.131933 0.158285 0.133336 0.156268 0.141453 0.154233 0.140727 0.149204 0.130653 0.152523 0.130186 0.151386 0.1397179 0.156268 0.141453 0.158285 0.133336 0.162155 0.135504 0.158285 0.133336 0.1611779 0.126344 0.165035 0.129528 0.162155 0.135504 0.165035 0.129528 0.170306 0.133933 0.160133 0.142677 0.162155 0.135504 0.167617 0.138736 0.167617 0.138736 0.170238 0.14003 0.168656 0.144501 0.170238 0.14003 0.167617 0.138736 0.170306 0.133933 0.171789 0.14022 0.170238 0.14003 0.172371 0.136047 0.170238 0.14003 0.171789 0.14022 0.170836 0.143904 0.171789 0.14022 0.174993 0.141558 0.1744149 0.145009 0.178183 0.142964 0.17782 0.146435 0.1744149 0.145009 0.1791239 0.138526 0.178183 0.142964 0.174993 0.141558 0.174993 0.141558 0.171789 0.14022 0.1730509 0.13704 0.178183 0.142964 0.1791239 0.138526 0.183975 0.140451 0.17782 0.146435 0.178183 0.142964 0.183042 0.144746 0.182983 0.1482999 0.183042 0.144746 0.188376 0.14667 0.1922979 0.148171 0.1924099 0.151287 0.188493 0.150058 0.193975 0.145065 0.1922979 0.148171 0.188376 0.14667 0.183042 0.144746 0.183975 0.140451 0.1897 0.143007 0.1922979 0.148171 0.193975 0.145065 0.199984 0.148115 0.1924099 0.151287 0.1922979 0.148171 0.19828 0.1506749 0.198238 0.1533319 0.19828 0.1506749 0.203909 0.153234 0.19828 0.1506749 0.199984 0.148115 0.205713 0.15145 0.211049 0.1553879 0.211143 0.1569589 0.207306 0.154911 0.203909 0.153234 0.205713 0.15145 0.20906 0.1536689 0.203889 0.155385 0.203909 0.153234 0.207306 0.154911 0.211143 0.1569589 0.211098 0.158612 0.207348 0.156686 0.22238 0.163573 0.221884 0.165983 0.216437 0.162107 0.216705 0.1600649 0.216437 0.162107 0.211098 0.158612 0.2165769 0.157928 0.216705 0.1600649 0.211143 0.1569589 0.222427 0.161034 0.22238 0.163573 0.216705 0.1600649 0.233822 0.17155 0.233128 0.173985 0.227537 0.1702319 0.228314 0.167683 0.227537 0.1702319 0.221884 0.165983 0.2285079 0.164876 0.228314 0.167683 0.22238 0.163573 0.234632 0.169131 0.233822 0.17155 0.228314 0.167683 0.237866 0.174581 0.2374809 0.1763679 0.233128 0.173985 0.2387 0.173141 0.237866 0.174581 0.233822 0.17155 0.237866 0.174581 0.2387 0.173141 0.242376 0.176713 0.2374809 0.1763679 0.237866 0.174581 0.24207 0.177643 0.246085 0.179601 0.246973 0.176865 0.24803 0.178463 0.241828 0.178613 0.24207 0.177643 0.244767 0.17925 0.246085 0.179601 0.246267 0.180588 0.244695 0.1799719 0.246085 0.179601 0.244767 0.17925 0.243394 0.176567 0.24207 0.177643 0.242376 0.176713 0.243394 0.176567 0.246973 0.176865 0.246085 0.179601 0.244563 0.17627 0.246488 0.170402 0.245669 0.163987 0.2494339 0.164601 0.246973 0.176865 0.246488 0.170402 0.248974 0.171645 0.246488 0.170402 0.246973 0.176865 0.24581 0.1757979 0.245669 0.163987 0.246488 0.170402 0.244198 0.170062 0.238709 0.149146 0.231261 0.137088 0.2383019 0.137329 0.245669 0.163987 0.242896 0.156821 0.247758 0.157078 0.242896 0.156821 0.238709 0.149146 0.244374 0.149194 0.238709 0.149146 0.242896 0.156821 0.238456 0.156997 0.242896 0.156821 0.245669 0.163987 0.242116 0.163873 0.231261 0.137088 0.238709 0.149146 0.2335799 0.149653 0.222748 0.125081 0.2175509 0.117573 0.226733 0.1189759 0.2175509 0.117573 0.215166 0.109603 0.224421 0.110972 0.231261 0.137088 0.222748 0.125081 0.2313809 0.126326 0.222748 0.125081 0.231261 0.137088 0.224949 0.137665 0.215166 0.109603 0.2175509 0.117573 0.210509 0.118833 0.2175509 0.117573 0.222748 0.125081 0.215682 0.125671 0.224421 0.110972 0.215166 0.109603 0.2177349 0.100023 0.223011 0.08950096 0.231119 0.09122496 0.226619 0.101505 0.2161819 0.08724397 0.223011 0.08950096 0.2177349 0.100023 0.215166 0.109603 0.198031 0.112449 0.21094 0.09926897 0.230449 0.06191599 0.236441 0.06401598 0.228747 0.07870596 0.223011 0.08950096 0.2161819 0.08724397 0.222413 0.076137 0.231119 0.09122496 0.223011 0.08950096 0.228747 0.07870596 0.236441 0.06401598 0.242574 0.06620997 0.235713 0.08078396 0.236441 0.06401598 0.242789 0.05104297 0.249495 0.05273997 0.242789 0.05104297 0.236441 0.06401598 0.230449 0.06191599 0.09426397 0.188031 0.090882 0.186377 0.110188 0.174969 0.114349 0.17589 0.110188 0.174969 0.120502 0.167499 0.124652 0.168217 0.120502 0.167499 0.124277 0.160721 0.128511 0.160982 0.124277 0.160721 0.1244879 0.156008 0.1239089 0.1530399 0.1255609 0.152643 0.1275179 0.155793 0.04335397 0.146903 0.04981398 0.155502 0.06003296 0.147288 0.06967097 0.1401579 0.06351298 0.136606 0.05396199 0.142364 0.05933898 0.133652 0.05204498 0.135826 0.05396199 0.142364 0.04194998 0.138407 0.04335397 0.146903 0.05396199 0.142364 0.06003296 0.147288 0.04981398 0.155502 0.079418 0.1548759 0.06967097 0.1401579 0.06003296 0.147288 0.07866597 0.1491709 0.2136189 0.07332396 0.208254 0.08308196 0.211739 0.08493 0.2161819 0.08724397 0.222413 0.076137 0.217698 0.074319 0.222413 0.076137 0.230449 0.06191599 0.225033 0.060853 0.2199029 0.06036895 0.2136189 0.07332396 0.217698 0.074319 0.208254 0.08308196 0.202812 0.09370899 0.206367 0.09694796 0.202812 0.09370899 0.190802 0.10471 0.193926 0.108838 0.198031 0.112449 0.21094 0.09926897 0.206367 0.09694796 0.21094 0.09926897 0.2161819 0.08724397 0.211739 0.08493 0.07074296 0.05280995 0.07116997 0.04751294 0.06678897 0.044815 0.07116997 0.04751294 0.07150697 0.04005199 0.06723195 0.03876197 0.06723195 0.03876197 0.065153 0.03823095 0.06485199 0.04303199 0.0647 0.04574596 0.06639999 0.04875999 0.06678897 0.044815 0.07074296 0.05280995 0.06639999 0.04875999 0.06478595 0.05368697 0.06639999 0.04875999 0.0647 0.04574596 0.064121 0.049757 0.193216 0.07744997 0.188731 0.08393096 0.196272 0.08911401 0.188731 0.08393096 0.179657 0.09081095 0.1855829 0.09819495 0.190802 0.10471 0.202812 0.09370899 0.196272 0.08911401 0.202812 0.09370899 0.208254 0.08308196 0.201327 0.08053696 0.188731 0.08393096 0.193216 0.07744997 0.186178 0.07397699 0.18071 0.06413 0.177124 0.06741297 0.1821759 0.07892596 0.177124 0.06741297 0.170342 0.07071995 0.174412 0.08406996 0.179657 0.09081095 0.188731 0.08393096 0.1821759 0.07892596 0.193216 0.07744997 0.197202 0.06971496 0.189738 0.06734496 0.197202 0.06971496 0.201319 0.057585 0.193198 0.05598199 0.187766 0.05533099 0.184015 0.05932098 0.189738 0.06734496 0.184015 0.05932098 0.18071 0.06413 0.186178 0.07397699 0.201319 0.057585 0.197202 0.06971496 0.205974 0.07174897 0.197202 0.06971496 0.193216 0.07744997 0.201327 0.08053696 0.208254 0.08308196 0.2136189 0.07332396 0.205974 0.07174897 0.2136189 0.07332396 0.2199029 0.06036895 0.2111099 0.05916398 0.159633 0.09540498 0.150916 0.09476196 0.151203 0.102976 0.1510969 0.109658 0.16246 0.109786 0.1613039 0.103363 0.16246 0.109786 0.174184 0.108668 0.171412 0.102367 0.168044 0.09470498 0.159633 0.09540498 0.1613039 0.103363 0.159633 0.09540498 0.168044 0.09470498 0.164758 0.087179 0.161996 0.07270199 0.1559579 0.072187 0.15772 0.08722096 0.1559579 0.072187 0.149274 0.07096195 0.150124 0.08615797 0.150916 0.09476196 0.159633 0.09540498 0.15772 0.08722096 0.168044 0.09470498 0.179657 0.09081095 0.174412 0.08406996 0.170342 0.07071995 0.161996 0.07270199 0.164758 0.087179 0.179657 0.09081095 0.168044 0.09470498 0.171412 0.102367 0.174184 0.108668 0.190802 0.10471 0.1855829 0.09819495 0.190802 0.10471 0.174184 0.108668 0.175678 0.112112 0.176343 0.1142179 0.198031 0.112449 0.193926 0.108838 0.174184 0.108668 0.16246 0.109786 0.162826 0.113366 0.16246 0.109786 0.1510969 0.109658 0.150709 0.113664 0.150709 0.113664 0.149549 0.121403 0.163289 0.115399 0.163289 0.115399 0.176343 0.1142179 0.175678 0.112112 0.2050009 0.239461 0.206857 0.2295179 0.2000949 0.224887 0.20897 0.221477 0.202216 0.217276 0.2000949 0.224887 0.198749 0.26372 0.203144 0.249404 0.197181 0.246209 0.203144 0.249404 0.2050009 0.239461 0.198659 0.235245 0.197181 0.246209 0.198659 0.235245 0.183353 0.237354 0.192703 0.261788 0.197181 0.246209 0.183705 0.248688 0.183353 0.237354 0.198659 0.235245 0.2000949 0.224887 0.202216 0.217276 0.174839 0.210312 0.182876 0.226299 0.17782 0.146435 0.1744149 0.145009 0.173416 0.149846 0.170836 0.143904 0.169528 0.149138 0.173416 0.149846 0.182983 0.1482999 0.17782 0.146435 0.177126 0.15132 0.182702 0.1532109 0.177126 0.15132 0.1764619 0.157916 0.177126 0.15132 0.173416 0.149846 0.172109 0.156283 0.173416 0.149846 0.169528 0.149138 0.168848 0.154175 0.075199 0.123912 0.086555 0.125865 0.08646798 0.118152 0.08730298 0.110296 0.07923901 0.109758 0.07743096 0.117503 0.07923901 0.109758 0.06938499 0.109643 0.06719797 0.116818 0.06506597 0.122777 0.075199 0.123912 0.07743096 0.117503 0.086555 0.125865 0.09787398 0.123364 0.09426295 0.117886 0.09787398 0.123364 0.1114889 0.120691 0.103967 0.115425 0.09729796 0.111844 0.09256297 0.110836 0.09426295 0.117886 0.09256297 0.110836 0.08730298 0.110296 0.08646798 0.118152 0.09787398 0.123364 0.086555 0.125865 0.09707897 0.134534 0.1114889 0.120691 0.09787398 0.123364 0.105509 0.131676 0.086555 0.125865 0.07812899 0.1333 0.08847999 0.138436 0.07812899 0.1333 0.06967097 0.1401579 0.081685 0.143333 0.07812899 0.1333 0.086555 0.125865 0.075199 0.123912 0.06506597 0.122777 0.06213098 0.128763 0.07057595 0.1303679 0.06213098 0.128763 0.05933898 0.133652 0.06351298 0.136606 0.06967097 0.1401579 0.07812899 0.1333 0.07057595 0.1303679 0.04432898 0.115892 0.04208499 0.122111 0.05365496 0.122782 0.06506597 0.122777 0.06719797 0.116818 0.05581897 0.116978 0.06719797 0.116818 0.06938499 0.109643 0.05875796 0.110374 0.04802399 0.109359 0.04432898 0.115892 0.05581897 0.116978 0.04208499 0.122111 0.04140895 0.12988 0.05216997 0.129181 0.04140895 0.12988 0.04194998 0.138407 0.05204498 0.135826 0.05933898 0.133652 0.06213098 0.128763 0.05216997 0.129181 0.06213098 0.128763 0.06506597 0.122777 0.05365496 0.122782 0.05184197 0.09129899 0.05778795 0.09035795 0.05489599 0.08535295 0.05778795 0.09035795 0.06316196 0.088714 0.05871897 0.08358895 0.05398297 0.07839095 0.05165696 0.08026295 0.05489599 0.08535295 0.05165696 0.08026295 0.04864197 0.08213996 0.05040198 0.08677595 0.05778795 0.09035795 0.05184197 0.09129899 0.05263996 0.09559595 0.05269598 0.09935998 0.06123596 0.099478 0.05998694 0.09518998 0.06123596 0.099478 0.06975299 0.09811896 0.06701797 0.09369295 0.06316196 0.088714 0.05778795 0.09035795 0.05998694 0.09518998 0.06343197 0.04491996 0.06230795 0.04521298 0.06189996 0.04907798 0.0647 0.04574596 0.06343197 0.04491996 0.06312 0.04893398 0.06230795 0.04521298 0.06103795 0.04555398 0.06071895 0.04897296 0.06103795 0.04555398 0.059695 0.04591995 0.05955696 0.04874396 0.06103795 0.04555398 0.06230795 0.04521298 0.06232297 0.04313099 0.06247794 0.03882795 0.06127399 0.03929698 0.06107598 0.04358595 0.06127399 0.03929698 0.06006497 0.03976899 0.05978095 0.04405796 0.059695 0.04591995 0.06103795 0.04555398 0.06107598 0.04358595 0.06230795 0.04521298 0.06343197 0.04491996 0.06347197 0.04270899 0.06343197 0.04491996 0.0647 0.04574596 0.06485199 0.04303199 0.065153 0.03823095 0.06366896 0.03836297 0.06347197 0.04270899 0.06366896 0.03836297 0.06247794 0.03882795 0.06232297 0.04313099 0.07194095 0.08858495 0.06782096 0.08833301 0.07359099 0.09358096 0.06782096 0.08833301 0.06316196 0.088714 0.06701797 0.09369295 0.06975299 0.09811896 0.07799899 0.09809297 0.07359099 0.09358096 0.07799899 0.09809297 0.08474397 0.09856396 0.079194 0.09405499 0.06782096 0.08833301 0.07194095 0.08858495 0.063784 0.08245599 0.05517596 0.07599896 0.05492699 0.07705795 0.06150895 0.08277297 0.05492699 0.07705795 0.05398297 0.07839095 0.05871897 0.08358895 0.06316196 0.088714 0.06782096 0.08833301 0.06150895 0.08277297 0.07194095 0.08858495 0.07569396 0.08884197 0.06606 0.08218801 0.07569396 0.08884197 0.078395 0.08878397 0.06763797 0.08169698 0.05563896 0.073969 0.05541896 0.07494598 0.06606 0.08218801 0.05541896 0.07494598 0.05517596 0.07599896 0.063784 0.08245599 0.07569396 0.08884197 0.07194095 0.08858495 0.079194 0.09405499 0.08474397 0.09856396 0.088759 0.09869295 0.08331096 0.09431898 0.088759 0.09869295 0.09267997 0.09934198 0.086667 0.09459096 0.078395 0.08878397 0.07569396 0.08884197 0.08331096 0.09431898 0.079427 0.08158695 0.08204996 0.08503997 0.09516298 0.091919 0.08204996 0.08503997 0.08195495 0.086102 0.09496599 0.093288 0.1075479 0.100082 0.107822 0.09825295 0.09516298 0.091919 0.107822 0.09825295 0.108371 0.09546798 0.09581798 0.089809 0.08204996 0.08503997 0.079427 0.08158695 0.068973 0.07659298 0.05966699 0.07127797 0.05645799 0.070055 0.06919097 0.07766997 0.05645799 0.070055 0.05629897 0.07086098 0.06909096 0.07856899 0.08195495 0.086102 0.08204996 0.08503997 0.06919097 0.07766997 0.108371 0.09546798 0.109516 0.09062999 0.09790599 0.08634901 0.109516 0.09062999 0.10565 0.08345299 0.100711 0.08221298 0.09211498 0.08087998 0.08608096 0.08184397 0.09790599 0.08634901 0.08608096 0.08184397 0.079427 0.08158695 0.09581798 0.089809 0.09347599 0.09488999 0.08036696 0.08697396 0.07935696 0.08809196 0.07935696 0.08809196 0.078395 0.08878397 0.086667 0.09459096 0.09267997 0.09934198 0.09914296 0.10137 0.08998399 0.09508895 0.09914296 0.10137 0.106128 0.102473 0.09347599 0.09488999 0.08036696 0.08697396 0.06802296 0.07940399 0.06781798 0.080711 0.06802296 0.07940399 0.05606299 0.07200598 0.05582195 0.07313799 0.05563896 0.073969 0.06763797 0.08169698 0.06781798 0.080711 0.06763797 0.08169698 0.078395 0.08878397 0.07935696 0.08809196 0.08036696 0.08697396 0.08195495 0.086102 0.06909096 0.07856899 0.05629897 0.07086098 0.05606299 0.07200598 0.06802296 0.07940399 0.106128 0.102473 0.1075479 0.100082 0.09496599 0.093288 0.08195495 0.086102 0.08036696 0.08697396 0.09347599 0.09488999 0.05888599 0.06017899 0.06267195 0.06656897 0.06063497 0.05691796 0.06189996 0.04907798 0.06071895 0.04897296 0.05980199 0.05487495 0.06071895 0.04897296 0.05955696 0.04874396 0.05936998 0.05175495 0.05917298 0.05491697 0.05888599 0.06017899 0.05980199 0.05487495 0.06267195 0.06656897 0.06519699 0.063977 0.06226795 0.05680596 0.068318 0.05942898 0.06478595 0.05368697 0.06226795 0.05680596 0.064121 0.049757 0.06312 0.04893398 0.06226795 0.05680596 0.06312 0.04893398 0.06189996 0.04907798 0.06063497 0.05691796 0.05190795 0.102283 0.05058395 0.104868 0.06055998 0.105744 0.06055998 0.105744 0.07074898 0.104605 0.07082998 0.101581 0.06975299 0.09811896 0.06123596 0.099478 0.06127899 0.102847 0.06123596 0.099478 0.05269598 0.09935998 0.05190795 0.102283 0.05058395 0.104868 0.04802399 0.109359 0.05875796 0.110374 0.06938499 0.109643 0.07074898 0.104605 0.06055998 0.105744 0.08871799 0.104689 0.08070898 0.104385 0.07923901 0.109758 0.08070898 0.104385 0.07074898 0.104605 0.06938499 0.109643 0.08070898 0.104385 0.08871799 0.104689 0.08779197 0.101806 0.08474397 0.09856396 0.07799899 0.09809297 0.08022099 0.101444 0.07799899 0.09809297 0.06975299 0.09811896 0.07082998 0.101581 0.07074898 0.104605 0.08070898 0.104385 0.08022099 0.101444 0.08871799 0.104689 0.09305596 0.105123 0.09188199 0.102037 0.09305596 0.105123 0.09841901 0.106809 0.09665596 0.103261 0.09267997 0.09934198 0.088759 0.09869295 0.09188199 0.102037 0.088759 0.09869295 0.08474397 0.09856396 0.08779197 0.101806 0.09305596 0.105123 0.08871799 0.104689 0.08730298 0.110296 0.09729796 0.111844 0.09841901 0.106809 0.09305596 0.105123 0.09097397 0.05983495 0.09010297 0.05339199 0.07987695 0.05058199 0.09010297 0.05339199 0.08893895 0.04457396 0.07957696 0.04219597 0.07150697 0.04005199 0.07116997 0.04751294 0.07987695 0.05058199 0.07116997 0.04751294 0.07074296 0.05280995 0.07993799 0.05674695 0.09010297 0.05339199 0.09097397 0.05983495 0.100844 0.06133794 0.109449 0.05668097 0.106411 0.052055 0.09903699 0.055314 0.106411 0.052055 0.102683 0.048096 0.09709 0.04656594 0.08893895 0.04457396 0.09010297 0.05339199 0.09903699 0.055314 0.09097397 0.05983495 0.089998 0.06917798 0.101912 0.07034295 0.114537 0.06373 0.109449 0.05668097 0.100844 0.06133794 0.089998 0.06917798 0.09097397 0.05983495 0.07993799 0.05674695 0.07074296 0.05280995 0.068318 0.05942898 0.07776099 0.06506597 0.08926796 0.07869696 0.08925098 0.07580697 0.07566499 0.07072997 0.08925098 0.07580697 0.089998 0.06917798 0.07776099 0.06506597 0.068318 0.05942898 0.06519699 0.063977 0.07566499 0.07072997 0.06519699 0.063977 0.06267195 0.06656897 0.07469397 0.07311201 0.10565 0.08345299 0.112738 0.07894998 0.101533 0.07795095 0.112738 0.07894998 0.114537 0.06373 0.101912 0.07034295 0.089998 0.06917798 0.08925098 0.07580697 0.101533 0.07795095 0.08925098 0.07580697 0.08926796 0.07869696 0.100711 0.08221298 0.106985 0.1509259 0.109711 0.15011 0.108517 0.14898 0.108219 0.147822 0.105095 0.14705 0.105413 0.148964 0.105095 0.14705 0.09983795 0.145943 0.100346 0.148966 0.102634 0.1520839 0.106985 0.1509259 0.105413 0.148964 0.109711 0.15011 0.106985 0.1509259 0.108644 0.1524389 0.106985 0.1509259 0.102634 0.1520839 0.104875 0.154325 0.1072199 0.155999 0.110546 0.153604 0.108644 0.1524389 0.112519 0.15198 0.110979 0.151129 0.108644 0.1524389 0.116737 0.153061 0.114529 0.1526049 0.112847 0.154519 0.114529 0.1526049 0.112519 0.15198 0.110546 0.153604 0.1072199 0.155999 0.10982 0.157414 0.112847 0.154519 0.10982 0.157414 0.112623 0.158525 0.115319 0.155197 0.118867 0.153409 0.116737 0.153061 0.115319 0.155197 0.115319 0.155197 0.112623 0.158525 0.115577 0.15929 0.118457 0.159833 0.119998 0.155912 0.117733 0.15565 0.119998 0.155912 0.120773 0.153553 0.118867 0.153409 0.131623 0.15151 0.127026 0.1493059 0.126951 0.151379 0.1375679 0.154191 0.131623 0.15151 0.130632 0.154327 0.127026 0.1493059 0.131623 0.15151 0.130235 0.147742 0.131623 0.15151 0.1375679 0.154191 0.13515 0.147984 0.110332 0.1446689 0.111865 0.145687 0.113982 0.1447539 0.117336 0.144307 0.1172299 0.143637 0.113118 0.143842 0.1172299 0.143637 0.1177639 0.1416479 0.111842 0.1417019 0.107615 0.142699 0.110332 0.1446689 0.113118 0.143842 0.111865 0.145687 0.110332 0.1446689 0.107196 0.145678 0.110332 0.1446689 0.107615 0.142699 0.102937 0.143983 0.102937 0.143983 0.09983795 0.145943 0.105095 0.14705 0.105095 0.14705 0.108219 0.147822 0.109639 0.146717 0.1244879 0.156008 0.1239089 0.1530399 0.122306 0.1534 0.120773 0.153553 0.119998 0.155912 0.122025 0.156017 0.119998 0.155912 0.118457 0.159833 0.121034 0.160277 0.124277 0.160721 0.1244879 0.156008 0.122025 0.156017 0.135026 0.161068 0.130632 0.154327 0.1275179 0.155793 0.130632 0.154327 0.126951 0.151379 0.1255609 0.152643 0.121922 0.144525 0.121038 0.1449339 0.123627 0.1455129 0.126205 0.147047 0.130235 0.147742 0.125878 0.145281 0.130235 0.147742 0.13515 0.147984 0.129137 0.144093 0.1240079 0.143045 0.121922 0.144525 0.125878 0.145281 0.121038 0.1449339 0.121922 0.144525 0.1172299 0.143637 0.121922 0.144525 0.1240079 0.143045 0.1177639 0.1416479 0.140574 0.107702 0.1303099 0.104428 0.129972 0.108711 0.129972 0.108711 0.129747 0.111762 0.139477 0.1154659 0.139477 0.1154659 0.149549 0.121403 0.150709 0.113664 0.1510969 0.109658 0.140574 0.107702 0.140096 0.112024 0.1303099 0.104428 0.119722 0.100346 0.11932 0.103985 0.108371 0.09546798 0.107822 0.09825295 0.11932 0.103985 0.107822 0.09825295 0.1075479 0.100082 0.119122 0.106437 0.129747 0.111762 0.129972 0.108711 0.11932 0.103985 0.150916 0.09476196 0.141936 0.09283697 0.141364 0.100938 0.141936 0.09283697 0.132377 0.09021896 0.1313419 0.09788697 0.1303099 0.104428 0.140574 0.107702 0.141364 0.100938 0.140574 0.107702 0.1510969 0.109658 0.151203 0.102976 0.132377 0.09021896 0.121921 0.08749496 0.120694 0.094464 0.10565 0.08345299 0.109516 0.09062999 0.120694 0.094464 0.109516 0.09062999 0.108371 0.09546798 0.119722 0.100346 0.119722 0.100346 0.1303099 0.104428 0.1313419 0.09788697 0.121921 0.08749496 0.132377 0.09021896 0.132722 0.082556 0.13331 0.068753 0.12498 0.067671 0.12309 0.08059495 0.12498 0.067671 0.114537 0.06373 0.112738 0.07894998 0.10565 0.08345299 0.121921 0.08749496 0.12309 0.08059495 0.132377 0.09021896 0.141936 0.09283697 0.141762 0.08450698 0.141936 0.09283697 0.150916 0.09476196 0.150124 0.08615797 0.149274 0.07096195 0.141567 0.06983298 0.141762 0.08450698 0.141567 0.06983298 0.13331 0.068753 0.132722 0.082556 0.149204 0.130653 0.149549 0.121403 0.145 0.129985 0.148779 0.139725 0.149204 0.130653 0.14647 0.138432 0.146559 0.147875 0.14647 0.138432 0.143232 0.151096 0.14647 0.138432 0.145 0.129985 0.140702 0.14139 0.1114889 0.120691 0.127485 0.116091 0.109502 0.110868 0.09841901 0.106809 0.09729796 0.111844 0.103967 0.115425 0.109502 0.110868 0.127485 0.116091 0.117095 0.109049 0.106128 0.102473 0.09914296 0.10137 0.106279 0.106604 0.09914296 0.10137 0.09267997 0.09934198 0.09665596 0.103261 0.09841901 0.106809 0.109502 0.110868 0.106279 0.106604 0.127485 0.116091 0.129747 0.111762 0.119122 0.106437 0.1075479 0.100082 0.106128 0.102473 0.117095 0.109049 0.145 0.129985 0.149549 0.121403 0.139477 0.1154659 0.129747 0.111762 0.127485 0.116091 0.137561 0.122194 0.127485 0.116091 0.129151 0.13176 0.1350769 0.134497 0.145 0.129985 0.137561 0.122194 0.1350769 0.134497 0.129151 0.13176 0.127485 0.116091 0.1114889 0.120691 0.09531599 0.153583 0.102634 0.1520839 0.100346 0.148966 0.09180998 0.149237 0.100346 0.148966 0.09983795 0.145943 0.081685 0.143333 0.07866597 0.1491709 0.09180998 0.149237 0.079418 0.1548759 0.09531599 0.153583 0.09180998 0.149237 0.102634 0.1520839 0.09531599 0.153583 0.09833699 0.156804 0.104875 0.154325 0.09833699 0.156804 0.101025 0.159288 0.09531599 0.153583 0.079418 0.1548759 0.08393198 0.159368 0.089298 0.162927 0.101025 0.159288 0.09833699 0.156804 0.106284 0.163203 0.112623 0.158525 0.10982 0.157414 0.1072199 0.155999 0.101025 0.159288 0.10353 0.161421 0.101025 0.159288 0.089298 0.162927 0.09260195 0.165828 0.095245 0.168251 0.106284 0.163203 0.10353 0.161421 0.112623 0.158525 0.106284 0.163203 0.109718 0.164631 0.115577 0.15929 0.109718 0.164631 0.113324 0.165758 0.106284 0.163203 0.095245 0.168251 0.09862697 0.170376 0.102316 0.172172 0.113324 0.165758 0.109718 0.164631 0.120502 0.167499 0.124277 0.160721 0.121034 0.160277 0.118457 0.159833 0.113324 0.165758 0.116594 0.166633 0.113324 0.165758 0.102316 0.172172 0.105879 0.173605 0.110188 0.174969 0.120502 0.167499 0.116594 0.166633 0.128511 0.160982 0.124652 0.168217 0.130572 0.168758 0.119894 0.176985 0.130572 0.168758 0.124652 0.168217 0.135026 0.161068 0.130572 0.168758 0.136623 0.168965 0.126116 0.178439 0.136623 0.168965 0.130572 0.168758 0.136623 0.168965 0.126116 0.178439 0.135019 0.1741 0.138255 0.1459079 0.13515 0.147984 0.1375679 0.154191 0.143232 0.151096 0.140702 0.14139 0.138255 0.1459079 0.135026 0.161068 0.140325 0.166851 0.141355 0.155261 0.143232 0.151096 0.141355 0.155261 0.140325 0.166851 0.128419 0.138795 0.119687 0.136471 0.1177639 0.1416479 0.129151 0.13176 0.117806 0.130198 0.119687 0.136471 0.128419 0.138795 0.1240079 0.143045 0.129137 0.144093 0.13515 0.147984 0.138255 0.1459079 0.133096 0.140435 0.140702 0.14139 0.1350769 0.134497 0.133096 0.140435 0.1350769 0.134497 0.129151 0.13176 0.128419 0.138795 0.103018 0.139182 0.107615 0.142699 0.111842 0.1417019 0.119687 0.136471 0.109979 0.137011 0.111842 0.1417019 0.117806 0.130198 0.105509 0.131676 0.109979 0.137011 0.105509 0.131676 0.09707897 0.134534 0.103018 0.139182 0.107615 0.142699 0.103018 0.139182 0.09564298 0.141674 0.09983795 0.145943 0.102937 0.143983 0.09564298 0.141674 0.09707897 0.134534 0.08847999 0.138436 0.09564298 0.141674 0.08847999 0.138436 0.081685 0.143333 0.09089398 0.144891 0.151386 0.1397179 0.148779 0.139725 0.146559 0.147875 0.156268 0.141453 0.154233 0.140727 0.151872 0.152333 0.154233 0.140727 0.151386 0.1397179 0.149047 0.152314 0.149047 0.152314 0.1489689 0.166909 0.152353 0.1647959 0.154531 0.1635839 0.153955 0.152397 0.151872 0.152333 0.146559 0.147875 0.135019 0.1741 0.1489689 0.166909 0.176343 0.1142179 0.176563 0.117969 0.191302 0.119246 0.176563 0.117969 0.175959 0.123448 0.187669 0.126424 0.175959 0.123448 0.175629 0.127278 0.186402 0.131258 0.176563 0.117969 0.165553 0.118208 0.167417 0.122067 0.165553 0.118208 0.155067 0.122164 0.158838 0.124401 0.158838 0.124401 0.1611779 0.126344 0.16842 0.125001 0.175629 0.127278 0.175959 0.123448 0.167417 0.122067 0.176343 0.1142179 0.163289 0.115399 0.165553 0.118208 0.163289 0.115399 0.149549 0.121403 0.155067 0.122164 0.24496 0.183515 0.245671 0.18119 0.242631 0.181955 0.245671 0.18119 0.2442359 0.18062 0.241618 0.1813639 0.2442359 0.18062 0.241302 0.179744 0.2408249 0.180777 0.246267 0.180588 0.244695 0.1799719 0.2442359 0.18062 0.244695 0.1799719 0.241828 0.178613 0.241302 0.179744 0.24496 0.183515 0.246432 0.182861 0.246267 0.180588 0.135019 0.1741 0.1451669 0.188323 0.158411 0.1773999 0.1451669 0.188323 0.156535 0.19584 0.169149 0.183781 0.158411 0.1773999 0.169149 0.183781 0.170228 0.178477 0.1703079 0.175051 0.161881 0.171135 0.160802 0.173583 0.161881 0.171135 0.154531 0.1635839 0.152353 0.1647959 0.1489689 0.166909 0.158411 0.1773999 0.160802 0.173583 0.169149 0.183781 0.183629 0.193242 0.183535 0.184383 0.183356 0.1791599 0.1703079 0.175051 0.170228 0.178477 0.156535 0.19584 0.174839 0.210312 0.183629 0.193242 0.205749 0.212706 0.210093 0.209263 0.205043 0.203095 0.202216 0.217276 0.205749 0.212706 0.19871 0.206368 0.210093 0.209263 0.216876 0.203458 0.21445 0.197551 0.210093 0.209263 0.214478 0.212909 0.218951 0.207324 0.202216 0.217276 0.20897 0.221477 0.211596 0.216574 0.214478 0.212909 0.210093 0.209263 0.205749 0.212706 0.195442 0.196121 0.202229 0.193981 0.2015129 0.1861889 0.201407 0.181842 0.19483 0.181348 0.194872 0.186704 0.19483 0.181348 0.183356 0.1791599 0.183535 0.184383 0.183629 0.193242 0.195442 0.196121 0.194872 0.186704 0.202229 0.193981 0.212631 0.190496 0.211432 0.185253 0.210713 0.182385 0.201407 0.181842 0.2015129 0.1861889 0.205043 0.203095 0.21445 0.197551 0.212631 0.190496 0.174839 0.210312 0.19871 0.206368 0.195442 0.196121 0.19871 0.206368 0.205043 0.203095 0.202229 0.193981 0.1924099 0.151287 0.188493 0.150058 0.1883389 0.154654 0.188493 0.150058 0.182983 0.1482999 0.182702 0.1532109 0.198238 0.1533319 0.1924099 0.151287 0.192218 0.155478 0.198105 0.156931 0.192218 0.155478 0.193279 0.161779 0.192218 0.155478 0.1883389 0.154654 0.189145 0.161368 0.1883389 0.154654 0.182702 0.1532109 0.182856 0.160075 0.209057 0.1314899 0.215682 0.125671 0.210509 0.118833 0.198031 0.112449 0.191302 0.119246 0.202704 0.124943 0.215682 0.125671 0.209057 0.1314899 0.2194769 0.142118 0.209057 0.1314899 0.205901 0.138267 0.216744 0.1468189 0.205901 0.138267 0.204574 0.141857 0.2151139 0.149157 0.205901 0.138267 0.209057 0.1314899 0.202704 0.124943 0.191302 0.119246 0.187669 0.126424 0.198662 0.132604 0.187669 0.126424 0.186402 0.131258 0.197264 0.137177 0.204574 0.141857 0.205901 0.138267 0.198662 0.132604 0.210713 0.182385 0.211432 0.185253 0.221122 0.184252 0.211432 0.185253 0.212631 0.190496 0.222248 0.1876119 0.221122 0.184252 0.222248 0.1876119 0.2279 0.1862069 0.233135 0.184791 0.231913 0.182581 0.226757 0.1833969 0.231913 0.182581 0.2313899 0.180115 0.225778 0.181691 0.220359 0.18238 0.221122 0.184252 0.226757 0.1833969 0.223717 0.192785 0.229495 0.190392 0.2279 0.1862069 0.229495 0.190392 0.2347559 0.18792 0.233135 0.184791 0.21445 0.197551 0.223717 0.192785 0.222248 0.1876119 0.216876 0.203458 0.225087 0.198018 0.223717 0.192785 0.225087 0.198018 0.231091 0.194929 0.229495 0.190392 0.231091 0.194929 0.236407 0.191455 0.2347559 0.18792 0.225087 0.198018 0.226369 0.201617 0.232496 0.198131 0.237879 0.193907 0.236407 0.191455 0.231091 0.194929 0.216876 0.203458 0.218951 0.207324 0.226369 0.201617 0.224949 0.137665 0.2194769 0.142118 0.2288759 0.152553 0.238499 0.16527 0.242116 0.163873 0.238456 0.156997 0.2335799 0.149653 0.2288759 0.152553 0.2341639 0.159111 0.2341639 0.159111 0.2288759 0.152553 0.226325 0.155788 0.224619 0.157314 0.229897 0.162621 0.231696 0.161613 0.229897 0.162621 0.234632 0.169131 0.236315 0.167043 0.238499 0.16527 0.2341639 0.159111 0.231696 0.161613 0.2288759 0.152553 0.2194769 0.142118 0.216744 0.1468189 0.2151139 0.149157 0.224619 0.157314 0.226325 0.155788 0.203889 0.155385 0.198238 0.1533319 0.198105 0.156931 0.211098 0.158612 0.207348 0.156686 0.207273 0.159153 0.207348 0.156686 0.203889 0.155385 0.203781 0.1583189 0.207273 0.159153 0.203781 0.1583189 0.205058 0.163072 0.211006 0.160984 0.207273 0.159153 0.2086229 0.163361 0.203781 0.1583189 0.198105 0.156931 0.199196 0.162469 0.237769 0.183356 0.236756 0.182012 0.231913 0.182581 0.236756 0.182012 0.236358 0.18054 0.2313899 0.180115 0.236756 0.182012 0.237769 0.183356 0.242631 0.181955 0.236358 0.18054 0.236756 0.182012 0.241618 0.1813639 0.239328 0.185322 0.243454 0.1828809 0.242631 0.181955 0.2347559 0.18792 0.239328 0.185322 0.237769 0.183356 0.236407 0.191455 0.24079 0.1875039 0.239328 0.185322 0.24079 0.1875039 0.24496 0.183515 0.243454 0.1828809 0.24079 0.1875039 0.24237 0.18874 0.246432 0.182861 0.24237 0.18874 0.24079 0.1875039 0.236407 0.191455 0.241554 0.170683 0.244198 0.170062 0.242116 0.163873 0.244198 0.170062 0.241554 0.170683 0.244563 0.17627 0.244563 0.17627 0.241554 0.170683 0.239922 0.1717799 0.2387 0.173141 0.242376 0.176713 0.243394 0.176567 0.241554 0.170683 0.238499 0.16527 0.236315 0.167043 0.234632 0.169131 0.2387 0.173141 0.239922 0.1717799 0.2374809 0.1763679 0.233128 0.173985 0.2322649 0.177085 0.241828 0.178613 0.2374809 0.1763679 0.236701 0.178508 0.236701 0.178508 0.236358 0.18054 0.2408249 0.180777 0.236358 0.18054 0.236701 0.178508 0.2322649 0.177085 0.156268 0.141453 0.153955 0.152397 0.157944 0.152458 0.160133 0.142677 0.157944 0.152458 0.163906 0.152195 0.157944 0.152458 0.1581349 0.162009 0.163892 0.159768 0.153955 0.152397 0.154531 0.1635839 0.1581349 0.162009 0.186402 0.131258 0.175629 0.127278 0.1767849 0.1305609 0.186577 0.134532 0.1767849 0.1305609 0.180196 0.1346909 0.1767849 0.1305609 0.170935 0.128448 0.1753799 0.133047 0.170935 0.128448 0.165035 0.129528 0.170306 0.1339319 0.175629 0.127278 0.16842 0.125001 0.170935 0.128448 0.16842 0.125001 0.1611779 0.126344 0.165035 0.129528 0.154531 0.1635839 0.161881 0.171135 0.164079 0.1684229 0.161881 0.171135 0.1703079 0.175051 0.171347 0.171738 0.164079 0.1684229 0.171347 0.171738 0.175153 0.166978 0.1581349 0.162009 0.164079 0.1684229 0.168956 0.16451 0.171347 0.171738 0.18369 0.174894 0.184962 0.1700479 0.1703079 0.175051 0.183356 0.1791599 0.18369 0.174894 0.204574 0.141857 0.20344 0.143571 0.212727 0.149637 0.20344 0.143571 0.201505 0.144323 0.209147 0.149016 0.201505 0.144323 0.20344 0.143571 0.196739 0.139678 0.196739 0.139678 0.186577 0.134532 0.187929 0.13753 0.20344 0.143571 0.204574 0.141857 0.197264 0.137177 0.197264 0.137177 0.186402 0.131258 0.186577 0.134532 0.183356 0.1791599 0.19483 0.181348 0.194777 0.177033 0.19483 0.181348 0.201407 0.181842 0.201046 0.178054 0.194777 0.177033 0.201046 0.178054 0.199039 0.1726329 0.18369 0.174894 0.194777 0.177033 0.193827 0.1719779 0.199039 0.1726329 0.201046 0.178054 0.209709 0.179288 0.201407 0.181842 0.210713 0.182385 0.209709 0.179288 0.2285079 0.164876 0.234632 0.169131 0.229897 0.162621 0.224619 0.157314 0.22156 0.156796 0.226275 0.1613039 0.22156 0.156796 0.216392 0.154462 0.220399 0.158003 0.222427 0.161034 0.2285079 0.164876 0.226275 0.1613039 0.212727 0.149637 0.209147 0.149016 0.216392 0.154462 0.2151139 0.149157 0.212727 0.149637 0.22156 0.156796 0.2322649 0.177085 0.2268199 0.173781 0.225534 0.177417 0.2268199 0.173781 0.221364 0.1692889 0.220431 0.172572 0.227537 0.1702319 0.221884 0.165983 0.221364 0.1692889 0.233128 0.173985 0.227537 0.1702319 0.2268199 0.173781 0.209709 0.179288 0.210713 0.182385 0.220359 0.18238 0.2064149 0.173546 0.209709 0.179288 0.218729 0.1797569 0.213905 0.173996 0.218729 0.1797569 0.223188 0.179197 0.225534 0.177417 0.220431 0.172572 0.218052 0.173853 0.218729 0.1797569 0.220359 0.18238 0.225778 0.181691 0.2313899 0.180115 0.225534 0.177417 0.223188 0.179197 0.1655949 0.144388 0.163906 0.152195 0.167216 0.150898 0.168656 0.144501 0.167216 0.150898 0.169528 0.149138 0.167216 0.150898 0.166993 0.156993 0.168848 0.154175 0.163906 0.152195 0.163892 0.159768 0.166993 0.156993 0.187929 0.13753 0.180196 0.1346909 0.180844 0.136875 0.186774 0.139035 0.180844 0.136875 0.1791239 0.138526 0.180844 0.136875 0.176767 0.135422 0.17589 0.137192 0.176767 0.135422 0.172371 0.136047 0.1730509 0.13704 0.180196 0.1346909 0.1753799 0.133047 0.176767 0.135422 0.1753799 0.133047 0.170306 0.1339319 0.172371 0.136047 0.163892 0.159768 0.168956 0.16451 0.17147 0.160702 0.168956 0.16451 0.175153 0.166978 0.176818 0.162666 0.17147 0.160702 0.176818 0.162666 0.1764619 0.157916 0.166993 0.156993 0.17147 0.160702 0.172109 0.156283 0.176818 0.162666 0.184511 0.165311 0.182856 0.160075 0.175153 0.166978 0.184962 0.1700479 0.184511 0.165311 0.201505 0.144323 0.198365 0.144626 0.204851 0.148335 0.198365 0.144626 0.193975 0.145065 0.199984 0.148115 0.193975 0.145065 0.198365 0.144626 0.19352 0.142094 0.186774 0.139035 0.183975 0.140451 0.1897 0.143007 0.198365 0.144626 0.201505 0.144323 0.196039 0.14129 0.196039 0.14129 0.187929 0.13753 0.186774 0.139035 0.184962 0.1700479 0.193827 0.1719779 0.191797 0.1669 0.193827 0.1719779 0.199039 0.1726329 0.196375 0.167336 0.191797 0.1669 0.196375 0.167336 0.193279 0.161779 0.184511 0.165311 0.191797 0.1669 0.189145 0.161368 0.196375 0.167336 0.202714 0.167906 0.199196 0.162469 0.196375 0.167336 0.199039 0.1726329 0.2064149 0.173546 0.2165769 0.157928 0.222427 0.161034 0.220399 0.158003 0.216392 0.154462 0.211103 0.152582 0.214679 0.155418 0.211103 0.152582 0.205713 0.15145 0.20906 0.1536689 0.211049 0.1553879 0.2165769 0.157928 0.214679 0.155418 0.204851 0.148335 0.199984 0.148115 0.205713 0.15145 0.209147 0.149016 0.204851 0.148335 0.211103 0.152582 0.221364 0.1692889 0.2161459 0.164965 0.215497 0.167628 0.2161459 0.164965 0.211006 0.160984 0.210735 0.1633149 0.216437 0.162107 0.211098 0.158612 0.211006 0.160984 0.221884 0.165983 0.216437 0.162107 0.2161459 0.164965 0.202714 0.167906 0.2064149 0.173546 0.213905 0.173996 0.199196 0.162469 0.202714 0.167906 0.209197 0.168354 0.205058 0.163072 0.209197 0.168354 0.213153 0.168476 0.215497 0.167628 0.210735 0.1633149 0.2086229 0.163361 0.209197 0.168354 0.213905 0.173996 0.218052 0.173853 0.220431 0.172572 0.215497 0.167628 0.213153 0.168476 0.149549 0.121403 0.149204 0.130653 0.152523 0.130186 0.152523 0.130186 0.155943 0.131933 0.158838 0.124401 0.155943 0.131933 0.158285 0.133336 0.1611779 0.126344 0.155943 0.131933 0.152523 0.130186 0.151386 0.1397179 0.158285 0.133336 0.155943 0.131933 0.154233 0.140727 0.149204 0.130653 0.148779 0.139725 0.151386 0.1397179 0.162155 0.135504 0.158285 0.133336 0.156268 0.141453 0.158285 0.133336 0.162155 0.135504 0.165035 0.129528 0.162155 0.135504 0.167617 0.138736 0.170306 0.1339319 0.167617 0.138736 0.162155 0.135504 0.160133 0.142677 0.167617 0.138736 0.1655949 0.144388 0.168656 0.144501 0.170306 0.1339319 0.167617 0.138736 0.170238 0.14003 0.172371 0.136047 0.170238 0.14003 0.171789 0.14022 0.170238 0.14003 0.168656 0.144501 0.170836 0.143904 0.178183 0.142964 0.174993 0.141558 0.1744149 0.145009 0.171789 0.14022 0.170836 0.143904 0.1744149 0.145009 0.174993 0.141558 0.178183 0.142964 0.1791239 0.138526 0.1730509 0.13704 0.171789 0.14022 0.174993 0.141558 0.178183 0.142964 0.183042 0.144746 0.183975 0.140451 0.183042 0.144746 0.178183 0.142964 0.17782 0.146435 0.1922979 0.148171 0.188376 0.14667 0.188493 0.150058 0.188376 0.14667 0.183042 0.144746 0.182983 0.1482999 0.188376 0.14667 0.1922979 0.148171 0.193975 0.145065 0.183042 0.144746 0.188376 0.14667 0.1897 0.143007 0.1922979 0.148171 0.19828 0.1506749 0.199984 0.148115 0.19828 0.1506749 0.1922979 0.148171 0.1924099 0.151287 0.203909 0.153234 0.19828 0.1506749 0.198238 0.1533319 0.19828 0.1506749 0.203909 0.153234 0.205713 0.15145 0.203909 0.153234 0.207306 0.154911 0.20906 0.1536689 0.207306 0.154911 0.211143 0.1569589 0.211049 0.1553879 0.207306 0.154911 0.203909 0.153234 0.203889 0.155385 0.211143 0.1569589 0.207306 0.154911 0.207348 0.156686 0.22238 0.163573 0.216705 0.1600649 0.216437 0.162107 0.216705 0.1600649 0.211143 0.1569589 0.211098 0.158612 0.211143 0.1569589 0.216705 0.1600649 0.2165769 0.157928 0.216705 0.1600649 0.22238 0.163573 0.222427 0.161034 0.233822 0.17155 0.228314 0.167683 0.227537 0.1702319 0.228314 0.167683 0.22238 0.163573 0.221884 0.165983 0.22238 0.163573 0.228314 0.167683 0.2285079 0.164876 0.228314 0.167683 0.233822 0.17155 0.234632 0.169131 0.237866 0.174581 0.233822 0.17155 0.233128 0.173985 0.233822 0.17155 0.237866 0.174581 0.2387 0.173141 0.237866 0.174581 0.24207 0.177643 0.242376 0.176713 0.24207 0.177643 0.237866 0.174581 0.2374809 0.1763679 0.246432 0.182861 0.246973 0.176865 0.246085 0.179601 0.246085 0.179601 0.244767 0.17925 0.244695 0.1799719 0.244767 0.17925 0.24207 0.177643 0.241828 0.178613 0.246085 0.179601 0.244563 0.17627 0.243394 0.176567 0.24207 0.177643 0.244767 0.17925 0.243394 0.176567 0.246973 0.176865 0.24581 0.1757979 0.244563 0.17627 0.246488 0.170402 0.248974 0.171645 0.2494339 0.164601 0.248974 0.171645 0.246488 0.170402 0.246973 0.176865 0.246488 0.170402 0.244198 0.170062 0.24581 0.1757979 0.244198 0.170062 0.246488 0.170402 0.245669 0.163987 0.2383019 0.137329 0.231261 0.137088 0.238709 0.149146 0.244374 0.149194 0.238709 0.149146 0.242896 0.156821 0.245669 0.163987 0.2494339 0.164601 0.247758 0.157078 0.238709 0.149146 0.2335799 0.149653 0.238456 0.156997 0.242116 0.163873 0.245669 0.163987 0.242896 0.156821 0.231261 0.137088 0.224949 0.137665 0.2335799 0.149653 0.222748 0.125081 0.2313809 0.126326 0.226733 0.1189759 0.224421 0.110972 0.215166 0.109603 0.2175509 0.117573 0.2313809 0.126326 0.222748 0.125081 0.231261 0.137088 0.222748 0.125081 0.215682 0.125671 0.224949 0.137665 0.215682 0.125671 0.222748 0.125081 0.2175509 0.117573 0.215166 0.109603 0.198031 0.112449 0.210509 0.118833 0.223011 0.08950096 0.2177349 0.100023 0.226619 0.101505 0.2177349 0.100023 0.215166 0.109603 0.224421 0.110972 0.2177349 0.100023 0.223011 0.08950096 0.2161819 0.08724397 0.215166 0.109603 0.2177349 0.100023 0.21094 0.09926897 0.223011 0.08950096 0.228747 0.07870596 0.222413 0.076137 0.228747 0.07870596 0.236441 0.06401598 0.230449 0.06191599 0.228747 0.07870596 0.223011 0.08950096 0.231119 0.09122496 0.236441 0.06401598 0.228747 0.07870596 0.235713 0.08078396 0.114349 0.17589 0.124652 0.168217 0.120502 0.167499 0.124277 0.160721 0.120502 0.167499 0.124652 0.168217 0.128511 0.160982 0.1275179 0.155793 0.1244879 0.156008 0.1275179 0.155793 0.1255609 0.152643 0.1239089 0.1530399 0.06293696 0.03290098 0.06174194 0.03320598 0.06127399 0.03929698 0.06174194 0.03320598 0.06054699 0.03351199 0.06006497 0.03976899 0.06569695 0.03248494 0.06413197 0.03259599 0.06366896 0.03836297 0.06413197 0.03259599 0.06293696 0.03290098 0.06247794 0.03882795 0.07150697 0.04005199 0.07240897 0.03353798 0.06800198 0.032763 0.06800198 0.032763 0.06569695 0.03248494 0.065153 0.03823095 0.08893895 0.04457396 0.08921599 0.03649199 0.08028095 0.034922 0.07240897 0.03353798 0.07150697 0.04005199 0.07957696 0.04219597 0.102683 0.048096 0.103005 0.03945899 0.09681397 0.037826 0.08921599 0.03649199 0.08893895 0.04457396 0.09709 0.04656594 0.111693 0.04481196 0.107718 0.04192698 0.106411 0.052055 0.107718 0.04192698 0.103005 0.03945899 0.102683 0.048096 0.118097 0.04885095 0.111693 0.04481196 0.109449 0.05668097 0.134643 0.05171698 0.127143 0.05114996 0.12498 0.067671 0.127143 0.05114996 0.118097 0.04885095 0.114537 0.06373 0.1492919 0.05288195 0.1421419 0.052284 0.141567 0.06983298 0.1421419 0.052284 0.134643 0.05171698 0.13331 0.068753 0.161765 0.05375999 0.155744 0.05354297 0.1559579 0.072187 0.155744 0.05354297 0.1492919 0.05288195 0.149274 0.07096195 0.170231 0.05240195 0.161765 0.05375999 0.161996 0.07270199 0.18071 0.06413 0.180398 0.04863899 0.176939 0.05046397 0.170231 0.05240195 0.170342 0.07071995 0.177124 0.06741297 0.187766 0.05533099 0.188086 0.04379999 0.183694 0.04586195 0.180398 0.04863899 0.18071 0.06413 0.184015 0.05932098 0.201319 0.057585 0.20371 0.04563897 0.194833 0.04411995 0.188086 0.04379999 0.187766 0.05533099 0.193198 0.05598199 0.2199029 0.06036895 0.224245 0.04833894 0.214491 0.04717397 0.20371 0.04563897 0.201319 0.057585 0.2111099 0.05916398 0.230449 0.06191599 0.236164 0.049483 0.230036 0.04874795 0.224245 0.04833894 0.2199029 0.06036895 0.225033 0.060853 0.242789 0.05104297 0.236164 0.049483 0.230449 0.06191599 0.249495 0.05273997 0.242789 0.05104297 0.236441 0.06401598 0.1922439 0.277683 0.198749 0.26372 0.192703 0.261788 0.18534 0.276298 0.192703 0.261788 0.184877 0.258809 0.166467 0.254561 0.1701999 0.264312 0.183705 0.248688 0.1701999 0.264312 0.176208 0.273399 0.184877 0.258809 0.150569 0.229668 0.162356 0.244823 0.182876 0.226299 0.162356 0.244823 0.166467 0.254561 0.183353 0.237354 0.13302 0.214585 0.150569 0.229668 0.174839 0.210312 0.110592 0.1975769 0.1220999 0.206193 0.1451669 0.188323 0.1220999 0.206193 0.13302 0.214585 0.156535 0.19584 0.126116 0.178439 0.103906 0.1927739 0.110592 0.1975769 0.103906 0.1927739 0.126116 0.178439 0.119894 0.176985 0.098742 0.190168 0.119894 0.176985 0.114349 0.17589 0.09426397 0.188031 0.114349 0.17589 0.110188 0.174969 0.102316 0.172172 0.08403599 0.182232 0.08727097 0.184364 0.090882 0.186377 0.110188 0.174969 0.105879 0.173605 0.095245 0.168251 0.07671695 0.1761839 0.08033996 0.179425 0.08403599 0.182232 0.102316 0.172172 0.09862697 0.170376 0.089298 0.162927 0.06879895 0.1686 0.07370597 0.172752 0.07671695 0.1761839 0.095245 0.168251 0.09260195 0.165828 0.046947 0.175195 0.06879895 0.1686 0.05949199 0.1631979 0.04981398 0.155502 0.03294396 0.158929 0.04000198 0.167563 0.03294396 0.158929 0.04981398 0.155502 0.04335397 0.146903 0.04194998 0.138407 0.02548295 0.1404809 0.02809697 0.150285 0.02548295 0.1404809 0.04194998 0.138407 0.04140895 0.12988 0.04140895 0.12988 0.04208499 0.122111 0.02640795 0.116751 0.04208499 0.122111 0.04432898 0.115892 0.02871698 0.108426 0.04432898 0.115892 0.04802399 0.109359 0.03289699 0.100246 0.04802399 0.109359 0.05058395 0.104868 0.03676599 0.09490096 0.05058395 0.104868 0.05190795 0.102283 0.03876197 0.093055 0.05269598 0.09935998 0.04027295 0.09167397 0.03876197 0.093055 0.04027295 0.09167397 0.05269598 0.09935998 0.05263996 0.09559595 0.05184197 0.09129899 0.04216396 0.088045 0.04131096 0.08996099 0.04216396 0.088045 0.05184197 0.09129899 0.05040198 0.08677595 0.05040198 0.08677595 0.04864197 0.08213996 0.044254 0.08401197 0.05495798 0.185442 0.07671695 0.1761839 0.07370597 0.172752 0.06879895 0.1686 0.046947 0.175195 0.05145299 0.180833 0.07671695 0.1761839 0.05495798 0.185442 0.05889797 0.189986 0.06259 0.19397 0.08403599 0.182232 0.08033996 0.179425 0.08403599 0.182232 0.06259 0.19397 0.06534999 0.196896 0.06799 0.1996499 0.090882 0.186377 0.08727097 0.184364 0.07037198 0.20221 0.09426397 0.188031 0.090882 0.186377 0.07354897 0.205583 0.098742 0.190168 0.09426397 0.188031 0.07732295 0.209439 0.103906 0.1927739 0.098742 0.190168 0.103906 0.1927739 0.07732295 0.209439 0.08401995 0.216655 0.1220999 0.206193 0.110592 0.1975769 0.08401995 0.216655 0.13302 0.214585 0.1220999 0.206193 0.09472596 0.227349 0.150569 0.229668 0.13302 0.214585 0.10502 0.236783 0.150569 0.229668 0.124122 0.253114 0.140364 0.26725 0.166467 0.254561 0.162356 0.244823 0.140364 0.26725 0.1701999 0.264312 0.166467 0.254561 0.1485739 0.275036 0.176208 0.273399 0.1701999 0.264312 0.156104 0.282831 0.176711 0.292067 0.18534 0.276298 0.176208 0.273399 0.184647 0.291612 0.1922439 0.277683 0.18534 0.276298 0.249526 0.03708297 0.242789 0.05104297 0.249495 0.05273997 0.236164 0.049483 0.242789 0.05104297 0.249526 0.03708297 0.236164 0.049483 0.242027 0.03612995 0.235114 0.03567898 0.228666 0.03527098 0.224245 0.04833894 0.230036 0.04874795 0.224245 0.04833894 0.228666 0.03527098 0.217891 0.03408998 0.206023 0.03252899 0.20371 0.04563897 0.214491 0.04717397 0.20371 0.04563897 0.206023 0.03252899 0.196297 0.03097695 0.188978 0.02997398 0.188086 0.04379999 0.194833 0.04411995 0.188086 0.04379999 0.188978 0.02997398 0.184332 0.03005599 0.181001 0.030559 0.180398 0.04863899 0.183694 0.04586195 0.180398 0.04863899 0.181001 0.030559 0.1776289 0.03081899 0.170231 0.05240195 0.176939 0.05046397 0.1776289 0.03081899 0.161765 0.05375999 0.170231 0.05240195 0.170835 0.03133594 0.155744 0.05354297 0.161765 0.05375999 0.161974 0.03209894 0.1492919 0.05288195 0.155744 0.05354297 0.155791 0.03236699 0.1421419 0.052284 0.1492919 0.05288195 0.149471 0.03245997 0.134643 0.05171698 0.1421419 0.052284 0.142916 0.03244596 0.127143 0.05114996 0.134643 0.05171698 0.136245 0.03237998 0.118097 0.04885095 0.127143 0.05114996 0.129573 0.03231298 0.111693 0.04481196 0.118097 0.04885095 0.12064 0.03168696 0.107718 0.04192698 0.111693 0.04481196 0.112997 0.03043097 0.103005 0.03945899 0.107718 0.04192698 0.108045 0.02952396 0.103005 0.03945899 0.102762 0.02874195 0.09681695 0.02820998 0.08978497 0.02773499 0.08921599 0.03649199 0.09681397 0.037826 0.08921599 0.03649199 0.08978497 0.02773499 0.08123898 0.02712297 0.07350498 0.02654498 0.07240897 0.03353798 0.08028095 0.034922 0.06800198 0.032763 0.07240897 0.03353798 0.07350498 0.02654498 0.06569695 0.03248494 0.06800198 0.032763 0.06890898 0.02617096 0.06413197 0.03259599 0.06569695 0.03248494 0.06634098 0.02598899 0.06293696 0.03290098 0.06413197 0.03259599 0.06468999 0.02598994 0.06174194 0.03320598 0.06293696 0.03290098 0.06349796 0.02608197 0.06054699 0.03351199 0.06174194 0.03320598 0.06230598 0.02617394 0.06349796 0.02608197 0.06293696 0.03290098 0.06174194 0.03320598 0.06293696 0.03290098 0.06349796 0.02608197 0.06468999 0.02598994 0.06634098 0.02598899 0.06569695 0.03248494 0.06413197 0.03259599 0.06569695 0.03248494 0.06634098 0.02598899 0.06890898 0.02617096 0.07350498 0.02654498 0.07240897 0.03353798 0.06800198 0.032763 0.08028095 0.034922 0.07240897 0.03353798 0.07350498 0.02654498 0.08921599 0.03649199 0.08028095 0.034922 0.08123898 0.02712297 0.09681397 0.037826 0.08921599 0.03649199 0.08978497 0.02773499 0.103005 0.03945899 0.09681397 0.037826 0.09681695 0.02820998 0.103005 0.03945899 0.102762 0.02874195 0.108045 0.02952396 0.112997 0.03043097 0.111693 0.04481196 0.107718 0.04192698 0.111693 0.04481196 0.112997 0.03043097 0.12064 0.03168696 0.118097 0.04885095 0.12064 0.03168696 0.129573 0.03231298 0.136245 0.03237998 0.134643 0.05171698 0.127143 0.05114996 0.134643 0.05171698 0.136245 0.03237998 0.142916 0.03244596 0.149471 0.03245997 0.1492919 0.05288195 0.1421419 0.052284 0.1492919 0.05288195 0.149471 0.03245997 0.1557919 0.03236699 0.161974 0.03209894 0.161765 0.05375999 0.155744 0.05354297 0.161765 0.05375999 0.161974 0.03209894 0.170835 0.03133594 0.170231 0.05240195 0.170835 0.03133594 0.1776289 0.03081899 0.180398 0.04863899 0.176939 0.05046397 0.1776289 0.03081899 0.183694 0.04586195 0.180398 0.04863899 0.181001 0.030559 0.188086 0.04379999 0.183694 0.04586195 0.184332 0.03005599 0.194833 0.04411995 0.188086 0.04379999 0.188978 0.02997398 0.20371 0.04563897 0.194833 0.04411995 0.196297 0.03097695 0.214491 0.04717397 0.20371 0.04563897 0.206023 0.03252899 0.224245 0.04833894 0.214491 0.04717397 0.217891 0.03408998 0.230036 0.04874795 0.224245 0.04833894 0.228666 0.03527098 0.236164 0.049483 0.230036 0.04874795 0.235114 0.03567898 0.249526 0.03708297 0.242789 0.05104297 0.236164 0.049483 0.249495 0.05273997 0.242789 0.05104297 0.249526 0.03708297 0.18534 0.276298 0.1922439 0.277683 0.184647 0.291612 0.176208 0.273399 0.18534 0.276298 0.176711 0.292067 0.176208 0.273399 0.165759 0.290007 0.156104 0.282831 0.1485739 0.275036 0.166467 0.254561 0.1701999 0.264312 0.162356 0.244823 0.166467 0.254561 0.1485739 0.275036 0.150569 0.229668 0.162356 0.244823 0.140364 0.26725 0.10502 0.236783 0.13302 0.214585 0.150569 0.229668 0.13302 0.214585 0.10502 0.236783 0.09472596 0.227349 0.08401995 0.216655 0.110592 0.1975769 0.1220999 0.206193 0.103906 0.1927739 0.110592 0.1975769 0.08401995 0.216655 0.098742 0.190168 0.103906 0.1927739 0.07732295 0.209439 0.09426397 0.188031 0.098742 0.190168 0.07354897 0.205583 0.090882 0.186377 0.09426397 0.188031 0.07037198 0.20221 0.08727097 0.184364 0.090882 0.186377 0.06799 0.1996499 0.08403599 0.182232 0.08727097 0.184364 0.06534999 0.196896 0.08033996 0.179425 0.08403599 0.182232 0.06259 0.19397 0.07671695 0.1761839 0.08033996 0.179425 0.05889797 0.189986 0.07370597 0.172752 0.07671695 0.1761839 0.05495798 0.185442 0.06879895 0.1686 0.07370597 0.172752 0.05145299 0.180833 0.06879895 0.1686 0.089298 0.162927 0.08393198 0.159368 0.079418 0.1548759 0.04981398 0.155502 0.05949199 0.1631979 0.05949199 0.1631979 0.06879895 0.1686 0.046947 0.175195 0.04981398 0.155502 0.05949199 0.1631979 0.04000198 0.167563 0.340791 0.272541 0.341924 0.275745 0.34817 0.276575 0.363033 0.289443 0.341593 0.286692 0.34076 0.290679 0.361027 0.30033 0.340246 0.294458 0.339568 0.298396 0.36257 0.296456 0.34076 0.290679 0.340246 0.294458 0.362901 0.282048 0.342195 0.279214 0.341999 0.282655 0.339568 0.298396 0.339816 0.301268 0.351438 0.304962 0.380681 0.282645 0.383277 0.291793 0.392191 0.292502 0.391933 0.274339 0.379776 0.27544 0.380681 0.282645 0.375764 0.316879 0.374239 0.319893 0.385869 0.32303 0.381057 0.306908 0.3782 0.312429 0.389741 0.314197 0.382025 0.303157 0.381057 0.306908 0.391932 0.309094 0.392191 0.292502 0.383277 0.291793 0.382749 0.300425 0.379776 0.27544 0.391933 0.274339 0.390746 0.267773 0.380681 0.282645 0.362901 0.282048 0.363033 0.289443 0.374341 0.27459 0.362901 0.282048 0.380681 0.282645 0.375764 0.316879 0.359708 0.305393 0.365484 0.316353 0.361027 0.30033 0.359708 0.305393 0.3782 0.312429 0.36257 0.296456 0.361027 0.30033 0.381057 0.306908 0.383277 0.291793 0.363033 0.289443 0.36257 0.296456 0.374341 0.27459 0.379776 0.27544 0.379033 0.269897 0.462246 0.300622 0.466138 0.305856 0.47764 0.303457 0.339816 0.301268 0.338942 0.30455 0.350975 0.308435 0.353331 0.269291 0.340912 0.269168 0.35952 0.273949 0.34817 0.276575 0.341924 0.275745 0.342195 0.279214 0.369404 0.268554 0.360345 0.270545 0.35952 0.273949 0.374341 0.27459 0.35952 0.273949 0.362572 0.278762 0.359708 0.305393 0.351438 0.304962 0.350975 0.308435 0.469241 0.169277 0.467644 0.163087 0.470526 0.162376 0.479936 0.32366 0.47987 0.320123 0.477044 0.320781 0.480259 0.326183 0.479936 0.32366 0.476892 0.325186 0.474362 0.321949 0.4747 0.326621 0.476892 0.325186 0.4747 0.326621 0.47501 0.329337 0.477235 0.327711 0.470525 0.324244 0.471409 0.328899 0.47309 0.327727 0.472465 0.322973 0.47309 0.327727 0.4747 0.326621 0.471409 0.328899 0.471499 0.332115 0.473564 0.330543 0.47309 0.327727 0.473564 0.330543 0.47501 0.329337 0.483323 0.32015 0.482059 0.323298 0.484665 0.323073 0.482059 0.323298 0.483323 0.32015 0.47987 0.320123 0.482235 0.167562 0.481999 0.160597 0.484592 0.160836 0.479727 0.167747 0.479227 0.160616 0.481999 0.160597 0.4758 0.168148 0.474935 0.161353 0.479227 0.160616 0.471775 0.168681 0.470526 0.162376 0.472681 0.161858 0.484592 0.171274 0.481909 0.171138 0.482235 0.167562 0.481909 0.171138 0.479383 0.1712999 0.479727 0.167747 0.471775 0.168681 0.472779 0.172296 0.470146 0.173207 0.473752 0.168371 0.474335 0.172008 0.472779 0.172296 0.4758 0.168148 0.479727 0.167747 0.479383 0.1712999 0.467644 0.163087 0.465382 0.159076 0.468387 0.155996 0.481835 0.152573 0.481999 0.160597 0.479227 0.160616 0.470526 0.162376 0.468387 0.155996 0.471131 0.155591 0.479227 0.160616 0.474935 0.161353 0.474112 0.154747 0.481507 0.308465 0.481997 0.306454 0.47872 0.307461 0.478487 0.30964 0.476646 0.314943 0.478634 0.314849 0.482894 0.308929 0.483428 0.304839 0.481997 0.306454 0.481507 0.308465 0.478634 0.314849 0.480716 0.31509 0.475238 0.307949 0.47764 0.303457 0.471456 0.306899 0.475592 0.309832 0.475238 0.307949 0.471145 0.308341 0.478487 0.30964 0.47872 0.307461 0.475238 0.307949 0.476646 0.314943 0.478487 0.30964 0.475592 0.309832 0.477044 0.320781 0.47789 0.317777 0.475521 0.318232 0.47789 0.317777 0.478634 0.314849 0.476646 0.314943 0.47987 0.320123 0.480337 0.3177 0.47789 0.317777 0.480337 0.3177 0.480716 0.31509 0.478634 0.314849 0.474362 0.321949 0.475521 0.318232 0.472285 0.319014 0.475521 0.318232 0.476646 0.314943 0.474475 0.314858 0.472285 0.319014 0.46846 0.319633 0.470525 0.324244 0.484592 0.152921 0.484592 0.160836 0.481999 0.160597 0.473752 0.168371 0.472681 0.161858 0.474935 0.161353 0.470525 0.324244 0.46846 0.319633 0.467088 0.322047 0.484677 0.308829 0.48468 0.305583 0.484376 0.305764 0.48467 0.317956 0.484672 0.315373 0.483396 0.315148 0.484035 0.309028 0.483396 0.315148 0.484672 0.315373 0.483289 0.317624 0.483396 0.315148 0.480716 0.31509 0.482894 0.308929 0.480716 0.31509 0.483396 0.315148 0.482894 0.308929 0.484035 0.309028 0.484376 0.305764 0.48467 0.317956 0.483289 0.317624 0.483323 0.32015 0.482092 0.325692 0.482059 0.323298 0.479936 0.32366 0.47872 0.307461 0.481997 0.306454 0.481871 0.304391 0.474475 0.314858 0.475592 0.309832 0.470723 0.310389 0.474935 0.161353 0.472681 0.161858 0.471131 0.155591 0.4758 0.168148 0.475937 0.171818 0.474335 0.172008 0.48468 0.305583 0.484683 0.300851 0.483428 0.304839 0.481871 0.304391 0.483428 0.304839 0.484683 0.300851 0.474475 0.314858 0.469052 0.314514 0.46846 0.319633 0.469711 0.329392 0.469962 0.332243 0.471499 0.332115 0.471409 0.328899 0.470525 0.324244 0.468648 0.325041 0.483323 0.32015 0.483289 0.317624 0.480337 0.3177 0.482059 0.323298 0.482092 0.325692 0.484663 0.325155 0.382749 0.300425 0.382362 0.301712 0.382025 0.303157 0.382749 0.300425 0.36257 0.296456 0.382025 0.303157 0.3782 0.312429 0.359708 0.305393 0.375764 0.316879 0.374568 0.283398 0.376147 0.290535 0.365734 0.289063 0.346135 0.299364 0.346034 0.304773 0.338584 0.301901 0.346135 0.299364 0.339041 0.297926 0.339344 0.294119 0.390475 0.281994 0.390448 0.28931 0.381394 0.289319 0.389516 0.27441 0.390475 0.281994 0.378747 0.283449 0.386173 0.323415 0.374389 0.321057 0.375744 0.317947 0.388481 0.31669 0.377928 0.313343 0.380851 0.305738 0.390448 0.28931 0.391195 0.301174 0.38205 0.298277 0.377443 0.276318 0.376393 0.270835 0.387965 0.267936 0.378747 0.283449 0.381394 0.289319 0.376147 0.290535 0.377443 0.276318 0.378747 0.283449 0.374568 0.283398 0.375744 0.317947 0.374389 0.321057 0.369542 0.32027 0.380851 0.305738 0.377928 0.313343 0.370917 0.312036 0.371971 0.27583 0.371315 0.270579 0.376393 0.270835 0.346034 0.304773 0.346171 0.309699 0.338302 0.308086 0.346434 0.27456 0.338302 0.272635 0.346238 0.272394 0.345975 0.278285 0.346181 0.28527 0.340141 0.282578 0.346434 0.27456 0.345975 0.278285 0.338368 0.27601 0.370917 0.312036 0.363454 0.307705 0.364648 0.303497 0.370917 0.312036 0.369542 0.32027 0.361365 0.315939 0.371315 0.270579 0.371971 0.27583 0.362889 0.274253 0.371971 0.27583 0.374568 0.283398 0.364635 0.280975 0.357232 0.288533 0.35798 0.292908 0.346285 0.293277 0.356387 0.305444 0.346034 0.304773 0.346135 0.299364 0.358096 0.296973 0.357132 0.300936 0.346135 0.299364 0.355513 0.308986 0.354887 0.312633 0.346171 0.309699 0.35568 0.275492 0.355957 0.278063 0.345975 0.278285 0.35568 0.275492 0.346434 0.27456 0.348964 0.27363 0.356276 0.280576 0.357251 0.284341 0.346181 0.28527 0.355173 0.271474 0.35671 0.273212 0.348964 0.27363 0.339955 0.290083 0.340136 0.286026 0.346181 0.28527 0.38205 0.298277 0.37534 0.300437 0.376147 0.290535 0.376147 0.290535 0.37534 0.300437 0.366008 0.294778 0.362101 0.269686 0.362716 0.272021 0.35671 0.273212 0.364635 0.280975 0.365786 0.285192 0.357251 0.284341 0.362589 0.311324 0.355513 0.308986 0.356387 0.305444 0.365734 0.289063 0.366008 0.294778 0.35798 0.292908 0.364648 0.303497 0.363454 0.307705 0.356387 0.305444 0.366008 0.294778 0.365918 0.299322 0.358096 0.296973 0.365918 0.299322 0.364648 0.303497 0.357132 0.300936 0.362889 0.274253 0.363648 0.277872 0.355957 0.278063 0.362889 0.274253 0.35568 0.275492 0.35671 0.273212 0.365786 0.285192 0.365734 0.289063 0.357232 0.288533 0.363648 0.277872 0.364635 0.280975 0.356276 0.280576 0.362589 0.311324 0.361365 0.315939 0.354887 0.312633 0.471354 0.162376 0.468472 0.163088 0.470069 0.169278 0.47637 0.320762 0.479195 0.320111 0.479255 0.323647 0.476208 0.325165 0.479255 0.323647 0.479572 0.326169 0.473686 0.321924 0.47637 0.320762 0.476208 0.325165 0.474015 0.326594 0.476208 0.325165 0.476546 0.32769 0.469848 0.324209 0.471789 0.322943 0.472405 0.327695 0.471789 0.322943 0.473686 0.321924 0.474015 0.326594 0.470722 0.328863 0.472405 0.327695 0.472873 0.330511 0.472405 0.327695 0.474015 0.326594 0.474319 0.32931 0.482647 0.320145 0.484668 0.32037 0.484665 0.323073 0.479195 0.320111 0.482647 0.320145 0.481378 0.32329 0.484592 0.160836 0.482827 0.160597 0.483063 0.167562 0.482827 0.160597 0.480054 0.160616 0.480554 0.167747 0.480054 0.160616 0.475763 0.161354 0.476628 0.168148 0.473509 0.161858 0.471354 0.162376 0.472603 0.168681 0.483063 0.167562 0.482737 0.171138 0.484592 0.171274 0.480554 0.167747 0.480211 0.1712999 0.482737 0.171138 0.472603 0.168681 0.470069 0.169278 0.470974 0.173207 0.47458 0.168371 0.472603 0.168681 0.473607 0.172296 0.480211 0.1712999 0.480554 0.167747 0.476628 0.168148 0.469215 0.155997 0.46621 0.159078 0.468472 0.163088 0.470383 0.305496 0.474646 0.304645 0.47463 0.306322 0.482662 0.152573 0.479146 0.152783 0.480054 0.160616 0.471959 0.155592 0.469215 0.155997 0.471354 0.162376 0.480054 0.160616 0.479146 0.152783 0.474939 0.154748 0.478067 0.307449 0.481345 0.306448 0.480852 0.308458 0.477968 0.314836 0.475981 0.314925 0.47783 0.309628 0.481345 0.306448 0.482597 0.306085 0.482237 0.308925 0.480852 0.308458 0.482237 0.308925 0.480051 0.315081 0.470805 0.306876 0.47463 0.306322 0.474584 0.307932 0.470493 0.308316 0.474584 0.307932 0.474936 0.309814 0.474584 0.307932 0.478067 0.307449 0.47783 0.309628 0.474936 0.309814 0.47783 0.309628 0.475981 0.314925 0.47637 0.320762 0.473686 0.321924 0.474852 0.318211 0.47722 0.317761 0.474852 0.318211 0.475981 0.314925 0.479195 0.320111 0.47637 0.320762 0.47722 0.317761 0.479667 0.317689 0.47722 0.317761 0.477968 0.314836 0.473686 0.321924 0.471789 0.322943 0.471615 0.318985 0.474852 0.318211 0.471615 0.318985 0.473811 0.314836 0.469848 0.324209 0.467792 0.319597 0.471615 0.318985 0.484592 0.152921 0.482662 0.152573 0.482827 0.160597 0.475763 0.161354 0.473509 0.161858 0.47458 0.168371 0.466417 0.322006 0.467792 0.319597 0.469848 0.324209 0.483595 0.306753 0.48468 0.305583 0.484677 0.308829 0.48273 0.315144 0.484672 0.315373 0.48467 0.317956 0.484672 0.315373 0.48273 0.315144 0.483378 0.309025 0.480051 0.315081 0.48273 0.315144 0.482619 0.31762 0.48273 0.315144 0.480051 0.315081 0.482237 0.308925 0.482237 0.308925 0.482597 0.306085 0.483595 0.306753 0.482647 0.320145 0.482619 0.31762 0.48467 0.317956 0.479255 0.323647 0.481378 0.32329 0.481406 0.325684 0.478143 0.305755 0.480748 0.305116 0.481345 0.306448 0.481345 0.306448 0.480748 0.305116 0.481856 0.304976 0.470068 0.310362 0.474936 0.309814 0.473811 0.314836 0.478067 0.307449 0.474584 0.307932 0.47463 0.306322 0.482597 0.306085 0.482959 0.303588 0.483854 0.304771 0.481856 0.304976 0.481645 0.303398 0.482959 0.303588 0.478576 0.303969 0.480635 0.304049 0.480748 0.305116 0.474428 0.300912 0.474646 0.304645 0.470383 0.305496 0.475763 0.161354 0.474939 0.154748 0.471959 0.155592 0.476628 0.168148 0.47458 0.168371 0.475163 0.172008 0.474646 0.304645 0.478576 0.303969 0.478143 0.305755 0.480635 0.304049 0.481645 0.303398 0.481856 0.304976 0.482959 0.303588 0.484683 0.300851 0.48468 0.305583 0.484683 0.300851 0.482959 0.303588 0.481645 0.303398 0.481645 0.303398 0.480635 0.304049 0.478576 0.303969 0.479688 0.30014 0.478576 0.303969 0.474646 0.304645 0.467792 0.319597 0.468392 0.314483 0.473811 0.314836 0.469024 0.329352 0.470722 0.328863 0.470806 0.332077 0.46797 0.325002 0.469848 0.324209 0.470722 0.328863 0.479667 0.317689 0.482619 0.31762 0.482647 0.320145 0.481378 0.32329 0.484665 0.323073 0.484663 0.325155 0.380851 0.305738 0.38286 0.302501 0.38205 0.298277 0.380112 0.302237 0.380851 0.305738 0.37534 0.300437 0.377928 0.313343 0.375447 0.316613 0.375744 0.317947 0.375744 0.317947 0.377156 0.31703 0.377928 0.313343 0.299119 0.438403 0.294376 0.429093 0.313719 0.40975 0.265723 0.443692 0.267358 0.433372 0.294376 0.429093 0.265723 0.443692 0.235596 0.428342 0.2429839 0.420953 0.235596 0.428342 0.220245 0.398215 0.230565 0.39658 0.225535 0.364818 0.234845 0.369562 0.230565 0.39658 0.249444 0.340909 0.254188 0.350219 0.234845 0.369562 0.28284 0.33562 0.281206 0.34594 0.254188 0.350219 0.312967 0.35097 0.305579 0.358359 0.281206 0.34594 0.328318 0.381098 0.317998 0.382732 0.305579 0.358359 0.328318 0.381098 0.323029 0.414494 0.313719 0.40975 0.313719 0.40975 0.294376 0.429093 0.288881 0.418309 0.267358 0.433372 0.269251 0.421418 0.288881 0.418309 0.267358 0.433372 0.2429839 0.420953 0.251543 0.412395 0.2429839 0.420953 0.230565 0.39658 0.24252 0.394687 0.230565 0.39658 0.234845 0.369562 0.245629 0.375057 0.234845 0.369562 0.254188 0.350219 0.259682 0.361003 0.254188 0.350219 0.281206 0.34594 0.279312 0.357894 0.305579 0.358359 0.297021 0.366917 0.279312 0.357894 0.317998 0.382732 0.306043 0.384626 0.297021 0.366917 0.313719 0.40975 0.302934 0.404255 0.306043 0.384626 0.302934 0.404255 0.288881 0.418309 0.281957 0.40472 0.288881 0.418309 0.269251 0.421418 0.271637 0.406354 0.251543 0.412395 0.262327 0.401611 0.271637 0.406354 0.24252 0.394687 0.257584 0.392301 0.262327 0.401611 0.245629 0.375057 0.259218 0.381981 0.257584 0.392301 0.259682 0.361003 0.266606 0.374593 0.259218 0.381981 0.259682 0.361003 0.279312 0.357894 0.276926 0.372958 0.297021 0.366917 0.286236 0.377702 0.276926 0.372958 0.297021 0.366917 0.306043 0.384626 0.29098 0.387011 0.306043 0.384626 0.302934 0.404255 0.289345 0.397331 0.323029 0.414494 0.30684 0.434469 0.303292 0.429585 0.28284 0.443692 0.281907 0.437803 0.303292 0.429585 0.249444 0.438403 0.252151 0.43309 0.281907 0.437803 0.225535 0.414494 0.230848 0.411787 0.252151 0.43309 0.225535 0.414494 0.220245 0.381098 0.226135 0.38203 0.220245 0.381098 0.235596 0.35097 0.239812 0.355187 0.235596 0.35097 0.265723 0.33562 0.266656 0.341509 0.265723 0.33562 0.291399 0.336975 0.289533 0.342717 0.312967 0.35097 0.308751 0.355187 0.289533 0.342717 0.328318 0.381098 0.322428 0.38203 0.308751 0.355187 0.323029 0.414494 0.317715 0.411787 0.322428 0.38203 0.317715 0.411787 0.303292 0.429585 0.297304 0.421343 0.281907 0.437803 0.280333 0.427865 0.297304 0.421343 0.281907 0.437803 0.252151 0.43309 0.256719 0.424125 0.252151 0.43309 0.230848 0.411787 0.239812 0.407219 0.230848 0.411787 0.226135 0.38203 0.236072 0.383604 0.239812 0.355187 0.246927 0.362301 0.236072 0.383604 0.239812 0.355187 0.266656 0.341509 0.26823 0.351447 0.266656 0.341509 0.289533 0.342717 0.286385 0.352405 0.308751 0.355187 0.301637 0.362301 0.286385 0.352405 0.308751 0.355187 0.322428 0.38203 0.312491 0.383604 0.317715 0.411787 0.308751 0.407219 0.312491 0.383604 0.308751 0.407219 0.297304 0.421343 0.289063 0.410001 0.280333 0.427865 0.278167 0.414188 0.289063 0.410001 0.256719 0.424125 0.263006 0.411787 0.278167 0.414188 0.239812 0.407219 0.252151 0.400932 0.263006 0.411787 0.239812 0.407219 0.236072 0.383604 0.24975 0.385771 0.236072 0.383604 0.246927 0.362301 0.256719 0.372093 0.26823 0.351447 0.270396 0.365124 0.256719 0.372093 0.26823 0.351447 0.286385 0.352405 0.282053 0.36574 0.301637 0.362301 0.291845 0.372093 0.282053 0.36574 0.312491 0.383604 0.298814 0.385771 0.291845 0.372093 0.308751 0.407219 0.296412 0.400932 0.298814 0.385771</float_array>
          <technique_common>
            <accessor source="#polySurfaceShape66-mesh-map-0-array" count="10797" stride="2">
              <param name="S" type="float"/>
              <param name="T" type="float"/>
            </accessor>
          </technique_common>
        </source>
        <vertices id="polySurfaceShape66-mesh-vertices">
          <input semantic="POSITION" source="#polySurfaceShape66-mesh-positions"/>
        </vertices>
        <polylist material="lambert33-material" count="3599">
          <input semantic="VERTEX" source="#polySurfaceShape66-mesh-vertices" offset="0"/>
          <input semantic="NORMAL" source="#polySurfaceShape66-mesh-normals" offset="1"/>
          <input semantic="TEXCOORD" source="#polySurfaceShape66-mesh-map-0" offset="2" set="0"/>
          <vcount>3 3 3 3 3 3 3 3 3 3 3 3 3 3 3 3 3 3 3 3 3 3 3 3 3 3 3 3 3 3 3 3 3 3 3 3 3 3 3 3 3 3 3 3 3 3 3 3 3 3 3 3 3 3 3 3 3 3 3 3 3 3 3 3 3 3 3 3 3 3 3 3 3 3 3 3 3 3 3 3 3 3 3 3 3 3 3 3 3 3 3 3 3 3 3 3 3 3 3 3 3 3 3 3 3 3 3 3 3 3 3 3 3 3 3 3 3 3 3 3 3 3 3 3 3 3 3 3 3 3 3 3 3 3 3 3 3 3 3 3 3 3 3 3 3 3 3 3 3 3 3 3 3 3 3 3 3 3 3 3 3 3 3 3 3 3 3 3 3 3 3 3 3 3 3 3 3 3 3 3 3 3 3 3 3 3 3 3 3 3 3 3 3 3 3 3 3 3 3 3 3 3 3 3 3 3 3 3 3 3 3 3 3 3 3 3 3 3 3 3 3 3 3 3 3 3 3 3 3 3 3 3 3 3 3 3 3 3 3 3 3 3 3 3 3 3 3 3 3 3 3 3 3 3 3 3 3 3 3 3 3 3 3 3 3 3 3 3 3 3 3 3 3 3 3 3 3 3 3 3 3 3 3 3 3 3 3 3 3 3 3 3 3 3 3 3 3 3 3 3 3 3 3 3 3 3 3 3 3 3 3 3 3 3 3 3 3 3 3 3 3 3 3 3 3 3 3 3 3 3 3 3 3 3 3 3 3 3 3 3 3 3 3 3 3 3 3 3 3 3 3 3 3 3 3 3 3 3 3 3 3 3 3 3 3 3 3 3 3 3 3 3 3 3 3 3 3 3 3 3 3 3 3 3 3 3 3 3 3 3 3 3 3 3 3 3 3 3 3 3 3 3 3 3 3 3 3 3 3 3 3 3 3 3 3 3 3 3 3 3 3 3 3 3 3 3 3 3 3 3 3 3 3 3 3 3 3 3 3 3 3 3 3 3 3 3 3 3 3 3 3 3 3 3 3 3 3 3 3 3 3 3 3 3 3 3 3 3 3 3 3 3 3 3 3 3 3 3 3 3 3 3 3 3 3 3 3 3 3 3 3 3 3 3 3 3 3 3 3 3 3 3 3 3 3 3 3 3 3 3 3 3 3 3 3 3 3 3 3 3 3 3 3 3 3 3 3 3 3 3 3 3 3 3 3 3 3 3 3 3 3 3 3 3 3 3 3 3 3 3 3 3 3 3 3 3 3 3 3 3 3 3 3 3 3 3 3 3 3 3 3 3 3 3 3 3 3 3 3 3 3 3 3 3 3 3 3 3 3 3 3 3 3 3 3 3 3 3 3 3 3 3 3 3 3 3 3 3 3 3 3 3 3 3 3 3 3 3 3 3 3 3 3 3 3 3 3 3 3 3 3 3 3 3 3 3 3 3 3 3 3 3 3 3 3 3 3 3 3 3 3 3 3 3 3 3 3 3 3 3 3 3 3 3 3 3 3 3 3 3 3 3 3 3 3 3 3 3 3 3 3 3 3 3 3 3 3 3 3 3 3 3 3 3 3 3 3 3 3 3 3 3 3 3 3 3 3 3 3 3 3 3 3 3 3 3 3 3 3 3 3 3 3 3 3 3 3 3 3 3 3 3 3 3 3 3 3 3 3 3 3 3 3 3 3 3 3 3 3 3 3 3 3 3 3 3 3 3 3 3 3 3 3 3 3 3 3 3 3 3 3 3 3 3 3 3 3 3 3 3 3 3 3 3 3 3 3 3 3 3 3 3 3 3 3 3 3 3 3 3 3 3 3 3 3 3 3 3 3 3 3 3 3 3 3 3 3 3 3 3 3 3 3 3 3 3 3 3 3 3 3 3 3 3 3 3 3 3 3 3 3 3 3 3 3 3 3 3 3 3 3 3 3 3 3 3 3 3 3 3 3 3 3 3 3 3 3 3 3 3 3 3 3 3 3 3 3 3 3 3 3 3 3 3 3 3 3 3 3 3 3 3 3 3 3 3 3 3 3 3 3 3 3 3 3 3 3 3 3 3 3 3 3 3 3 3 3 3 3 3 3 3 3 3 3 3 3 3 3 3 3 3 3 3 3 3 3 3 3 3 3 3 3 3 3 3 3 3 3 3 3 3 3 3 3 3 3 3 3 3 3 3 3 3 3 3 3 3 3 3 3 3 3 3 3 3 3 3 3 3 3 3 3 3 3 3 3 3 3 3 3 3 3 3 3 3 3 3 3 3 3 3 3 3 3 3 3 3 3 3 3 3 3 3 3 3 3 3 3 3 3 3 3 3 3 3 3 3 3 3 3 3 3 3 3 3 3 3 3 3 3 3 3 3 3 3 3 3 3 3 3 3 3 3 3 3 3 3 3 3 3 3 3 3 3 3 3 3 3 3 3 3 3 3 3 3 3 3 3 3 3 3 3 3 3 3 3 3 3 3 3 3 3 3 3 3 3 3 3 3 3 3 3 3 3 3 3 3 3 3 3 3 3 3 3 3 3 3 3 3 3 3 3 3 3 3 3 3 3 3 3 3 3 3 3 3 3 3 3 3 3 3 3 3 3 3 3 3 3 3 3 3 3 3 3 3 3 3 3 3 3 3 3 3 3 3 3 3 3 3 3 3 3 3 3 3 3 3 3 3 3 3 3 3 3 3 3 3 3 3 3 3 3 3 3 3 3 3 3 3 3 3 3 3 3 3 3 3 3 3 3 3 3 3 3 3 3 3 3 3 3 3 3 3 3 3 3 3 3 3 3 3 3 3 3 3 3 3 3 3 3 3 3 3 3 3 3 3 3 3 3 3 3 3 3 3 3 3 3 3 3 3 3 3 3 3 3 3 3 3 3 3 3 3 3 3 3 3 3 3 3 3 3 3 3 3 3 3 3 3 3 3 3 3 3 3 3 3 3 3 3 3 3 3 3 3 3 3 3 3 3 3 3 3 3 3 3 3 3 3 3 3 3 3 3 3 3 3 3 3 3 3 3 3 3 3 3 3 3 3 3 3 3 3 3 3 3 3 3 3 3 3 3 3 3 3 3 3 3 3 3 3 3 3 3 3 3 3 3 3 3 3 3 3 3 3 3 3 3 3 3 3 3 3 3 3 3 3 3 3 3 3 3 3 3 3 3 3 3 3 3 3 3 3 3 3 3 3 3 3 3 3 3 3 3 3 3 3 3 3 3 3 3 3 3 3 3 3 3 3 3 3 3 3 3 3 3 3 3 3 3 3 3 3 3 3 3 3 3 3 3 3 3 3 3 3 3 3 3 3 3 3 3 3 3 3 3 3 3 3 3 3 3 3 3 3 3 3 3 3 3 3 3 3 3 3 3 3 3 3 3 3 3 3 3 3 3 3 3 3 3 3 3 3 3 3 3 3 3 3 3 3 3 3 3 3 3 3 3 3 3 3 3 3 3 3 3 3 3 3 3 3 3 3 3 3 3 3 3 3 3 3 3 3 3 3 3 3 3 3 3 3 3 3 3 3 3 3 3 3 3 3 3 3 3 3 3 3 3 3 3 3 3 3 3 3 3 3 3 3 3 3 3 3 3 3 3 3 3 3 3 3 3 3 3 3 3 3 3 3 3 3 3 3 3 3 3 3 3 3 3 3 3 3 3 3 3 3 3 3 3 3 3 3 3 3 3 3 3 3 3 3 3 3 3 3 3 3 3 3 3 3 3 3 3 3 3 3 3 3 3 3 3 3 3 3 3 3 3 3 3 3 3 3 3 3 3 3 3 3 3 3 3 3 3 3 3 3 3 3 3 3 3 3 3 3 3 3 3 3 3 3 3 3 3 3 3 3 3 3 3 3 3 3 3 3 3 3 3 3 3 3 3 3 3 3 3 3 3 3 3 3 3 3 3 3 3 3 3 3 3 3 3 3 3 3 3 3 3 3 3 3 3 3 3 3 3 3 3 3 3 3 3 3 3 3 3 3 3 3 3 3 3 3 3 3 3 3 3 3 3 3 3 3 3 3 3 3 3 3 3 3 3 3 3 3 3 3 3 3 3 3 3 3 3 3 3 3 3 3 3 3 3 3 3 3 3 3 3 3 3 3 3 3 3 3 3 3 3 3 3 3 3 3 3 3 3 3 3 3 3 3 3 3 3 3 3 3 3 3 3 3 3 3 3 3 3 3 3 3 3 3 3 3 3 3 3 3 3 3 3 3 3 3 3 3 3 3 3 3 3 3 3 3 3 3 3 3 3 3 3 3 3 3 3 3 3 3 3 3 3 3 3 3 3 3 3 3 3 3 3 3 3 3 3 3 3 3 3 3 3 3 3 3 3 3 3 3 3 3 3 3 3 3 3 3 3 3 3 3 3 3 3 3 3 3 3 3 3 3 3 3 3 3 3 3 3 3 3 3 3 3 3 3 3 3 3 3 3 3 3 3 3 3 3 3 3 3 3 3 3 3 3 3 3 3 3 3 3 3 3 3 3 3 3 3 3 3 3 3 3 3 3 3 3 3 3 3 3 3 3 3 3 3 3 3 3 3 3 3 3 3 3 3 3 3 3 3 3 3 3 3 3 3 3 3 3 3 3 3 3 3 3 3 3 3 3 3 3 3 3 3 3 3 3 3 3 3 3 3 3 3 3 3 3 3 3 3 3 3 3 3 3 3 3 3 3 3 3 3 3 3 3 3 3 3 3 3 3 3 3 3 3 3 3 3 3 3 3 3 3 3 3 3 3 3 3 3 3 3 3 3 3 3 3 3 3 3 3 3 3 3 3 3 3 3 3 3 3 3 3 3 3 3 3 3 3 3 3 3 3 3 3 3 3 3 3 3 3 3 3 3 3 3 3 3 3 3 3 3 3 3 3 3 3 3 3 3 3 3 3 3 3 3 3 3 3 3 3 3 3 3 3 3 3 3 3 3 3 3 3 3 3 3 3 3 3 3 3 3 3 3 3 3 3 3 3 3 3 3 3 3 3 3 3 3 3 3 3 3 3 3 3 3 3 3 3 3 3 3 3 3 3 3 3 3 3 3 3 3 3 3 3 3 3 3 3 3 3 3 3 3 3 3 3 3 3 3 3 3 3 3 3 3 3 3 3 3 3 3 3 3 3 3 3 3 3 3 3 3 3 3 3 3 3 3 3 3 3 3 3 3 3 3 3 3 3 3 3 3 3 3 3 3 3 3 3 3 3 3 3 3 3 3 3 3 3 3 3 3 3 3 3 3 3 3 3 3 3 3 3 3 3 3 3 3 3 3 3 3 3 3 3 3 3 3 3 3 3 3 3 3 3 3 3 3 3 3 3 3 3 3 3 3 3 3 3 3 3 3 3 3 3 3 3 3 3 3 3 3 3 3 3 3 3 3 3 3 3 3 3 3 3 3 3 3 3 3 3 3 3 3 3 3 3 3 3 3 3 3 3 3 3 3 3 3 3 3 3 3 3 3 3 3 3 3 3 3 3 3 3 3 3 3 3 3 3 3 3 3 3 3 3 3 3 3 3 3 3 3 3 3 3 3 3 3 3 3 3 3 3 3 3 3 3 3 3 3 3 3 3 3 3 3 3 3 3 3 3 3 3 3 3 3 3 3 3 3 3 3 3 3 3 3 3 3 3 3 3 3 3 3 3 3 3 3 3 3 3 3 3 3 3 3 3 3 3 3 3 3 3 3 3 3 3 3 3 3 3 3 3 3 3 3 3 3 3 3 3 3 3 3 3 3 3 3 3 3 3 3 3 3 3 3 3 3 3 3 3 3 3 3 3 3 3 3 3 3 3 3 3 3 3 3 3 3 3 3 3 3 3 3 3 3 3 3 3 3 3 3 3 3 3 3 3 3 3 3 3 3 3 3 3 3 3 3 3 3 3 3 3 3 3 3 3 3 3 3 3 3 3 3 3 3 3 3 3 3 3 3 3 3 3 3 3 3 3 3 3 3 3 3 3 3 3 3 3 3 3 3 3 3 3 3 3 3 3 3 3 3 3 3 3 3 3 3 3 3 3 3 3 3 3 3 3 3 3 3 3 3 3 3 3 3 3 3 3 3 3 3 3 3 3 3 3 3 3 3 3 3 3 3 3 3 3 3 3 3 3 3 3 3 3 3 3 3 3 3 3 3 3 3 3 3 3 3 3 3 3 3 3 3 3 3 3 3 3 3 3 3 3 3 3 3 3 3 3 3 3 3 3 3 3 3 3 3 3 3 3 3 3 3 3 3 3 3 3 3 3 3 3 3 3 3 3 3 3 3 3 3 3 3 3 3 3 3 3 3 3 3 3 3 3 3 3 3 3 3 3 3 3 3 3 3 3 3 3 3 3 3 3 3 3 3 3 3 3 3 3 3 3 3 3 3 3 3 3 3 3 3 3 3 3 3 3 3 3 3 3 3 3 3 3 3 3 3 3 3 3 3 3 3 3 3 3 3 3 3 3 3 3 3 3 3 3 3 3 3 3 3 3 3 3 3 3 3 3 3 3 3 3 3 3 3 3 3 3 3 3 3 3 3 3 3 3 3 3 3 3 3 3 3 3 3 3 3 3 3 3 3 3 3 3 3 3 3 3 3 3 3 3 3 3 3 3 3 3 3 3 3 3 3 3 3 3 3 3 3 3 3 3 3 3 3 3 3 3 3 3 3 3 3 3 3 3 3 3 3 3 3 3 3 3 3 3 3 3 3 3 3 3 3 3 3 3 3 3 3 3 3 3 3 3 3 3 3 3 3 3 3 3 3 3 3 3 3 3 3 3 3 3 3 3 3 3 3 3 3 3 3 3 3 3 3 3 3 3 3 3 3 3 3 3 3 3 3 3 3 3 3 3 3 3 3 3 3 3 3 3 3 3 3 3 3 3 3 3 3 3 3 3 3 3 3 3 3 3 3 3 3 3 3 3 3 3 3 3 3 3 3 3 3 3 3 3 3 3 3 3 3 3 3 3 3 3 3 3 3 3 3 3 3 3 3 3 3 3 3 3 3 3 3 3 3 3 3 3 3 3 3 3 3 3 3 3 3 3 3 3 3 3 3 3 3 3 3 3 3 3 3 3 3 3 3 3 3 3 3 3 3 3 3 3 3 3 3 3 3 3 3 3 3 3 3 3 3 3 3 3 3 3 3 3 3 3 3 3 3 3 3 3 3 3 3 3 3 3 3 3 3 3 3 3 3 3 3 3 3 3 3 3 3 3 3 3 3 3 3 3 3 3 3 3 3 3 3 3 3 3 3 3 3 3 3 3 3 3 3 3 3 3 3 3 3 3 3 3 3 3 3 3 3 3 3 3 3 3 3 3 3 3 3 3 3 3 3 3 3 3 3 3 3 3 3 3 3 3 3 3 3 3 3 3 3 3 3 3 3 3 3 3 3 3 3 3 3 3 3 3 3 3 3 3 3 3 3 3 3 3 3 3 3 3 3 3 3 3 3 3 3 3 3 3 3 3 3 3 3 3 3 3 3 3 3 3 3 3 3 3 3 3 3 3 3 3 3 3 3 3 3 3 3 3 3 3 3 3 3 3 3 3 3 3 3 3 3 3 3 3 3 3 3 3 3 3 3 3 3 3 3 3 3 3 3 3 3 3 3 3 3 3 3 3 3 3 3 3 3 3 3 3 3 3 3 3 3 3 3 3 3 3 3 3 3 3 3 3 3 3 3 3 3 3 3 3 3 3 3 3 3 3 3 3 3 3 3 3 3 3 3 3 3 3 3 3 3 3 3 3 3 3 3 3 3 3 3 3 3 3 3 3 3 3 3 3 3 3 3 3 3 3 3 3 3 3 3 3 3 3 3 3 3 3 3 3 3 3 3 3 3 3 3 3 3 3 3 3 3 3 3 3 3 3 3 3 3 3 3 3 3 3 3 3 3 3 3 3 3 3 3 3 3 3 3 3 3 3 3 3 3 3 3 3 3 3 3 3 3 3 3 3 3 3 3 3 3 3 3 3 3 3 3 3 3 3 3 3 3 3 3 3 3 3 3 3 3 3 3 3 3 3 3 3 3 3 3 3 3 3 3 3 3 3 3 3 3 3 3 3 3 3 3 3 3 3 3 3 3 3 3 3 3 3 3 3 3 3 3 3 3 3 3 3 3 3 3 3 3 3 3 3 3 3 3 3 3 3 3 3 </vcount>
          <p>339 0 0 870 1 1 45 2 2 845 3 3 38 4 4 870 1 5 340 5 6 871 6 7 38 4 8 846 7 9 1149 8 10 871 6 11 39 9 12 830 10 13 872 11 14 826 12 15 829 13 16 873 14 17 333 15 18 873 14 19 829 13 20 422 16 21 573 17 22 874 18 23 40 19 24 874 18 25 0 20 26 11 21 27 875 22 28 361 23 29 41 24 30 875 22 31 362 25 32 423 26 33 422 16 34 875 22 35 40 19 36 875 22 37 422 16 38 424 27 39 423 26 40 876 28 41 41 24 42 876 28 43 423 26 44 350 29 45 877 30 46 12 31 47 869 32 48 424 27 49 877 30 50 337 33 51 878 34 52 42 35 53 841 36 54 13 37 55 878 34 56 837 38 57 879 39 58 895 40 59 839 41 60 42 35 61 879 39 62 440 42 63 880 43 64 425 44 65 900 45 66 432 46 67 880 43 68 84 47 69 880 43 70 432 46 71 431 48 72 425 44 73 880 43 74 82 49 75 881 50 76 426 51 77 431 48 78 434 52 79 881 50 80 45 2 81 881 50 82 434 52 83 870 1 84 426 51 85 881 50 86 871 6 87 1147 53 88 882 54 89 570 55 90 882 54 91 1147 53 92 427 56 93 426 51 94 882 54 95 38 4 96 882 54 97 426 51 98 14 57 99 883 58 100 1146 59 101 901 60 102 425 44 103 883 58 104 82 49 105 883 58 106 425 44 107 427 56 108 1146 59 109 883 58 110 442 61 111 854 62 112 884 63 113 344 64 114 884 63 115 854 62 116 15 65 117 852 66 118 885 67 119 343 68 120 885 67 121 852 66 122 330 69 123 886 70 124 43 71 125 825 72 126 63 73 127 886 70 128 820 74 129 823 75 130 887 76 131 823 75 132 43 71 133 887 76 134 364 77 135 887 76 136 888 78 137 887 76 138 429 79 139 888 78 140 429 79 141 428 80 142 888 78 143 44 81 144 888 78 145 428 80 146 43 71 147 889 82 148 429 79 149 886 70 150 478 83 151 889 82 152 99 84 153 889 82 154 478 83 155 477 85 156 429 79 157 889 82 158 83 86 159 890 87 160 430 88 161 477 85 162 480 89 163 890 87 164 365 90 165 428 80 166 891 91 167 83 86 168 891 91 169 428 80 170 898 92 171 879 39 172 892 93 173 42 35 174 892 93 175 879 39 176 433 94 177 432 46 178 892 93 179 437 95 180 892 93 181 432 46 182 13 37 183 893 96 184 878 34 185 894 97 186 434 52 187 893 96 188 84 47 189 893 96 190 434 52 191 433 94 192 878 34 193 893 96 194 338 98 195 894 97 196 13 37 197 843 99 198 45 2 199 894 97 200 46 100 201 837 38 202 895 40 203 16 101 204 836 102 205 896 103 206 336 104 207 896 103 208 836 102 209 366 105 210 896 103 211 897 106 212 46 100 213 897 106 214 896 103 215 436 107 216 435 108 217 897 106 218 47 109 219 897 106 220 435 108 221 85 110 222 898 92 223 437 95 224 436 107 225 895 40 226 898 92 227 439 111 228 438 112 229 899 113 230 48 114 231 899 113 232 438 112 233 368 115 234 435 108 235 899 113 236 85 110 237 899 113 238 435 108 239 86 116 240 900 45 241 440 42 242 439 111 243 437 95 244 900 45 245 49 117 246 901 60 247 14 57 248 441 118 249 440 42 250 901 60 251 369 119 252 367 120 253 902 121 254 367 120 255 438 112 256 902 121 257 86 116 258 902 121 259 438 112 260 441 118 261 369 119 262 902 121 263 50 122 264 856 123 265 903 124 266 346 125 267 903 124 268 856 123 269 345 126 270 904 127 271 344 64 272 848 128 273 51 129 274 17 130 275 849 131 276 15 65 277 51 129 278 421 132 279 905 133 280 370 134 281 568 135 282 905 133 283 1145 136 284 17 130 285 906 137 286 1148 138 287 87 139 288 1148 138 289 906 137 290 442 61 291 906 137 292 885 67 293 51 129 294 885 67 295 906 137 296 370 134 297 884 63 298 904 127 299 905 133 300 442 61 301 884 63 302 1121 140 303 907 141 304 1083 142 305 542 143 306 907 141 307 1122 144 308 88 145 309 1123 146 310 908 147 311 536 148 312 908 147 313 1092 149 314 1084 150 315 907 141 316 1091 151 317 88 145 318 1091 151 319 907 141 320 372 152 321 945 153 322 909 154 323 473 155 324 909 154 325 945 153 326 444 156 327 443 157 328 909 154 329 52 158 330 909 154 331 443 157 332 389 159 333 910 160 334 948 161 335 979 162 336 445 163 337 910 160 338 89 164 339 910 160 340 445 163 341 444 156 342 948 161 343 910 160 344 446 165 345 445 163 346 911 166 347 506 167 348 911 166 349 445 163 350 363 168 351 447 169 352 912 170 353 89 164 354 912 170 355 447 169 356 362 25 357 371 171 358 913 172 359 52 158 360 913 172 361 371 171 362 443 157 363 447 169 364 913 172 365 41 24 366 913 172 367 447 169 368 90 173 369 914 174 370 448 175 371 9 176 372 448 175 373 914 174 374 944 177 375 372 152 376 915 178 377 52 158 378 915 178 379 372 152 380 449 179 381 448 175 382 915 178 383 472 180 384 915 178 385 448 175 386 11 21 387 916 181 388 371 171 389 361 23 390 450 182 391 916 181 392 90 173 393 916 181 394 450 182 395 449 179 396 371 171 397 916 181 398 450 182 399 0 20 400 917 183 401 574 184 402 450 182 403 917 183 404 53 185 405 821 186 406 918 187 407 329 188 408 918 187 409 821 186 410 816 189 411 819 190 412 919 191 413 328 192 414 919 191 415 819 190 416 451 193 417 576 194 418 920 195 419 91 196 420 920 195 421 577 197 422 452 198 423 577 197 424 921 199 425 578 200 426 452 198 427 921 199 428 6 201 429 922 202 430 351 203 431 375 204 432 453 205 433 922 202 434 91 196 435 922 202 436 453 205 437 452 198 438 351 203 439 922 202 440 374 206 441 373 207 442 923 208 443 54 209 444 923 208 445 373 207 446 451 193 447 453 205 448 923 208 449 55 210 450 923 208 451 453 205 452 455 211 453 454 212 454 924 213 455 44 81 456 924 213 457 454 212 458 353 214 459 456 215 460 925 216 461 92 217 462 925 216 463 456 215 464 352 218 465 919 191 466 926 219 467 53 185 468 926 219 469 919 191 470 457 220 471 456 215 472 926 219 473 35 221 474 926 219 475 456 215 476 820 74 477 927 222 478 918 187 479 364 77 480 454 212 481 927 222 482 92 217 483 927 222 484 454 212 485 457 220 486 918 187 487 927 222 488 19 223 489 928 224 490 377 225 491 374 206 492 459 226 493 928 224 494 93 227 495 928 224 496 459 226 497 458 228 498 377 225 499 928 224 500 375 204 501 355 229 502 929 230 503 36 231 504 929 230 505 355 229 506 460 232 507 459 226 508 929 230 509 55 210 510 929 230 511 459 226 512 7 233 513 930 234 514 354 235 515 379 236 516 461 237 517 930 234 518 93 227 519 930 234 520 461 237 521 460 232 522 354 235 523 930 234 524 378 238 525 376 239 526 931 240 527 56 241 528 931 240 529 376 239 530 458 228 531 461 237 532 931 240 533 57 242 534 931 240 535 461 237 536 21 243 537 932 244 538 380 245 539 381 246 540 463 247 541 932 244 542 94 248 543 932 244 544 463 247 545 462 249 546 380 245 547 932 244 548 382 250 549 356 251 550 933 252 551 37 253 552 933 252 553 356 251 554 464 254 555 463 247 556 933 252 557 59 255 558 933 252 559 463 247 560 20 256 561 934 257 562 384 258 563 378 238 564 465 259 565 934 257 566 465 259 567 937 260 568 934 257 569 937 260 570 384 258 571 934 257 572 7 233 573 935 261 574 379 236 575 358 262 576 936 263 577 935 261 578 95 264 579 935 261 580 936 263 581 465 259 582 379 236 583 935 261 584 8 265 585 936 263 586 357 266 587 382 250 588 95 264 589 936 263 590 381 246 591 383 267 592 937 260 593 59 255 594 937 260 595 95 264 596 96 268 597 938 269 598 467 270 599 60 271 600 938 269 601 466 272 602 385 273 603 462 249 604 938 269 605 462 249 606 467 270 607 938 269 608 430 88 609 939 274 610 468 275 611 890 87 612 481 276 613 939 274 614 96 268 615 939 274 616 481 276 617 467 270 618 468 275 619 939 274 620 359 277 621 925 216 622 940 278 623 455 211 624 940 278 625 925 216 626 469 279 627 464 254 628 940 278 629 37 253 630 940 278 631 464 254 632 365 90 633 941 280 634 924 213 635 430 88 636 941 280 637 891 91 638 94 248 639 941 280 640 468 275 641 469 279 642 924 213 643 941 280 644 97 281 645 942 282 646 470 283 647 576 194 648 470 283 649 942 282 650 19 223 651 943 284 652 373 207 653 387 285 654 471 286 655 943 284 656 471 286 657 470 283 658 943 284 659 470 283 660 373 207 661 943 284 662 97 281 663 944 177 664 472 180 665 471 286 666 18 287 667 944 177 668 575 288 669 472 180 670 9 176 671 18 287 672 474 289 673 945 153 674 98 290 675 945 153 676 474 289 677 387 285 678 377 225 679 946 291 680 56 241 681 946 291 682 377 225 683 475 292 684 474 289 685 946 291 686 61 293 687 946 291 688 474 289 689 20 256 690 947 294 691 376 239 692 388 295 693 476 296 694 947 294 695 98 290 696 947 294 697 476 296 698 475 292 699 376 239 700 947 294 701 473 155 702 476 296 703 948 161 704 476 296 705 389 159 706 948 161 707 331 297 708 949 298 709 63 73 710 827 299 711 826 12 712 949 298 713 949 298 714 873 14 715 950 300 716 39 9 717 950 300 718 873 14 719 479 301 720 478 83 721 950 300 722 63 73 723 950 300 724 478 83 725 99 84 726 951 302 727 480 89 728 479 301 729 872 11 730 951 302 731 480 89 732 952 303 733 481 276 734 951 302 735 386 304 736 952 303 737 60 271 738 952 303 739 386 304 740 466 272 741 481 276 742 952 303 743 986 305 744 390 306 745 953 307 746 64 308 747 953 307 748 390 306 749 483 309 750 482 310 751 953 307 752 510 311 753 953 307 754 482 310 755 22 312 756 954 313 757 391 314 758 987 315 759 482 310 760 954 313 761 100 316 762 954 313 763 482 310 764 65 317 765 954 313 766 484 318 767 22 312 768 955 319 769 990 320 770 391 314 771 486 321 772 955 319 773 101 322 774 955 319 775 486 321 776 485 323 777 990 320 778 955 319 779 23 324 780 956 325 781 392 326 782 991 327 783 485 323 784 956 325 785 485 323 786 487 328 787 956 325 788 487 328 789 392 326 790 956 325 791 489 329 792 488 330 793 957 331 794 516 332 795 957 331 796 488 330 797 393 333 798 488 330 799 958 334 800 102 335 801 958 334 802 488 330 803 1004 336 804 964 337 805 959 338 806 497 339 807 959 338 808 964 337 809 492 340 810 491 341 811 959 338 812 520 342 813 959 338 814 491 341 815 390 306 816 1005 343 817 960 344 818 520 342 819 960 344 820 1005 343 821 103 345 822 960 344 823 491 341 824 493 346 825 390 306 826 960 344 827 994 347 828 392 326 829 961 348 830 66 349 831 961 348 832 392 326 833 494 350 834 1151 351 835 961 348 836 513 352 837 961 348 838 1151 351 839 24 353 840 962 354 841 957 331 842 156 355 843 957 331 844 962 354 845 1001 356 846 958 334 847 963 357 848 490 358 849 963 357 850 958 334 851 496 359 852 495 360 853 963 357 854 518 361 855 963 357 856 495 360 857 1002 362 858 495 360 859 964 337 860 105 363 861 964 337 862 495 360 863 498 364 864 385 273 865 965 365 866 60 271 867 965 365 868 385 273 869 107 366 870 965 365 871 503 367 872 502 368 873 498 364 874 965 365 875 368 115 876 499 369 877 966 370 878 106 371 879 966 370 880 499 369 881 502 368 882 501 372 883 966 370 884 47 109 885 966 370 886 501 372 887 367 120 888 394 373 889 967 374 890 394 373 891 500 375 892 967 374 893 500 375 894 499 369 895 967 374 896 48 114 897 967 374 898 499 369 899 395 376 900 380 245 901 968 377 902 58 378 903 968 377 904 380 245 905 106 371 906 968 377 907 498 364 908 67 379 909 968 377 910 500 375 911 386 304 912 972 380 913 969 381 914 68 382 915 969 381 916 972 380 917 504 383 918 503 367 919 969 381 920 60 271 921 969 381 922 503 367 923 16 101 924 970 384 925 971 385 926 366 105 927 501 372 928 970 384 929 107 366 930 970 384 931 501 372 932 504 383 933 971 385 934 970 384 935 68 382 936 834 386 937 971 385 938 335 387 939 971 385 940 834 386 941 872 11 942 832 388 943 972 380 944 334 389 945 972 380 946 832 388 947 349 390 948 973 391 949 69 392 950 867 393 951 12 31 952 973 391 953 348 394 954 974 395 955 25 396 956 865 397 957 69 392 958 974 395 959 70 398 960 975 399 961 396 400 962 108 401 963 26 402 964 976 403 965 505 404 966 976 403 967 978 405 968 108 401 969 397 406 970 975 399 971 861 407 972 977 408 973 71 409 974 863 410 975 25 396 976 977 408 977 858 411 978 859 412 979 27 413 980 347 414 981 27 413 982 72 415 983 346 125 984 72 415 985 978 405 986 62 416 987 979 162 988 389 159 989 507 417 990 506 167 991 979 162 992 388 295 993 384 258 994 980 418 995 383 267 996 980 418 997 384 258 998 981 419 999 507 417 1000 980 418 1001 62 416 1002 980 418 1003 507 417 1004 21 243 1005 981 419 1006 383 267 1007 395 376 1008 109 420 1009 981 419 1010 394 373 1011 975 399 1012 982 421 1013 67 379 1014 982 421 1015 109 420 1016 109 420 1017 983 422 1018 508 423 1019 975 399 1020 983 422 1021 982 421 1022 506 167 1023 508 423 1024 984 424 1025 363 168 1026 985 425 1027 876 28 1028 985 425 1029 399 426 1030 986 305 1031 509 427 1032 986 305 1033 510 311 1034 424 27 1035 985 425 1036 509 427 1037 987 315 1038 400 428 1039 988 429 1040 510 311 1041 988 429 1042 509 427 1043 12 31 1044 988 429 1045 400 428 1046 877 30 1047 509 427 1048 988 429 1049 973 391 1050 400 428 1051 989 430 1052 989 430 1053 22 312 1054 990 320 1055 511 431 1056 990 320 1057 512 432 1058 69 392 1059 989 430 1060 511 431 1061 991 327 1062 401 433 1063 992 434 1064 512 432 1065 992 434 1066 511 431 1067 25 396 1068 992 434 1069 401 433 1070 974 395 1071 511 431 1072 992 434 1073 977 408 1074 401 433 1075 993 435 1076 993 435 1077 23 324 1078 994 347 1079 1150 436 1080 994 347 1081 513 352 1082 71 409 1083 993 435 1084 1150 436 1085 572 437 1086 996 438 1087 995 439 1088 27 413 1089 995 439 1090 996 438 1091 514 440 1092 24 353 1093 997 441 1094 72 415 1095 996 438 1096 514 440 1097 978 405 1098 514 440 1099 997 441 1100 505 404 1101 998 442 1102 397 406 1103 998 442 1104 516 332 1105 393 333 1106 515 443 1107 24 353 1108 516 332 1109 505 404 1110 997 441 1111 515 443 1112 508 423 1113 999 444 1114 984 424 1115 517 445 1116 1002 362 1117 999 444 1118 397 406 1119 1000 446 1120 983 422 1121 1000 446 1122 393 333 1123 1001 356 1124 517 445 1125 1001 356 1126 518 361 1127 517 445 1128 983 422 1129 1000 446 1130 984 424 1131 1003 447 1132 911 166 1133 999 444 1134 1004 336 1135 1003 447 1136 519 448 1137 1004 336 1138 520 342 1139 519 448 1140 911 166 1141 1003 447 1142 399 426 1143 1006 449 1144 1005 343 1145 519 448 1146 1005 343 1147 1006 449 1148 398 450 1149 912 170 1150 1006 449 1151 446 165 1152 1006 449 1153 912 170 1154 976 403 1155 1114 451 1156 110 452 1157 28 453 1158 1007 454 1159 1113 455 1160 110 452 1161 1113 455 1162 1007 454 1163 110 452 1164 1008 456 1165 1009 457 1166 1007 454 1167 29 458 1168 1008 456 1169 976 403 1170 1009 457 1171 978 405 1172 49 117 1173 1010 459 1174 111 460 1175 30 461 1176 521 462 1177 1011 463 1178 111 460 1179 1011 463 1180 521 462 1181 402 464 1182 1112 465 1183 1012 466 1184 1112 465 1185 1013 467 1186 1012 466 1187 111 460 1188 1012 466 1189 1013 467 1190 74 468 1191 1012 466 1192 521 462 1193 1111 469 1194 369 119 1195 1013 467 1196 49 117 1197 1013 467 1198 369 119 1199 1047 470 1200 1044 471 1201 112 472 1202 1055 473 1203 1014 474 1204 1043 475 1205 112 472 1206 1043 475 1207 1014 474 1208 1054 476 1209 1136 477 1210 1014 474 1211 556 478 1212 1014 474 1213 1136 477 1214 556 478 1215 1047 470 1216 112 472 1217 978 405 1218 1015 479 1219 903 124 1220 113 480 1221 903 124 1222 1015 479 1223 1008 456 1224 403 481 1225 1016 482 1226 75 483 1227 1016 482 1228 403 481 1229 522 484 1230 1015 479 1231 1016 482 1232 1009 457 1233 1016 482 1234 1015 479 1235 113 480 1236 1017 485 1237 1018 486 1238 522 484 1239 404 487 1240 1017 485 1241 50 122 1242 1018 486 1243 904 127 1244 523 488 1245 1022 489 1246 1019 490 1247 370 134 1248 1019 490 1249 1022 489 1250 114 491 1251 1020 492 1252 1021 493 1253 31 494 1254 114 491 1255 1021 493 1256 1142 495 1257 370 134 1258 1022 489 1259 565 496 1260 1022 489 1261 114 491 1262 1017 485 1263 405 497 1264 1023 498 1265 76 499 1266 1023 498 1267 405 497 1268 524 500 1269 1025 501 1270 1023 498 1271 1018 486 1272 1023 498 1273 1025 501 1274 115 502 1275 1024 503 1276 525 504 1277 524 500 1278 406 505 1279 1024 503 1280 523 488 1281 525 504 1282 1020 492 1283 904 127 1284 1025 501 1285 1019 490 1286 115 502 1287 1019 490 1288 1025 501 1289 908 147 1290 1124 506 1291 1026 507 1292 545 508 1293 1026 507 1294 1124 506 1295 116 509 1296 1125 510 1297 1027 511 1298 538 512 1299 1027 511 1300 1100 513 1301 1092 149 1302 1026 507 1303 1099 514 1304 116 509 1305 1099 514 1306 1026 507 1307 14 57 1308 1028 515 1309 1010 459 1310 1144 516 1311 117 517 1312 1028 515 1313 567 518 1314 1029 519 1315 117 517 1316 408 520 1317 526 521 1318 1030 522 1319 117 517 1320 1030 522 1321 526 521 1322 407 523 1323 1011 463 1324 1031 524 1325 1010 459 1326 1031 524 1327 1011 463 1328 1028 515 1329 526 521 1330 1031 524 1331 77 525 1332 1031 524 1333 526 521 1334 406 505 1335 1032 526 1336 1024 503 1337 118 527 1338 1024 503 1339 1032 526 1340 410 528 1341 1042 529 1342 1033 530 1343 1045 531 1344 1033 530 1345 1042 529 1346 1034 532 1347 1032 526 1348 1033 530 1349 409 533 1350 1033 530 1351 1032 526 1352 1045 531 1353 1036 534 1354 1034 532 1355 1035 535 1356 1034 532 1357 1036 534 1358 1020 492 1359 118 527 1360 1035 535 1361 1021 493 1362 1035 535 1363 119 536 1364 32 537 1365 1037 538 1366 1036 534 1367 119 536 1368 1036 534 1369 1037 538 1370 1137 539 1371 1037 538 1372 1048 540 1373 1139 541 1374 119 536 1375 1037 538 1376 562 542 1377 1021 493 1378 119 536 1379 1143 543 1380 120 544 1381 1029 519 1382 1140 545 1383 1049 546 1384 1038 547 1385 1141 548 1386 1038 547 1387 120 544 1388 1052 549 1389 412 550 1390 1039 551 1391 411 552 1392 1039 551 1393 412 550 1394 1040 553 1395 1038 547 1396 1039 551 1397 1049 546 1398 1039 551 1399 1038 547 1400 408 520 1401 1040 553 1402 411 552 1403 1030 522 1404 120 544 1405 1040 553 1406 1027 511 1407 1126 554 1408 121 555 1409 417 556 1410 1041 557 1411 1127 558 1412 121 555 1413 1127 558 1414 1041 557 1415 1108 559 1416 1041 557 1417 1109 560 1418 1107 561 1419 1109 560 1420 1041 557 1421 1100 513 1422 121 555 1423 1108 559 1424 413 562 1425 527 563 1426 1042 529 1427 122 564 1428 1042 529 1429 527 563 1430 1044 471 1431 527 563 1432 1043 475 1433 530 565 1434 1043 475 1435 527 563 1436 528 566 1437 1044 471 1438 1046 567 1439 122 564 1440 32 537 1441 1045 531 1442 528 566 1443 1048 540 1444 32 537 1445 123 568 1446 1046 567 1447 1047 470 1448 419 569 1449 123 568 1450 1047 470 1451 559 570 1452 1048 540 1453 123 568 1454 420 571 1455 124 572 1456 1049 546 1457 561 573 1458 1050 574 1459 124 572 1460 554 575 1461 1051 576 1462 1134 577 1463 529 578 1464 1050 574 1465 1051 576 1466 124 572 1467 1052 549 1468 1049 546 1469 529 578 1470 33 579 1471 1052 549 1472 552 580 1473 1053 581 1474 418 582 1475 125 583 1476 1135 584 1477 1054 476 1478 125 583 1479 1055 473 1480 530 565 1481 1053 581 1482 530 565 1483 413 562 1484 28 453 1485 126 585 1486 73 586 1487 1115 587 1488 1056 588 1489 126 585 1490 126 585 1491 1057 589 1492 1058 590 1493 73 586 1494 1058 590 1495 29 458 1496 127 591 1497 30 461 1498 1059 592 1499 531 593 1500 1059 592 1501 415 594 1502 1117 595 1503 1061 596 1504 1060 597 1505 127 591 1506 1060 597 1507 1061 596 1508 1116 598 1509 402 464 1510 1061 596 1511 74 468 1512 1061 596 1513 402 464 1514 29 458 1515 1062 599 1516 403 481 1517 128 600 1518 403 481 1519 1062 599 1520 532 601 1521 1062 599 1522 1063 602 1523 1058 590 1524 1063 602 1525 1062 599 1526 128 600 1527 1064 603 1528 1065 604 1529 75 483 1530 1065 604 1531 404 487 1532 77 525 1533 1066 605 1534 129 606 1535 129 606 1536 1067 607 1537 533 608 1538 415 594 1539 1069 609 1540 1068 610 1541 1069 609 1542 533 608 1543 1068 610 1544 1059 592 1545 407 523 1546 1069 609 1547 407 523 1548 129 606 1549 1069 609 1550 404 487 1551 1070 611 1552 405 497 1553 130 612 1554 405 497 1555 1070 611 1556 534 613 1557 1070 611 1558 1071 614 1559 1065 604 1560 1071 614 1561 1070 611 1562 1073 615 1563 534 613 1564 1072 616 1565 76 499 1566 1073 615 1567 406 505 1568 412 550 1569 1133 617 1570 1074 618 1571 411 552 1572 1074 618 1573 131 619 1574 131 619 1575 1075 620 1576 1076 621 1577 1074 618 1578 1132 622 1579 1075 620 1580 1066 605 1581 1076 621 1582 1067 607 1583 408 520 1584 131 619 1585 1066 605 1586 1053 581 1587 1077 623 1588 132 624 1589 132 624 1590 1078 625 1591 1079 626 1592 550 627 1593 1079 626 1594 1131 628 1595 418 582 1596 132 624 1597 550 627 1598 409 533 1599 1073 615 1600 133 629 1601 133 629 1602 1072 616 1603 1080 630 1604 1077 623 1605 1081 631 1606 1078 625 1607 1082 632 1608 1080 630 1609 1081 631 1610 413 562 1611 1082 632 1612 1077 623 1613 410 528 1614 133 629 1615 1082 632 1616 414 633 1617 134 634 1618 1056 588 1619 1118 635 1620 1083 142 1621 134 634 1622 134 634 1623 1084 150 1624 1085 636 1625 1056 588 1626 1085 636 1627 1057 589 1628 135 637 1629 415 594 1630 1086 638 1631 535 639 1632 1086 638 1633 1087 640 1634 1120 641 1635 1089 642 1636 1088 643 1637 135 637 1638 1088 643 1639 1089 642 1640 1119 644 1641 1060 597 1642 1089 642 1643 531 593 1644 1089 642 1645 1060 597 1646 1057 589 1647 1090 645 1648 1063 602 1649 136 646 1650 1063 602 1651 1090 645 1652 536 148 1653 1090 645 1654 1091 151 1655 1085 636 1656 1091 151 1657 1090 645 1658 136 646 1659 1092 149 1660 1093 647 1661 532 601 1662 1093 647 1663 1064 603 1664 533 608 1665 1094 648 1666 137 649 1667 137 649 1668 1095 650 1669 537 651 1670 1086 638 1671 1096 652 1672 1087 640 1673 1097 653 1674 537 651 1675 1096 652 1676 1086 638 1677 1068 610 1678 1097 653 1679 1068 610 1680 137 649 1681 1097 653 1682 1064 603 1683 1098 654 1684 1071 614 1685 138 655 1686 1071 614 1687 1098 654 1688 538 512 1689 1098 654 1690 1099 514 1691 1093 647 1692 1099 514 1693 1098 654 1694 138 655 1695 1100 513 1696 1101 656 1697 1072 616 1698 138 655 1699 1101 656 1700 1075 620 1701 1130 657 1702 1102 658 1703 1076 621 1704 1102 658 1705 139 659 1706 139 659 1707 1103 660 1708 1104 661 1709 1102 658 1710 1129 662 1711 1103 660 1712 1094 648 1713 1104 661 1714 1095 650 1715 1067 607 1716 139 659 1717 1094 648 1718 1079 626 1719 1105 663 1720 140 664 1721 140 664 1722 1106 665 1723 1107 561 1724 1128 666 1725 1107 561 1726 417 556 1727 1131 628 1728 140 664 1729 1128 666 1730 1080 630 1731 1101 656 1732 141 667 1733 141 667 1734 1100 513 1735 1108 559 1736 1105 663 1737 1109 560 1738 1106 665 1739 1110 668 1740 1108 559 1741 1109 560 1742 1078 625 1743 1110 668 1744 1105 663 1745 1081 631 1746 141 667 1747 1110 668 1748 142 669 1749 396 400 1750 1111 469 1751 416 670 1752 539 671 1753 1112 465 1754 142 669 1755 1112 465 1756 539 671 1757 1114 451 1758 539 671 1759 1113 455 1760 78 672 1761 1113 455 1762 539 671 1763 70 398 1764 1114 451 1765 26 402 1766 28 453 1767 143 673 1768 1115 587 1769 78 672 1770 1116 598 1771 143 673 1772 143 673 1773 1117 595 1774 540 674 1775 1115 587 1776 540 674 1777 414 633 1778 540 674 1779 1118 635 1780 414 633 1781 144 675 1782 1117 595 1783 1119 644 1784 541 676 1785 1119 644 1786 1120 641 1787 144 675 1788 1121 140 1789 1118 635 1790 541 676 1791 1122 144 1792 1121 140 1793 145 677 1794 1122 144 1795 543 678 1796 535 639 1797 543 678 1798 1088 643 1799 543 678 1800 1120 641 1801 1088 643 1802 145 677 1803 1087 640 1804 544 679 1805 542 143 1806 544 679 1807 1123 146 1808 1123 146 1809 546 680 1810 1124 506 1811 146 681 1812 1124 506 1813 546 680 1814 537 651 1815 546 680 1816 1096 652 1817 544 679 1818 1096 652 1819 546 680 1820 146 681 1821 1095 650 1822 547 682 1823 545 508 1824 547 682 1825 1125 510 1826 1125 510 1827 147 683 1828 1126 554 1829 547 682 1830 1104 661 1831 147 683 1832 1129 662 1833 548 684 1834 1103 660 1835 147 683 1836 1103 660 1837 548 684 1838 1126 554 1839 548 684 1840 1127 558 1841 549 685 1842 1127 558 1843 548 684 1844 551 686 1845 1128 666 1846 148 687 1847 148 687 1848 417 556 1849 549 685 1850 1130 657 1851 549 685 1852 1129 662 1853 1132 622 1854 148 687 1855 1130 657 1856 553 688 1857 550 627 1858 149 689 1859 149 689 1860 1131 628 1861 551 686 1862 1133 617 1863 551 686 1864 1132 622 1865 33 579 1866 149 689 1867 1133 617 1868 150 690 1869 418 582 1870 553 688 1871 554 575 1872 553 688 1873 33 579 1874 150 690 1875 1134 577 1876 555 691 1877 552 580 1878 555 691 1879 1135 584 1880 151 692 1881 419 569 1882 556 478 1883 1135 584 1884 557 693 1885 1136 477 1886 151 692 1887 1136 477 1888 557 693 1889 151 692 1890 1051 576 1891 1050 574 1892 555 691 1893 1051 576 1894 557 693 1895 560 694 1896 1050 574 1897 1138 695 1898 152 696 1899 1137 539 1900 559 570 1901 560 694 1902 559 570 1903 419 569 1904 152 696 1905 1138 695 1906 561 573 1907 558 697 1908 561 573 1909 420 571 1910 153 698 1911 31 494 1912 562 542 1913 558 697 1914 1139 541 1915 1137 539 1916 563 699 1917 562 542 1918 1139 541 1919 153 698 1920 1140 545 1921 1141 548 1922 563 699 1923 420 571 1924 1140 545 1925 566 700 1926 1141 548 1927 1143 543 1928 154 701 1929 1142 495 1930 565 496 1931 564 702 1932 421 132 1933 1142 495 1934 566 700 1935 565 496 1936 31 494 1937 154 701 1938 1143 543 1939 567 518 1940 79 703 1941 1144 516 1942 14 57 1943 564 702 1944 567 518 1945 1144 516 1946 421 132 1947 569 704 1948 1145 136 1949 155 705 1950 1145 136 1951 569 704 1952 570 55 1953 569 704 1954 1146 59 1955 79 703 1956 1146 59 1957 569 704 1958 1149 8 1959 571 706 1960 1147 53 1961 155 705 1962 1147 53 1963 571 706 1964 568 135 1965 571 706 1966 1148 138 1967 80 707 1968 1148 138 1969 571 706 1970 80 707 1971 848 128 1972 17 130 1973 342 708 1974 1149 8 1975 341 709 1976 860 710 1977 71 409 1978 859 412 1979 859 412 1980 1150 436 1981 995 439 1982 995 439 1983 513 352 1984 572 437 1985 572 437 1986 1151 351 1987 962 354 1988 104 711 1989 962 354 1990 1151 351 1991 579 712 1992 582 713 1993 1152 714 1994 162 715 1995 1152 714 1996 582 713 1997 161 716 1998 1152 714 1999 581 717 2000 159 718 2001 1152 714 2002 580 719 2003 582 713 2004 584 720 2005 1153 721 2006 162 715 2007 1153 721 2008 583 722 2009 586 723 2010 587 724 2011 1154 725 2012 789 726 2013 1154 725 2014 587 724 2015 1398 727 2016 1417 728 2017 1154 725 2018 157 729 2019 1154 725 2020 1417 728 2021 166 730 2022 1155 731 2023 587 724 2024 585 732 2025 1166 733 2026 1155 731 2027 167 734 2028 1155 731 2029 1166 733 2030 1397 735 2031 587 724 2032 1155 731 2033 171 736 2034 1156 737 2035 590 738 2036 589 739 2037 1404 740 2038 1156 737 2039 1404 740 2040 588 741 2041 1156 737 2042 170 742 2043 1156 737 2044 588 741 2045 171 736 2046 1157 743 2047 591 744 2048 590 738 2049 592 745 2050 1157 743 2051 172 746 2052 1158 747 2053 594 748 2054 593 749 2055 1165 750 2056 1158 747 2057 604 751 2058 1158 747 2059 1165 750 2060 585 732 2061 594 748 2062 1158 747 2063 593 749 2064 595 752 2065 1159 753 2066 165 754 2067 1159 753 2068 595 752 2069 1413 755 2070 1164 756 2071 1159 753 2072 601 757 2073 1159 753 2074 1164 756 2075 172 746 2076 1160 758 2077 595 752 2078 596 759 2079 1415 760 2080 1160 758 2081 164 761 2082 1160 758 2083 1415 760 2084 1414 762 2085 595 752 2086 1160 758 2087 173 763 2088 1161 764 2089 1416 765 2090 596 759 2091 594 748 2092 1161 764 2093 166 730 2094 1161 764 2095 594 748 2096 586 723 2097 1416 765 2098 1161 764 2099 598 766 2100 597 767 2101 1162 768 2102 178 769 2103 1162 768 2104 597 767 2105 603 770 2106 602 771 2107 1162 768 2108 177 772 2109 1162 768 2110 602 771 2111 598 766 2112 600 773 2113 1163 774 2114 174 775 2115 1163 774 2116 600 773 2117 1411 776 2118 599 777 2119 1163 774 2120 176 778 2121 1163 774 2122 599 777 2123 177 772 2124 1164 756 2125 600 773 2126 1412 779 2127 600 773 2128 1164 756 2129 601 757 2130 602 771 2131 1165 750 2132 179 780 2133 1165 750 2134 602 771 2135 604 751 2136 605 781 2137 1166 733 2138 180 782 2139 1166 733 2140 605 781 2141 179 780 2142 1167 783 2143 605 781 2144 603 770 2145 607 784 2146 1167 783 2147 607 784 2148 606 785 2149 1167 783 2150 606 785 2151 605 781 2152 1167 783 2153 788 786 2154 1168 787 2155 184 788 2156 782 789 2157 1168 787 2158 1396 790 2159 183 791 2160 1169 792 2161 182 793 2162 1399 794 2163 184 788 2164 1169 792 2165 1169 792 2166 609 795 2167 1419 796 2168 182 793 2169 1419 796 2170 168 797 2171 609 795 2172 1168 787 2173 1420 798 2174 608 799 2175 1420 798 2176 1168 787 2177 757 800 2178 1170 801 2179 185 802 2180 1372 803 2181 1170 801 2182 1373 804 2183 1374 805 2184 185 802 2185 1171 806 2186 1171 806 2187 749 807 2188 1343 808 2189 185 802 2190 1342 809 2191 749 807 2192 1170 801 2193 1335 810 2194 1342 809 2195 612 811 2196 611 812 2197 1172 813 2198 657 814 2199 1172 813 2200 611 812 2201 1200 815 2202 610 816 2203 1172 813 2204 186 817 2205 1172 813 2206 610 816 2207 188 818 2208 1173 819 2209 611 812 2210 613 820 2211 1230 821 2212 1173 819 2213 661 822 2214 1173 819 2215 1230 821 2216 1203 823 2217 611 812 2218 1173 819 2219 613 820 2220 614 824 2221 1174 825 2222 701 826 2223 1174 825 2224 1235 827 2225 188 818 2226 1175 828 2227 614 824 2228 615 829 2229 583 722 2230 1175 828 2231 615 829 2232 612 811 2233 1176 830 2234 186 817 2235 1176 830 2236 612 811 2237 616 831 2238 581 717 2239 1176 830 2240 162 715 2241 1176 830 2242 581 717 2243 617 832 2244 618 833 2245 1177 834 2246 186 817 2247 1177 834 2248 618 833 2249 610 816 2250 1199 835 2251 1177 834 2252 655 836 2253 1177 834 2254 1199 835 2255 189 837 2256 1178 838 2257 618 833 2258 619 839 2259 580 719 2260 1178 838 2261 161 716 2262 1178 838 2263 580 719 2264 616 831 2265 618 833 2266 1178 838 2267 192 840 2268 1179 841 2269 621 842 2270 623 843 2271 622 844 2272 1179 841 2273 6 201 2274 1179 841 2275 622 844 2276 351 203 2277 621 842 2278 1179 841 2279 623 843 2280 620 845 2281 1180 846 2282 191 847 2283 1180 846 2284 620 845 2285 625 848 2286 624 849 2287 1180 846 2288 193 850 2289 1180 846 2290 624 849 2291 627 851 2292 626 852 2293 1181 853 2294 170 742 2295 1181 853 2296 592 745 2297 195 854 2298 1182 855 2299 626 852 2300 628 856 2301 353 214 2302 1182 855 2303 628 856 2304 629 857 2305 1183 858 2306 190 859 2307 1183 858 2308 629 857 2309 1402 860 2310 352 218 2311 1183 858 2312 35 221 2313 1183 858 2314 352 218 2315 195 854 2316 1184 861 2317 629 857 2318 627 851 2319 588 741 2320 1184 861 2321 813 862 2322 1184 861 2323 588 741 2324 1403 863 2325 629 857 2326 1184 861 2327 197 864 2328 1185 865 2329 632 866 2330 631 867 2331 624 849 2332 1185 865 2333 194 868 2334 1185 865 2335 624 849 2336 630 869 2337 632 866 2338 1185 865 2339 631 867 2340 633 870 2341 1186 871 2342 36 231 2343 1186 871 2344 633 870 2345 355 229 2346 622 844 2347 1186 871 2348 193 850 2349 1186 871 2350 622 844 2351 197 864 2352 1187 872 2353 633 870 2354 635 873 2355 634 874 2356 1187 872 2357 7 233 2358 1187 872 2359 634 874 2360 354 235 2361 633 870 2362 1187 872 2363 635 873 2364 632 866 2365 1188 875 2366 196 876 2367 1188 875 2368 632 866 2369 637 877 2370 636 878 2371 1188 875 2372 198 879 2373 1188 875 2374 636 878 2375 203 880 2376 1189 881 2377 641 882 2378 640 883 2379 639 884 2380 1189 881 2381 201 885 2382 1189 881 2383 639 884 2384 638 886 2385 641 882 2386 1189 881 2387 640 883 2388 643 887 2389 1190 888 2390 37 253 2391 1190 888 2392 643 887 2393 356 251 2394 642 889 2395 1190 888 2396 202 890 2397 1190 888 2398 642 889 2399 200 891 2400 1191 892 2401 641 882 2402 644 893 2403 649 894 2404 1191 892 2405 206 895 2406 1191 892 2407 649 894 2408 648 896 2409 641 882 2410 1191 892 2411 1195 897 2412 646 898 2413 1192 899 2414 646 898 2415 636 878 2416 1192 899 2417 199 900 2418 1192 899 2419 636 878 2420 645 901 2421 1195 897 2422 1192 899 2423 204 902 2424 1193 903 2425 646 898 2426 1194 904 2427 358 262 2428 1193 903 2429 7 233 2430 1193 903 2431 358 262 2432 634 874 2433 646 898 2434 1193 903 2435 204 902 2436 642 889 2437 1194 904 2438 8 265 2439 1194 904 2440 642 889 2441 647 905 2442 639 884 2443 1195 897 2444 202 890 2445 1195 897 2446 639 884 2447 643 887 2448 651 906 2449 1196 907 2450 626 852 2451 1196 907 2452 651 906 2453 1182 855 2454 359 277 2455 1196 907 2456 37 253 2457 1196 907 2458 359 277 2459 203 880 2460 1197 908 2461 651 906 2462 591 744 2463 1197 908 2464 650 909 2465 592 745 2466 1197 908 2467 1157 743 2468 1181 853 2469 651 906 2470 1197 908 2471 652 910 2472 654 911 2473 1198 912 2474 654 911 2475 653 913 2476 1198 912 2477 194 868 2478 1198 912 2479 653 913 2480 625 848 2481 652 910 2482 1198 912 2483 207 914 2484 1199 835 2485 654 911 2486 187 915 2487 654 911 2488 1199 835 2489 209 916 2490 1200 815 2491 657 814 2492 656 917 2493 187 915 2494 1200 815 2495 656 917 2496 658 918 2497 1201 919 2498 196 876 2499 1201 919 2500 658 918 2501 630 869 2502 653 913 2503 1201 919 2504 208 920 2505 1201 919 2506 653 913 2507 209 916 2508 1202 921 2509 658 918 2510 660 922 2511 659 923 2512 1202 921 2513 199 900 2514 1202 921 2515 659 923 2516 637 877 2517 658 918 2518 1202 921 2519 660 922 2520 657 814 2521 1203 823 2522 661 822 2523 660 922 2524 1203 823 2525 212 924 2526 1204 925 2527 663 926 2528 662 927 2529 1405 928 2530 1204 925 2531 169 929 2532 1204 925 2533 1405 928 2534 589 739 2535 663 926 2536 1204 925 2537 662 927 2538 664 930 2539 1205 931 2540 158 932 2541 1205 931 2542 664 930 2543 1407 933 2544 1406 934 2545 1205 931 2546 211 935 2547 1205 931 2548 1406 934 2549 212 924 2550 1206 936 2551 664 930 2552 1408 937 2553 664 930 2554 1206 936 2555 665 938 2556 663 926 2557 1207 939 2558 171 736 2559 1207 939 2560 663 926 2561 206 895 2562 1208 940 2563 648 896 2564 666 941 2565 1207 939 2566 1208 940 2567 591 744 2568 1208 940 2569 1207 939 2570 650 909 2571 648 896 2572 1208 940 2573 205 942 2574 1209 943 2575 649 894 2576 667 944 2577 1206 936 2578 1209 943 2579 665 938 2580 1209 943 2581 1206 936 2582 666 941 2583 649 894 2584 1209 943 2585 670 945 2586 669 946 2587 1210 947 2588 213 948 2589 1210 947 2590 669 946 2591 668 949 2592 1237 950 2593 1210 947 2594 706 951 2595 1210 947 2596 1237 950 2597 214 952 2598 1211 953 2599 671 954 2600 670 945 2601 1238 955 2602 1211 953 2603 216 956 2604 1211 953 2605 1238 955 2606 215 957 2607 1211 953 2608 672 958 2609 217 959 2610 1212 960 2611 674 961 2612 673 962 2613 672 958 2614 1212 960 2615 216 956 2616 1212 960 2617 672 958 2618 1241 963 2619 674 961 2620 1212 960 2621 675 964 2622 674 961 2623 1213 965 2624 674 961 2625 1242 966 2626 1213 965 2627 219 967 2628 1213 965 2629 1242 966 2630 676 968 2631 675 964 2632 1213 965 2633 678 969 2634 677 970 2635 1214 971 2636 715 972 2637 1214 971 2638 220 973 2639 221 974 2640 1215 975 2641 679 976 2642 678 969 2643 680 977 2644 1215 975 2645 682 978 2646 681 979 2647 1216 980 2648 687 981 2649 1216 980 2650 681 979 2651 1221 982 2652 1255 983 2653 1216 980 2654 719 984 2655 1216 980 2656 1255 983 2657 222 985 2658 1217 986 2659 683 987 2660 682 978 2661 1256 988 2662 1217 986 2663 1256 988 2664 668 949 2665 1217 986 2666 668 949 2667 683 987 2668 1217 986 2669 1401 989 2670 684 990 2671 1218 991 2672 218 992 2673 1218 991 2674 684 990 2675 676 968 2676 1245 993 2677 1218 991 2678 711 994 2679 1218 991 2680 1245 993 2681 220 973 2682 1219 995 2683 712 996 2684 1214 971 2685 224 997 2686 1219 995 2687 686 998 2688 685 999 2689 1220 1000 2690 679 976 2691 1220 1000 2692 685 999 2693 1215 975 2694 1252 1001 2695 1220 1000 2696 717 1002 2697 1220 1000 2698 1252 1001 2699 225 1003 2700 1221 982 2701 687 981 2702 686 998 2703 1253 1004 2704 1221 982 2705 689 1005 2706 691 1006 2707 1222 1007 2708 691 1006 2709 690 1008 2710 1222 1007 2711 690 1008 2712 607 784 2713 1222 1007 2714 178 769 2715 1222 1007 2716 607 784 2717 226 1009 2718 1223 1010 2719 691 1006 2720 200 891 2721 1223 1010 2722 688 1011 2723 638 886 2724 692 1012 2725 1223 1010 2726 227 1013 2727 1223 1010 2728 692 1012 2729 176 778 2730 1224 1014 2731 597 767 2732 694 1015 2733 693 1016 2734 1224 1014 2735 226 1009 2736 1224 1014 2737 693 1016 2738 689 1005 2739 597 767 2740 1224 1014 2741 228 1017 2742 1225 1018 2743 693 1016 2744 205 942 2745 1225 1018 2746 695 1019 2747 644 893 2748 688 1011 2749 1225 1018 2750 688 1011 2751 693 1016 2752 1225 1018 2753 695 1019 2754 696 1020 2755 1226 1021 2756 229 1022 2757 1226 1021 2758 696 1020 2759 1409 1023 2760 667 944 2761 1226 1021 2762 205 942 2763 1226 1021 2764 667 944 2765 228 1017 2766 1227 1024 2767 696 1020 2768 694 1015 2769 599 777 2770 1227 1024 2771 175 1025 2772 1227 1024 2773 599 777 2774 1410 1026 2775 696 1020 2776 1227 1024 2777 232 1027 2778 1228 1028 2779 233 1029 2780 234 1030 2781 233 1029 2782 1229 1031 2783 1229 1031 2784 698 1032 2785 1423 1033 2786 233 1029 2787 699 1034 2788 698 1032 2789 701 826 2790 700 1035 2791 1230 821 2792 210 1036 2793 1230 821 2794 700 1035 2795 700 1035 2796 1232 1037 2797 1231 1038 2798 647 905 2799 1231 1038 2800 1232 1037 2801 645 901 2802 659 923 2803 1231 1038 2804 210 1036 2805 1231 1038 2806 659 923 2807 238 1039 2808 692 1012 2809 1232 1037 2810 201 885 2811 1232 1037 2812 692 1012 2813 1228 1028 2814 690 1008 2815 1233 1040 2816 227 1013 2817 1233 1040 2818 690 1008 2819 238 1039 2820 1234 1041 2821 1233 1040 2822 1228 1028 2823 1234 1041 2824 699 1034 2825 702 1042 2826 701 826 2827 1235 827 2828 704 1043 2829 1237 950 2830 1236 1044 2831 1236 1044 2832 705 1045 2833 703 1046 2834 583 722 2835 1236 1044 2836 703 1046 2837 584 720 2838 1236 1044 2839 1153 721 2840 706 951 2841 1239 1047 2842 1238 955 2843 1238 955 2844 707 1048 2845 216 956 2846 704 1043 2847 1453 1049 2848 1239 1047 2849 163 1050 2850 1239 1047 2851 1453 1049 2852 708 1051 2853 1241 963 2854 1240 1052 2855 216 956 2856 1240 1052 2857 1241 963 2858 707 1048 2859 1426 1053 2860 1240 1052 2861 230 1054 2862 1240 1052 2863 1426 1053 2864 709 1055 2865 1243 1056 2866 1242 966 2867 1242 966 2868 710 1057 2869 219 967 2870 708 1051 2871 1425 1058 2872 1243 1056 2873 231 1059 2874 1243 1056 2875 1425 1058 2876 1400 1060 2877 1245 993 2878 1244 1061 2879 219 967 2880 1244 1061 2881 1245 993 2882 710 1057 2883 1424 1062 2884 1244 1061 2885 235 1063 2886 1244 1061 2887 1424 1062 2888 712 996 2889 1247 1064 2890 220 973 2891 236 1065 2892 1246 1066 2893 794 1067 2894 220 973 2895 713 1068 2896 1248 1069 2897 237 1070 2898 1247 1064 2899 236 1065 2900 713 1068 2901 1423 1033 2902 1248 1069 2903 1249 1071 2904 715 972 2905 714 1072 2906 698 1032 2907 1249 1071 2908 714 1072 2909 220 973 2910 714 1072 2911 715 972 2912 698 1032 2913 1248 1069 2914 1423 1033 2915 716 1073 2916 1253 1004 2917 717 1002 2918 702 1042 2919 1250 1074 2920 716 1073 2921 716 1073 2922 1252 1001 2923 1251 1075 2924 680 977 2925 1251 1075 2926 1252 1001 2927 699 1034 2928 1251 1075 2929 1249 1071 2930 1234 1041 2931 716 1073 2932 1251 1075 2933 718 1076 2934 1255 983 2935 1254 1077 2936 1250 1074 2937 1255 983 2938 1253 1004 2939 1235 827 2940 1254 1077 2941 1250 1074 2942 1174 825 2943 718 1076 2944 1254 1077 2945 719 984 2946 1257 1078 2947 1256 988 2948 705 1045 2949 1257 1078 2950 703 1046 2951 614 824 2952 1257 1078 2953 718 1076 2954 1175 828 2955 703 1046 2956 1257 1078 2957 1365 1079 2958 1229 1031 2959 239 1080 2960 240 1081 2961 1258 1082 2962 241 1083 2963 1364 1084 2964 239 1080 2965 1258 1082 2966 239 1080 2967 1259 1085 2968 1258 1082 2969 242 1086 2970 1258 1082 2971 1259 1085 2972 1229 1031 2973 1260 1087 2974 239 1080 2975 180 782 2976 1261 1088 2977 167 734 2978 243 1089 2979 1262 1090 2980 1261 1088 2981 720 1091 2982 244 1092 2983 1262 1090 2984 243 1089 2985 1263 1093 2986 720 1091 2987 1264 1094 2988 1363 1095 2989 1263 1093 2990 1363 1095 2991 721 1096 2992 1263 1093 2993 245 1097 2994 1263 1093 2995 721 1096 2996 180 782 2997 1264 1094 2998 243 1089 2999 606 785 3000 1362 1098 3001 1264 1094 3002 1298 1099 3003 1295 1100 3004 1297 1101 3005 246 1102 3006 1294 1103 3007 1295 1100 3008 1265 1104 3009 1306 1105 3010 1294 1103 3011 773 1106 3012 1265 1104 3013 246 1102 3014 1387 1107 3015 1305 1108 3016 1265 1104 3017 1298 1099 3018 773 1106 3019 246 1102 3020 1423 1033 3021 1266 1109 3022 1260 1087 3023 1422 1110 3024 247 1111 3025 1266 1109 3026 1266 1109 3027 723 1112 3028 1267 1113 3029 248 1114 3030 1267 1113 3031 723 1112 3032 722 1115 3033 1259 1085 3034 1267 1113 3035 1260 1087 3036 1267 1113 3037 1259 1085 3038 247 1111 3039 1268 1116 3040 723 1112 3041 724 1117 3042 723 1112 3043 1268 1116 3044 181 1118 3045 1269 1119 3046 247 1111 3047 1273 1120 3048 725 1121 3049 1270 1122 3050 608 799 3051 1270 1122 3052 1421 1123 3053 249 1124 3054 1271 1125 3055 725 1121 3056 249 1124 3057 250 1126 3058 1272 1127 3059 608 799 3060 1393 1128 3061 1273 1120 3062 783 1129 3063 1273 1120 3064 1393 1128 3065 1276 1130 3066 727 1131 3067 1274 1132 3068 251 1133 3069 1274 1132 3070 727 1131 3071 726 1134 3072 1268 1116 3073 1274 1132 3074 1269 1119 3075 1274 1132 3076 1268 1116 3077 252 1135 3078 1275 1136 3079 727 1131 3080 728 1137 3081 727 1131 3082 1275 1136 3083 725 1121 3084 729 1138 3085 252 1135 3086 1421 1123 3087 1276 1130 3088 1269 1119 3089 1270 1122 3090 252 1135 3091 1276 1130 3092 760 1139 3093 1277 1140 3094 253 1141 3095 1375 1142 3096 1171 806 3097 1277 1140 3098 1376 1143 3099 253 1141 3100 1278 1144 3101 1278 1144 3102 751 1145 3103 1351 1146 3104 253 1141 3105 1350 1147 3106 751 1145 3107 1277 1140 3108 1343 808 3109 1350 1147 3110 254 1148 3111 1395 1149 3112 1279 1150 3113 167 734 3114 1279 1150 3115 1395 1149 3116 786 1151 3117 1280 1152 3118 1394 1153 3119 254 1148 3120 1281 1154 3121 1280 1152 3122 731 1155 3123 730 1156 3124 1281 1154 3125 731 1155 3126 1279 1150 3127 1282 1157 3128 1261 1088 3129 1282 1157 3130 1279 1150 3131 1262 1090 3132 732 1158 3133 1282 1157 3134 255 1159 3135 1282 1157 3136 732 1158 3137 728 1137 3138 1283 1160 3139 733 1161 3140 1275 1136 3141 256 1162 3142 1283 1160 3143 1283 1160 3144 1285 1163 3145 1284 1164 3146 1296 1165 3147 1284 1164 3148 1285 1163 3149 1293 1166 3150 734 1167 3151 1284 1164 3152 733 1161 3153 1284 1164 3154 734 1167 3155 1286 1168 3156 1285 1163 3157 256 1162 3158 1287 1169 3159 1296 1165 3160 1285 1163 3161 1271 1125 3162 256 1162 3163 729 1138 3164 1272 1127 3165 1286 1168 3166 1271 1125 3167 258 1170 3168 1287 1169 3169 1286 1168 3170 1288 1171 3171 257 1172 3172 1287 1169 3173 258 1170 3174 1390 1173 3175 1288 1171 3176 1388 1174 3177 1288 1171 3178 1390 1173 3179 1272 1127 3180 780 1175 3181 258 1170 3182 1394 1153 3183 259 1176 3184 1392 1177 3185 1300 1178 3186 1391 1179 3187 1289 1180 3188 1392 1177 3189 1289 1180 3190 1391 1179 3191 1289 1180 3192 1291 1181 3193 1290 1182 3194 736 1183 3195 1290 1182 3196 1291 1181 3197 735 1184 3198 1303 1185 3199 1290 1182 3200 1300 1178 3201 1290 1182 3202 1303 1185 3203 259 1176 3204 1281 1154 3205 1291 1181 3206 730 1156 3207 1291 1181 3208 1281 1154 3209 1377 1186 3210 1278 1144 3211 261 1187 3212 763 1188 3213 1292 1189 3214 1358 1190 3215 1378 1191 3216 261 1187 3217 1292 1189 3218 1292 1189 3219 1359 1192 3220 1360 1193 3221 1358 1190 3222 1360 1193 3223 1357 1194 3224 261 1187 3225 1351 1146 3226 1359 1192 3227 262 1195 3228 1293 1166 3229 1296 1165 3230 737 1196 3231 741 1197 3232 1293 1166 3233 737 1196 3234 1295 1100 3235 1294 1103 3236 740 1198 3237 1294 1103 3238 1306 1105 3239 738 1199 3240 1295 1100 3241 262 1195 3242 257 1172 3243 262 1195 3244 1296 1165 3245 1299 1200 3246 738 1199 3247 257 1172 3248 263 1201 3249 1297 1101 3250 738 1199 3251 263 1201 3252 772 1202 3253 1298 1099 3254 775 1203 3255 1299 1200 3256 1388 1174 3257 264 1204 3258 779 1205 3259 1300 1178 3260 778 1206 3261 1301 1207 3262 1389 1208 3263 1301 1207 3264 739 1209 3265 1302 1210 3266 770 1211 3267 1302 1210 3268 739 1209 3269 264 1204 3270 1303 1185 3271 739 1209 3272 260 1212 3273 739 1209 3274 1303 1185 3275 769 1213 3276 1304 1214 3277 265 1215 3278 1386 1216 3279 265 1215 3280 1305 1108 3281 265 1215 3282 1306 1105 3283 1305 1108 3284 740 1198 3285 1304 1214 3286 741 1197 3287 240 1081 3288 266 1217 3289 1366 1218 3290 1366 1218 3291 1307 1219 3292 742 1220 3293 266 1217 3294 1308 1221 3295 1307 1219 3296 241 1083 3297 1309 1222 3298 266 1217 3299 244 1092 3300 267 1223 3301 1310 1224 3302 1310 1224 3303 744 1225 3304 743 1226 3305 267 1223 3306 1311 1227 3307 744 1225 3308 1312 1228 3309 1368 1229 3310 1311 1227 3311 245 1097 3312 1312 1228 3313 267 1223 3314 721 1096 3315 1367 1230 3316 1312 1228 3317 242 1086 3318 1313 1231 3319 1309 1222 3320 722 1115 3321 268 1232 3322 1313 1231 3323 1313 1231 3324 745 1233 3325 1314 1234 3326 1309 1222 3327 1314 1234 3328 1308 1221 3329 268 1232 3330 1315 1235 3331 745 1233 3332 248 1114 3333 1316 1236 3334 268 1232 3335 255 1159 3336 1317 1237 3337 730 1156 3338 269 1238 3339 1318 1239 3340 1317 1237 3341 746 1240 3342 1320 1241 3343 1319 1242 3344 1320 1241 3345 743 1226 3346 1319 1242 3347 269 1238 3348 732 1158 3349 1320 1241 3350 732 1158 3351 1310 1224 3352 1320 1241 3353 724 1117 3354 1321 1243 3355 1316 1236 3356 726 1134 3357 270 1244 3358 1321 1243 3359 1321 1243 3360 747 1245 3361 1322 1246 3362 1316 1236 3363 1322 1246 3364 1315 1235 3365 747 1245 3366 1324 1247 3367 1323 1248 3368 251 1133 3369 1324 1247 3370 270 1244 3371 1384 1249 3372 735 1184 3373 1325 1250 3374 736 1183 3375 1325 1250 3376 735 1184 3377 271 1251 3378 1326 1252 3379 1325 1250 3380 1383 1253 3381 1325 1250 3382 1326 1252 3383 1317 1237 3384 1327 1254 3385 271 1251 3386 730 1156 3387 271 1251 3388 736 1183 3389 1304 1214 3390 1328 1255 3391 741 1197 3392 272 1256 3393 1329 1257 3394 1328 1255 3395 766 1258 3396 1330 1259 3397 272 1256 3398 765 1260 3399 272 1256 3400 1304 1214 3401 1324 1247 3402 733 1161 3403 273 1261 3404 1323 1248 3405 273 1261 3406 1331 1262 3407 1331 1262 3408 1333 1263 3409 1332 1264 3410 1328 1255 3411 1332 1264 3412 1333 1263 3413 273 1261 3414 734 1167 3415 1333 1263 3416 741 1197 3417 1333 1263 3418 734 1167 3419 742 1220 3420 274 1265 3421 1369 1266 3422 1369 1266 3423 1334 1267 3424 1372 803 3425 274 1265 3426 1335 810 3427 1334 1267 3428 1307 1219 3429 1336 1268 3430 274 1265 3431 743 1226 3432 275 1269 3433 1337 1270 3434 1337 1270 3435 748 1271 3436 1338 1272 3437 275 1269 3438 1339 1273 3439 748 1271 3440 1340 1274 3441 1371 1275 3442 1339 1273 3443 744 1225 3444 1340 1274 3445 275 1269 3446 1311 1227 3447 1370 1276 3448 1340 1274 3449 1308 1221 3450 1341 1277 3451 1336 1268 3452 1314 1234 3453 276 1278 3454 1341 1277 3455 1341 1277 3456 749 807 3457 1342 809 3458 1336 1268 3459 1342 809 3460 1335 810 3461 276 1278 3462 1343 808 3463 749 807 3464 745 1233 3465 1344 1279 3466 276 1278 3467 746 1240 3468 1345 1280 3469 1318 1239 3470 277 1281 3471 1346 1282 3472 1345 1280 3473 750 1283 3474 1348 1284 3475 1347 1285 3476 1337 1270 3477 1347 1285 3478 1348 1284 3479 277 1281 3480 1319 1242 3481 1348 1284 3482 1319 1242 3483 1337 1270 3484 1348 1284 3485 1315 1235 3486 1349 1286 3487 1344 1279 3488 1322 1246 3489 278 1287 3490 1349 1286 3491 1349 1286 3492 751 1145 3493 1350 1147 3494 1344 1279 3495 1350 1147 3496 1343 808 3497 278 1287 3498 1351 1146 3499 751 1145 3500 278 1287 3501 1323 1248 3502 1352 1288 3503 1381 1289 3504 1326 1252 3505 1353 1290 3506 1327 1254 3507 1353 1290 3508 1326 1252 3509 279 1291 3510 1354 1292 3511 1353 1290 3512 1380 1293 3513 1353 1290 3514 1354 1292 3515 1345 1280 3516 1355 1294 3517 279 1291 3518 1318 1239 3519 279 1291 3520 1327 1254 3521 1330 1259 3522 1356 1295 3523 1329 1257 3524 280 1296 3525 1357 1194 3526 1356 1295 3527 1379 1297 3528 1358 1190 3529 280 1296 3530 1382 1298 3531 280 1296 3532 1330 1259 3533 1352 1288 3534 1331 1262 3535 281 1299 3536 1351 1146 3537 281 1299 3538 1359 1192 3539 1359 1192 3540 1361 1300 3541 1360 1193 3542 1356 1295 3543 1360 1193 3544 1361 1300 3545 281 1299 3546 1332 1264 3547 1361 1300 3548 1329 1257 3549 1361 1300 3550 1332 1264 3551 697 1301 3552 282 1302 3553 1362 1098 3554 282 1302 3555 1363 1095 3556 1362 1098 3557 753 1303 3558 752 1304 3559 1363 1095 3560 753 1303 3561 1365 1079 3562 1364 1084 3563 283 1305 3564 1364 1084 3565 240 1081 3566 232 1027 3567 1365 1079 3568 282 1302 3569 284 1306 3570 240 1081 3571 1366 1218 3572 283 1305 3573 1367 1230 3574 752 1304 3575 284 1306 3576 1368 1229 3577 1367 1230 3578 754 1307 3579 1366 1218 3580 742 1220 3581 754 1307 3582 1369 1266 3583 285 1308 3584 1368 1229 3585 285 1308 3586 1370 1276 3587 1370 1276 3588 755 1309 3589 1371 1275 3590 285 1308 3591 1372 803 3592 755 1309 3593 286 1310 3594 1373 804 3595 757 800 3596 755 1309 3597 1373 804 3598 756 1311 3599 756 1311 3600 748 1271 3601 1339 1273 3602 1371 1275 3603 756 1311 3604 1339 1273 3605 286 1310 3606 1338 1272 3607 748 1271 3608 758 1312 3609 757 800 3610 1374 805 3611 287 1313 3612 1375 1142 3613 760 1139 3614 759 1314 3615 1374 805 3616 1375 1142 3617 759 1314 3618 750 1283 3619 1347 1285 3620 758 1312 3621 1347 1285 3622 1338 1272 3623 287 1313 3624 1346 1282 3625 750 1283 3626 761 1315 3627 760 1139 3628 1376 1143 3629 288 1316 3630 1376 1143 3631 1377 1186 3632 761 1315 3633 1355 1294 3634 1346 1282 3635 288 1316 3636 1354 1292 3637 1355 1294 3638 762 1317 3639 1380 1293 3640 1354 1292 3641 762 1317 3642 1377 1186 3643 1378 1191 3644 764 1318 3645 1378 1191 3646 763 1188 3647 767 1319 3648 1379 1297 3649 1382 1298 3650 289 1320 3651 763 1188 3652 1379 1297 3653 764 1318 3654 1381 1289 3655 1380 1293 3656 289 1320 3657 1383 1253 3658 1381 1289 3659 768 1321 3660 766 1258 3661 765 1260 3662 290 1322 3663 1382 1298 3664 766 1258 3665 767 1319 3666 1384 1249 3667 1383 1253 3668 290 1322 3669 260 1212 3670 1384 1249 3671 291 1323 3672 765 1260 3673 769 1213 3674 768 1321 3675 770 1211 3676 260 1212 3677 291 1323 3678 1385 1324 3679 770 1211 3680 771 1325 3681 769 1213 3682 1386 1216 3683 772 1202 3684 292 1326 3685 773 1106 3686 292 1326 3687 1387 1107 3688 773 1106 3689 774 1327 3690 1386 1216 3691 1387 1107 3692 292 1326 3693 1302 1210 3694 774 1327 3695 771 1325 3696 1302 1210 3697 1385 1324 3698 777 1328 3699 1301 1207 3700 292 1326 3701 293 1329 3702 1388 1174 3703 776 1330 3704 775 1203 3705 777 1328 3706 772 1202 3707 293 1329 3708 1389 1208 3709 777 1328 3710 778 1206 3711 776 1330 3712 779 1205 3713 250 1126 3714 294 1331 3715 780 1175 3716 780 1175 3717 781 1332 3718 1390 1173 3719 776 1330 3720 1390 1173 3721 781 1332 3722 294 1331 3723 1391 1179 3724 781 1332 3725 779 1205 3726 781 1332 3727 1391 1179 3728 785 1333 3729 1392 1177 3730 294 1331 3731 296 1334 3732 1393 1128 3733 784 1335 3734 782 789 3735 784 1335 3736 1393 1128 3737 783 1129 3738 785 1333 3739 250 1126 3740 296 1334 3741 1394 1153 3742 785 1333 3743 786 1151 3744 784 1335 3745 1395 1149 3746 295 1336 3747 1395 1149 3748 784 1335 3749 297 1337 3750 1396 790 3751 788 786 3752 787 1338 3753 782 789 3754 1396 790 3755 787 1338 3756 789 726 3757 1397 735 3758 295 1336 3759 1397 735 3760 167 734 3761 297 1337 3762 1398 727 3763 789 726 3764 790 1339 3765 1418 1340 3766 1398 727 3767 790 1339 3768 788 786 3769 1399 794 3770 298 1341 3771 1399 794 3772 183 791 3773 794 1067 3774 1400 1060 3775 235 1063 3776 711 994 3777 1246 1066 3778 712 996 3779 712 996 3780 1401 989 3781 711 994 3782 1219 995 3783 223 1342 3784 1401 989 3785 326 1343 3786 1402 860 3787 190 859 3788 817 1344 3789 816 189 3790 1402 860 3791 325 1345 3792 1403 863 3793 813 862 3794 815 1346 3795 190 859 3796 1403 863 3797 169 929 3798 814 1347 3799 1404 740 3800 814 1347 3801 813 862 3802 1404 740 3803 211 935 3804 812 1348 3805 1405 928 3806 324 1349 3807 1405 928 3808 812 1348 3809 809 1350 3810 811 1351 3811 1406 934 3812 323 1352 3813 1406 934 3814 811 1351 3815 321 1353 3816 1407 933 3817 158 932 3818 810 1354 3819 809 1350 3820 1407 933 3821 320 1355 3822 158 932 3823 1408 937 3824 319 1356 3825 1409 1023 3826 229 1022 3827 808 1357 3828 1408 937 3829 1409 1023 3830 318 1358 3831 1410 1026 3832 175 1025 3833 807 1359 3834 229 1022 3835 1410 1026 3836 317 1360 3837 1411 776 3838 174 775 3839 806 1361 3840 175 1025 3841 1411 776 3842 316 1362 3843 174 775 3844 1412 779 3845 165 754 3846 805 1363 3847 1413 755 3848 316 1362 3849 1413 755 3850 805 1363 3851 164 761 3852 804 1364 3853 1414 762 3854 315 1365 3855 1414 762 3856 804 1364 3857 173 763 3858 803 1366 3859 1415 760 3860 314 1367 3861 1415 760 3862 803 1366 3863 157 729 3864 802 1368 3865 1416 765 3866 313 1369 3867 1416 765 3868 802 1368 3869 1418 1340 3870 801 1370 3871 1417 728 3872 312 1371 3873 1417 728 3874 801 1370 3875 311 1372 3876 1418 1340 3877 298 1341 3878 310 1373 3879 298 1341 3880 183 791 3881 310 1373 3882 182 793 3883 309 1374 3884 309 1374 3885 168 797 3886 308 1375 3887 307 1376 3888 1419 796 3889 609 795 3890 799 1377 3891 168 797 3892 1419 796 3893 797 1378 3894 1420 798 3895 1421 1123 3896 798 1379 3897 609 795 3898 1420 798 3899 306 1380 3900 1421 1123 3901 181 1118 3902 795 1381 3903 1422 1110 3904 1423 1033 3905 796 1382 3906 181 1118 3907 1422 1110 3908 237 1070 3909 795 1381 3910 1423 1033 3911 305 1383 3912 236 1065 3913 304 1384 3914 304 1384 3915 794 1067 3916 303 1385 3917 303 1385 3918 235 1063 3919 302 1386 3920 231 1059 3921 793 1387 3922 1424 1062 3923 302 1386 3924 1424 1062 3925 793 1387 3926 230 1054 3927 792 1388 3928 1425 1058 3929 301 1389 3930 1425 1058 3931 792 1388 3932 163 1050 3933 791 1390 3934 1426 1053 3935 300 1391 3936 1426 1053 3937 791 1390 3938 866 1392 3939 868 1393 3940 1454 1394 3941 160 1395 3942 1454 1394 3943 868 1393 3944 573 17 3945 579 712 3946 874 18 3947 159 718 3948 874 18 3949 579 712 3950 0 20 3951 619 839 3952 917 183 3953 619 839 3954 574 184 3955 917 183 3956 189 837 3957 914 174 3958 574 184 3959 617 832 3960 9 176 3961 914 174 3962 655 836 3963 575 288 3964 9 176 3965 207 914 3966 942 282 3967 575 288 3968 191 847 3969 942 282 3970 652 910 3971 576 194 3972 620 845 3973 920 195 3974 192 840 3975 920 195 3976 620 845 3977 577 197 3978 621 842 3979 921 199 3980 621 842 3981 578 200 3982 921 199 3983 864 1396 3984 791 1390 3985 1452 1397 3986 299 1398 3987 1452 1397 3988 791 1390 3989 300 1391 3990 1451 1399 3991 792 1388 3992 862 1400 3993 792 1388 3994 1451 1399 3995 301 1389 3996 1450 1401 3997 793 1387 3998 1449 1402 3999 793 1387 4000 1450 1401 4001 1448 1403 4002 302 1386 4003 1449 1402 4004 1447 1404 4005 303 1385 4006 1448 1403 4007 857 1405 4008 304 1384 4009 1447 1404 4010 305 1383 4011 10 1406 4012 795 1381 4013 796 1382 4014 10 1406 4015 1446 1407 4016 306 1380 4017 1446 1407 4018 855 1408 4019 797 1378 4020 855 1408 4021 853 1409 4022 797 1378 4023 1445 1410 4024 798 1379 4025 307 1376 4026 1445 1410 4027 851 1411 4028 799 1377 4029 851 1411 4030 1444 1412 4031 308 1375 4032 1444 1412 4033 1443 1413 4034 1442 1414 4035 308 1375 4036 1443 1413 4037 1441 1415 4038 309 1374 4039 1442 1414 4040 847 1416 4041 310 1373 4042 1441 1415 4043 800 1417 4044 847 1416 4045 360 1418 4046 800 1417 4047 1440 1419 4048 801 1370 4049 844 1420 4050 801 1370 4051 1440 1419 4052 312 1371 4053 1439 1421 4054 802 1368 4055 842 1422 4056 802 1368 4057 1439 1421 4058 313 1369 4059 1438 1423 4060 803 1366 4061 840 1424 4062 803 1366 4063 1438 1423 4064 314 1367 4065 1437 1425 4066 804 1364 4067 838 1426 4068 804 1364 4069 1437 1425 4070 315 1365 4071 1436 1427 4072 805 1363 4073 316 1362 4074 1436 1427 4075 2 1428 4076 317 1360 4077 2 1428 4078 835 1429 4079 806 1361 4080 835 1429 4081 1435 1430 4082 318 1358 4083 1435 1430 4084 833 1431 4085 807 1359 4086 833 1431 4087 1434 1432 4088 319 1356 4089 1434 1432 4090 831 1433 4091 808 1357 4092 831 1433 4093 1433 1434 4094 320 1355 4095 1433 1434 4096 4 1435 4097 321 1353 4098 4 1435 4099 828 1436 4100 810 1354 4101 828 1436 4102 1432 1437 4103 322 1438 4104 1432 1437 4105 1 1439 4106 322 1438 4107 1431 1440 4108 811 1351 4109 824 1441 4110 811 1351 4111 1431 1440 4112 323 1352 4113 1430 1442 4114 812 1348 4115 822 1443 4116 812 1348 4117 1430 1442 4118 814 1347 4119 822 1443 4120 1429 1444 4121 325 1345 4122 1429 1444 4123 3 1445 4124 815 1346 4125 3 1445 4126 1428 1446 4127 326 1343 4128 1428 1446 4129 818 1447 4130 817 1344 4131 818 1447 4132 1427 1448 4133 327 1449 4134 1427 1448 4135 5 1450 4136 327 1449 4137 1427 1448 4138 819 190 4139 818 1447 4140 819 190 4141 1427 1448 4142 328 192 4143 1428 1446 4144 821 186 4145 3 1445 4146 821 186 4147 1428 1446 4148 329 188 4149 1429 1444 4150 823 75 4151 822 1443 4152 823 75 4153 1429 1444 4154 825 72 4155 822 1443 4156 1430 1442 4157 331 297 4158 1430 1442 4159 824 1441 4160 827 299 4161 824 1441 4162 1431 1440 4163 332 1451 4164 1431 1440 4165 1 1439 4166 332 1451 4167 1432 1437 4168 829 13 4169 828 1436 4170 829 13 4171 1432 1437 4172 333 15 4173 4 1435 4174 830 10 4175 830 10 4176 1433 1434 4177 832 388 4178 831 1433 4179 832 388 4180 1433 1434 4181 334 389 4182 1434 1432 4183 834 386 4184 833 1431 4185 834 386 4186 1434 1432 4187 335 387 4188 1435 1430 4189 836 102 4190 835 1429 4191 836 102 4192 1435 1430 4193 336 104 4194 2 1428 4195 837 38 4196 837 38 4197 1436 1427 4198 839 41 4199 337 33 4200 1436 1427 4201 838 1426 4202 841 36 4203 838 1426 4204 1437 1425 4205 338 98 4206 1437 1425 4207 840 1424 4208 843 99 4209 840 1424 4210 1438 1423 4211 339 0 4212 1438 1423 4213 842 1422 4214 845 3 4215 842 1422 4216 1439 1421 4217 340 5 4218 1439 1421 4219 844 1420 4220 846 7 4221 844 1420 4222 1440 1419 4223 341 709 4224 1440 1419 4225 360 1418 4226 847 1416 4227 341 709 4228 360 1418 4229 848 128 4230 847 1416 4231 1441 1415 4232 849 131 4233 1441 1415 4234 1442 1414 4235 850 1452 4236 1442 1414 4237 1443 1413 4238 850 1452 4239 1444 1412 4240 852 66 4241 851 1411 4242 852 66 4243 1444 1412 4244 854 62 4245 851 1411 4246 1445 1410 4247 344 64 4248 1445 1410 4249 853 1409 4250 855 1408 4251 344 64 4252 853 1409 4253 345 126 4254 1446 1407 4255 856 123 4256 10 1406 4257 856 123 4258 1446 1407 4259 347 414 4260 10 1406 4261 857 1405 4262 858 411 4263 857 1405 4264 1447 1404 4265 860 710 4266 1447 1404 4267 1448 1403 4268 861 407 4269 1448 1403 4270 1449 1402 4271 863 410 4272 1449 1402 4273 1450 1401 4274 348 394 4275 1450 1401 4276 862 1400 4277 865 397 4278 862 1400 4279 1451 1399 4280 349 390 4281 1451 1399 4282 864 1396 4283 867 393 4284 864 1396 4285 1452 1397 4286 350 29 4287 1452 1397 4288 866 1392 4289 299 1398 4290 1453 1049 4291 868 1393 4292 584 720 4293 868 1393 4294 1453 1049 4295 869 32 4296 866 1392 4297 1454 1394 4298 81 1453 4299 1454 1394 4300 573 17 4301 1456 1454 4302 1455 1454 4303 1457 1454 4304 1459 1455 4305 1458 1455 4306 1460 1455 4307 1481 1456 4308 1467 1457 4309 1496 1458 4310 1496 1458 4311 1495 1459 4312 1481 1456 4313 1470 1460 4314 1462 1461 4315 1465 1462 4316 1470 1460 4317 1471 1463 4318 1466 1464 4319 1466 1464 4320 1463 1465 4321 1470 1460 4322 1481 1456 4323 1495 1459 4324 1497 1466 4325 1472 1467 4326 1478 1468 4327 1477 1469 4328 1485 1470 4329 1480 1471 4330 1479 1472 4331 1476 1473 4332 1498 1474 4333 1497 1466 4334 1473 1475 4335 1474 1476 4336 1486 1477 4337 1483 1478 4338 1486 1477 4339 1475 1479 4340 1486 1477 4341 1474 1476 4342 1475 1479 4343 1485 1470 4344 1482 1480 4345 1484 1481 4346 1471 1463 4347 1470 1460 4348 1485 1470 4349 1485 1470 4350 1484 1481 4351 1471 1463 4352 1470 1460 4353 1463 1465 4354 1462 1461 4355 1479 1472 4356 1473 1475 4357 1488 1482 4358 1488 1482 4359 1491 1483 4360 1479 1472 4361 1479 1472 4362 1480 1471 4363 1473 1475 4364 1481 1456 4365 1473 1475 4366 1480 1471 4367 1497 1466 4368 1498 1474 4369 1473 1475 4370 1473 1475 4371 1481 1456 4372 1497 1466 4373 1473 1475 4374 1498 1474 4375 1474 1476 4376 1474 1476 4377 1476 1473 4378 1477 1469 4379 1477 1469 4380 1475 1479 4381 1474 1476 4382 1477 1469 4383 1478 1468 4384 1475 1479 4385 1480 1471 4386 1485 1470 4387 1470 1460 4388 1464 1484 4389 1468 1485 4390 1469 1486 4391 1488 1482 4392 1487 1487 4393 1491 1483 4394 1493 1488 4395 1488 1482 4396 1483 1478 4397 1491 1483 4398 1492 1489 4399 1485 1470 4400 1485 1470 4401 1479 1472 4402 1491 1483 4403 1493 1488 4404 1487 1487 4405 1488 1482 4406 1461 1490 4407 1490 1491 4408 1487 1487 4409 1461 1490 4410 1499 1492 4411 1490 1491 4412 1485 1470 4413 1492 1489 4414 1489 1493 4415 1489 1493 4416 1482 1480 4417 1485 1470 4418 1486 1477 4419 1483 1478 4420 1488 1482 4421 1472 1467 4422 1469 1486 4423 1468 1485 4424 1465 1462 4425 1480 1471 4426 1470 1460 4427 1481 1456 4428 1480 1471 4429 1465 1462 4430 1465 1462 4431 1467 1457 4432 1481 1456 4433 1473 1475 4434 1486 1477 4435 1488 1482 4436 1493 1488 4437 1523 1494 4438 1461 1490 4439 1493 1488 4440 1461 1490 4441 1487 1487 4442 1487 1487 4443 1490 1491 4444 1491 1483 4445 1490 1491 4446 1492 1489 4447 1491 1483 4448 1490 1491 4449 1499 1492 4450 1492 1489 4451 1469 1486 4452 1495 1459 4453 1494 1495 4454 1497 1466 4455 1495 1459 4456 1469 1486 4457 1469 1486 4458 1472 1467 4459 1497 1466 4460 1472 1467 4461 1477 1469 4462 1476 1473 4463 1476 1473 4464 1497 1466 4465 1472 1467 4466 1496 1458 4467 1494 1495 4468 1495 1459 4469 1474 1476 4470 1498 1474 4471 1476 1473 4472 1506 1496 4473 1501 1497 4474 1500 1498 4475 1501 1497 4476 1506 1496 4477 1524 1499 4478 1504 1500 4479 1502 1501 4480 1503 1502 4481 1504 1500 4482 1466 1464 4483 1471 1463 4484 1506 1496 4485 1505 1503 4486 1524 1499 4487 1472 1467 4488 1509 1504 4489 1478 1468 4490 1509 1504 4491 1510 1505 4492 1511 1506 4493 1478 1468 4494 1509 1504 4495 1511 1506 4496 1512 1507 4497 1484 1481 4498 1514 1508 4499 1484 1481 4500 1512 1507 4501 1513 1509 4502 1510 1505 4503 1505 1503 4504 1507 1510 4505 1515 1511 4506 1516 1512 4507 1517 1513 4508 1511 1506 4509 1483 1478 4510 1475 1479 4511 1483 1478 4512 1511 1506 4513 1516 1512 4514 1516 1512 4515 1511 1506 4516 1517 1513 4517 1514 1508 4518 1484 1481 4519 1482 1480 4520 1471 1463 4521 1484 1481 4522 1504 1500 4523 1515 1511 4524 1512 1507 4525 1520 1514 4526 1512 1507 4527 1508 1515 4528 1513 1509 4529 1506 1496 4530 1513 1509 4531 1508 1515 4532 1505 1503 4533 1508 1515 4534 1507 1510 4535 1508 1515 4536 1505 1503 4537 1506 1496 4538 1508 1515 4539 1517 1513 4540 1507 1510 4541 1517 1513 4542 1508 1515 4543 1515 1511 4544 1517 1513 4545 1511 1506 4546 1510 1505 4547 1511 1506 4548 1475 1479 4549 1478 1468 4550 1512 1507 4551 1515 1511 4552 1508 1515 4553 1513 1509 4554 1504 1500 4555 1484 1481 4556 1464 1484 4557 1518 1516 4558 1468 1485 4559 1522 1517 4560 1515 1511 4561 1520 1514 4562 1515 1511 4563 1522 1517 4564 1521 1518 4565 1483 1478 4566 1519 1519 4567 1493 1488 4568 1520 1514 4569 1514 1508 4570 1489 1493 4571 1514 1508 4572 1520 1514 4573 1512 1507 4574 1519 1519 4575 1515 1511 4576 1521 1518 4577 1461 1490 4578 1521 1518 4579 1522 1517 4580 1499 1492 4581 1461 1490 4582 1522 1517 4583 1521 1518 4584 1461 1490 4585 1523 1494 4586 1520 1514 4587 1489 1493 4588 1492 1489 4589 1489 1493 4590 1514 1508 4591 1482 1480 4592 1516 1512 4593 1519 1519 4594 1483 1478 4595 1509 1504 4596 1468 1485 4597 1518 1516 4598 1468 1485 4599 1509 1504 4600 1472 1467 4601 1502 1501 4602 1504 1500 4603 1513 1509 4604 1506 1496 4605 1502 1501 4606 1513 1509 4607 1502 1501 4608 1506 1496 4609 1500 1498 4610 1515 1511 4611 1519 1519 4612 1516 1512 4613 1523 1494 4614 1493 1488 4615 1519 1519 4616 1519 1519 4617 1521 1518 4618 1523 1494 4619 1499 1492 4620 1522 1517 4621 1520 1514 4622 1492 1489 4623 1499 1492 4624 1520 1514 4625 1518 1516 4626 1525 1520 4627 1524 1499 4628 1505 1503 4629 1518 1516 4630 1524 1499 4631 1518 1516 4632 1505 1503 4633 1509 1504 4634 1510 1505 4635 1509 1504 4636 1505 1503 4637 1501 1497 4638 1524 1499 4639 1525 1520 4640 1517 1513 4641 1510 1505 4642 1507 1510 4643 1532 1521 4644 1566 1522 4645 1560 1523 4646 1543 1524 4647 1544 1525 4648 1564 1526 4649 1528 1527 4650 1546 1528 4651 1527 1529 4652 1564 1526 4653 1545 1530 4654 1528 1527 4655 1567 1531 4656 1529 1532 4657 1543 1524 4658 1546 1528 4659 1565 1533 4660 1527 1529 4661 1551 1534 4662 1535 1535 4663 1542 1536 4664 1538 1537 4665 1551 1534 4666 1542 1536 4667 1550 1538 4668 1541 1539 4669 1537 1540 4670 1536 1541 4671 1549 1542 4672 1537 1540 4673 1553 1543 4674 1536 1541 4675 1540 1544 4676 1552 1545 4677 1540 1544 4678 1539 1546 4679 1535 1535 4680 1556 1547 4681 1539 1546 4682 1554 1548 4683 1541 1539 4684 1548 1549 4685 1551 1534 4686 1543 1524 4687 1555 1550 4688 1526 1551 4689 1551 1534 4690 1554 1548 4691 1550 1538 4692 1561 1552 4693 1548 1549 4694 1528 1527 4695 1549 1542 4696 1553 1543 4697 1564 1526 4698 1553 1543 4699 1552 1545 4700 1555 1550 4701 1564 1526 4702 1556 1547 4703 1526 1551 4704 1548 1549 4705 1561 1552 4706 1558 1553 4707 1636 1554 4708 1557 1555 4709 1547 1556 4710 1563 1557 4711 1565 1533 4712 1563 1557 4713 1560 1523 4714 1568 1558 4715 1566 1522 4716 1534 1559 4717 1567 1531 4718 1560 1523 4719 1531 1560 4720 1532 1521 4721 1561 1552 4722 1560 1523 4723 1526 1551 4724 1526 1551 4725 1562 1561 4726 1567 1531 4727 1560 1523 4728 1566 1522 4729 1562 1561 4730 1562 1561 4731 1566 1522 4732 1567 1531 4733 1530 1562 4734 1543 1524 4735 1529 1532 4736 1561 1552 4737 1563 1557 4738 1568 1558 4739 1527 1529 4740 1563 1557 4741 1561 1552 4742 1575 1563 4743 1574 1564 4744 1573 1565 4745 1581 1566 4746 1580 1567 4747 1579 1568 4748 1570 1569 4749 1579 1568 4750 1569 1570 4751 1584 1571 4752 1579 1568 4753 1580 1567 4754 1585 1572 4755 1569 1570 4756 1579 1568 4757 1577 1573 4758 1588 1574 4759 1587 1575 4760 1587 1575 4761 1585 1572 4762 1584 1571 4763 1578 1576 4764 1586 1577 4765 1588 1574 4766 1588 1574 4767 1583 1578 4768 1585 1572 4769 1590 1579 4770 1792 1580 4771 1791 1581 4772 1591 1582 4773 1582 1583 4774 1581 1566 4775 1593 1584 4776 1789 1585 4777 1790 1586 4778 1572 1587 4779 1592 1588 4780 1593 1584 4781 1595 1589 4782 1571 1590 4783 1572 1587 4784 1573 1565 4785 1603 1591 4786 1637 1592 4787 1793 1593 4788 1593 1584 4789 1790 1586 4790 1596 1594 4791 1572 1587 4792 1593 1584 4793 1573 1565 4794 1600 1595 4795 1575 1563 4796 1637 1592 4797 1598 1596 4798 1573 1565 4799 1595 1589 4800 1597 1597 4801 1599 1598 4802 1576 1599 4803 1624 1600 4804 1574 1564 4805 1633 1601 4806 1636 1554 4807 1559 1602 4808 1626 1603 4809 1571 1590 4810 1604 1604 4811 1574 1564 4812 1625 1605 4813 1603 1591 4814 1571 1590 4815 1602 1606 4816 1604 1604 4817 1606 1607 4818 1607 1608 4819 1605 1609 4820 1605 1609 4821 1609 1610 4822 1606 1607 4823 1612 1611 4824 1608 1612 4825 1606 1607 4826 1606 1607 4827 1611 1613 4828 1612 1611 4829 1616 1614 4830 1633 1601 4831 1615 1615 4832 1614 1616 4833 1615 1615 4834 1613 1617 4835 1605 1609 4836 1616 1614 4837 1614 1616 4838 1610 1618 4839 1614 1616 4840 1617 1619 4841 1580 1567 4842 1619 1620 4843 1584 1571 4844 1618 1621 4845 1610 1618 4846 1619 1620 4847 1582 1583 4848 1618 1621 4849 1580 1567 4850 1620 1622 4851 1609 1610 4852 1618 1621 4853 1584 1571 4854 1621 1623 4855 1587 1575 4856 1619 1620 4857 1617 1619 4858 1621 1623 4859 1621 1623 4860 1577 1573 4861 1587 1575 4862 1796 1624 4863 1592 1588 4864 1626 1603 4865 1637 1592 4866 1594 1625 4867 1595 1589 4868 1577 1573 4869 1623 1626 4870 1576 1599 4871 1795 1627 4872 1629 1628 4873 1628 1629 4874 1798 1630 4875 1631 1631 4876 1630 1632 4877 1628 1629 4878 1797 1633 4879 1795 1627 4880 1630 1632 4881 1611 1613 4882 1620 1622 4883 1612 1611 4884 1631 1631 4885 1628 1629 4886 1612 1611 4887 1629 1628 4888 1634 1634 4889 1798 1630 4890 1590 1579 4891 1791 1581 4892 1589 1635 4893 1581 1566 4894 1570 1569 4895 1607 1608 4896 1635 1636 4897 1636 1554 4898 1608 1612 4899 1634 1634 4900 1635 1636 4901 1617 1619 4902 1613 1617 4903 1627 1637 4904 1607 1608 4905 1636 1554 4906 1616 1614 4907 1594 1625 4908 1625 1605 4909 1602 1606 4910 1595 1589 4911 1632 1638 4912 1637 1592 4913 1794 1639 4914 1634 1634 4915 1629 1628 4916 1635 1636 4917 1787 1640 4918 1636 1554 4919 1617 1619 4920 1622 1641 4921 1621 1623 4922 1575 1563 4923 1601 1642 4924 1578 1576 4925 1578 1576 4926 1576 1599 4927 1575 1563 4928 1590 1579 4929 1620 1622 4930 1582 1583 4931 1591 1582 4932 1788 1643 4933 1792 1580 4934 1556 1547 4935 1552 1545 4936 1539 1546 4937 1549 1542 4938 1550 1538 4939 1639 1644 4940 1549 1542 4941 1550 1538 4942 1537 1540 4943 1640 1645 4944 1659 1646 4945 1658 1647 4946 1685 1648 4947 1650 1649 4948 1649 1650 4949 1683 1651 4950 1660 1652 4951 1647 1653 4952 1688 1654 4953 1662 1655 4954 1661 1656 4955 1688 1654 4956 1660 1652 4957 1683 1651 4958 1690 1657 4959 1646 1658 4960 1651 1659 4961 1689 1660 4962 1663 1661 4963 1662 1655 4964 1657 1662 4965 1664 1663 4966 1669 1664 4967 1656 1665 4968 1669 1664 4969 1667 1666 4970 1654 1667 4971 1666 1668 4972 1655 1669 4973 1655 1669 4974 1668 1670 4975 1653 1671 4976 1652 1672 4977 1781 1673 4978 1664 1663 4979 1667 1666 4980 1654 1667 4981 1656 1665 4982 1669 1664 4983 1644 1674 4984 1640 1645 4985 1667 1666 4986 1640 1645 4987 1641 1675 4988 1666 1668 4989 1645 1676 4990 1642 1677 4991 1668 1670 4992 1642 1677 4993 1643 1678 4994 1641 1675 4995 1665 1679 4996 1667 1666 4997 1689 1660 4998 1648 1680 4999 1663 1661 5000 1684 1681 5001 1686 1682 5002 1687 1683 5003 1685 1648 5004 1651 1659 5005 1650 1649 5006 1684 1681 5007 1649 1650 5008 1648 1680 5009 1641 1675 5010 1674 1684 5011 1673 1685 5012 1642 1677 5013 1681 1686 5014 1679 1687 5015 1642 1677 5016 1678 1688 5017 1643 1678 5018 1642 1677 5019 1680 1689 5020 1681 1686 5021 1645 1676 5022 1673 1685 5023 1675 1690 5024 1643 1678 5025 1678 1688 5026 1677 1691 5027 1640 1645 5028 1658 1647 5029 1682 1692 5030 1641 1675 5031 1682 1692 5032 1674 1684 5033 1643 1678 5034 1677 1691 5035 1676 1693 5036 1645 1676 5037 1675 1690 5038 1680 1689 5039 1700 1694 5040 1693 1695 5041 1685 1648 5042 1702 1696 5043 1697 1697 5044 1683 1651 5045 1692 1698 5046 1683 1651 5047 1690 1657 5048 1695 1699 5049 1688 1654 5050 1696 1700 5051 1697 1697 5052 1688 1654 5053 1683 1651 5054 1691 1701 5055 1692 1698 5056 1690 1657 5057 1695 1699 5058 1694 1702 5059 1689 1660 5060 1694 1702 5061 1686 1682 5062 1689 1660 5063 1701 1703 5064 1685 1648 5065 1684 1681 5066 1701 1703 5067 1687 1683 5068 1698 1704 5069 1693 1695 5070 1690 1657 5071 1685 1648 5072 1699 1705 5073 1687 1683 5074 1686 1682 5075 1647 1653 5076 1690 1657 5077 1683 1651 5078 1781 1673 5079 1644 1674 5080 1664 1663 5081 1644 1674 5082 1676 1693 5083 1659 1646 5084 1680 1689 5085 1698 1704 5086 1699 1705 5087 1682 1692 5088 1691 1701 5089 1693 1695 5090 1681 1686 5091 1695 1699 5092 1679 1687 5093 1659 1646 5094 1702 1696 5095 1692 1698 5096 1678 1688 5097 1695 1699 5098 1696 1700 5099 1676 1693 5100 1697 1697 5101 1702 1696 5102 1677 1691 5103 1696 1700 5104 1697 1697 5105 1673 1685 5106 1700 1694 5107 1701 1703 5108 1673 1685 5109 1698 1704 5110 1675 1690 5111 1658 1647 5112 1692 1698 5113 1691 1701 5114 1674 1684 5115 1693 1695 5116 1700 1694 5117 1681 1686 5118 1699 1705 5119 1694 1702 5120 1708 1706 5121 1709 1707 5122 1707 1708 5123 1714 1709 5124 1715 1710 5125 1713 1711 5126 1713 1711 5127 1704 1712 5128 1703 1713 5129 1718 1714 5130 1713 1711 5131 1719 1715 5132 1719 1715 5133 1703 1713 5134 1717 1716 5135 1711 1717 5136 1722 1718 5137 1712 1719 5138 1721 1720 5139 1719 1715 5140 1722 1718 5141 1712 1719 5142 1720 1721 5143 1735 1722 5144 1722 1718 5145 1717 1716 5146 1720 1721 5147 1724 1723 5148 1792 1580 5149 1725 1724 5150 1716 1725 5151 1725 1724 5152 1715 1710 5153 1789 1585 5154 1727 1726 5155 1790 1586 5156 1726 1727 5157 1706 1728 5158 1727 1726 5159 1705 1729 5160 1729 1730 5161 1706 1728 5162 1737 1731 5163 1707 1708 5164 1780 1732 5165 1727 1726 5166 1793 1593 5167 1790 1586 5168 1706 1728 5169 1730 1733 5170 1727 1726 5171 1707 1708 5172 1734 1734 5173 1732 1735 5174 1780 1732 5175 1732 1735 5176 1770 1736 5177 1731 1737 5178 1729 1730 5179 1733 1738 5180 1759 1739 5181 1710 1740 5182 1708 1706 5183 1778 1741 5184 1771 1742 5185 1772 1743 5186 1761 1744 5187 1705 1729 5188 1726 1727 5189 1760 1745 5190 1708 1706 5191 1737 1731 5192 1705 1729 5193 1736 1746 5194 1728 1747 5195 1741 1748 5196 1740 1749 5197 1739 1750 5198 1743 1751 5199 1739 1750 5200 1740 1749 5201 1742 1752 5202 1746 1753 5203 1740 1749 5204 1740 1749 5205 1745 1754 5206 1743 1751 5207 1772 1743 5208 1751 1755 5209 1750 1756 5210 1750 1756 5211 1749 1757 5212 1748 1758 5213 1751 1755 5214 1739 1750 5215 1749 1757 5216 1749 1757 5217 1744 1759 5218 1752 1760 5219 1714 1709 5220 1754 1761 5221 1753 1762 5222 1753 1762 5223 1744 1759 5224 1743 1751 5225 1716 1725 5226 1753 1762 5227 1755 1763 5228 1755 1763 5229 1743 1751 5230 1745 1754 5231 1718 1714 5232 1756 1764 5233 1754 1761 5234 1754 1761 5235 1752 1760 5236 1744 1759 5237 1711 1717 5238 1756 1764 5239 1721 1720 5240 1796 1624 5241 1726 1727 5242 1789 1585 5243 1728 1747 5244 1780 1732 5245 1729 1730 5246 1758 1765 5247 1711 1717 5248 1710 1740 5249 1764 1766 5250 1795 1627 5251 1763 1767 5252 1766 1768 5253 1798 1630 5254 1765 1769 5255 1797 1633 5256 1763 1767 5257 1795 1627 5258 1745 1754 5259 1765 1769 5260 1755 1763 5261 1766 1768 5262 1746 1753 5263 1763 1767 5264 1746 1753 5265 1764 1766 5266 1763 1767 5267 1724 1723 5268 1798 1630 5269 1791 1581 5270 1715 1710 5271 1723 1770 5272 1704 1712 5273 1767 1771 5274 1742 1752 5275 1741 1748 5276 1742 1752 5277 1769 1772 5278 1747 1773 5279 1748 1758 5280 1752 1760 5281 1762 1774 5282 1741 1748 5283 1771 1742 5284 1767 1771 5285 1747 1773 5286 1773 1775 5287 1764 1766 5288 1794 1639 5289 1764 1766 5290 1773 1775 5291 1769 1772 5292 1774 1776 5293 1747 1773 5294 1776 1777 5295 1768 1778 5296 1767 1771 5297 1672 1779 5298 1778 1741 5299 1671 1780 5300 1728 1747 5301 1760 1745 5302 1737 1731 5303 1729 1730 5304 1770 1736 5305 1733 1738 5306 1779 1781 5307 1767 1771 5308 1771 1742 5309 1777 1782 5310 1769 1772 5311 1768 1778 5312 1774 1776 5313 1794 1639 5314 1773 1775 5315 1787 1640 5316 1775 1783 5317 1670 1784 5318 1775 1783 5319 1776 1777 5320 1670 1784 5321 1670 1784 5322 1779 1781 5323 1672 1779 5324 1757 1785 5325 1752 1760 5326 1756 1764 5327 1709 1707 5328 1735 1722 5329 1734 1734 5330 1710 1740 5331 1712 1719 5332 1709 1707 5333 1755 1763 5334 1724 1723 5335 1716 1725 5336 1725 1724 5337 1788 1643 5338 1723 1770 5339 1668 1670 5340 1781 1673 5341 1653 1671 5342 1784 1786 5343 1643 1678 5344 1781 1673 5345 1668 1670 5346 1784 1786 5347 1783 1787 5348 1783 1787 5349 1784 1786 5350 1781 1673 5351 1782 1788 5352 1666 1668 5353 1642 1677 5354 1666 1668 5355 1782 1788 5356 1655 1669 5357 1786 1789 5358 1785 1790 5359 1782 1788 5360 1666 1668 5361 1785 1790 5362 1786 1789 5363 1799 1791 5364 1660 1652 5365 1661 1656 5366 1660 1652 5367 1799 1791 5368 1800 1792 5369 1801 1793 5370 1648 1680 5371 1649 1650 5372 1648 1680 5373 1801 1793 5374 1802 1794 5375 1800 1792 5376 1647 1653 5377 1660 1652 5378 1647 1653 5379 1800 1792 5380 1803 1795 5381 1663 1661 5382 1804 1796 5383 1662 1655 5384 1804 1796 5385 1648 1680 5386 1802 1794 5387 1646 1658 5388 1805 1797 5389 1651 1659 5390 1805 1797 5391 1646 1658 5392 1806 1798 5393 1651 1659 5394 1807 1799 5395 1650 1649 5396 1807 1799 5397 1651 1659 5398 1805 1797 5399 1647 1653 5400 1806 1798 5401 1646 1658 5402 1806 1798 5403 1647 1653 5404 1803 1795 5405 1804 1796 5406 1661 1656 5407 1662 1655 5408 1661 1656 5409 1804 1796 5410 1799 1791 5411 1807 1799 5412 1649 1650 5413 1650 1649 5414 1649 1650 5415 1807 1799 5416 1801 1793 5417 1648 1680 5418 1804 1796 5419 1663 1661 5420 1809 1800 5421 1818 1801 5422 1808 1802 5423 1810 1803 5424 1819 1804 5425 1809 1800 5426 1810 1803 5427 1821 1805 5428 1820 1806 5429 1811 1807 5430 1822 1808 5431 1821 1805 5432 1813 1809 5433 1822 1808 5434 1812 1810 5435 1814 1811 5436 1823 1812 5437 1813 1809 5438 1815 1813 5439 1824 1814 5440 1814 1811 5441 1816 1815 5442 1825 1816 5443 1815 1813 5444 1817 1817 5445 1826 1818 5446 1816 1815 5447 1817 1817 5448 1818 1801 5449 1827 1819 5450 1818 1801 5451 1829 1820 5452 1828 1821 5453 1820 1806 5454 1829 1820 5455 1819 1804 5456 1820 1806 5457 1831 1822 5458 1830 1823 5459 1821 1805 5460 1832 1824 5461 1831 1822 5462 1822 1808 5463 1833 1825 5464 1832 1824 5465 1823 1812 5466 1834 1826 5467 1833 1825 5468 1824 1814 5469 1835 1827 5470 1834 1826 5471 1826 1818 5472 1835 1827 5473 1825 1816 5474 1827 1819 5475 1836 1828 5476 1826 1818 5477 1818 1801 5478 1837 1829 5479 1827 1819 5480 1828 1821 5481 1839 1830 5482 1838 1831 5483 1829 1820 5484 1840 1832 5485 1839 1830 5486 1831 1822 5487 1840 1832 5488 1830 1823 5489 1832 1824 5490 1841 1833 5491 1831 1822 5492 1833 1825 5493 1842 1834 5494 1832 1824 5495 1834 1826 5496 1843 1835 5497 1833 1825 5498 1834 1826 5499 1845 1836 5500 1844 1837 5501 1836 1828 5502 1845 1836 5503 1835 1827 5504 1836 1828 5505 1847 1838 5506 1846 1839 5507 1837 1829 5508 1838 1831 5509 1847 1838 5510 1838 1831 5511 1839 1830 5512 1848 1840 5513 1839 1830 5514 1840 1832 5515 1848 1840 5516 1840 1832 5517 1841 1833 5518 1848 1840 5519 1841 1833 5520 1842 1834 5521 1848 1840 5522 1842 1834 5523 1843 1835 5524 1848 1840 5525 1843 1835 5526 1844 1837 5527 1848 1840 5528 1844 1837 5529 1845 1836 5530 1848 1840 5531 1845 1836 5532 1846 1839 5533 1848 1840 5534 1846 1839 5535 1847 1838 5536 1848 1840 5537 1847 1838 5538 1838 1831 5539 1848 1840 5540 1849 1841 5541 1861 1842 5542 1860 1843 5543 1851 1844 5544 1861 1842 5545 1850 1845 5546 1852 1846 5547 1862 1847 5548 1851 1844 5549 1853 1848 5550 1863 1849 5551 1852 1846 5552 1853 1848 5553 1865 1850 5554 1864 1851 5555 1854 1852 5556 1866 1853 5557 1865 1850 5558 1855 1854 5559 1867 1855 5560 1866 1853 5561 1856 1856 5562 1868 1857 5563 1867 1855 5564 1858 1858 5565 1868 1857 5566 1857 1859 5567 1859 1860 5568 1869 1861 5569 1858 1858 5570 1849 1841 5571 1870 1862 5572 1859 1860 5573 1860 1843 5574 1872 1863 5575 1871 1864 5576 1862 1847 5577 1872 1863 5578 1861 1842 5579 1862 1847 5580 1874 1865 5581 1873 1866 5582 1863 1849 5583 1875 1867 5584 1874 1865 5585 1864 1851 5586 1876 1868 5587 1875 1867 5588 1866 1853 5589 1876 1868 5590 1865 1850 5591 1866 1853 5592 1878 1869 5593 1877 1870 5594 1867 1855 5595 1879 1871 5596 1878 1869 5597 1869 1861 5598 1879 1871 5599 1868 1857 5600 1869 1861 5601 1881 1872 5602 1880 1873 5603 1860 1843 5604 1881 1872 5605 1870 1862 5606 1871 1864 5607 1883 1874 5608 1882 1875 5609 1873 1866 5610 1883 1874 5611 1872 1863 5612 1874 1865 5613 1884 1876 5614 1873 1866 5615 1875 1867 5616 1885 1877 5617 1874 1865 5618 1875 1867 5619 1887 1878 5620 1886 1879 5621 1876 1868 5622 1888 1880 5623 1887 1878 5624 1878 1869 5625 1888 1880 5626 1877 1870 5627 1878 1869 5628 1890 1881 5629 1889 1882 5630 1880 1873 5631 1890 1881 5632 1879 1871 5633 1881 1872 5634 1891 1883 5635 1880 1873 5636 1871 1864 5637 1892 1884 5638 1881 1872 5639 1882 1875 5640 1883 1874 5641 1893 1885 5642 1883 1874 5643 1884 1876 5644 1893 1885 5645 1884 1876 5646 1885 1877 5647 1893 1885 5648 1885 1877 5649 1886 1879 5650 1893 1885 5651 1886 1879 5652 1887 1878 5653 1893 1885 5654 1887 1878 5655 1888 1880 5656 1893 1885 5657 1888 1880 5658 1889 1882 5659 1893 1885 5660 1889 1882 5661 1890 1881 5662 1893 1885 5663 1890 1881 5664 1891 1883 5665 1893 1885 5666 1891 1883 5667 1892 1884 5668 1893 1885 5669 1892 1884 5670 1882 1875 5671 1893 1885 5672 339 0 5673 845 3 5674 870 1 5675 845 3 5676 340 5 5677 38 4 5678 340 5 5679 846 7 5680 871 6 5681 846 7 5682 341 709 5683 1149 8 5684 39 9 5685 333 15 5686 830 10 5687 826 12 5688 332 1451 5689 829 13 5690 333 15 5691 39 9 5692 873 14 5693 422 16 5694 81 1453 5695 573 17 5696 40 19 5697 422 16 5698 874 18 5699 11 21 5700 362 25 5701 875 22 5702 41 24 5703 423 26 5704 875 22 5705 423 26 5706 81 1453 5707 422 16 5708 40 19 5709 361 23 5710 875 22 5711 424 27 5712 81 1453 5713 423 26 5714 41 24 5715 363 168 5716 876 28 5717 350 29 5718 869 32 5719 877 30 5720 869 32 5721 81 1453 5722 424 27 5723 337 33 5724 841 36 5725 878 34 5726 841 36 5727 338 98 5728 13 37 5729 837 38 5730 839 41 5731 879 39 5732 839 41 5733 337 33 5734 42 35 5735 440 42 5736 900 45 5737 880 43 5738 900 45 5739 437 95 5740 432 46 5741 84 47 5742 431 48 5743 880 43 5744 431 48 5745 82 49 5746 425 44 5747 82 49 5748 431 48 5749 881 50 5750 431 48 5751 84 47 5752 434 52 5753 45 2 5754 870 1 5755 881 50 5756 870 1 5757 38 4 5758 426 51 5759 871 6 5760 1149 8 5761 1147 53 5762 570 55 5763 427 56 5764 882 54 5765 427 56 5766 82 49 5767 426 51 5768 38 4 5769 871 6 5770 882 54 5771 14 57 5772 901 60 5773 883 58 5774 901 60 5775 440 42 5776 425 44 5777 82 49 5778 427 56 5779 883 58 5780 427 56 5781 570 55 5782 1146 59 5783 442 61 5784 343 68 5785 854 62 5786 344 64 5787 904 127 5788 884 63 5789 15 65 5790 850 1452 5791 852 66 5792 343 68 5793 442 61 5794 885 67 5795 330 69 5796 825 72 5797 886 70 5798 825 72 5799 331 297 5800 63 73 5801 820 74 5802 329 188 5803 823 75 5804 823 75 5805 330 69 5806 43 71 5807 364 77 5808 820 74 5809 887 76 5810 887 76 5811 43 71 5812 429 79 5813 429 79 5814 83 86 5815 428 80 5816 44 81 5817 364 77 5818 888 78 5819 43 71 5820 886 70 5821 889 82 5822 886 70 5823 63 73 5824 478 83 5825 99 84 5826 477 85 5827 889 82 5828 477 85 5829 83 86 5830 429 79 5831 83 86 5832 477 85 5833 890 87 5834 477 85 5835 99 84 5836 480 89 5837 365 90 5838 44 81 5839 428 80 5840 83 86 5841 430 88 5842 891 91 5843 898 92 5844 895 40 5845 879 39 5846 42 35 5847 433 94 5848 892 93 5849 433 94 5850 84 47 5851 432 46 5852 437 95 5853 898 92 5854 892 93 5855 13 37 5856 894 97 5857 893 96 5858 894 97 5859 45 2 5860 434 52 5861 84 47 5862 433 94 5863 893 96 5864 433 94 5865 42 35 5866 878 34 5867 338 98 5868 843 99 5869 894 97 5870 843 99 5871 339 0 5872 45 2 5873 46 100 5874 336 104 5875 837 38 5876 16 101 5877 335 387 5878 836 102 5879 336 104 5880 46 100 5881 896 103 5882 366 105 5883 16 101 5884 896 103 5885 46 100 5886 436 107 5887 897 106 5888 436 107 5889 85 110 5890 435 108 5891 47 109 5892 366 105 5893 897 106 5894 85 110 5895 436 107 5896 898 92 5897 436 107 5898 46 100 5899 895 40 5900 439 111 5901 86 116 5902 438 112 5903 48 114 5904 368 115 5905 899 113 5906 368 115 5907 47 109 5908 435 108 5909 85 110 5910 439 111 5911 899 113 5912 86 116 5913 439 111 5914 900 45 5915 439 111 5916 85 110 5917 437 95 5918 49 117 5919 441 118 5920 901 60 5921 441 118 5922 86 116 5923 440 42 5924 369 119 5925 396 400 5926 367 120 5927 367 120 5928 48 114 5929 438 112 5930 86 116 5931 441 118 5932 902 121 5933 441 118 5934 49 117 5935 369 119 5936 50 122 5937 345 126 5938 856 123 5939 346 125 5940 978 405 5941 903 124 5942 345 126 5943 50 122 5944 904 127 5945 848 128 5946 849 131 5947 51 129 5948 849 131 5949 850 1452 5950 15 65 5951 421 132 5952 1145 136 5953 905 133 5954 568 135 5955 87 139 5956 905 133 5957 17 130 5958 51 129 5959 906 137 5960 87 139 5961 568 135 5962 1148 138 5963 442 61 5964 87 139 5965 906 137 5966 51 129 5967 15 65 5968 885 67 5969 370 134 5970 905 133 5971 884 63 5972 905 133 5973 87 139 5974 442 61 5975 1121 140 5976 1122 144 5977 907 141 5978 542 143 5979 88 145 5980 907 141 5981 88 145 5982 542 143 5983 1123 146 5984 536 148 5985 88 145 5986 908 147 5987 1084 150 5988 1083 142 5989 907 141 5990 88 145 5991 536 148 5992 1091 151 5993 372 152 5994 18 287 5995 945 153 5996 473 155 5997 444 156 5998 909 154 5999 444 156 6000 89 164 6001 443 157 6002 52 158 6003 372 152 6004 909 154 6005 389 159 6006 979 162 6007 910 160 6008 979 162 6009 506 167 6010 445 163 6011 89 164 6012 444 156 6013 910 160 6014 444 156 6015 473 155 6016 948 161 6017 446 165 6018 89 164 6019 445 163 6020 506 167 6021 984 424 6022 911 166 6023 363 168 6024 41 24 6025 447 169 6026 89 164 6027 446 165 6028 912 170 6029 362 25 6030 11 21 6031 371 171 6032 52 158 6033 443 157 6034 913 172 6035 443 157 6036 89 164 6037 447 169 6038 41 24 6039 362 25 6040 913 172 6041 90 173 6042 574 184 6043 914 174 6044 9 176 6045 472 180 6046 448 175 6047 944 177 6048 18 287 6049 372 152 6050 52 158 6051 449 179 6052 915 178 6053 449 179 6054 90 173 6055 448 175 6056 472 180 6057 944 177 6058 915 178 6059 11 21 6060 361 23 6061 916 181 6062 361 23 6063 40 19 6064 450 182 6065 90 173 6066 449 179 6067 916 181 6068 449 179 6069 52 158 6070 371 171 6071 450 182 6072 40 19 6073 0 20 6074 574 184 6075 90 173 6076 450 182 6077 53 185 6078 328 192 6079 821 186 6080 329 188 6081 820 74 6082 918 187 6083 816 189 6084 327 1449 6085 819 190 6086 328 192 6087 53 185 6088 919 191 6089 451 193 6090 54 209 6091 576 194 6092 91 196 6093 451 193 6094 920 195 6095 452 198 6096 91 196 6097 577 197 6098 578 200 6099 34 1886 6100 452 198 6101 6 201 6102 375 204 6103 922 202 6104 375 204 6105 55 210 6106 453 205 6107 91 196 6108 452 198 6109 922 202 6110 452 198 6111 34 1886 6112 351 203 6113 374 206 6114 19 223 6115 373 207 6116 54 209 6117 451 193 6118 923 208 6119 451 193 6120 91 196 6121 453 205 6122 55 210 6123 374 206 6124 923 208 6125 455 211 6126 92 217 6127 454 212 6128 44 81 6129 365 90 6130 924 213 6131 353 214 6132 35 221 6133 456 215 6134 92 217 6135 455 211 6136 925 216 6137 352 218 6138 816 189 6139 919 191 6140 53 185 6141 457 220 6142 926 219 6143 457 220 6144 92 217 6145 456 215 6146 35 221 6147 352 218 6148 926 219 6149 820 74 6150 364 77 6151 927 222 6152 364 77 6153 44 81 6154 454 212 6155 92 217 6156 457 220 6157 927 222 6158 457 220 6159 53 185 6160 918 187 6161 19 223 6162 374 206 6163 928 224 6164 374 206 6165 55 210 6166 459 226 6167 93 227 6168 458 228 6169 928 224 6170 458 228 6171 56 241 6172 377 225 6173 375 204 6174 6 201 6175 355 229 6176 36 231 6177 460 232 6178 929 230 6179 460 232 6180 93 227 6181 459 226 6182 55 210 6183 375 204 6184 929 230 6185 7 233 6186 379 236 6187 930 234 6188 379 236 6189 57 242 6190 461 237 6191 93 227 6192 460 232 6193 930 234 6194 460 232 6195 36 231 6196 354 235 6197 378 238 6198 20 256 6199 376 239 6200 56 241 6201 458 228 6202 931 240 6203 458 228 6204 93 227 6205 461 237 6206 57 242 6207 378 238 6208 931 240 6209 21 243 6210 381 246 6211 932 244 6212 381 246 6213 59 255 6214 463 247 6215 94 248 6216 462 249 6217 932 244 6218 462 249 6219 58 378 6220 380 245 6221 382 250 6222 8 265 6223 356 251 6224 37 253 6225 464 254 6226 933 252 6227 464 254 6228 94 248 6229 463 247 6230 59 255 6231 382 250 6232 933 252 6233 20 256 6234 378 238 6235 934 257 6236 378 238 6237 57 242 6238 465 259 6239 465 259 6240 95 264 6241 937 260 6242 937 260 6243 383 267 6244 384 258 6245 7 233 6246 358 262 6247 935 261 6248 358 262 6249 357 266 6250 936 263 6251 95 264 6252 465 259 6253 935 261 6254 465 259 6255 57 242 6256 379 236 6257 8 265 6258 382 250 6259 936 263 6260 382 250 6261 59 255 6262 95 264 6263 381 246 6264 21 243 6265 383 267 6266 59 255 6267 381 246 6268 937 260 6269 96 268 6270 466 272 6271 938 269 6272 60 271 6273 385 273 6274 938 269 6275 385 273 6276 58 378 6277 462 249 6278 462 249 6279 94 248 6280 467 270 6281 430 88 6282 890 87 6283 939 274 6284 890 87 6285 480 89 6286 481 276 6287 96 268 6288 467 270 6289 939 274 6290 467 270 6291 94 248 6292 468 275 6293 359 277 6294 353 214 6295 925 216 6296 455 211 6297 469 279 6298 940 278 6299 469 279 6300 94 248 6301 464 254 6302 37 253 6303 359 277 6304 940 278 6305 365 90 6306 891 91 6307 941 280 6308 430 88 6309 468 275 6310 941 280 6311 94 248 6312 469 279 6313 941 280 6314 469 279 6315 455 211 6316 924 213 6317 97 281 6318 575 288 6319 942 282 6320 576 194 6321 54 209 6322 470 283 6323 19 223 6324 387 285 6325 943 284 6326 387 285 6327 61 293 6328 471 286 6329 471 286 6330 97 281 6331 470 283 6332 470 283 6333 54 209 6334 373 207 6335 97 281 6336 471 286 6337 944 177 6338 471 286 6339 61 293 6340 18 287 6341 575 288 6342 97 281 6343 472 180 6344 18 287 6345 61 293 6346 474 289 6347 98 290 6348 473 155 6349 945 153 6350 387 285 6351 19 223 6352 377 225 6353 56 241 6354 475 292 6355 946 291 6356 475 292 6357 98 290 6358 474 289 6359 61 293 6360 387 285 6361 946 291 6362 20 256 6363 388 295 6364 947 294 6365 388 295 6366 62 416 6367 476 296 6368 98 290 6369 475 292 6370 947 294 6371 475 292 6372 56 241 6373 376 239 6374 473 155 6375 98 290 6376 476 296 6377 476 296 6378 62 416 6379 389 159 6380 331 297 6381 827 299 6382 949 298 6383 827 299 6384 332 1451 6385 826 12 6386 949 298 6387 826 12 6388 873 14 6389 39 9 6390 479 301 6391 950 300 6392 479 301 6393 99 84 6394 478 83 6395 63 73 6396 949 298 6397 950 300 6398 99 84 6399 479 301 6400 951 302 6401 479 301 6402 39 9 6403 872 11 6404 480 89 6405 951 302 6406 952 303 6407 951 302 6408 872 11 6409 386 304 6410 60 271 6411 466 272 6412 952 303 6413 466 272 6414 96 268 6415 481 276 6416 986 305 6417 399 426 6418 390 306 6419 64 308 6420 483 309 6421 953 307 6422 483 309 6423 100 316 6424 482 310 6425 510 311 6426 986 305 6427 953 307 6428 22 312 6429 987 315 6430 954 313 6431 987 315 6432 510 311 6433 482 310 6434 100 316 6435 484 318 6436 954 313 6437 65 317 6438 391 314 6439 954 313 6440 22 312 6441 391 314 6442 955 319 6443 391 314 6444 65 317 6445 486 321 6446 101 322 6447 485 323 6448 955 319 6449 485 323 6450 512 432 6451 990 320 6452 23 324 6453 991 327 6454 956 325 6455 991 327 6456 512 432 6457 485 323 6458 485 323 6459 101 322 6460 487 328 6461 487 328 6462 66 349 6463 392 326 6464 489 329 6465 102 335 6466 488 330 6467 516 332 6468 24 353 6469 957 331 6470 393 333 6471 516 332 6472 488 330 6473 102 335 6474 490 358 6475 958 334 6476 1004 336 6477 1002 362 6478 964 337 6479 497 339 6480 492 340 6481 959 338 6482 492 340 6483 103 345 6484 491 341 6485 520 342 6486 1004 336 6487 959 338 6488 390 306 6489 399 426 6490 1005 343 6491 520 342 6492 491 341 6493 960 344 6494 103 345 6495 493 346 6496 960 344 6497 493 346 6498 64 308 6499 390 306 6500 994 347 6501 23 324 6502 392 326 6503 66 349 6504 494 350 6505 961 348 6506 494 350 6507 104 711 6508 1151 351 6509 513 352 6510 994 347 6511 961 348 6512 24 353 6513 572 437 6514 962 354 6515 156 355 6516 489 329 6517 957 331 6518 1001 356 6519 393 333 6520 958 334 6521 490 358 6522 496 359 6523 963 357 6524 496 359 6525 105 363 6526 495 360 6527 518 361 6528 1001 356 6529 963 357 6530 1002 362 6531 518 361 6532 495 360 6533 105 363 6534 497 339 6535 964 337 6536 498 364 6537 58 378 6538 385 273 6539 60 271 6540 503 367 6541 965 365 6542 107 366 6543 502 368 6544 965 365 6545 502 368 6546 106 371 6547 498 364 6548 368 115 6549 48 114 6550 499 369 6551 106 371 6552 502 368 6553 966 370 6554 502 368 6555 107 366 6556 501 372 6557 47 109 6558 368 115 6559 966 370 6560 367 120 6561 396 400 6562 394 373 6563 394 373 6564 67 379 6565 500 375 6566 500 375 6567 106 371 6568 499 369 6569 48 114 6570 367 120 6571 967 374 6572 395 376 6573 21 243 6574 380 245 6575 58 378 6576 498 364 6577 968 377 6578 106 371 6579 500 375 6580 968 377 6581 67 379 6582 395 376 6583 968 377 6584 386 304 6585 872 11 6586 972 380 6587 68 382 6588 504 383 6589 969 381 6590 504 383 6591 107 366 6592 503 367 6593 60 271 6594 386 304 6595 969 381 6596 16 101 6597 366 105 6598 970 384 6599 366 105 6600 47 109 6601 501 372 6602 107 366 6603 504 383 6604 970 384 6605 504 383 6606 68 382 6607 971 385 6608 68 382 6609 334 389 6610 834 386 6611 335 387 6612 16 101 6613 971 385 6614 872 11 6615 830 10 6616 832 388 6617 334 389 6618 68 382 6619 972 380 6620 349 390 6621 867 393 6622 973 391 6623 867 393 6624 350 29 6625 12 31 6626 348 394 6627 865 397 6628 974 395 6629 865 397 6630 349 390 6631 69 392 6632 70 398 6633 108 401 6634 975 399 6635 108 401 6636 70 398 6637 26 402 6638 505 404 6639 108 401 6640 976 403 6641 108 401 6642 505 404 6643 397 406 6644 861 407 6645 863 410 6646 977 408 6647 863 410 6648 348 394 6649 25 396 6650 858 411 6651 860 710 6652 859 412 6653 347 414 6654 858 411 6655 27 413 6656 346 125 6657 347 414 6658 72 415 6659 62 416 6660 507 417 6661 979 162 6662 507 417 6663 109 420 6664 506 167 6665 388 295 6666 20 256 6667 384 258 6668 383 267 6669 981 419 6670 980 418 6671 981 419 6672 109 420 6673 507 417 6674 62 416 6675 388 295 6676 980 418 6677 21 243 6678 395 376 6679 981 419 6680 395 376 6681 67 379 6682 109 420 6683 394 373 6684 396 400 6685 975 399 6686 67 379 6687 394 373 6688 982 421 6689 109 420 6690 982 421 6691 983 422 6692 975 399 6693 397 406 6694 983 422 6695 506 167 6696 109 420 6697 508 423 6698 363 168 6699 398 450 6700 985 425 6701 985 425 6702 398 450 6703 399 426 6704 509 427 6705 985 425 6706 986 305 6707 424 27 6708 876 28 6709 985 425 6710 987 315 6711 22 312 6712 400 428 6713 510 311 6714 987 315 6715 988 429 6716 12 31 6717 877 30 6718 988 429 6719 877 30 6720 424 27 6721 509 427 6722 973 391 6723 12 31 6724 400 428 6725 989 430 6726 400 428 6727 22 312 6728 511 431 6729 989 430 6730 990 320 6731 69 392 6732 973 391 6733 989 430 6734 991 327 6735 23 324 6736 401 433 6737 512 432 6738 991 327 6739 992 434 6740 25 396 6741 974 395 6742 992 434 6743 974 395 6744 69 392 6745 511 431 6746 977 408 6747 25 396 6748 401 433 6749 993 435 6750 401 433 6751 23 324 6752 1150 436 6753 993 435 6754 994 347 6755 71 409 6756 977 408 6757 993 435 6758 572 437 6759 24 353 6760 996 438 6761 27 413 6762 859 412 6763 995 439 6764 514 440 6765 996 438 6766 24 353 6767 72 415 6768 27 413 6769 996 438 6770 978 405 6771 72 415 6772 514 440 6773 505 404 6774 515 443 6775 998 442 6776 998 442 6777 515 443 6778 516 332 6779 515 443 6780 997 441 6781 24 353 6782 505 404 6783 978 405 6784 997 441 6785 508 423 6786 517 445 6787 999 444 6788 517 445 6789 518 361 6790 1002 362 6791 397 406 6792 998 442 6793 1000 446 6794 1000 446 6795 998 442 6796 393 333 6797 517 445 6798 1000 446 6799 1001 356 6800 517 445 6801 508 423 6802 983 422 6803 984 424 6804 999 444 6805 1003 447 6806 999 444 6807 1002 362 6808 1004 336 6809 519 448 6810 1003 447 6811 1004 336 6812 519 448 6813 446 165 6814 911 166 6815 399 426 6816 398 450 6817 1006 449 6818 519 448 6819 520 342 6820 1005 343 6821 398 450 6822 363 168 6823 912 170 6824 446 165 6825 519 448 6826 1006 449 6827 976 403 6828 26 402 6829 1114 451 6830 28 453 6831 73 586 6832 1007 454 6833 110 452 6834 1114 451 6835 1113 455 6836 110 452 6837 1007 454 6838 1008 456 6839 1007 454 6840 73 586 6841 29 458 6842 976 403 6843 110 452 6844 1009 457 6845 49 117 6846 14 57 6847 1010 459 6848 30 461 6849 74 468 6850 521 462 6851 111 460 6852 1010 459 6853 1011 463 6854 402 464 6855 416 670 6856 1112 465 6857 1112 465 6858 1111 469 6859 1013 467 6860 111 460 6861 521 462 6862 1012 466 6863 74 468 6864 402 464 6865 1012 466 6866 1111 469 6867 396 400 6868 369 119 6869 49 117 6870 111 460 6871 1013 467 6872 1047 470 6873 1046 567 6874 1044 471 6875 1055 473 6876 1054 476 6877 1014 474 6878 112 472 6879 1044 471 6880 1043 475 6881 1054 476 6882 1135 584 6883 1136 477 6884 556 478 6885 112 472 6886 1014 474 6887 556 478 6888 419 569 6889 1047 470 6890 978 405 6891 1009 457 6892 1015 479 6893 113 480 6894 50 122 6895 903 124 6896 1008 456 6897 29 458 6898 403 481 6899 75 483 6900 522 484 6901 1016 482 6902 522 484 6903 113 480 6904 1015 479 6905 1009 457 6906 1008 456 6907 1016 482 6908 113 480 6909 522 484 6910 1017 485 6911 522 484 6912 75 483 6913 404 487 6914 50 122 6915 113 480 6916 1018 486 6917 523 488 6918 114 491 6919 1022 489 6920 370 134 6921 904 127 6922 1019 490 6923 114 491 6924 523 488 6925 1020 492 6926 31 494 6927 565 496 6928 114 491 6929 1142 495 6930 421 132 6931 370 134 6932 565 496 6933 1142 495 6934 1022 489 6935 1017 485 6936 404 487 6937 405 497 6938 76 499 6939 524 500 6940 1023 498 6941 524 500 6942 115 502 6943 1025 501 6944 1018 486 6945 1017 485 6946 1023 498 6947 115 502 6948 524 500 6949 1024 503 6950 524 500 6951 76 499 6952 406 505 6953 523 488 6954 115 502 6955 525 504 6956 904 127 6957 1018 486 6958 1025 501 6959 115 502 6960 523 488 6961 1019 490 6962 908 147 6963 1123 146 6964 1124 506 6965 545 508 6966 116 509 6967 1026 507 6968 116 509 6969 545 508 6970 1125 510 6971 538 512 6972 116 509 6973 1027 511 6974 1092 149 6975 908 147 6976 1026 507 6977 116 509 6978 538 512 6979 1099 514 6980 14 57 6981 1144 516 6982 1028 515 6983 1144 516 6984 567 518 6985 117 517 6986 567 518 6987 1143 543 6988 1029 519 6989 408 520 6990 77 525 6991 526 521 6992 117 517 6993 1029 519 6994 1030 522 6995 407 523 6996 30 461 6997 1011 463 6998 1010 459 6999 1028 515 7000 1031 524 7001 1028 515 7002 117 517 7003 526 521 7004 77 525 7005 407 523 7006 1031 524 7007 406 505 7008 409 533 7009 1032 526 7010 118 527 7011 525 504 7012 1024 503 7013 410 528 7014 413 562 7015 1042 529 7016 1045 531 7017 1034 532 7018 1033 530 7019 1034 532 7020 118 527 7021 1032 526 7022 409 533 7023 410 528 7024 1033 530 7025 1045 531 7026 32 537 7027 1036 534 7028 1035 535 7029 118 527 7030 1034 532 7031 1020 492 7032 525 504 7033 118 527 7034 1021 493 7035 1020 492 7036 1035 535 7037 32 537 7038 1048 540 7039 1037 538 7040 119 536 7041 1035 535 7042 1036 534 7043 1137 539 7044 1139 541 7045 1037 538 7046 1139 541 7047 562 542 7048 119 536 7049 562 542 7050 31 494 7051 1021 493 7052 1143 543 7053 1141 548 7054 120 544 7055 1140 545 7056 420 571 7057 1049 546 7058 1141 548 7059 1140 545 7060 1038 547 7061 1052 549 7062 33 579 7063 412 550 7064 411 552 7065 1040 553 7066 1039 551 7067 1040 553 7068 120 544 7069 1038 547 7070 1049 546 7071 1052 549 7072 1039 551 7073 408 520 7074 1030 522 7075 1040 553 7076 1030 522 7077 1029 519 7078 120 544 7079 1027 511 7080 1125 510 7081 1126 554 7082 417 556 7083 1107 561 7084 1041 557 7085 121 555 7086 1126 554 7087 1127 558 7088 1108 559 7089 121 555 7090 1041 557 7091 1107 561 7092 1106 665 7093 1109 560 7094 1100 513 7095 1027 511 7096 121 555 7097 413 562 7098 530 565 7099 527 563 7100 122 564 7101 1045 531 7102 1042 529 7103 1044 471 7104 122 564 7105 527 563 7106 530 565 7107 1055 473 7108 1043 475 7109 528 566 7110 122 564 7111 1044 471 7112 122 564 7113 528 566 7114 32 537 7115 528 566 7116 123 568 7117 1048 540 7118 123 568 7119 528 566 7120 1046 567 7121 419 569 7122 559 570 7123 123 568 7124 559 570 7125 1137 539 7126 1048 540 7127 420 571 7128 561 573 7129 124 572 7130 561 573 7131 1138 695 7132 1050 574 7133 554 575 7134 529 578 7135 1051 576 7136 529 578 7137 124 572 7138 1050 574 7139 124 572 7140 529 578 7141 1052 549 7142 529 578 7143 554 575 7144 33 579 7145 552 580 7146 125 583 7147 1053 581 7148 125 583 7149 552 580 7150 1135 584 7151 125 583 7152 1054 476 7153 1055 473 7154 1053 581 7155 125 583 7156 530 565 7157 28 453 7158 1115 587 7159 126 585 7160 1115 587 7161 414 633 7162 1056 588 7163 126 585 7164 1056 588 7165 1057 589 7166 73 586 7167 126 585 7168 1058 590 7169 127 591 7170 74 468 7171 30 461 7172 531 593 7173 127 591 7174 1059 592 7175 1117 595 7176 1116 598 7177 1061 596 7178 127 591 7179 531 593 7180 1060 597 7181 1116 598 7182 416 670 7183 402 464 7184 74 468 7185 127 591 7186 1061 596 7187 29 458 7188 1058 590 7189 1062 599 7190 128 600 7191 75 483 7192 403 481 7193 532 601 7194 128 600 7195 1062 599 7196 1058 590 7197 1057 589 7198 1063 602 7199 128 600 7200 532 601 7201 1064 603 7202 75 483 7203 128 600 7204 1065 604 7205 77 525 7206 408 520 7207 1066 605 7208 129 606 7209 1066 605 7210 1067 607 7211 415 594 7212 1059 592 7213 1069 609 7214 1069 609 7215 129 606 7216 533 608 7217 1059 592 7218 30 461 7219 407 523 7220 407 523 7221 77 525 7222 129 606 7223 404 487 7224 1065 604 7225 1070 611 7226 130 612 7227 76 499 7228 405 497 7229 534 613 7230 130 612 7231 1070 611 7232 1065 604 7233 1064 603 7234 1071 614 7235 1073 615 7236 130 612 7237 534 613 7238 76 499 7239 130 612 7240 1073 615 7241 412 550 7242 33 579 7243 1133 617 7244 411 552 7245 412 550 7246 1074 618 7247 131 619 7248 1074 618 7249 1075 620 7250 1074 618 7251 1133 617 7252 1132 622 7253 1066 605 7254 131 619 7255 1076 621 7256 408 520 7257 411 552 7258 131 619 7259 1053 581 7260 413 562 7261 1077 623 7262 132 624 7263 1077 623 7264 1078 625 7265 550 627 7266 132 624 7267 1079 626 7268 418 582 7269 1053 581 7270 132 624 7271 409 533 7272 406 505 7273 1073 615 7274 133 629 7275 1073 615 7276 1072 616 7277 1077 623 7278 1082 632 7279 1081 631 7280 1082 632 7281 133 629 7282 1080 630 7283 413 562 7284 410 528 7285 1082 632 7286 410 528 7287 409 533 7288 133 629 7289 414 633 7290 1118 635 7291 134 634 7292 1118 635 7293 1121 140 7294 1083 142 7295 134 634 7296 1083 142 7297 1084 150 7298 1056 588 7299 134 634 7300 1085 636 7301 135 637 7302 531 593 7303 415 594 7304 535 639 7305 135 637 7306 1086 638 7307 1120 641 7308 1119 644 7309 1089 642 7310 135 637 7311 535 639 7312 1088 643 7313 1119 644 7314 1117 595 7315 1060 597 7316 531 593 7317 135 637 7318 1089 642 7319 1057 589 7320 1085 636 7321 1090 645 7322 136 646 7323 532 601 7324 1063 602 7325 536 148 7326 136 646 7327 1090 645 7328 1085 636 7329 1084 150 7330 1091 151 7331 136 646 7332 536 148 7333 1092 149 7334 532 601 7335 136 646 7336 1093 647 7337 533 608 7338 1067 607 7339 1094 648 7340 137 649 7341 1094 648 7342 1095 650 7343 1086 638 7344 1097 653 7345 1096 652 7346 1097 653 7347 137 649 7348 537 651 7349 1086 638 7350 415 594 7351 1068 610 7352 1068 610 7353 533 608 7354 137 649 7355 1064 603 7356 1093 647 7357 1098 654 7358 138 655 7359 534 613 7360 1071 614 7361 538 512 7362 138 655 7363 1098 654 7364 1093 647 7365 1092 149 7366 1099 514 7367 138 655 7368 538 512 7369 1100 513 7370 1072 616 7371 534 613 7372 138 655 7373 1075 620 7374 1132 622 7375 1130 657 7376 1076 621 7377 1075 620 7378 1102 658 7379 139 659 7380 1102 658 7381 1103 660 7382 1102 658 7383 1130 657 7384 1129 662 7385 1094 648 7386 139 659 7387 1104 661 7388 1067 607 7389 1076 621 7390 139 659 7391 1079 626 7392 1078 625 7393 1105 663 7394 140 664 7395 1105 663 7396 1106 665 7397 1128 666 7398 140 664 7399 1107 561 7400 1131 628 7401 1079 626 7402 140 664 7403 1080 630 7404 1072 616 7405 1101 656 7406 141 667 7407 1101 656 7408 1100 513 7409 1105 663 7410 1110 668 7411 1109 560 7412 1110 668 7413 141 667 7414 1108 559 7415 1078 625 7416 1081 631 7417 1110 668 7418 1081 631 7419 1080 630 7420 141 667 7421 142 669 7422 70 398 7423 396 400 7424 416 670 7425 78 672 7426 539 671 7427 142 669 7428 1111 469 7429 1112 465 7430 1114 451 7431 142 669 7432 539 671 7433 78 672 7434 28 453 7435 1113 455 7436 70 398 7437 142 669 7438 1114 451 7439 28 453 7440 78 672 7441 143 673 7442 78 672 7443 416 670 7444 1116 598 7445 143 673 7446 1116 598 7447 1117 595 7448 1115 587 7449 143 673 7450 540 674 7451 540 674 7452 144 675 7453 1118 635 7454 144 675 7455 540 674 7456 1117 595 7457 541 676 7458 144 675 7459 1119 644 7460 144 675 7461 541 676 7462 1121 140 7463 541 676 7464 543 678 7465 1122 144 7466 145 677 7467 542 143 7468 1122 144 7469 535 639 7470 145 677 7471 543 678 7472 543 678 7473 541 676 7474 1120 641 7475 145 677 7476 535 639 7477 1087 640 7478 542 143 7479 145 677 7480 544 679 7481 1123 146 7482 544 679 7483 546 680 7484 146 681 7485 545 508 7486 1124 506 7487 537 651 7488 146 681 7489 546 680 7490 544 679 7491 1087 640 7492 1096 652 7493 146 681 7494 537 651 7495 1095 650 7496 545 508 7497 146 681 7498 547 682 7499 1125 510 7500 547 682 7501 147 683 7502 547 682 7503 1095 650 7504 1104 661 7505 1129 662 7506 549 685 7507 548 684 7508 147 683 7509 1104 661 7510 1103 660 7511 1126 554 7512 147 683 7513 548 684 7514 549 685 7515 417 556 7516 1127 558 7517 551 686 7518 1131 628 7519 1128 666 7520 148 687 7521 1128 666 7522 417 556 7523 1130 657 7524 148 687 7525 549 685 7526 1132 622 7527 551 686 7528 148 687 7529 553 688 7530 418 582 7531 550 627 7532 149 689 7533 550 627 7534 1131 628 7535 1133 617 7536 149 689 7537 551 686 7538 33 579 7539 553 688 7540 149 689 7541 150 690 7542 552 580 7543 418 582 7544 554 575 7545 150 690 7546 553 688 7547 150 690 7548 554 575 7549 1134 577 7550 552 580 7551 150 690 7552 555 691 7553 151 692 7554 560 694 7555 419 569 7556 1135 584 7557 555 691 7558 557 693 7559 151 692 7560 556 478 7561 1136 477 7562 151 692 7563 557 693 7564 1051 576 7565 555 691 7566 1134 577 7567 1051 576 7568 560 694 7569 151 692 7570 1050 574 7571 152 696 7572 558 697 7573 1137 539 7574 560 694 7575 152 696 7576 559 570 7577 152 696 7578 560 694 7579 1138 695 7580 558 697 7581 152 696 7582 561 573 7583 153 698 7584 566 700 7585 31 494 7586 558 697 7587 563 699 7588 1139 541 7589 563 699 7590 153 698 7591 562 542 7592 153 698 7593 563 699 7594 1140 545 7595 563 699 7596 558 697 7597 420 571 7598 566 700 7599 153 698 7600 1141 548 7601 154 701 7602 564 702 7603 1142 495 7604 564 702 7605 79 703 7606 421 132 7607 566 700 7608 154 701 7609 565 496 7610 154 701 7611 566 700 7612 1143 543 7613 79 703 7614 564 702 7615 1144 516 7616 564 702 7617 154 701 7618 567 518 7619 421 132 7620 79 703 7621 569 704 7622 155 705 7623 568 135 7624 1145 136 7625 570 55 7626 155 705 7627 569 704 7628 79 703 7629 14 57 7630 1146 59 7631 1149 8 7632 80 707 7633 571 706 7634 155 705 7635 570 55 7636 1147 53 7637 568 135 7638 155 705 7639 571 706 7640 80 707 7641 17 130 7642 1148 138 7643 80 707 7644 342 708 7645 848 128 7646 342 708 7647 80 707 7648 1149 8 7649 860 710 7650 861 407 7651 71 409 7652 859 412 7653 71 409 7654 1150 436 7655 995 439 7656 1150 436 7657 513 352 7658 572 437 7659 513 352 7660 1151 351 7661 104 711 7662 156 355 7663 962 354 7664 579 712 7665 160 1395 7666 582 713 7667 162 715 7668 581 717 7669 1152 714 7670 161 716 7671 580 719 7672 1152 714 7673 159 718 7674 579 712 7675 1152 714 7676 582 713 7677 160 1395 7678 584 720 7679 162 715 7680 582 713 7681 1153 721 7682 586 723 7683 166 730 7684 587 724 7685 789 726 7686 1398 727 7687 1154 725 7688 1398 727 7689 1418 1340 7690 1417 728 7691 157 729 7692 586 723 7693 1154 725 7694 166 730 7695 585 732 7696 1155 731 7697 585 732 7698 604 751 7699 1166 733 7700 167 734 7701 1397 735 7702 1155 731 7703 1397 735 7704 789 726 7705 587 724 7706 171 736 7707 589 739 7708 1156 737 7709 589 739 7710 169 929 7711 1404 740 7712 1404 740 7713 813 862 7714 588 741 7715 170 742 7716 590 738 7717 1156 737 7718 171 736 7719 590 738 7720 1157 743 7721 590 738 7722 170 742 7723 592 745 7724 172 746 7725 593 749 7726 1158 747 7727 593 749 7728 601 757 7729 1165 750 7730 604 751 7731 585 732 7732 1158 747 7733 585 732 7734 166 730 7735 594 748 7736 593 749 7737 172 746 7738 595 752 7739 165 754 7740 1413 755 7741 1159 753 7742 1413 755 7743 1412 779 7744 1164 756 7745 601 757 7746 593 749 7747 1159 753 7748 172 746 7749 596 759 7750 1160 758 7751 596 759 7752 173 763 7753 1415 760 7754 164 761 7755 1414 762 7756 1160 758 7757 1414 762 7758 165 754 7759 595 752 7760 173 763 7761 596 759 7762 1161 764 7763 596 759 7764 172 746 7765 594 748 7766 166 730 7767 586 723 7768 1161 764 7769 586 723 7770 157 729 7771 1416 765 7772 598 766 7773 176 778 7774 597 767 7775 178 769 7776 603 770 7777 1162 768 7778 603 770 7779 179 780 7780 602 771 7781 177 772 7782 598 766 7783 1162 768 7784 598 766 7785 177 772 7786 600 773 7787 174 775 7788 1411 776 7789 1163 774 7790 1411 776 7791 175 1025 7792 599 777 7793 176 778 7794 598 766 7795 1163 774 7796 177 772 7797 601 757 7798 1164 756 7799 1412 779 7800 174 775 7801 600 773 7802 601 757 7803 177 772 7804 602 771 7805 179 780 7806 604 751 7807 1165 750 7808 604 751 7809 179 780 7810 605 781 7811 180 782 7812 167 734 7813 1166 733 7814 179 780 7815 603 770 7816 1167 783 7817 603 770 7818 178 769 7819 607 784 7820 607 784 7821 697 1301 7822 606 785 7823 606 785 7824 180 782 7825 605 781 7826 788 786 7827 1396 790 7828 1168 787 7829 782 789 7830 608 799 7831 1168 787 7832 183 791 7833 1399 794 7834 1169 792 7835 1399 794 7836 788 786 7837 184 788 7838 1169 792 7839 184 788 7840 609 795 7841 182 793 7842 1169 792 7843 1419 796 7844 609 795 7845 184 788 7846 1168 787 7847 608 799 7848 1421 1123 7849 1420 798 7850 757 800 7851 1373 804 7852 1170 801 7853 1372 803 7854 1334 1267 7855 1170 801 7856 1374 805 7857 757 800 7858 185 802 7859 1171 806 7860 185 802 7861 749 807 7862 185 802 7863 1170 801 7864 1342 809 7865 1170 801 7866 1334 1267 7867 1335 810 7868 612 811 7869 188 818 7870 611 812 7871 657 814 7872 1200 815 7873 1172 813 7874 1200 815 7875 187 915 7876 610 816 7877 186 817 7878 612 811 7879 1172 813 7880 188 818 7881 613 820 7882 1173 819 7883 613 820 7884 701 826 7885 1230 821 7886 661 822 7887 1203 823 7888 1173 819 7889 1203 823 7890 657 814 7891 611 812 7892 613 820 7893 188 818 7894 614 824 7895 701 826 7896 613 820 7897 1174 825 7898 188 818 7899 615 829 7900 1175 828 7901 615 829 7902 162 715 7903 583 722 7904 615 829 7905 188 818 7906 612 811 7907 186 817 7908 616 831 7909 1176 830 7910 616 831 7911 161 716 7912 581 717 7913 162 715 7914 615 829 7915 1176 830 7916 617 832 7917 189 837 7918 618 833 7919 186 817 7920 610 816 7921 1177 834 7922 610 816 7923 187 915 7924 1199 835 7925 655 836 7926 617 832 7927 1177 834 7928 189 837 7929 619 839 7930 1178 838 7931 619 839 7932 159 718 7933 580 719 7934 161 716 7935 616 831 7936 1178 838 7937 616 831 7938 186 817 7939 618 833 7940 192 840 7941 623 843 7942 1179 841 7943 623 843 7944 193 850 7945 622 844 7946 6 201 7947 351 203 7948 1179 841 7949 351 203 7950 34 1886 7951 621 842 7952 623 843 7953 192 840 7954 620 845 7955 191 847 7956 625 848 7957 1180 846 7958 625 848 7959 194 868 7960 624 849 7961 193 850 7962 623 843 7963 1180 846 7964 627 851 7965 195 854 7966 626 852 7967 170 742 7968 627 851 7969 1181 853 7970 195 854 7971 628 856 7972 1182 855 7973 628 856 7974 35 221 7975 353 214 7976 628 856 7977 195 854 7978 629 857 7979 190 859 7980 1402 860 7981 1183 858 7982 1402 860 7983 816 189 7984 352 218 7985 35 221 7986 628 856 7987 1183 858 7988 195 854 7989 627 851 7990 1184 861 7991 627 851 7992 170 742 7993 588 741 7994 813 862 7995 1403 863 7996 1184 861 7997 1403 863 7998 190 859 7999 629 857 8000 197 864 8001 631 867 8002 1185 865 8003 631 867 8004 193 850 8005 624 849 8006 194 868 8007 630 869 8008 1185 865 8009 630 869 8010 196 876 8011 632 866 8012 631 867 8013 197 864 8014 633 870 8015 36 231 8016 355 229 8017 1186 871 8018 355 229 8019 6 201 8020 622 844 8021 193 850 8022 631 867 8023 1186 871 8024 197 864 8025 635 873 8026 1187 872 8027 635 873 8028 198 879 8029 634 874 8030 7 233 8031 354 235 8032 1187 872 8033 354 235 8034 36 231 8035 633 870 8036 635 873 8037 197 864 8038 632 866 8039 196 876 8040 637 877 8041 1188 875 8042 637 877 8043 199 900 8044 636 878 8045 198 879 8046 635 873 8047 1188 875 8048 203 880 8049 640 883 8050 1189 881 8051 640 883 8052 202 890 8053 639 884 8054 201 885 8055 638 886 8056 1189 881 8057 638 886 8058 200 891 8059 641 882 8060 640 883 8061 203 880 8062 643 887 8063 37 253 8064 356 251 8065 1190 888 8066 356 251 8067 8 265 8068 642 889 8069 202 890 8070 640 883 8071 1190 888 8072 200 891 8073 644 893 8074 1191 892 8075 644 893 8076 205 942 8077 649 894 8078 206 895 8079 648 896 8080 1191 892 8081 648 896 8082 203 880 8083 641 882 8084 1195 897 8085 204 902 8086 646 898 8087 646 898 8088 198 879 8089 636 878 8090 199 900 8091 645 901 8092 1192 899 8093 645 901 8094 647 905 8095 1195 897 8096 204 902 8097 1194 904 8098 1193 903 8099 1194 904 8100 357 266 8101 358 262 8102 7 233 8103 634 874 8104 1193 903 8105 634 874 8106 198 879 8107 646 898 8108 204 902 8109 202 890 8110 642 889 8111 8 265 8112 357 266 8113 1194 904 8114 647 905 8115 201 885 8116 639 884 8117 202 890 8118 204 902 8119 1195 897 8120 643 887 8121 203 880 8122 651 906 8123 626 852 8124 1182 855 8125 1196 907 8126 1182 855 8127 353 214 8128 359 277 8129 37 253 8130 643 887 8131 1196 907 8132 203 880 8133 650 909 8134 1197 908 8135 591 744 8136 1157 743 8137 1197 908 8138 592 745 8139 1181 853 8140 1197 908 8141 1181 853 8142 626 852 8143 651 906 8144 652 910 8145 207 914 8146 654 911 8147 654 911 8148 208 920 8149 653 913 8150 194 868 8151 625 848 8152 1198 912 8153 625 848 8154 191 847 8155 652 910 8156 207 914 8157 655 836 8158 1199 835 8159 187 915 8160 208 920 8161 654 911 8162 209 916 8163 656 917 8164 1200 815 8165 656 917 8166 208 920 8167 187 915 8168 656 917 8169 209 916 8170 658 918 8171 196 876 8172 630 869 8173 1201 919 8174 630 869 8175 194 868 8176 653 913 8177 208 920 8178 656 917 8179 1201 919 8180 209 916 8181 660 922 8182 1202 921 8183 660 922 8184 210 1036 8185 659 923 8186 199 900 8187 637 877 8188 1202 921 8189 637 877 8190 196 876 8191 658 918 8192 660 922 8193 209 916 8194 657 814 8195 661 822 8196 210 1036 8197 660 922 8198 212 924 8199 662 927 8200 1204 925 8201 662 927 8202 211 935 8203 1405 928 8204 169 929 8205 589 739 8206 1204 925 8207 589 739 8208 171 736 8209 663 926 8210 662 927 8211 212 924 8212 664 930 8213 158 932 8214 1407 933 8215 1205 931 8216 1407 933 8217 809 1350 8218 1406 934 8219 211 935 8220 662 927 8221 1205 931 8222 212 924 8223 665 938 8224 1206 936 8225 1408 937 8226 158 932 8227 664 930 8228 665 938 8229 212 924 8230 663 926 8231 171 736 8232 591 744 8233 1207 939 8234 206 895 8235 666 941 8236 1208 940 8237 666 941 8238 665 938 8239 1207 939 8240 591 744 8241 650 909 8242 1208 940 8243 650 909 8244 203 880 8245 648 896 8246 205 942 8247 667 944 8248 1209 943 8249 667 944 8250 1408 937 8251 1206 936 8252 665 938 8253 666 941 8254 1209 943 8255 666 941 8256 206 895 8257 649 894 8258 670 945 8259 214 952 8260 669 946 8261 213 948 8262 668 949 8263 1210 947 8264 668 949 8265 705 1045 8266 1237 950 8267 706 951 8268 670 945 8269 1210 947 8270 214 952 8271 670 945 8272 1211 953 8273 670 945 8274 706 951 8275 1238 955 8276 216 956 8277 672 958 8278 1211 953 8279 215 957 8280 671 954 8281 1211 953 8282 217 959 8283 673 962 8284 1212 960 8285 673 962 8286 215 957 8287 672 958 8288 216 956 8289 1241 963 8290 1212 960 8291 1241 963 8292 709 1055 8293 674 961 8294 675 964 8295 217 959 8296 674 961 8297 674 961 8298 709 1055 8299 1242 966 8300 219 967 8301 676 968 8302 1213 965 8303 676 968 8304 218 992 8305 675 964 8306 678 969 8307 221 974 8308 677 970 8309 715 972 8310 678 969 8311 1214 971 8312 221 974 8313 678 969 8314 1215 975 8315 678 969 8316 715 972 8317 680 977 8318 682 978 8319 222 985 8320 681 979 8321 687 981 8322 1221 982 8323 1216 980 8324 1221 982 8325 1253 1004 8326 1255 983 8327 719 984 8328 682 978 8329 1216 980 8330 222 985 8331 682 978 8332 1217 986 8333 682 978 8334 719 984 8335 1256 988 8336 1256 988 8337 705 1045 8338 668 949 8339 668 949 8340 213 948 8341 683 987 8342 1401 989 8343 223 1342 8344 684 990 8345 218 992 8346 676 968 8347 1218 991 8348 676 968 8349 219 967 8350 1245 993 8351 711 994 8352 1401 989 8353 1218 991 8354 220 973 8355 1214 971 8356 1219 995 8357 1214 971 8358 677 970 8359 224 997 8360 686 998 8361 225 1003 8362 685 999 8363 679 976 8364 1215 975 8365 1220 1000 8366 1215 975 8367 680 977 8368 1252 1001 8369 717 1002 8370 686 998 8371 1220 1000 8372 225 1003 8373 686 998 8374 1221 982 8375 686 998 8376 717 1002 8377 1253 1004 8378 689 1005 8379 226 1009 8380 691 1006 8381 691 1006 8382 227 1013 8383 690 1008 8384 690 1008 8385 697 1301 8386 607 784 8387 178 769 8388 689 1005 8389 1222 1007 8390 226 1009 8391 688 1011 8392 1223 1010 8393 200 891 8394 638 886 8395 1223 1010 8396 638 886 8397 201 885 8398 692 1012 8399 227 1013 8400 691 1006 8401 1223 1010 8402 176 778 8403 694 1015 8404 1224 1014 8405 694 1015 8406 228 1017 8407 693 1016 8408 226 1009 8409 689 1005 8410 1224 1014 8411 689 1005 8412 178 769 8413 597 767 8414 228 1017 8415 695 1019 8416 1225 1018 8417 205 942 8418 644 893 8419 1225 1018 8420 644 893 8421 200 891 8422 688 1011 8423 688 1011 8424 226 1009 8425 693 1016 8426 695 1019 8427 228 1017 8428 696 1020 8429 229 1022 8430 1409 1023 8431 1226 1021 8432 1409 1023 8433 1408 937 8434 667 944 8435 205 942 8436 695 1019 8437 1226 1021 8438 228 1017 8439 694 1015 8440 1227 1024 8441 694 1015 8442 176 778 8443 599 777 8444 175 1025 8445 1410 1026 8446 1227 1024 8447 1410 1026 8448 229 1022 8449 696 1020 8450 232 1027 8451 697 1301 8452 1228 1028 8453 234 1030 8454 232 1027 8455 233 1029 8456 1229 1031 8457 233 1029 8458 698 1032 8459 233 1029 8460 1228 1028 8461 699 1034 8462 701 826 8463 238 1039 8464 700 1035 8465 210 1036 8466 661 822 8467 1230 821 8468 700 1035 8469 238 1039 8470 1232 1037 8471 647 905 8472 645 901 8473 1231 1038 8474 645 901 8475 199 900 8476 659 923 8477 210 1036 8478 700 1035 8479 1231 1038 8480 238 1039 8481 227 1013 8482 692 1012 8483 201 885 8484 647 905 8485 1232 1037 8486 1228 1028 8487 697 1301 8488 690 1008 8489 227 1013 8490 238 1039 8491 1233 1040 8492 238 1039 8493 702 1042 8494 1234 1041 8495 1228 1028 8496 1233 1040 8497 1234 1041 8498 702 1042 8499 238 1039 8500 701 826 8501 704 1043 8502 706 951 8503 1237 950 8504 1236 1044 8505 1237 950 8506 705 1045 8507 583 722 8508 1153 721 8509 1236 1044 8510 584 720 8511 704 1043 8512 1236 1044 8513 706 951 8514 704 1043 8515 1239 1047 8516 1238 955 8517 1239 1047 8518 707 1048 8519 704 1043 8520 584 720 8521 1453 1049 8522 163 1050 8523 707 1048 8524 1239 1047 8525 708 1051 8526 709 1055 8527 1241 963 8528 216 956 8529 707 1048 8530 1240 1052 8531 707 1048 8532 163 1050 8533 1426 1053 8534 230 1054 8535 708 1051 8536 1240 1052 8537 709 1055 8538 708 1051 8539 1243 1056 8540 1242 966 8541 1243 1056 8542 710 1057 8543 708 1051 8544 230 1054 8545 1425 1058 8546 231 1059 8547 710 1057 8548 1243 1056 8549 1400 1060 8550 711 994 8551 1245 993 8552 219 967 8553 710 1057 8554 1244 1061 8555 710 1057 8556 231 1059 8557 1424 1062 8558 235 1063 8559 1400 1060 8560 1244 1061 8561 712 996 8562 1246 1066 8563 1247 1064 8564 236 1065 8565 1247 1064 8566 1246 1066 8567 220 973 8568 1247 1064 8569 713 1068 8570 237 1070 8571 713 1068 8572 1247 1064 8573 713 1068 8574 237 1070 8575 1423 1033 8576 1249 1071 8577 680 977 8578 715 972 8579 698 1032 8580 699 1034 8581 1249 1071 8582 220 973 8583 1248 1069 8584 714 1072 8585 698 1032 8586 714 1072 8587 1248 1069 8588 716 1073 8589 1250 1074 8590 1253 1004 8591 702 1042 8592 1235 827 8593 1250 1074 8594 716 1073 8595 717 1002 8596 1252 1001 8597 680 977 8598 1249 1071 8599 1251 1075 8600 699 1034 8601 1234 1041 8602 1251 1075 8603 1234 1041 8604 702 1042 8605 716 1073 8606 718 1076 8607 719 984 8608 1255 983 8609 1250 1074 8610 1254 1077 8611 1255 983 8612 1235 827 8613 1174 825 8614 1254 1077 8615 1174 825 8616 614 824 8617 718 1076 8618 719 984 8619 718 1076 8620 1257 1078 8621 705 1045 8622 1256 988 8623 1257 1078 8624 614 824 8625 1175 828 8626 1257 1078 8627 1175 828 8628 583 722 8629 703 1046 8630 1365 1079 8631 234 1030 8632 1229 1031 8633 240 1081 8634 1364 1084 8635 1258 1082 8636 1364 1084 8637 1365 1079 8638 239 1080 8639 239 1080 8640 1260 1087 8641 1259 1085 8642 242 1086 8643 241 1083 8644 1258 1082 8645 1229 1031 8646 1423 1033 8647 1260 1087 8648 180 782 8649 243 1089 8650 1261 1088 8651 243 1089 8652 720 1091 8653 1262 1090 8654 720 1091 8655 245 1097 8656 244 1092 8657 243 1089 8658 1264 1094 8659 1263 1093 8660 1264 1094 8661 1362 1098 8662 1363 1095 8663 1363 1095 8664 752 1304 8665 721 1096 8666 245 1097 8667 720 1091 8668 1263 1093 8669 180 782 8670 606 785 8671 1264 1094 8672 606 785 8673 697 1301 8674 1362 1098 8675 1298 1099 8676 246 1102 8677 1295 1100 8678 246 1102 8679 1265 1104 8680 1294 1103 8681 1265 1104 8682 1305 1108 8683 1306 1105 8684 773 1106 8685 1387 1107 8686 1265 1104 8687 1387 1107 8688 1386 1216 8689 1305 1108 8690 1298 1099 8691 772 1202 8692 773 1106 8693 1423 1033 8694 1422 1110 8695 1266 1109 8696 1422 1110 8697 181 1118 8698 247 1111 8699 1266 1109 8700 247 1111 8701 723 1112 8702 248 1114 8703 722 1115 8704 1267 1113 8705 722 1115 8706 242 1086 8707 1259 1085 8708 1260 1087 8709 1266 1109 8710 1267 1113 8711 247 1111 8712 1269 1119 8713 1268 1116 8714 724 1117 8715 248 1114 8716 723 1112 8717 181 1118 8718 1421 1123 8719 1269 1119 8720 1273 1120 8721 249 1124 8722 725 1121 8723 608 799 8724 1273 1120 8725 1270 1122 8726 249 1124 8727 1272 1127 8728 1271 1125 8729 249 1124 8730 783 1129 8731 250 1126 8732 608 799 8733 782 789 8734 1393 1128 8735 783 1129 8736 249 1124 8737 1273 1120 8738 1276 1130 8739 252 1135 8740 727 1131 8741 251 1133 8742 726 1134 8743 1274 1132 8744 726 1134 8745 724 1117 8746 1268 1116 8747 1269 1119 8748 1276 1130 8749 1274 1132 8750 252 1135 8751 729 1138 8752 1275 1136 8753 728 1137 8754 251 1133 8755 727 1131 8756 725 1121 8757 1271 1125 8758 729 1138 8759 1421 1123 8760 1270 1122 8761 1276 1130 8762 1270 1122 8763 725 1121 8764 252 1135 8765 760 1139 8766 1375 1142 8767 1277 1140 8768 1375 1142 8769 1374 805 8770 1171 806 8771 1376 1143 8772 760 1139 8773 253 1141 8774 1278 1144 8775 253 1141 8776 751 1145 8777 253 1141 8778 1277 1140 8779 1350 1147 8780 1277 1140 8781 1171 806 8782 1343 808 8783 254 1148 8784 786 1151 8785 1395 1149 8786 167 734 8787 1261 1088 8788 1279 1150 8789 786 1151 8790 254 1148 8791 1280 1152 8792 254 1148 8793 731 1155 8794 1281 1154 8795 731 1155 8796 255 1159 8797 730 1156 8798 731 1155 8799 254 1148 8800 1279 1150 8801 1261 1088 8802 1262 1090 8803 1282 1157 8804 1262 1090 8805 244 1092 8806 732 1158 8807 255 1159 8808 731 1155 8809 1282 1157 8810 728 1137 8811 1275 1136 8812 1283 1160 8813 1275 1136 8814 729 1138 8815 256 1162 8816 1283 1160 8817 256 1162 8818 1285 1163 8819 1296 1165 8820 1293 1166 8821 1284 1164 8822 1293 1166 8823 741 1197 8824 734 1167 8825 733 1161 8826 1283 1160 8827 1284 1164 8828 1286 1168 8829 1287 1169 8830 1285 1163 8831 1287 1169 8832 257 1172 8833 1296 1165 8834 1271 1125 8835 1286 1168 8836 256 1162 8837 1272 1127 8838 258 1170 8839 1286 1168 8840 258 1170 8841 1288 1171 8842 1287 1169 8843 1288 1171 8844 1299 1200 8845 257 1172 8846 258 1170 8847 780 1175 8848 1390 1173 8849 1388 1174 8850 1299 1200 8851 1288 1171 8852 1272 1127 8853 250 1126 8854 780 1175 8855 1394 1153 8856 1280 1152 8857 259 1176 8858 1300 1178 8859 779 1205 8860 1391 1179 8861 1392 1177 8862 259 1176 8863 1289 1180 8864 1289 1180 8865 259 1176 8866 1291 1181 8867 736 1183 8868 735 1184 8869 1290 1182 8870 735 1184 8871 260 1212 8872 1303 1185 8873 1300 1178 8874 1289 1180 8875 1290 1182 8876 259 1176 8877 1280 1152 8878 1281 1154 8879 730 1156 8880 736 1183 8881 1291 1181 8882 1377 1186 8883 1376 1143 8884 1278 1144 8885 763 1188 8886 1378 1191 8887 1292 1189 8888 1378 1191 8889 1377 1186 8890 261 1187 8891 1292 1189 8892 261 1187 8893 1359 1192 8894 1358 1190 8895 1292 1189 8896 1360 1193 8897 261 1187 8898 1278 1144 8899 1351 1146 8900 262 1195 8901 737 1196 8902 1293 1166 8903 737 1196 8904 740 1198 8905 741 1197 8906 737 1196 8907 262 1195 8908 1295 1100 8909 740 1198 8910 737 1196 8911 1294 1103 8912 738 1199 8913 1297 1101 8914 1295 1100 8915 257 1172 8916 738 1199 8917 262 1195 8918 1299 1200 8919 263 1201 8920 738 1199 8921 263 1201 8922 1298 1099 8923 1297 1101 8924 263 1201 8925 775 1203 8926 772 1202 8927 775 1203 8928 263 1201 8929 1299 1200 8930 264 1204 8931 778 1206 8932 779 1205 8933 778 1206 8934 264 1204 8935 1301 1207 8936 1301 1207 8937 264 1204 8938 739 1209 8939 770 1211 8940 1385 1324 8941 1302 1210 8942 264 1204 8943 1300 1178 8944 1303 1185 8945 260 1212 8946 770 1211 8947 739 1209 8948 769 1213 8949 765 1260 8950 1304 1214 8951 1386 1216 8952 769 1213 8953 265 1215 8954 265 1215 8955 740 1198 8956 1306 1105 8957 740 1198 8958 265 1215 8959 1304 1214 8960 240 1081 8961 241 1083 8962 266 1217 8963 1366 1218 8964 266 1217 8965 1307 1219 8966 266 1217 8967 1309 1222 8968 1308 1221 8969 241 1083 8970 242 1086 8971 1309 1222 8972 244 1092 8973 245 1097 8974 267 1223 8975 1310 1224 8976 267 1223 8977 744 1225 8978 267 1223 8979 1312 1228 8980 1311 1227 8981 1312 1228 8982 1367 1230 8983 1368 1229 8984 245 1097 8985 721 1096 8986 1312 1228 8987 721 1096 8988 752 1304 8989 1367 1230 8990 242 1086 8991 722 1115 8992 1313 1231 8993 722 1115 8994 248 1114 8995 268 1232 8996 1313 1231 8997 268 1232 8998 745 1233 8999 1309 1222 9000 1313 1231 9001 1314 1234 9002 268 1232 9003 1316 1236 9004 1315 1235 9005 248 1114 9006 724 1117 9007 1316 1236 9008 255 1159 9009 269 1238 9010 1317 1237 9011 269 1238 9012 746 1240 9013 1318 1239 9014 746 1240 9015 269 1238 9016 1320 1241 9017 1320 1241 9018 1310 1224 9019 743 1226 9020 269 1238 9021 255 1159 9022 732 1158 9023 732 1158 9024 244 1092 9025 1310 1224 9026 724 1117 9027 726 1134 9028 1321 1243 9029 726 1134 9030 251 1133 9031 270 1244 9032 1321 1243 9033 270 1244 9034 747 1245 9035 1316 1236 9036 1321 1243 9037 1322 1246 9038 747 1245 9039 270 1244 9040 1324 1247 9041 251 1133 9042 728 1137 9043 1324 1247 9044 1384 1249 9045 260 1212 9046 735 1184 9047 736 1183 9048 271 1251 9049 1325 1250 9050 271 1251 9051 1327 1254 9052 1326 1252 9053 1383 1253 9054 1384 1249 9055 1325 1250 9056 1317 1237 9057 1318 1239 9058 1327 1254 9059 730 1156 9060 1317 1237 9061 271 1251 9062 1304 1214 9063 272 1256 9064 1328 1255 9065 272 1256 9066 1330 1259 9067 1329 1257 9068 766 1258 9069 1382 1298 9070 1330 1259 9071 765 1260 9072 766 1258 9073 272 1256 9074 1324 1247 9075 728 1137 9076 733 1161 9077 1323 1248 9078 1324 1247 9079 273 1261 9080 1331 1262 9081 273 1261 9082 1333 1263 9083 1328 1255 9084 1329 1257 9085 1332 1264 9086 273 1261 9087 733 1161 9088 734 1167 9089 741 1197 9090 1328 1255 9091 1333 1263 9092 742 1220 9093 1307 1219 9094 274 1265 9095 1369 1266 9096 274 1265 9097 1334 1267 9098 274 1265 9099 1336 1268 9100 1335 810 9101 1307 1219 9102 1308 1221 9103 1336 1268 9104 743 1226 9105 744 1225 9106 275 1269 9107 1337 1270 9108 275 1269 9109 748 1271 9110 275 1269 9111 1340 1274 9112 1339 1273 9113 1340 1274 9114 1370 1276 9115 1371 1275 9116 744 1225 9117 1311 1227 9118 1340 1274 9119 1311 1227 9120 1368 1229 9121 1370 1276 9122 1308 1221 9123 1314 1234 9124 1341 1277 9125 1314 1234 9126 745 1233 9127 276 1278 9128 1341 1277 9129 276 1278 9130 749 807 9131 1336 1268 9132 1341 1277 9133 1342 809 9134 276 1278 9135 1344 1279 9136 1343 808 9137 745 1233 9138 1315 1235 9139 1344 1279 9140 746 1240 9141 277 1281 9142 1345 1280 9143 277 1281 9144 750 1283 9145 1346 1282 9146 750 1283 9147 277 1281 9148 1348 1284 9149 1337 1270 9150 1338 1272 9151 1347 1285 9152 277 1281 9153 746 1240 9154 1319 1242 9155 1319 1242 9156 743 1226 9157 1337 1270 9158 1315 1235 9159 1322 1246 9160 1349 1286 9161 1322 1246 9162 747 1245 9163 278 1287 9164 1349 1286 9165 278 1287 9166 751 1145 9167 1344 1279 9168 1349 1286 9169 1350 1147 9170 278 1287 9171 1352 1288 9172 1351 1146 9173 278 1287 9174 747 1245 9175 1323 1248 9176 1381 1289 9177 1383 1253 9178 1326 1252 9179 1327 1254 9180 279 1291 9181 1353 1290 9182 279 1291 9183 1355 1294 9184 1354 1292 9185 1380 1293 9186 1381 1289 9187 1353 1290 9188 1345 1280 9189 1346 1282 9190 1355 1294 9191 1318 1239 9192 1345 1280 9193 279 1291 9194 1330 1259 9195 280 1296 9196 1356 1295 9197 280 1296 9198 1358 1190 9199 1357 1194 9200 1379 1297 9201 763 1188 9202 1358 1190 9203 1382 1298 9204 1379 1297 9205 280 1296 9206 1352 1288 9207 1323 1248 9208 1331 1262 9209 1351 1146 9210 1352 1288 9211 281 1299 9212 1359 1192 9213 281 1299 9214 1361 1300 9215 1356 1295 9216 1357 1194 9217 1360 1193 9218 281 1299 9219 1331 1262 9220 1332 1264 9221 1329 1257 9222 1356 1295 9223 1361 1300 9224 697 1301 9225 232 1027 9226 282 1302 9227 282 1302 9228 753 1303 9229 1363 1095 9230 753 1303 9231 283 1305 9232 752 1304 9233 753 1303 9234 282 1302 9235 1365 1079 9236 283 1305 9237 753 1303 9238 1364 1084 9239 232 1027 9240 234 1030 9241 1365 1079 9242 284 1306 9243 283 1305 9244 240 1081 9245 283 1305 9246 284 1306 9247 1367 1230 9248 284 1306 9249 754 1307 9250 1368 1229 9251 754 1307 9252 284 1306 9253 1366 1218 9254 754 1307 9255 742 1220 9256 1369 1266 9257 1368 1229 9258 754 1307 9259 285 1308 9260 1370 1276 9261 285 1308 9262 755 1309 9263 285 1308 9264 1369 1266 9265 1372 803 9266 286 1310 9267 756 1311 9268 1373 804 9269 755 1309 9270 1372 803 9271 1373 804 9272 756 1311 9273 286 1310 9274 748 1271 9275 1371 1275 9276 755 1309 9277 756 1311 9278 286 1310 9279 758 1312 9280 1338 1272 9281 758 1312 9282 286 1310 9283 757 800 9284 287 1313 9285 759 1314 9286 1375 1142 9287 759 1314 9288 758 1312 9289 1374 805 9290 759 1314 9291 287 1313 9292 750 1283 9293 758 1312 9294 759 1314 9295 1347 1285 9296 287 1313 9297 761 1315 9298 1346 1282 9299 761 1315 9300 287 1313 9301 760 1139 9302 288 1316 9303 761 1315 9304 1376 1143 9305 761 1315 9306 288 1316 9307 1355 1294 9308 288 1316 9309 762 1317 9310 1354 1292 9311 762 1317 9312 764 1318 9313 1380 1293 9314 762 1317 9315 288 1316 9316 1377 1186 9317 764 1318 9318 762 1317 9319 1378 1191 9320 767 1319 9321 289 1320 9322 1379 1297 9323 289 1320 9324 764 1318 9325 763 1188 9326 764 1318 9327 289 1320 9328 1381 1289 9329 289 1320 9330 767 1319 9331 1383 1253 9332 768 1321 9333 290 1322 9334 766 1258 9335 290 1322 9336 767 1319 9337 1382 1298 9338 767 1319 9339 290 1322 9340 1384 1249 9341 290 1322 9342 768 1321 9343 260 1212 9344 291 1323 9345 768 1321 9346 765 1260 9347 768 1321 9348 291 1323 9349 770 1211 9350 291 1323 9351 771 1325 9352 1385 1324 9353 771 1325 9354 291 1323 9355 769 1213 9356 772 1202 9357 777 1328 9358 292 1326 9359 292 1326 9360 774 1327 9361 1387 1107 9362 774 1327 9363 771 1325 9364 1386 1216 9365 292 1326 9366 1301 1207 9367 1302 1210 9368 771 1325 9369 774 1327 9370 1302 1210 9371 777 1328 9372 1389 1208 9373 1301 1207 9374 293 1329 9375 775 1203 9376 1388 1174 9377 775 1203 9378 293 1329 9379 777 1328 9380 293 1329 9381 778 1206 9382 1389 1208 9383 778 1206 9384 293 1329 9385 776 1330 9386 250 1126 9387 785 1333 9388 294 1331 9389 780 1175 9390 294 1331 9391 781 1332 9392 776 1330 9393 1388 1174 9394 1390 1173 9395 294 1331 9396 1392 1177 9397 1391 1179 9398 779 1205 9399 776 1330 9400 781 1332 9401 785 1333 9402 1394 1153 9403 1392 1177 9404 296 1334 9405 783 1129 9406 1393 1128 9407 782 789 9408 295 1336 9409 784 1335 9410 783 1129 9411 296 1334 9412 785 1333 9413 296 1334 9414 786 1151 9415 1394 1153 9416 786 1151 9417 296 1334 9418 784 1335 9419 295 1336 9420 167 734 9421 1395 1149 9422 297 1337 9423 787 1338 9424 1396 790 9425 787 1338 9426 295 1336 9427 782 789 9428 787 1338 9429 297 1337 9430 789 726 9431 295 1336 9432 787 1338 9433 1397 735 9434 297 1337 9435 790 1339 9436 1398 727 9437 790 1339 9438 298 1341 9439 1418 1340 9440 790 1339 9441 297 1337 9442 788 786 9443 298 1341 9444 790 1339 9445 1399 794 9446 794 1067 9447 1246 1066 9448 1400 1060 9449 711 994 9450 1400 1060 9451 1246 1066 9452 712 996 9453 1219 995 9454 1401 989 9455 1219 995 9456 224 997 9457 223 1342 9458 326 1343 9459 817 1344 9460 1402 860 9461 817 1344 9462 327 1449 9463 816 189 9464 325 1345 9465 815 1346 9466 1403 863 9467 815 1346 9468 326 1343 9469 190 859 9470 169 929 9471 324 1349 9472 814 1347 9473 814 1347 9474 325 1345 9475 813 862 9476 211 935 9477 323 1352 9478 812 1348 9479 324 1349 9480 169 929 9481 1405 928 9482 809 1350 9483 322 1438 9484 811 1351 9485 323 1352 9486 211 935 9487 1406 934 9488 321 1353 9489 810 1354 9490 1407 933 9491 810 1354 9492 322 1438 9493 809 1350 9494 320 1355 9495 321 1353 9496 158 932 9497 319 1356 9498 808 1357 9499 1409 1023 9500 808 1357 9501 320 1355 9502 1408 937 9503 318 1358 9504 807 1359 9505 1410 1026 9506 807 1359 9507 319 1356 9508 229 1022 9509 317 1360 9510 806 1361 9511 1411 776 9512 806 1361 9513 318 1358 9514 175 1025 9515 316 1362 9516 317 1360 9517 174 775 9518 165 754 9519 315 1365 9520 805 1363 9521 316 1362 9522 1412 779 9523 1413 755 9524 164 761 9525 314 1367 9526 804 1364 9527 315 1365 9528 165 754 9529 1414 762 9530 173 763 9531 313 1369 9532 803 1366 9533 314 1367 9534 164 761 9535 1415 760 9536 157 729 9537 312 1371 9538 802 1368 9539 313 1369 9540 173 763 9541 1416 765 9542 1418 1340 9543 800 1417 9544 801 1370 9545 312 1371 9546 157 729 9547 1417 728 9548 311 1372 9549 800 1417 9550 1418 1340 9551 310 1373 9552 311 1372 9553 298 1341 9554 310 1373 9555 183 791 9556 182 793 9557 309 1374 9558 182 793 9559 168 797 9560 307 1376 9561 799 1377 9562 1419 796 9563 799 1377 9564 308 1375 9565 168 797 9566 797 1378 9567 798 1379 9568 1420 798 9569 798 1379 9570 307 1376 9571 609 795 9572 306 1380 9573 797 1378 9574 1421 1123 9575 795 1381 9576 796 1382 9577 1422 1110 9578 796 1382 9579 306 1380 9580 181 1118 9581 237 1070 9582 305 1383 9583 795 1381 9584 305 1383 9585 237 1070 9586 236 1065 9587 304 1384 9588 236 1065 9589 794 1067 9590 303 1385 9591 794 1067 9592 235 1063 9593 231 1059 9594 301 1389 9595 793 1387 9596 302 1386 9597 235 1063 9598 1424 1062 9599 230 1054 9600 300 1391 9601 792 1388 9602 301 1389 9603 231 1059 9604 1425 1058 9605 163 1050 9606 299 1398 9607 791 1390 9608 300 1391 9609 230 1054 9610 1426 1053 9611 866 1392 9612 299 1398 9613 868 1393 9614 160 1395 9615 573 17 9616 1454 1394 9617 573 17 9618 160 1395 9619 579 712 9620 159 718 9621 0 20 9622 874 18 9623 0 20 9624 159 718 9625 619 839 9626 619 839 9627 189 837 9628 574 184 9629 189 837 9630 617 832 9631 914 174 9632 617 832 9633 655 836 9634 9 176 9635 655 836 9636 207 914 9637 575 288 9638 207 914 9639 652 910 9640 942 282 9641 191 847 9642 576 194 9643 942 282 9644 576 194 9645 191 847 9646 620 845 9647 192 840 9648 577 197 9649 920 195 9650 577 197 9651 192 840 9652 621 842 9653 621 842 9654 34 1886 9655 578 200 9656 864 1396 9657 300 1391 9658 791 1390 9659 299 1398 9660 866 1392 9661 1452 1397 9662 300 1391 9663 864 1396 9664 1451 1399 9665 862 1400 9666 301 1389 9667 792 1388 9668 301 1389 9669 862 1400 9670 1450 1401 9671 1449 1402 9672 302 1386 9673 793 1387 9674 1448 1403 9675 303 1385 9676 302 1386 9677 1447 1404 9678 304 1384 9679 303 1385 9680 857 1405 9681 305 1383 9682 304 1384 9683 305 1383 9684 857 1405 9685 10 1406 9686 796 1382 9687 795 1381 9688 10 1406 9689 306 1380 9690 796 1382 9691 1446 1407 9692 797 1378 9693 306 1380 9694 855 1408 9695 797 1378 9696 853 1409 9697 1445 1410 9698 307 1376 9699 798 1379 9700 1445 1410 9701 799 1377 9702 307 1376 9703 851 1411 9704 308 1375 9705 799 1377 9706 1444 1412 9707 1442 1414 9708 309 1374 9709 308 1375 9710 1441 1415 9711 310 1373 9712 309 1374 9713 847 1416 9714 311 1372 9715 310 1373 9716 800 1417 9717 311 1372 9718 847 1416 9719 800 1417 9720 360 1418 9721 1440 1419 9722 844 1420 9723 312 1371 9724 801 1370 9725 312 1371 9726 844 1420 9727 1439 1421 9728 842 1422 9729 313 1369 9730 802 1368 9731 313 1369 9732 842 1422 9733 1438 1423 9734 840 1424 9735 314 1367 9736 803 1366 9737 314 1367 9738 840 1424 9739 1437 1425 9740 838 1426 9741 315 1365 9742 804 1364 9743 315 1365 9744 838 1426 9745 1436 1427 9746 316 1362 9747 805 1363 9748 1436 1427 9749 317 1360 9750 316 1362 9751 2 1428 9752 806 1361 9753 317 1360 9754 835 1429 9755 318 1358 9756 806 1361 9757 1435 1430 9758 807 1359 9759 318 1358 9760 833 1431 9761 319 1356 9762 807 1359 9763 1434 1432 9764 808 1357 9765 319 1356 9766 831 1433 9767 320 1355 9768 808 1357 9769 1433 1434 9770 321 1353 9771 320 1355 9772 4 1435 9773 810 1354 9774 321 1353 9775 828 1436 9776 322 1438 9777 810 1354 9778 1432 1437 9779 322 1438 9780 1 1439 9781 1431 1440 9782 824 1441 9783 323 1352 9784 811 1351 9785 323 1352 9786 824 1441 9787 1430 1442 9788 822 1443 9789 324 1349 9790 812 1348 9791 814 1347 9792 324 1349 9793 822 1443 9794 325 1345 9795 814 1347 9796 1429 1444 9797 815 1346 9798 325 1345 9799 3 1445 9800 326 1343 9801 815 1346 9802 1428 1446 9803 817 1344 9804 326 1343 9805 818 1447 9806 327 1449 9807 817 1344 9808 1427 1448 9809 818 1447 9810 328 192 9811 819 190 9812 328 192 9813 818 1447 9814 1428 1446 9815 3 1445 9816 329 188 9817 821 186 9818 329 188 9819 3 1445 9820 1429 1444 9821 822 1443 9822 330 69 9823 823 75 9824 825 72 9825 330 69 9826 822 1443 9827 331 297 9828 825 72 9829 1430 1442 9830 827 299 9831 331 297 9832 824 1441 9833 332 1451 9834 827 299 9835 1431 1440 9836 332 1451 9837 1 1439 9838 1432 1437 9839 828 1436 9840 333 15 9841 829 13 9842 333 15 9843 828 1436 9844 4 1435 9845 830 10 9846 4 1435 9847 1433 1434 9848 831 1433 9849 334 389 9850 832 388 9851 334 389 9852 831 1433 9853 1434 1432 9854 833 1431 9855 335 387 9856 834 386 9857 335 387 9858 833 1431 9859 1435 1430 9860 835 1429 9861 336 104 9862 836 102 9863 336 104 9864 835 1429 9865 2 1428 9866 837 38 9867 2 1428 9868 1436 1427 9869 337 33 9870 839 41 9871 1436 1427 9872 841 36 9873 337 33 9874 838 1426 9875 338 98 9876 841 36 9877 1437 1425 9878 843 99 9879 338 98 9880 840 1424 9881 339 0 9882 843 99 9883 1438 1423 9884 845 3 9885 339 0 9886 842 1422 9887 340 5 9888 845 3 9889 1439 1421 9890 846 7 9891 340 5 9892 844 1420 9893 341 709 9894 846 7 9895 1440 1419 9896 847 1416 9897 342 708 9898 341 709 9899 848 128 9900 342 708 9901 847 1416 9902 849 131 9903 848 128 9904 1441 1415 9905 850 1452 9906 849 131 9907 1442 1414 9908 850 1452 9909 1443 1413 9910 1444 1412 9911 851 1411 9912 343 68 9913 852 66 9914 854 62 9915 343 68 9916 851 1411 9917 344 64 9918 854 62 9919 1445 1410 9920 855 1408 9921 345 126 9922 344 64 9923 345 126 9924 855 1408 9925 1446 1407 9926 10 1406 9927 346 125 9928 856 123 9929 347 414 9930 346 125 9931 10 1406 9932 858 411 9933 347 414 9934 857 1405 9935 860 710 9936 858 411 9937 1447 1404 9938 861 407 9939 860 710 9940 1448 1403 9941 863 410 9942 861 407 9943 1449 1402 9944 348 394 9945 863 410 9946 1450 1401 9947 865 397 9948 348 394 9949 862 1400 9950 349 390 9951 865 397 9952 1451 1399 9953 867 393 9954 349 390 9955 864 1396 9956 350 29 9957 867 393 9958 1452 1397 9959 299 1398 9960 163 1050 9961 1453 1049 9962 584 720 9963 160 1395 9964 868 1393 9965 869 32 9966 350 29 9967 866 1392 9968 81 1453 9969 869 32 9970 1454 1394 9971 1532 1521 9972 1533 1887 9973 1566 1522 9974 1543 1524 9975 1530 1562 9976 1544 1525 9977 1528 1527 9978 1545 1530 9979 1546 1528 9980 1564 1526 9981 1544 1525 9982 1545 1530 9983 1567 1531 9984 1534 1559 9985 1529 1532 9986 1546 1528 9987 1547 1556 9988 1565 1533 9989 1551 1534 9990 1555 1550 9991 1535 1535 9992 1538 1537 9993 1554 1548 9994 1551 1534 9995 1550 1538 9996 1548 1549 9997 1541 1539 9998 1553 1543 9999 1549 1542 10000 1536 1541 10001 1552 1545 10002 1553 1543 10003 1540 1544 10004 1535 1535 10005 1555 1550 10006 1556 1547 10007 1554 1548 10008 1538 1537 10009 1541 1539 10010 1551 1534 10011 1567 1531 10012 1543 1524 10013 1526 1551 10014 1567 1531 10015 1551 1534 10016 1550 1538 10017 1527 1529 10018 1561 1552 10019 1528 1527 10020 1527 1529 10021 1549 1542 10022 1564 1526 10023 1528 1527 10024 1553 1543 10025 1555 1550 10026 1543 1524 10027 1564 1526 10028 1526 1551 10029 1554 1548 10030 1548 1549 10031 1558 1553 10032 1559 1602 10033 1636 1554 10034 1547 1556 10035 1531 1560 10036 1563 1557 10037 1563 1557 10038 1531 1560 10039 1560 1523 10040 1566 1522 10041 1533 1887 10042 1534 1559 10043 1561 1552 10044 1568 1558 10045 1560 1523 10046 1526 1551 10047 1560 1523 10048 1562 1561 10049 1527 1529 10050 1565 1533 10051 1563 1557 10052 1575 1563 10053 1576 1599 10054 1574 1564 10055 1581 1566 10056 1582 1583 10057 1580 1567 10058 1570 1569 10059 1581 1566 10060 1579 1568 10061 1584 1571 10062 1585 1572 10063 1579 1568 10064 1585 1572 10065 1583 1578 10066 1569 1570 10067 1577 1573 10068 1578 1576 10069 1588 1574 10070 1587 1575 10071 1588 1574 10072 1585 1572 10073 1578 1576 10074 1601 1642 10075 1586 1577 10076 1588 1574 10077 1586 1577 10078 1583 1578 10079 1590 1579 10080 1591 1582 10081 1792 1580 10082 1591 1582 10083 1590 1579 10084 1582 1583 10085 1593 1584 10086 1592 1588 10087 1789 1585 10088 1572 1587 10089 1571 1590 10090 1592 1588 10091 1595 1589 10092 1594 1625 10093 1571 1590 10094 1573 1565 10095 1574 1564 10096 1603 1591 10097 1793 1593 10098 1596 1594 10099 1593 1584 10100 1596 1594 10101 1597 1597 10102 1572 1587 10103 1573 1565 10104 1598 1596 10105 1600 1595 10106 1637 1592 10107 1632 1638 10108 1598 1596 10109 1595 1589 10110 1572 1587 10111 1597 1597 10112 1576 1599 10113 1623 1626 10114 1624 1600 10115 1626 1603 10116 1592 1588 10117 1571 1590 10118 1574 1564 10119 1624 1600 10120 1625 1605 10121 1571 1590 10122 1594 1625 10123 1602 1606 10124 1606 1607 10125 1608 1612 10126 1607 1608 10127 1605 1609 10128 1610 1618 10129 1609 1610 10130 1612 1611 10131 1634 1634 10132 1608 1612 10133 1606 1607 10134 1609 1610 10135 1611 1613 10136 1616 1614 10137 1636 1554 10138 1633 1601 10139 1614 1616 10140 1616 1614 10141 1615 1615 10142 1605 1609 10143 1607 1608 10144 1616 1614 10145 1610 1618 10146 1605 1609 10147 1614 1616 10148 1580 1567 10149 1618 1621 10150 1619 1620 10151 1618 1621 10152 1609 1610 10153 1610 1618 10154 1582 1583 10155 1620 1622 10156 1618 1621 10157 1620 1622 10158 1611 1613 10159 1609 1610 10160 1584 1571 10161 1619 1620 10162 1621 1623 10163 1619 1620 10164 1610 1618 10165 1617 1619 10166 1621 1623 10167 1622 1641 10168 1577 1573 10169 1796 1624 10170 1789 1585 10171 1592 1588 10172 1637 1592 10173 1603 1591 10174 1594 1625 10175 1577 1573 10176 1622 1641 10177 1623 1626 10178 1795 1627 10179 1794 1639 10180 1629 1628 10181 1798 1630 10182 1797 1633 10183 1631 1631 10184 1628 1629 10185 1631 1631 10186 1797 1633 10187 1630 1632 10188 1631 1631 10189 1611 1613 10190 1612 1611 10191 1611 1613 10192 1631 1631 10193 1612 1611 10194 1628 1629 10195 1629 1628 10196 1798 1630 10197 1630 1632 10198 1590 1579 10199 1589 1635 10200 1591 1582 10201 1581 1566 10202 1607 1608 10203 1608 1612 10204 1635 1636 10205 1617 1619 10206 1614 1616 10207 1613 1617 10208 1594 1625 10209 1603 1591 10210 1625 1605 10211 1595 1589 10212 1599 1598 10213 1632 1638 10214 1794 1639 10215 1787 1640 10216 1634 1634 10217 1635 1636 10218 1634 1634 10219 1787 1640 10220 1617 1619 10221 1627 1637 10222 1622 1641 10223 1575 1563 10224 1600 1595 10225 1601 1642 10226 1578 1576 10227 1577 1573 10228 1576 1599 10229 1590 1579 10230 1630 1632 10231 1620 1622 10232 1591 1582 10233 1589 1635 10234 1788 1643 10235 1556 1547 10236 1638 1888 10237 1552 1545 10238 1556 1547 10239 1564 1526 10240 1552 1545 10241 1549 1542 10242 1527 1529 10243 1550 1538 10244 1640 1645 10245 1644 1674 10246 1659 1646 10247 1688 1654 10248 1689 1660 10249 1662 1655 10250 1688 1654 10251 1661 1656 10252 1660 1652 10253 1657 1662 10254 1652 1672 10255 1664 1663 10256 1656 1665 10257 1657 1662 10258 1669 1664 10259 1654 1667 10260 1665 1679 10261 1666 1668 10262 1655 1669 10263 1782 1788 10264 1668 1670 10265 1652 1672 10266 1653 1671 10267 1781 1673 10268 1667 1666 10269 1665 1679 10270 1654 1667 10271 1669 1664 10272 1664 1663 10273 1644 1674 10274 1667 1666 10275 1669 1664 10276 1640 1645 10277 1666 1668 10278 1665 1679 10279 1645 1676 10280 1668 1670 10281 1782 1788 10282 1642 1677 10283 1641 1675 10284 1645 1676 10285 1665 1679 10286 1689 1660 10287 1686 1682 10288 1648 1680 10289 1684 1681 10290 1648 1680 10291 1686 1682 10292 1685 1648 10293 1690 1657 10294 1651 1659 10295 1684 1681 10296 1685 1648 10297 1649 1650 10298 1642 1677 10299 1679 1687 10300 1678 1688 10301 1642 1677 10302 1645 1676 10303 1680 1689 10304 1645 1676 10305 1641 1675 10306 1673 1685 10307 1641 1675 10308 1640 1645 10309 1682 1692 10310 1692 1698 10311 1702 1696 10312 1683 1651 10313 1695 1699 10314 1689 1660 10315 1688 1654 10316 1697 1697 10317 1696 1700 10318 1688 1654 10319 1694 1702 10320 1699 1705 10321 1686 1682 10322 1701 1703 10323 1700 1694 10324 1685 1648 10325 1701 1703 10326 1684 1681 10327 1687 1683 10328 1693 1695 10329 1691 1701 10330 1690 1657 10331 1699 1705 10332 1698 1704 10333 1687 1683 10334 1647 1653 10335 1646 1658 10336 1690 1657 10337 1781 1673 10338 1643 1678 10339 1644 1674 10340 1644 1674 10341 1643 1678 10342 1676 1693 10343 1680 1689 10344 1675 1690 10345 1698 1704 10346 1682 1692 10347 1658 1647 10348 1691 1701 10349 1681 1686 10350 1694 1702 10351 1695 1699 10352 1659 1646 10353 1676 1693 10354 1702 1696 10355 1678 1688 10356 1679 1687 10357 1695 1699 10358 1676 1693 10359 1677 1691 10360 1697 1697 10361 1677 1691 10362 1678 1688 10363 1696 1700 10364 1673 1685 10365 1674 1684 10366 1700 1694 10367 1673 1685 10368 1701 1703 10369 1698 1704 10370 1658 1647 10371 1659 1646 10372 1692 1698 10373 1674 1684 10374 1682 1692 10375 1693 1695 10376 1681 1686 10377 1680 1689 10378 1699 1705 10379 1708 1706 10380 1710 1740 10381 1709 1707 10382 1714 1709 10383 1716 1725 10384 1715 1710 10385 1713 1711 10386 1715 1710 10387 1704 1712 10388 1718 1714 10389 1714 1709 10390 1713 1711 10391 1719 1715 10392 1713 1711 10393 1703 1713 10394 1711 1717 10395 1721 1720 10396 1722 1718 10397 1721 1720 10398 1718 1714 10399 1719 1715 10400 1712 1719 10401 1722 1718 10402 1720 1721 10403 1722 1718 10404 1719 1715 10405 1717 1716 10406 1724 1723 10407 1791 1581 10408 1792 1580 10409 1716 1725 10410 1724 1723 10411 1725 1724 10412 1789 1585 10413 1726 1727 10414 1727 1726 10415 1726 1727 10416 1705 1729 10417 1706 1728 10418 1705 1729 10419 1728 1747 10420 1729 1730 10421 1737 1731 10422 1708 1706 10423 1707 1708 10424 1727 1726 10425 1730 1733 10426 1793 1593 10427 1706 1728 10428 1731 1737 10429 1730 1733 10430 1707 1708 10431 1709 1707 10432 1734 1734 10433 1780 1732 10434 1707 1708 10435 1732 1735 10436 1731 1737 10437 1706 1728 10438 1729 1730 10439 1759 1739 10440 1758 1765 10441 1710 1740 10442 1778 1741 10443 1779 1781 10444 1771 1742 10445 1761 1744 10446 1738 1889 10447 1705 1729 10448 1760 1745 10449 1759 1739 10450 1708 1706 10451 1705 1729 10452 1738 1889 10453 1736 1746 10454 1741 1748 10455 1742 1752 10456 1740 1749 10457 1743 1751 10458 1744 1759 10459 1739 1750 10460 1742 1752 10461 1747 1773 10462 1746 1753 10463 1740 1749 10464 1746 1753 10465 1745 1754 10466 1772 1743 10467 1771 1742 10468 1751 1755 10469 1750 1756 10470 1751 1755 10471 1749 1757 10472 1751 1755 10473 1741 1748 10474 1739 1750 10475 1749 1757 10476 1739 1750 10477 1744 1759 10478 1714 1709 10479 1718 1714 10480 1754 1761 10481 1753 1762 10482 1754 1761 10483 1744 1759 10484 1716 1725 10485 1714 1709 10486 1753 1762 10487 1755 1763 10488 1753 1762 10489 1743 1751 10490 1718 1714 10491 1721 1720 10492 1756 1764 10493 1754 1761 10494 1756 1764 10495 1752 1760 10496 1711 1717 10497 1757 1785 10498 1756 1764 10499 1796 1624 10500 1761 1744 10501 1726 1727 10502 1728 1747 10503 1737 1731 10504 1780 1732 10505 1758 1765 10506 1757 1785 10507 1711 1717 10508 1764 1766 10509 1794 1639 10510 1795 1627 10511 1766 1768 10512 1797 1633 10513 1798 1630 10514 1797 1633 10515 1766 1768 10516 1763 1767 10517 1745 1754 10518 1766 1768 10519 1765 1769 10520 1766 1768 10521 1745 1754 10522 1746 1753 10523 1746 1753 10524 1747 1773 10525 1764 1766 10526 1724 1723 10527 1765 1769 10528 1798 1630 10529 1715 1710 10530 1725 1724 10531 1723 1770 10532 1767 1771 10533 1768 1778 10534 1742 1752 10535 1742 1752 10536 1768 1778 10537 1769 1772 10538 1748 1758 10539 1749 1757 10540 1752 1760 10541 1741 1748 10542 1751 1755 10543 1771 1742 10544 1747 1773 10545 1774 1776 10546 1773 1775 10547 1769 1772 10548 1775 1783 10549 1774 1776 10550 1776 1777 10551 1777 1782 10552 1768 1778 10553 1672 1779 10554 1779 1781 10555 1778 1741 10556 1728 1747 10557 1736 1746 10558 1760 1745 10559 1729 1730 10560 1780 1732 10561 1770 1736 10562 1779 1781 10563 1776 1777 10564 1767 1771 10565 1777 1782 10566 1775 1783 10567 1769 1772 10568 1774 1776 10569 1787 1640 10570 1794 1639 10571 1787 1640 10572 1774 1776 10573 1775 1783 10574 1775 1783 10575 1777 1782 10576 1776 1777 10577 1670 1784 10578 1776 1777 10579 1779 1781 10580 1757 1785 10581 1762 1774 10582 1752 1760 10583 1709 1707 10584 1712 1719 10585 1735 1722 10586 1710 1740 10587 1711 1717 10588 1712 1719 10589 1755 1763 10590 1765 1769 10591 1724 1723 10592 1725 1724 10593 1792 1580 10594 1788 1643 10595 1668 1670 10596 1783 1787 10597 1781 1673 10598 1784 1786 10599 1668 1670 10600 1643 1678 10601 1782 1788 10602 1785 1790 10603 1666 1668 10604 1666 1668 10605 1786 1789 10606 1782 1788 10607 1809 1800 10608 1819 1804 10609 1818 1801 10610 1810 1803 10611 1820 1806 10612 1819 1804 10613 1810 1803 10614 1811 1807 10615 1821 1805 10616 1811 1807 10617 1812 1810 10618 1822 1808 10619 1813 1809 10620 1823 1812 10621 1822 1808 10622 1814 1811 10623 1824 1814 10624 1823 1812 10625 1815 1813 10626 1825 1816 10627 1824 1814 10628 1816 1815 10629 1826 1818 10630 1825 1816 10631 1817 1817 10632 1827 1819 10633 1826 1818 10634 1817 1817 10635 1808 1802 10636 1818 1801 10637 1818 1801 10638 1819 1804 10639 1829 1820 10640 1820 1806 10641 1830 1823 10642 1829 1820 10643 1820 1806 10644 1821 1805 10645 1831 1822 10646 1821 1805 10647 1822 1808 10648 1832 1824 10649 1822 1808 10650 1823 1812 10651 1833 1825 10652 1823 1812 10653 1824 1814 10654 1834 1826 10655 1824 1814 10656 1825 1816 10657 1835 1827 10658 1826 1818 10659 1836 1828 10660 1835 1827 10661 1827 1819 10662 1837 1829 10663 1836 1828 10664 1818 1801 10665 1828 1821 10666 1837 1829 10667 1828 1821 10668 1829 1820 10669 1839 1830 10670 1829 1820 10671 1830 1823 10672 1840 1832 10673 1831 1822 10674 1841 1833 10675 1840 1832 10676 1832 1824 10677 1842 1834 10678 1841 1833 10679 1833 1825 10680 1843 1835 10681 1842 1834 10682 1834 1826 10683 1844 1837 10684 1843 1835 10685 1834 1826 10686 1835 1827 10687 1845 1836 10688 1836 1828 10689 1846 1839 10690 1845 1836 10691 1836 1828 10692 1837 1829 10693 1847 1838 10694 1837 1829 10695 1828 1821 10696 1838 1831 10697 1849 1841 10698 1850 1845 10699 1861 1842 10700 1851 1844 10701 1862 1847 10702 1861 1842 10703 1852 1846 10704 1863 1849 10705 1862 1847 10706 1853 1848 10707 1864 1851 10708 1863 1849 10709 1853 1848 10710 1854 1852 10711 1865 1850 10712 1854 1852 10713 1855 1854 10714 1866 1853 10715 1855 1854 10716 1856 1856 10717 1867 1855 10718 1856 1856 10719 1857 1859 10720 1868 1857 10721 1858 1858 10722 1869 1861 10723 1868 1857 10724 1859 1860 10725 1870 1862 10726 1869 1861 10727 1849 1841 10728 1860 1843 10729 1870 1862 10730 1860 1843 10731 1861 1842 10732 1872 1863 10733 1862 1847 10734 1873 1866 10735 1872 1863 10736 1862 1847 10737 1863 1849 10738 1874 1865 10739 1863 1849 10740 1864 1851 10741 1875 1867 10742 1864 1851 10743 1865 1850 10744 1876 1868 10745 1866 1853 10746 1877 1870 10747 1876 1868 10748 1866 1853 10749 1867 1855 10750 1878 1869 10751 1867 1855 10752 1868 1857 10753 1879 1871 10754 1869 1861 10755 1880 1873 10756 1879 1871 10757 1869 1861 10758 1870 1862 10759 1881 1872 10760 1860 1843 10761 1871 1864 10762 1881 1872 10763 1871 1864 10764 1872 1863 10765 1883 1874 10766 1873 1866 10767 1884 1876 10768 1883 1874 10769 1874 1865 10770 1885 1877 10771 1884 1876 10772 1875 1867 10773 1886 1879 10774 1885 1877 10775 1875 1867 10776 1876 1868 10777 1887 1878 10778 1876 1868 10779 1877 1870 10780 1888 1880 10781 1878 1869 10782 1889 1882 10783 1888 1880 10784 1878 1869 10785 1879 1871 10786 1890 1881 10787 1880 1873 10788 1891 1883 10789 1890 1881 10790 1881 1872 10791 1892 1884 10792 1891 1883 10793 1871 1864 10794 1882 1875 10795 1892 1884 10796</p>
        </polylist>
      </mesh>
    </geometry>
  </library_geometries>
  <library_controllers>
    <controller id="Armature_polySurface66-skin" name="Armature">
      <skin source="#polySurfaceShape66-mesh">
        <bind_shape_matrix>1 0 0 0 0 -1.62921e-7 -1 0 0 1 -1.62921e-7 0 0 0 0 1</bind_shape_matrix>
        <source id="Armature_polySurface66-skin-joints">
          <Name_array id="Armature_polySurface66-skin-joints-array" count="29">base_tokayA spine4 spine2 spine1 neck_base neck3 neck2 neck1 head_base head L_clavicle L_shoulder L_elbow L_hand L_weapon R_clavicle R_shoulder R_elbow R_hand R_weapon L_hip R_hip tail_01 tail_02 tail_03 tail_04 tail_05 tail_06 tail_07</Name_array>
          <technique_common>
            <accessor source="#Armature_polySurface66-skin-joints-array" count="29" stride="1">
              <param name="JOINT" type="name"/>
            </accessor>
          </technique_common>
        </source>
        <source id="Armature_polySurface66-skin-bind_poses">
          <float_array id="Armature_polySurface66-skin-bind_poses-array" count="464">1 0 0 0 0 -1.62921e-7 1 -0.4306781 0 -1 -1.62921e-7 0 0 0 0 1 1 0 0 0 0 -1.62921e-7 1 -0.6996763 0 -1 -1.62921e-7 -0.05312061 0 0 0 1 1 0 0 0 0 -1.62921e-7 1 -1.23606 0 -1 -1.63913e-7 -0.07110393 0 0 0 1 1 0 0 0 0 -1.62921e-7 1 -1.612488 0 -1 -1.63913e-7 -0.04113173 0 0 0 1 1 0 0 0 0 -1.62921e-7 1 -1.810305 0 -1 -1.62981e-7 -0.02015119 0 0 0 1 1 0 0 0 0 -1.62921e-7 1 -1.907427 0 -1 -1.62981e-7 -0.01670753 0 0 0 1 1 0 0 0 0 -1.62921e-7 1 -2.001193 0 -1 -1.62981e-7 -0.02285683 0 0 0 1 1 0 0 0 0 -1.62921e-7 1 -2.125019 0 -1 -1.6205e-7 -0.06080037 0 0 0 1 1 0 0 0 0 -1.62921e-7 1 -2.185417 0 -1 -1.63913e-7 -0.07778126 0 0 0 1 1 0 0 0 0 -1.62921e-7 1 -2.447535 0 -1 -1.60187e-7 -0.1519457 0 0 0 1 1 0 0 -0.2581801 0 -1.62921e-7 1 -1.7476 0 -1 -1.62981e-7 0.01204168 0 0 0 1 1 0 0 -0.4087637 0 -1.62921e-7 1 -1.587982 0 -1 -1.62981e-7 0.01204168 0 0 0 1 1 0 0 -1.020358 0 -1.62921e-7 1 -1.582958 0 -1 -1.63913e-7 0.05429893 0 0 0 1 1 0 0 -1.608936 0 -1.62921e-7 1 -1.578553 0 -1 -1.62921e-7 0.09124857 0 0 0 1 1 0 0 -1.778972 0 -1.62921e-7 1 -1.578553 0 -1 -1.62921e-7 0.09124851 0 0 0 1 1 0 0 0.25818 0 -1.62921e-7 1 -1.7476 0 -1 -1.62981e-7 0.01204162 0 0 0 1 1 0 0 0.408764 0 -1.62921e-7 1 -1.587982 0 -1 -1.62981e-7 0.01204162 0 0 0 1 1 0 0 1.028996 0 -1.62921e-7 1 -1.583077 0 -1 -1.63913e-7 0.05329525 0 0 0 1 1 0 0 1.55925 0 -1.62921e-7 1 -1.566685 0 -1 -1.63913e-7 0.08936071 0 0 0 1 1 0 0 1.856263 0 -1.62921e-7 1 -1.566686 0 -1 -1.62921e-7 0.08936059 0 0 0 1 1 0 0 -0.2841546 0 -1.62921e-7 1 -0.4370133 0 -1 -1.62921e-7 0.004720389 0 0 0 1 1 0 0 0.2836075 0 -1.62921e-7 1 -0.4241076 0 -1 -1.62921e-7 -0.003504753 0 0 0 1 1 0 0 0.05167579 0 -1.62921e-7 1 -0.6243992 0 -1 -1.62921e-7 0.2192851 0 0 0 1 1 0 0 0.05046772 0 -1.62921e-7 1 -0.3563396 0 -1 -1.62921e-7 0.2908262 0 0 0 1 1 0 0 0.05712419 0 -1.62921e-7 1 0.04542738 0 -1 -1.62921e-7 0.3339055 0 0 0 1 1 0 0 0.06316483 0 -1.62921e-7 1 0.4130474 0 -1 -1.62921e-7 0.3738646 0 0 0 1 1 0 0 0.06358623 0 -1.62921e-7 1 0.7026652 0 -1 -1.62921e-7 0.4381517 0 0 0 1 1 0 0 0.05776399 0 -1.62921e-7 1 0.9815166 0 -1 -1.62921e-7 0.5468339 0 0 0 1 1 0 0 0.05032742 0 -1.62921e-7 1 1.199473 0 -1 -1.78814e-7 0.6534909 0 0 0 1</float_array>
          <technique_common>
            <accessor source="#Armature_polySurface66-skin-bind_poses-array" count="29" stride="16">
              <param name="TRANSFORM" type="float4x4"/>
            </accessor>
          </technique_common>
        </source>
        <source id="Armature_polySurface66-skin-weights">
          <float_array id="Armature_polySurface66-skin-weights-array" count="9339">0.07742744 0.1583639 0.2113561 0.3028786 0.2499738 0.1357595 0.2780672 0.2829908 0.2666254 0.03655707 0.0403884 0.3515161 0.3658499 0.2393972 0.002848446 0.08944076 0.2181354 0.282263 0.302929 0.1072317 0.1192509 0.3122463 0.3122518 0.243009 0.01324206 0.06552016 0.2038143 0.2981919 0.3399648 0.09250885 0.06435215 0.1995769 0.2948893 0.3427141 0.09846758 0.04226279 0.1606965 0.2834335 0.4055532 0.1080539 0.02672964 0.1229505 0.2601659 0.4868894 0.1032646 0.108471 0.2149894 0.2606791 0.2778925 0.1379679 0.008643686 0.01935189 0.03038823 0.470808 0.470808 0.07469165 0.1619883 0.220739 0.3099378 0.2326431 0.03088659 0.06853967 0.1025083 0.3990327 0.3990327 0.1146783 0.2243072 0.2688686 0.2785003 0.1136455 0.0545172 0.1199046 0.1732468 0.3399472 0.3123841 0.02719843 0.05386042 0.07757002 0.4206855 0.4206855 0.08229708 0.2905946 0.3141631 0.2956082 0.0173369 0.04157555 0.07939785 0.1105343 0.3842462 0.3842462 0.09821087 0.2102942 0.264692 0.2892259 0.1375769 0.09814572 0.2204187 0.2757883 0.2922268 0.1134204 0.0783419 0.1924471 0.2642529 0.3157001 0.1492579 0.06923347 0.1792637 0.257672 0.3309321 0.1628986 0.02944517 0.06571799 0.09884411 0.4029964 0.4029964 0.0292828 0.06379252 0.09497231 0.4059762 0.4059762 0.03191381 0.06944799 0.1029912 0.3978235 0.3978235 0.02267307 0.04964029 0.07486176 0.4264125 0.4264125 0.04390203 0.09614086 0.1405873 0.3609269 0.3584429 0.01863527 0.04113441 0.06278121 0.4387246 0.4387246 0.04224681 0.09284532 0.1364114 0.3649886 0.3635078 0.02922385 0.0621469 0.09177517 0.408427 0.408427 0.04814565 0.1085007 0.1598263 0.3515438 0.3319836 0.03536832 0.07329654 0.1063782 0.3924785 0.3924785 0.03206044 0.06411331 0.09197121 0.4059275 0.4059275 0.04119771 0.08347344 0.1189046 0.3782121 0.3782121 0.07402032 0.2070972 0.2891357 0.325194 0.1045527 0.0351057 0.1568662 0.3007627 0.4290925 0.07817292 0.05403369 0.1850221 0.2945597 0.3667455 0.09963893 0.02322828 0.1191139 0.2703759 0.5073494 0.07993245 0.07162326 0.1326113 0.1758587 0.3125541 0.3073526 0.1138349 0.2814521 0.2935578 0.2804009 0.03075426 0.07612484 0.1586034 0.2132824 0.3054686 0.2465206 0.05971372 0.1362371 0.195281 0.3320782 0.2766898 0.1149772 0.2482339 0.284877 0.2851914 0.06672048 0.09373801 0.2239478 0.2835707 0.2984101 0.1003333 0.07418704 0.19894 0.2789235 0.3247051 0.1232444 0.09674406 0.1846507 0.2355954 0.2850124 0.1979973 0.0902605 0.2793574 0.3073421 0.298745 0.02429497 0.07992774 0.2149451 0.2921012 0.317814 0.09521198 0.06782764 0.1661922 0.2390567 0.3300843 0.1968391 0.06006121 0.1386078 0.2009539 0.3349308 0.2654463 0.01524573 0.03247773 0.04916208 0.4515573 0.4515573 0.03332901 0.06492769 0.09209436 0.4048244 0.4048244 0.08467143 0.1839684 0.2437099 0.3005145 0.1871357 0.06141883 0.1983004 0.2984617 0.348456 0.09336304 0.1050778 0.2240504 0.2728894 0.284936 0.1130465 0.07774686 0.2106524 0.2882192 0.3192963 0.1040852 0.0906099 0.2109364 0.2733501 0.3001301 0.1249734 0.06636959 0.1900783 0.2786095 0.3391948 0.1257477 0.07462644 0.1908491 0.2674424 0.3228433 0.1442387 0.05126345 0.1692852 0.2752798 0.3764802 0.1276913 0.08660078 0.23404 0.2996283 0.3081185 0.07161241 0.1030304 0.2188379 0.2696318 0.2858374 0.1226625 0.07412302 0.1794233 0.2504387 0.3197939 0.176221 0.1097455 0.2541692 0.287867 0.2878744 0.06034398 0.03367072 0.08335238 0.13057 0.3829774 0.3694294 0.0254091 0.05850088 0.08991855 0.4130858 0.4130858 0.02599465 0.05925852 0.0906167 0.412065 0.412065 0.06296211 0.1607353 0.2365897 0.3393123 0.2004005 0.08458024 0.2959244 0.3139269 0.2892937 0.01627469 0.02489358 0.05475771 0.08241993 0.4189644 0.4189644 0.04981791 0.1111646 0.1621736 0.3477271 0.3291167 0.02132427 0.04663681 0.07048529 0.4307768 0.4307768 0.0179283 0.03966385 0.06070315 0.4408524 0.4408524 0.03499537 0.07540994 0.1110377 0.3892785 0.3892785 0.0528745 0.1194252 0.174407 0.34339 0.3099032 0.02723044 0.05631512 0.08241397 0.4170203 0.4170203 0.02760875 0.05577033 0.08079403 0.4179134 0.4179134 0.04562842 0.09821152 0.1426404 0.3579097 0.3556099 0.0492103 0.1092539 0.1593553 0.3489106 0.3332698 0.04655051 0.09503734 0.1350337 0.3616892 0.3616892 0.04910242 0.09233766 0.1265954 0.3659822 0.3659822 0.05167567 0.1133038 0.1627316 0.3431682 0.3291207 0.07095414 0.140753 0.1909258 0.3122349 0.2851321 0.08451986 0.2116042 0.2811425 0.3093004 0.1134329 0.09335947 0.1937225 0.2516206 0.2938821 0.1674153 0.08242475 0.2072816 0.280981 0.3141274 0.1151853 0.06723195 0.1575835 0.2253188 0.3275719 0.2222937 0.03117275 0.06296908 0.09095454 0.4074518 0.4074518 0.03147089 0.07018017 0.1056846 0.3963321 0.3963321 0.06612235 0.1583628 0.2264376 0.3282753 0.220802 0.09294945 0.1881675 0.2409381 0.288344 0.1896009 0.08595097 0.2155255 0.2834381 0.307407 0.1076784 0.0520364 0.1811963 0.2933495 0.3725305 0.1008872 0.07244145 0.202984 0.2865213 0.3279584 0.1100948 0.06669884 0.1858006 0.2720233 0.338327 0.1371502 0.05277168 0.1706289 0.2740278 0.3719702 0.1306013 0.08530223 0.2281482 0.2966724 0.3096103 0.08026689 0.1106592 0.222891 0.2670556 0.2783893 0.1210049 0.0916841 0.2054395 0.2656216 0.2970889 0.1401659 0.09671491 0.2475046 0.2965264 0.2979457 0.06130832 0.0298776 0.07091957 0.1097077 0.3947548 0.3947405 0.0254147 0.05765229 0.08801335 0.4144598 0.4144598 0.03007209 0.07228279 0.1126648 0.3929827 0.3919976 0.03311342 0.08614325 0.138315 0.3876867 0.3547415 0.02745753 0.06300783 0.09644287 0.4065459 0.4065459 0.03190237 0.08373093 0.1355407 0.3912566 0.3575694 0.0689764 0.1794386 0.2588606 0.3321549 0.1605694 0.08028674 0.2276 0.3024336 0.3161785 0.07350105 0.04581534 0.1008931 0.1473582 0.3559862 0.3499471 0.05875658 0.1490868 0.2220768 0.3445189 0.2255608 0.03535848 0.07627105 0.1122568 0.3880569 0.3880569 0.05682086 0.1302099 0.1896813 0.3386331 0.2846547 0.03705948 0.07356387 0.1044707 0.392453 0.392453 0.0217244 0.04544907 0.0674476 0.4326894 0.4326894 0.02909582 0.0598393 0.08731776 0.4118736 0.4118736 0.02433228 0.04924547 0.07177931 0.4273214 0.4273214 0.03275382 0.07044553 0.1041914 0.3963046 0.3963046 0.0464068 0.1002512 0.1457709 0.3558084 0.3517626 0.02812474 0.056517 0.08167845 0.4168399 0.4168399 0.03164851 0.06430441 0.09296679 0.4055402 0.4055402 0.04305768 0.08936351 0.1283392 0.3696198 0.3696198 0.03355324 0.07090228 0.1039581 0.3957931 0.3957931 0.03341114 0.06643605 0.09487986 0.4026365 0.4026365 0.03495609 0.06999343 0.1000726 0.397489 0.397489 0.0401296 0.08157384 0.1165632 0.3808667 0.3808667 0.03671777 0.0730496 0.1038675 0.3931826 0.3931826 0.03429448 0.07428783 0.109788 0.3908148 0.3908148 0.0498228 0.1125726 0.1653794 0.348495 0.3237301 0.02894371 0.05979126 0.08723413 0.4120154 0.4120154 0.04462003 0.09571021 0.1389864 0.3608223 0.359861 0.0287953 0.05832272 0.08444035 0.4142208 0.4142208 0.0429911 0.08888626 0.1273826 0.37037 0.37037 0.0356031 0.07174593 0.1027225 0.3949642 0.3949642 0.03055292 0.06175851 0.08915066 0.409269 0.409269 0.03269928 0.07247412 0.1085599 0.3931334 0.3931334 0.04140573 0.09532409 0.1433554 0.3654004 0.3545143 0.02977365 0.0628975 0.09260469 0.4073621 0.4073621 0.04058212 0.08824527 0.129678 0.3707717 0.3707228 0.02987301 0.06200736 0.09062534 0.4087471 0.4087471 0.04016518 0.08458614 0.1226712 0.3762888 0.3762888 0.03493607 0.07189863 0.1039881 0.3945886 0.3945886 0.03154432 0.06499809 0.09449881 0.4044794 0.4044794 0.05130416 0.114651 0.1669539 0.3451476 0.3219433 0.04574304 0.102283 0.1505762 0.3559656 0.3454321 0.03827041 0.08796852 0.1328372 0.3727003 0.3682234 0.03505033 0.08120208 0.1238089 0.3808962 0.3790425 0.03592717 0.07895165 0.1173823 0.3838694 0.3838694 0.03609931 0.07720404 0.1133947 0.3866509 0.3866509 0.03773486 0.078363 0.1133502 0.385276 0.385276 0.03971952 0.08066123 0.1152279 0.3821957 0.3821957 0.03990292 0.07988303 0.1134051 0.3834044 0.3834044 0.03867429 0.07723063 0.1097279 0.3871836 0.3871836 0.03791749 0.07700884 0.1103447 0.3873645 0.3873645 0.03858679 0.0798645 0.1153072 0.3831208 0.3831208 0.04308027 0.08921813 0.128098 0.3698018 0.3698018 0.04784744 0.09496378 0.1331903 0.3619992 0.3619992 0.02805215 0.06469625 0.09917682 0.4040374 0.4040374 0.07162457 0.132613 0.1758602 0.3125522 0.30735 0.1140063 0.2813631 0.2934412 0.2803323 0.03085708 0.07611858 0.1585162 0.213144 0.3054455 0.2467757 0.05056577 0.1108807 0.1595755 0.3453621 0.3336158 0.07452374 0.1615276 0.2201753 0.3100706 0.2337027 0.05920314 0.1349113 0.1935293 0.3326914 0.2796648 0.03074151 0.06813228 0.1018656 0.3996303 0.3996303 0.1146799 0.2243084 0.2688679 0.278499 0.1136448 0.1149799 0.2482355 0.284875 0.2851893 0.06672018 0.07095634 0.1407561 0.1909281 0.3122317 0.2851277 0.05451983 0.119909 0.1732507 0.3399424 0.3123781 0.02719914 0.05386167 0.07757151 0.4206839 0.4206839 0.09379976 0.2239398 0.2835018 0.2983338 0.1004248 0.07469111 0.1987812 0.2779834 0.3237567 0.1247876 0.08517861 0.2106017 0.2791984 0.3081466 0.1168746 0.09336191 0.1937251 0.2516208 0.2938792 0.1674129 0.09674555 0.1846523 0.2355958 0.2850108 0.1979956 0.0905053 0.2793664 0.3071925 0.2985754 0.02436029 0.08276385 0.2915065 0.3141242 0.2945263 0.01707917 0.0799309 0.2149482 0.2920991 0.3178093 0.09521239 0.08242791 0.2072849 0.2809797 0.3141227 0.1151847 0.06783086 0.166197 0.2390587 0.3300785 0.1968349 0.06723517 0.1575881 0.2253214 0.3275665 0.2222887 0.06006419 0.1386126 0.2009575 0.3349255 0.2654401 0.01516169 0.0323376 0.04898583 0.4517574 0.4517574 0.0333299 0.06492918 0.09209609 0.4048224 0.4048224 0.04157656 0.07939946 0.1105361 0.384244 0.384244 0.03117412 0.06297141 0.09095728 0.4074485 0.4074485 0.03147304 0.07018435 0.1056897 0.3963264 0.3963264 0.08479201 0.1839364 0.2435253 0.3002858 0.1874605 0.0985915 0.2104573 0.2645167 0.2887702 0.1376643 0.06662422 0.1590381 0.2268727 0.3273553 0.2201097 0.09293884 0.1881439 0.2409154 0.2883512 0.1896506 0.06148767 0.1983546 0.2984078 0.3483164 0.09343349 0.1051453 0.2240585 0.2728384 0.2848628 0.1130951 0.0859943 0.21554 0.2834041 0.3073477 0.1077138 0.07785195 0.2107034 0.2881395 0.3191346 0.1041706 0.09816437 0.2204015 0.275754 0.2922009 0.1134791 0.05257946 0.1818411 0.29311 0.3710691 0.1014004 0.08972883 0.2098149 0.2730026 0.3011402 0.1263134 0.07211083 0.2026895 0.2866407 0.3285383 0.1100206 0.06565552 0.1884534 0.2774171 0.3405929 0.1278811 0.07679903 0.1901291 0.2629861 0.3179823 0.1521034 0.07500845 0.1917107 0.2681452 0.3222998 0.1428357 0.06868177 0.1776444 0.2559111 0.3316483 0.1661144 0.05120688 0.1671577 0.2715497 0.376569 0.1335167 0.06662523 0.1849517 0.2708318 0.3383377 0.1392536 0.05217605 0.1690742 0.2726457 0.373662 0.1324419 0.08662766 0.2340223 0.2995879 0.3080886 0.07167351 0.08522707 0.2270385 0.2958557 0.3096935 0.08218508 0.1107609 0.2229053 0.2669867 0.278285 0.1210619 0.1032626 0.2188937 0.2694811 0.2855771 0.1227855 0.09141719 0.204961 0.2653099 0.2973399 0.140972 0.07366204 0.1788918 0.2502465 0.3205793 0.1766204 0.10984 0.2541614 0.2877938 0.2878009 0.06040388 0.09696394 0.247128 0.2961699 0.2976867 0.06205135 0.03311967 0.08169126 0.1278947 0.3841475 0.3731468 0.02889126 0.06841808 0.1059069 0.3983919 0.3983919 0.02561682 0.05896532 0.09058815 0.4124149 0.4124149 0.02966684 0.06619149 0.09950429 0.4023187 0.4023187 0.0261448 0.05925554 0.09030663 0.4121465 0.4121465 0.02643841 0.0602265 0.09199333 0.4106709 0.4106709 0.02985709 0.06498467 0.09661638 0.4042709 0.4042709 0.03205364 0.06978744 0.1034943 0.3973323 0.3973323 0.02964222 0.07125979 0.1111654 0.394303 0.3936297 0.03288406 0.08546918 0.137246 0.388038 0.3563627 0.027731 0.06357926 0.09722995 0.4057299 0.4057299 0.02820903 0.06507563 0.09974324 0.4034861 0.4034861 0.03184735 0.08357357 0.1352927 0.3913456 0.3579408 0.06914502 0.179843 0.2592421 0.3318957 0.1598742 0.06294089 0.1606922 0.2365471 0.3393489 0.2004709 0.08009964 0.2275101 0.302588 0.3164209 0.0733813 0.08425796 0.2967798 0.3143844 0.2886798 0.01589798 0.02502167 0.05504685 0.08284157 0.418545 0.418545 0.02290135 0.050143 0.07559144 0.4256821 0.4256821 0.04982072 0.1111693 0.1621782 0.3477218 0.3291099 0.0454173 0.100106 0.1463599 0.3568697 0.351247 0.04390466 0.09614539 0.1405921 0.3609213 0.3584365 0.02145439 0.04692411 0.07090473 0.4303584 0.4303584 0.01863247 0.04113155 0.06277948 0.4387283 0.4387283 0.01792407 0.03965955 0.06070077 0.4408578 0.4408578 0.05863678 0.1488181 0.2217741 0.3447132 0.2260577 0.03549098 0.07662421 0.1127972 0.3875438 0.3875438 0.04224944 0.09284985 0.1364163 0.3649829 0.3635014 0.03503239 0.07548516 0.1111389 0.3891717 0.3891717 0.02925986 0.06229501 0.09203612 0.4082045 0.4082045 0.05682384 0.1302148 0.1896853 0.3386277 0.2846483 0.04814839 0.1085055 0.1598311 0.3515384 0.3319766 0.05287742 0.1194301 0.1744114 0.3433846 0.3098964 0.03706133 0.07356703 0.1044744 0.3924487 0.3924487 0.02166229 0.0453729 0.0673781 0.4327934 0.4327934 0.0272051 0.05632787 0.08247828 0.4169943 0.4169943 0.02909731 0.05984205 0.0873211 0.4118697 0.4118697 0.03537017 0.07329982 0.106382 0.392474 0.392474 0.02762854 0.05581301 0.08085507 0.4178517 0.4178517 0.02437531 0.04934352 0.07192462 0.4271783 0.4271783 0.03275609 0.07044982 0.1041966 0.3962988 0.3962988 0.0464093 0.1002554 0.1457753 0.3558033 0.3517566 0.04563063 0.09821522 0.142644 0.3579051 0.355605 0.02812618 0.05651956 0.08168154 0.4168363 0.4168363 0.03206211 0.06411617 0.09197455 0.4059236 0.4059236 0.03165012 0.06430733 0.09297025 0.4055361 0.4055361 0.04306 0.08936738 0.1283435 0.3696146 0.3696146 0.04119992 0.08347713 0.1189087 0.3782071 0.3782071 0.0335552 0.07090598 0.1039625 0.3957881 0.3957881 0.03341281 0.06643897 0.09488326 0.4026325 0.4026325 0.03495788 0.06999647 0.1000761 0.3974848 0.3974848 0.04013168 0.08157742 0.1165671 0.3808619 0.3808619 0.03671962 0.07305282 0.1038712 0.3931782 0.3931782 0.03433442 0.07436937 0.1098982 0.390699 0.390699 0.04982566 0.1125774 0.1653841 0.3484897 0.3237231 0.02897006 0.05984658 0.08731174 0.4119358 0.4119358 0.0446226 0.09571462 0.1389911 0.3608168 0.3598548 0.02882057 0.05837559 0.08451473 0.4141445 0.4141445 0.04299342 0.08889025 0.1273871 0.3703646 0.3703646 0.03560513 0.07174921 0.1027263 0.3949596 0.3949596 0.03055459 0.06176143 0.08915424 0.4092649 0.4092649 0.03270149 0.07247829 0.1085649 0.3931276 0.3931276 0.04140836 0.09532886 0.1433606 0.3653948 0.3545073 0.0299288 0.06321245 0.09303748 0.4069106 0.4069106 0.04058456 0.08824968 0.1296828 0.3707659 0.3707169 0.0298748 0.06201058 0.09062927 0.4087427 0.4087427 0.04016757 0.08459019 0.1226757 0.3762832 0.3762832 0.03493803 0.07190215 0.1039922 0.3945838 0.3945838 0.03154611 0.06500136 0.09450274 0.4044749 0.4044749 0.05130696 0.1146557 0.1669584 0.3451423 0.3219366 0.04921311 0.1092586 0.15936 0.3489053 0.3332629 0.04574573 0.1022877 0.1505811 0.3559601 0.3454253 0.03827285 0.08797311 0.1328425 0.3726948 0.3682168 0.03505271 0.08120667 0.1238142 0.3808904 0.379036 0.0359295 0.07895588 0.1173872 0.3838637 0.3838637 0.03610152 0.07720798 0.1133993 0.3866456 0.3866456 0.03773701 0.07836663 0.1133544 0.385271 0.385271 0.03972166 0.08066487 0.115232 0.3821908 0.3821908 0.03990501 0.07988649 0.113409 0.3833997 0.3833997 0.03867632 0.07723397 0.1097316 0.387179 0.387179 0.03791952 0.07701224 0.1103486 0.3873599 0.3873599 0.03858882 0.07986801 0.1153113 0.3831159 0.3831159 0.04655265 0.09504079 0.1350374 0.3616846 0.3616846 0.04308247 0.08922177 0.1281019 0.3697969 0.3697969 0.04784929 0.09496665 0.1331933 0.3619953 0.3619953 0.04910349 0.09233933 0.1265972 0.36598 0.36598 0.03291445 0.07226312 0.1071588 0.3938317 0.3938317 0.02444148 0.05361056 0.08062219 0.4206629 0.4206629 0.02056157 0.04508447 0.068273 0.4330404 0.4330404 0.01781708 0.03913599 0.05963283 0.441707 0.441707 0.01602166 0.03537386 0.05423176 0.4471864 0.4471864 0.01398038 0.03109693 0.04805791 0.4534323 0.4534323 0.01250725 0.02796447 0.04347532 0.4580264 0.4580264 0.01061135 0.02294188 0.03529942 0.4655737 0.4655737 0.01864093 0.03780454 0.05571198 0.4439213 0.4439213 0.02694517 0.05272346 0.07556438 0.4223835 0.4223835 0.03315347 0.0637716 0.08999985 0.4065375 0.4065375 0.04151117 0.0782566 0.1083997 0.3859162 0.3859162 0.04914826 0.09113621 0.1242766 0.3677194 0.3677194 0.07144606 0.1301138 0.1716652 0.3143842 0.3123906 0.09887164 0.1840928 0.232898 0.2817029 0.2024344 0.1204487 0.2293506 0.2690519 0.2748203 0.1063285 0.1158192 0.2648717 0.2889928 0.2867074 0.04360896 0.07878708 0.3044859 0.3211095 0.2839266 0.01169079 0.05884546 0.3383316 0.3466933 0.2511844 0.004945158 0.05675697 0.3667754 0.3669305 0.2064479 0.003089249 0.08261811 0.3414281 0.341474 0.228453 0.006026804 0.1138076 0.3056952 0.3072314 0.2573462 0.0159195 0.1294521 0.2902693 0.2927274 0.2622745 0.02527672 0.1337774 0.27642 0.2827053 0.2688788 0.03821843 0.1206189 0.2583289 0.2813237 0.2806659 0.0590626 0.1019955 0.2297821 0.2807568 0.2898692 0.09759634 0.08864015 0.2176955 0.2827211 0.3039836 0.1069596 0.06937938 0.2066999 0.295511 0.3329911 0.09541851 0.06216681 0.2026832 0.3025174 0.3460475 0.0865851 0.06934869 0.2066836 0.2955386 0.3330439 0.09538525 0.08860075 0.2176686 0.282736 0.3040328 0.1069619 0.1020012 0.2297894 0.2807574 0.289864 0.09758788 0.1206071 0.2583391 0.2813344 0.2806752 0.05904412 0.133728 0.2764482 0.2827391 0.2689 0.0381847 0.1293601 0.2903242 0.2927871 0.2622938 0.02523475 0.08240503 0.3416144 0.3416606 0.2283219 0.005997955 0.05652523 0.3670353 0.3671909 0.2061794 0.003069102 0.05884093 0.33833 0.346695 0.2511891 0.00494492 0.1158173 0.2648706 0.2889941 0.2867091 0.04360896 0.1204476 0.2293499 0.2690523 0.2748211 0.106329 0.09887081 0.1840919 0.2328978 0.2817039 0.2024355 0.07144528 0.1301128 0.1716644 0.3143854 0.312392 0.05758267 0.105166 0.1411795 0.3480359 0.3480359 0.0491476 0.09113526 0.1242756 0.3677207 0.3677207 0.01864051 0.0378037 0.05571103 0.4439224 0.4439224 0.0127381 0.02678787 0.04052889 0.4599726 0.4599726 0.01069921 0.02310353 0.03552007 0.4653386 0.4653386 0.01085227 0.0243141 0.03799945 0.4634171 0.4634171 0.0125364 0.02802228 0.0435571 0.4579421 0.4579421 0.02052181 0.04501122 0.06817686 0.4331451 0.4331451 0.02433568 0.05334889 0.08022326 0.421046 0.421046 0.03315383 0.07289761 0.1081297 0.3929094 0.3929094 0.06914722 0.2036885 0.2922416 0.3336271 0.1012956 0.04092812 0.1713785 0.3069973 0.4034286 0.07726746 0.02771288 0.1345438 0.28492 0.4727811 0.08004224 0.04805839 0.1735563 0.2903945 0.3845961 0.1033945 0.05939728 0.1935013 0.2957872 0.3533439 0.09797018 0.02455937 0.1200376 0.264616 0.5003309 0.09045606 0.03127473 0.1333622 0.2645579 0.4585503 0.1122548 0.03722536 0.1483573 0.2750917 0.4273859 0.1119397 0.02364176 0.1211568 0.2734621 0.5031538 0.07858556 0.05630701 0.1027057 0.1380343 0.3514764 0.3514764 0.07544159 0.1604605 0.2172316 0.3076545 0.2392118 0.06911069 0.1528232 0.2122275 0.3176906 0.2481479 0.05119514 0.1193203 0.1756385 0.3463354 0.3075105 0.07574445 0.2034887 0.282528 0.3223133 0.1159254 0.07215029 0.1933584 0.2743567 0.3279286 0.132206 0.08494317 0.2441026 0.3073023 0.3101415 0.05351042 0.06397604 0.1543616 0.2239144 0.3335179 0.2242299 0.07360279 0.1874601 0.2650865 0.3252884 0.1485621 0.06130152 0.1434625 0.2080407 0.3343029 0.2528924 0.02928781 0.06015002 0.08771872 0.4114218 0.4114218 0.07924509 0.1718984 0.2314095 0.3053542 0.2120926 0.09042692 0.1959662 0.2544524 0.2955849 0.1635695 0.1018062 0.2227485 0.2746022 0.2883648 0.1124782 0.08887463 0.2169443 0.2817276 0.3035947 0.1088586 0.06840533 0.2034214 0.2930889 0.3349655 0.1001188 0.08484101 0.2024791 0.2696242 0.3069453 0.1361102 0.09465712 0.2168322 0.2755913 0.2958847 0.1170346 0.0756008 0.1945495 0.2709234 0.321358 0.1375682 0.0508967 0.1737813 0.2837567 0.3769419 0.1146233 0.07098215 0.1822502 0.2597591 0.3280044 0.1590041 0.06359565 0.1776049 0.2642335 0.3438552 0.1507107 0.03509926 0.1428868 0.2711772 0.4379519 0.1128848 0.06809186 0.1757963 0.2537524 0.3322959 0.1700634 0.0722087 0.1823633 0.2578604 0.3250818 0.1624857 0.08078229 0.2102597 0.2846397 0.3152483 0.10907 0.08727145 0.25358 0.3064898 0.3067867 0.04587209 0.1025782 0.2208813 0.2721222 0.2869921 0.1174261 0.07682484 0.1862707 0.257272 0.3167347 0.1628977 0.07205533 0.1741426 0.2448224 0.3220694 0.1869103 0.0371859 0.09034472 0.1393218 0.3745783 0.3585692 0.02744489 0.06219011 0.09452837 0.4079183 0.4079183 0.02808046 0.06250691 0.09417885 0.4076169 0.4076169 0.03977167 0.09196609 0.1383681 0.3685665 0.3613275 0.06089282 0.1515596 0.2234392 0.3401404 0.2239679 0.06697487 0.1707696 0.2473588 0.3332794 0.1816172 0.05728733 0.1334362 0.1948105 0.3387482 0.2757176 0.0469616 0.1061725 0.1562964 0.3531882 0.3373813 0.04632598 0.1087718 0.1622548 0.3550928 0.3275545 0.04148948 0.09864985 0.1494038 0.364864 0.3455929 0.03011649 0.06681203 0.1000748 0.4014984 0.4014984 0.0264002 0.05735141 0.08565908 0.4152946 0.4152946 0.05536741 0.1244755 0.1804932 0.3391295 0.3005344 0.02740126 0.05736851 0.08437907 0.4154255 0.4154255 0.02684688 0.05489689 0.08000928 0.4191235 0.4191235 0.02712941 0.05499649 0.07983946 0.4190173 0.4190173 0.02839821 0.05728602 0.08286261 0.4157266 0.4157266 0.04588788 0.1009874 0.1479577 0.3561564 0.3490105 0.04461675 0.09386157 0.1352205 0.3631506 0.3631506 0.02982187 0.06004428 0.08662009 0.4117569 0.4117569 0.03121536 0.06265008 0.09008413 0.4080252 0.4080252 0.04333156 0.08961832 0.1284059 0.3693221 0.3693221 0.04250049 0.08715963 0.1245767 0.3728815 0.3728815 0.03369718 0.06730002 0.09623974 0.4013816 0.4013816 0.03732812 0.08360314 0.1249158 0.3771657 0.3769873 0.04319083 0.09704351 0.1439951 0.3616591 0.3541113 0.05463796 0.1219817 0.1765779 0.339721 0.3070814 0.03555983 0.0745204 0.1085609 0.3906795 0.3906795 0.03851634 0.07720082 0.1098491 0.3872169 0.3872169 0.03717166 0.07455539 0.1063492 0.3909618 0.3909618 0.03937947 0.08084619 0.1161581 0.3818082 0.3818082 0.03845268 0.07871639 0.1132031 0.3848139 0.3848139 0.06603139 0.1403743 0.1940252 0.3189489 0.2806201 0.05618417 0.12549 0.1799225 0.3358306 0.3025726 0.04371601 0.09772568 0.1435128 0.3599669 0.3550785 0.06912976 0.1434522 0.1979061 0.316386 0.2731258 0.0714364 0.1368409 0.1834886 0.3114034 0.2968307 0.06515693 0.1283626 0.1753378 0.3212521 0.3098905 0.08016186 0.2033998 0.276629 0.3149043 0.1249049 0.08729481 0.2165784 0.2832728 0.3058848 0.1069691 0.079674 0.2029415 0.2768595 0.3158267 0.1246982 0.08061695 0.1636475 0.2192548 0.3024814 0.2339993 0.09110736 0.1975575 0.2591261 0.2987337 0.1534752 0.1050202 0.2205463 0.273009 0.2874937 0.1139308 0.09463745 0.1887313 0.2433995 0.2899059 0.1833258 0.08115375 0.2108013 0.2863618 0.3161345 0.1055486 0.090716 0.237425 0.2992493 0.3050491 0.06756055 0.08575594 0.2020154 0.2708137 0.3083083 0.1331065 0.068075 0.162362 0.2322549 0.3277701 0.2095379 0.07406765 0.1790571 0.2519797 0.3221797 0.1727157 0.06575399 0.1477618 0.2100874 0.3260737 0.2503231 0.06298387 0.1457902 0.210081 0.3315086 0.2496362 0.0217185 0.04411917 0.06475561 0.4347034 0.4347034 0.07527965 0.1724271 0.2373237 0.313837 0.2011326 0.07495766 0.1763761 0.2442247 0.3164574 0.1879841 0.06205999 0.1533508 0.2238832 0.3365451 0.2241609 0.05295872 0.1307515 0.1957905 0.3490131 0.2714861 0.06284087 0.1468865 0.2105428 0.3300718 0.2496579 0.09876787 0.2003109 0.2517724 0.2846769 0.1644719 0.08962917 0.187321 0.2431449 0.2933545 0.1865503 0.08518916 0.1744145 0.2285607 0.2953726 0.216463 0.09620189 0.2208542 0.2780278 0.2946584 0.1102576 0.07763028 0.2099443 0.2875167 0.3194085 0.1055001 0.0819872 0.213582 0.286062 0.3129771 0.1053916 0.06441926 0.1923992 0.2853209 0.343379 0.1144815 0.05113434 0.17427 0.2842524 0.376416 0.1139272 0.04045617 0.1660459 0.2992667 0.4082826 0.08594852 0.05467426 0.1875601 0.297061 0.3647277 0.09597682 0.08324527 0.2092472 0.2797814 0.3107352 0.1169909 0.07483798 0.2072935 0.2883067 0.3239168 0.105645 0.06015497 0.1921705 0.2925378 0.3520661 0.1030706 0.0699293 0.1971582 0.2827754 0.3324164 0.1177207 0.07348608 0.1923574 0.2712025 0.3253644 0.1375895 0.05555677 0.1751666 0.2758978 0.3645192 0.1288596 0.03610503 0.1491794 0.2813977 0.4315639 0.101754 0.06023174 0.181112 0.2759296 0.3525571 0.1301695 0.08755886 0.2339408 0.2984995 0.306988 0.07301288 0.08009231 0.2128841 0.2883582 0.3163844 0.102281 0.0739271 0.1948919 0.2740871 0.3249162 0.1321777 0.05615526 0.1756384 0.2753947 0.3629052 0.1299064 0.1097199 0.2246531 0.2695104 0.2800158 0.1161007 0.1072654 0.2215629 0.2686221 0.2817203 0.1208293 0.1060064 0.2145997 0.2623685 0.2807005 0.1363249 0.08514934 0.1942704 0.2581955 0.3038917 0.158493 0.09808564 0.2140019 0.2691295 0.2906476 0.1281353 0.09297102 0.2094149 0.2690786 0.2963786 0.1321567 0.08344775 0.1939861 0.2599155 0.3068509 0.1557997 0.09016984 0.2277663 0.2908279 0.3034268 0.08780902 0.1007699 0.2496822 0.2937741 0.2944976 0.06127607 0.1023125 0.2636389 0.2953585 0.2944464 0.04424357 0.0907374 0.2425414 0.3000165 0.3035323 0.06317234 0.08779871 0.235502 0.2991948 0.3066678 0.0708366 0.03292334 0.07688802 0.1173872 0.3865386 0.3862628 0.03230971 0.07817047 0.1214713 0.3861917 0.3818569 0.02683377 0.06260275 0.09657639 0.4069936 0.4069936 0.02728855 0.06077343 0.09167957 0.4101292 0.4101292 0.0250802 0.05719453 0.08757305 0.4150761 0.4150761 0.02565175 0.05825424 0.08895701 0.4135685 0.4135685 0.03215444 0.07473045 0.1142066 0.3894584 0.3894501 0.02872473 0.06721556 0.1036545 0.4002026 0.4002026 0.03044211 0.0757029 0.1198549 0.391052 0.3829482 0.03658574 0.09304785 0.1467028 0.3788869 0.3447766 0.03268706 0.0865941 0.140406 0.3906074 0.3497053 0.0337277 0.08566784 0.1358106 0.3842934 0.3605005 0.02661228 0.06084811 0.09309601 0.4097218 0.4097218 0.03710675 0.09425622 0.1485307 0.3781082 0.3419981 0.03124284 0.0804308 0.1292291 0.3908126 0.3682847 0.03229951 0.08618587 0.1404141 0.3923571 0.3487433 0.07225 0.1864682 0.2645694 0.3267419 0.1499704 0.06761193 0.1719865 0.2490282 0.3329762 0.1783971 0.06561577 0.1681436 0.2453255 0.3359108 0.1850042 0.07913202 0.2210932 0.2987433 0.318431 0.08260035 0.07439863 0.2007125 0.2819442 0.3254271 0.1175175 0.08336365 0.2318086 0.3017458 0.3120117 0.07107019 0.08373415 0.2539176 0.3098827 0.3101211 0.04234439 0.03848314 0.08422619 0.1240698 0.3766105 0.3766105 0.05797618 0.1472142 0.2194996 0.3451681 0.2301418 0.06508702 0.1633607 0.2373065 0.3342872 0.1999585 0.05102151 0.1269959 0.1920824 0.3533787 0.2765215 0.04041856 0.09101009 0.134874 0.3679166 0.3657807 0.03652673 0.08368963 0.1258559 0.3774039 0.3765239 0.02692085 0.05891871 0.08819997 0.4129802 0.4129802 0.02869772 0.06289994 0.09396487 0.4072188 0.4072188 0.03028732 0.06584519 0.09781229 0.4030276 0.4030276 0.02580302 0.05595988 0.08369505 0.417271 0.417271 0.03679215 0.08061712 0.1190846 0.381753 0.381753 0.03481501 0.07812404 0.1169607 0.3850501 0.3850501 0.04783308 0.1172476 0.1776688 0.3565022 0.3007482 0.04282796 0.1054449 0.1618722 0.365054 0.3248009 0.04636973 0.1148217 0.1749971 0.3593688 0.3044427 0.0409699 0.1018812 0.1575042 0.3688534 0.3307912 0.0544008 0.1234951 0.1801648 0.3413699 0.3005693 0.02526301 0.05246913 0.07716631 0.4225507 0.4225507 0.02530908 0.0512396 0.07462167 0.4244149 0.4244149 0.02588242 0.05239439 0.07617837 0.4227724 0.4227724 0.0259698 0.05236047 0.07601344 0.4228281 0.4228281 0.04563254 0.09889286 0.1440864 0.3574543 0.3539338 0.03393113 0.06743288 0.09620386 0.401216 0.401216 0.03362154 0.06701034 0.09578061 0.4017937 0.4017937 0.040672 0.08229029 0.1172502 0.3798937 0.3798937 0.03494006 0.06945288 0.09895455 0.3983263 0.3983263 0.04477202 0.1020492 0.151877 0.3582344 0.3430672 0.02978581 0.06200969 0.09068334 0.4087606 0.4087606 0.04275614 0.09205967 0.1342636 0.3655881 0.3653324 0.02921533 0.0598852 0.08711284 0.4118933 0.4118933 0.03841817 0.08934038 0.1356756 0.3721382 0.3644276 0.02982705 0.06448507 0.09595388 0.4048669 0.4048669 0.03819799 0.08397531 0.1244568 0.376685 0.376685 0.03077203 0.06483787 0.09528088 0.4045546 0.4045546 0.05071538 0.1128038 0.1641827 0.3461052 0.3261928 0.04113596 0.09330344 0.1393446 0.366096 0.3601199 0.03625673 0.08439743 0.1286509 0.3774023 0.3732926 0.03341817 0.07625097 0.1157284 0.3873012 0.3873012 0.03522419 0.08211755 0.1255128 0.3800758 0.3770697 0.03559476 0.08094656 0.1222777 0.3807887 0.3803923 0.03467857 0.07558143 0.1121513 0.3887944 0.3887944 0.03592056 0.07996863 0.1195865 0.3822621 0.3822621 0.03594732 0.07788586 0.1150718 0.3855475 0.3855475 0.03625363 0.07693386 0.1125916 0.3871105 0.3871105 0.03663825 0.07708871 0.1123309 0.3869711 0.3869711 0.03808891 0.07701069 0.1100456 0.3874274 0.3874274 0.0389809 0.07997137 0.1148611 0.3830933 0.3830933 0.03869897 0.07716959 0.1095445 0.3872935 0.3872935 0.04004853 0.08063012 0.1147135 0.3823039 0.3823039 0.04056823 0.08162659 0.1160336 0.3808858 0.3808858 0.03947705 0.07874625 0.1116904 0.3850431 0.3850431 0.03805494 0.07574921 0.1075623 0.3893167 0.3893167 0.03912729 0.07792693 0.1105155 0.3862152 0.3862152 0.03785401 0.07745319 0.1113582 0.3866673 0.3866673 0.03683304 0.07428103 0.1062676 0.3913092 0.3913092 0.03800666 0.07658499 0.1093412 0.3880336 0.3880336 0.03893035 0.07930028 0.1136138 0.3840778 0.3840778 0.03541159 0.0728296 0.1053193 0.3932197 0.3932197 0.0378499 0.0779832 0.1124686 0.3858492 0.3858492 0.04490745 0.09250563 0.1322035 0.3651917 0.3651917 0.03589922 0.07460379 0.1083475 0.3905748 0.3905748 0.04092663 0.08486187 0.1222496 0.375981 0.375981 0.04697722 0.09861415 0.14162 0.35671 0.3560785 0.03988826 0.07980418 0.1134682 0.3834196 0.3834196 0.04752606 0.09585511 0.135357 0.3606309 0.3606309 0.05677354 0.1123604 0.1555939 0.3382354 0.3370367 0.04836148 0.0936743 0.1300362 0.363964 0.363964 0.03077864 0.06692832 0.09937089 0.4014611 0.4014611 0.05658918 0.1203964 0.1694619 0.3339514 0.319601 0.09508472 0.18823 0.2389332 0.2850632 0.1926888 0.1131359 0.2234076 0.265539 0.2759136 0.1220038 0.1071389 0.2246372 0.271641 0.2827969 0.1137859 0.08818137 0.2163301 0.2817596 0.3043757 0.1093531 0.07965105 0.2109782 0.2860601 0.3162986 0.1070119 0.06584149 0.1399339 0.1934762 0.3191977 0.2815507 0.0753476 0.1601906 0.2168933 0.3077237 0.2398447 0.06870043 0.1518263 0.2110205 0.3181275 0.2503252 0.05567371 0.124199 0.1781784 0.336582 0.3053668 0.05047363 0.1174764 0.1730978 0.3474117 0.3115404 0.04313886 0.09625715 0.1413872 0.3614681 0.3577486 0.06913226 0.1434558 0.1979086 0.3163822 0.273121 0.07143831 0.1368434 0.1834906 0.3114006 0.296827 0.06515908 0.1283656 0.1753404 0.3212488 0.309886 0.07606136 0.2035897 0.2822155 0.3217766 0.1163567 0.08755117 0.2164387 0.282836 0.3055086 0.1076656 0.08068907 0.2029796 0.2754078 0.3139375 0.126986 0.07995676 0.2017392 0.2749261 0.3151172 0.1282606 0.07260864 0.1927485 0.2727891 0.3269041 0.1349496 0.09111016 0.1975605 0.2591261 0.2987303 0.1534729 0.08061927 0.1636504 0.2192563 0.3024783 0.2339957 0.1050229 0.2205485 0.2730079 0.287491 0.1139296 0.09463918 0.1887329 0.2433994 0.2899038 0.1833246 0.07360619 0.1874645 0.2650868 0.3252825 0.1485599 0.08125561 0.2109676 0.2864238 0.3159939 0.105359 0.08515858 0.24445 0.3072178 0.3099105 0.05326288 0.09081226 0.2374042 0.2991486 0.3049532 0.06768161 0.08575922 0.202019 0.2708134 0.3083038 0.1331045 0.07407093 0.1790615 0.2519809 0.3221743 0.1727123 0.06807821 0.1623668 0.2322572 0.3277644 0.2095333 0.06575685 0.1477661 0.2100902 0.3260688 0.2503179 0.06298691 0.1457949 0.2100843 0.3315032 0.2496305 0.06130462 0.1434674 0.2080441 0.3342972 0.2528865 0.06397914 0.1543664 0.2239171 0.3335123 0.2242251 0.02928924 0.06015264 0.08772194 0.4114181 0.4114181 0.02171927 0.0441206 0.06475746 0.4347013 0.4347013 0.09052896 0.1960076 0.2544004 0.2954393 0.1636236 0.07580029 0.1774265 0.2447605 0.3151232 0.1868895 0.07558375 0.1725881 0.2371838 0.3132629 0.2013813 0.06231099 0.1537285 0.224164 0.3360559 0.2237406 0.05301433 0.130798 0.1957824 0.3488562 0.2715489 0.06253182 0.1459336 0.2092472 0.3303217 0.2519657 0.07921552 0.1716476 0.2310441 0.3052971 0.2127954 0.09863114 0.2002328 0.2518005 0.2848392 0.1644963 0.0898016 0.1873956 0.2430717 0.2931026 0.1866284 0.0852155 0.1744022 0.2285138 0.2953218 0.2165465 0.09625983 0.2208659 0.2779829 0.2945891 0.1103022 0.07765287 0.2099543 0.2874985 0.3193736 0.1055207 0.06848114 0.2034751 0.2930364 0.3348282 0.1001791 0.08206939 0.2136166 0.2859996 0.3128587 0.1054556 0.08893841 0.2169528 0.2816674 0.3035098 0.1089316 0.1019119 0.2227652 0.2745224 0.2882462 0.1125544 0.05145996 0.1744877 0.2838411 0.3755011 0.11471 0.06510072 0.1928927 0.2848371 0.3419637 0.1152057 0.0405274 0.1661589 0.2992429 0.4080272 0.08604359 0.05480378 0.1876938 0.2969796 0.3644117 0.09611099 0.09428644 0.2165822 0.2757042 0.2963183 0.1171088 0.07483297 0.2072656 0.288282 0.3239262 0.1056932 0.08243793 0.208634 0.28005 0.3119047 0.1169732 0.06014072 0.192137 0.292519 0.3521019 0.1031013 0.0506106 0.1733485 0.2837111 0.3777947 0.114535 0.06946957 0.1966383 0.2827922 0.3332784 0.1178214 0.07421123 0.1919513 0.2692039 0.3234753 0.1411582 0.08342528 0.2005341 0.2688019 0.308788 0.1384506 0.07115346 0.1822353 0.2594664 0.3276114 0.1595334 0.06335985 0.176514 0.2628394 0.3441575 0.1531292 0.05568778 0.1719576 0.2700497 0.3638502 0.1384547 0.07369422 0.1917989 0.2700772 0.3248194 0.1396102 0.03492885 0.1424841 0.270936 0.4388137 0.1128373 0.03607791 0.1490755 0.2812811 0.4317173 0.101848 0.08115851 0.2110001 0.285011 0.3147335 0.1080968 0.0708695 0.1798015 0.2558165 0.327157 0.1663554 0.05945622 0.1787949 0.2736773 0.3542882 0.1337832 0.06721597 0.1736972 0.2516639 0.3336102 0.1738126 0.07994788 0.2114211 0.2869006 0.3165124 0.105218 0.08751106 0.2334098 0.2981904 0.3070388 0.07384997 0.07387959 0.1935862 0.2723023 0.324756 0.1354758 0.05626589 0.1751834 0.2743828 0.3625748 0.1315931 0.1097995 0.2246613 0.2694528 0.2799336 0.1161528 0.1026348 0.2208756 0.2720661 0.2869247 0.1174988 0.1074672 0.2216033 0.2684909 0.2815068 0.1209317 0.1062005 0.2146566 0.2622638 0.2804881 0.1363908 0.09801322 0.2138462 0.269027 0.2906975 0.128416 0.08572947 0.194834 0.2582981 0.3030941 0.1580442 0.09219652 0.2084844 0.2687858 0.2972285 0.1333047 0.07572615 0.1844009 0.2559379 0.3183009 0.1656341 0.08291542 0.1932507 0.2595294 0.3075459 0.1567586 0.07226455 0.174571 0.2452206 0.3217839 0.1861599 0.1009988 0.2495892 0.2935543 0.2942881 0.06156963 0.09040039 0.2271583 0.290076 0.3030964 0.08926886 0.1025476 0.2634359 0.2951557 0.2942835 0.04457718 0.09086531 0.2416337 0.299463 0.3033858 0.06465208 0.08772546 0.2342092 0.2984341 0.306744 0.07288706 0.08740419 0.2542155 0.3064478 0.3066626 0.04526984 0.03642797 0.08819329 0.1359956 0.3761315 0.3632516 0.031623 0.07630437 0.118576 0.3881639 0.3853328 0.03188109 0.07430195 0.113537 0.3901399 0.3901399 0.02669227 0.06220334 0.09593349 0.4075854 0.4075854 0.02766245 0.06266736 0.09520649 0.4072319 0.4072319 0.02590656 0.05902469 0.09020316 0.4124328 0.4124328 0.02802842 0.06236088 0.09391391 0.4078484 0.4078484 0.0262013 0.05945879 0.09067726 0.4118313 0.4118313 0.02861249 0.06363511 0.09575355 0.4059994 0.4059994 0.0289697 0.06785929 0.1046532 0.3992589 0.3992589 0.03247213 0.07557177 0.1155015 0.3882704 0.3881843 0.03012681 0.0749104 0.1186681 0.3918482 0.3844464 0.03918492 0.09069514 0.1366559 0.369947 0.3635169 0.03263849 0.08644688 0.1401691 0.3906716 0.3500739 0.0364511 0.09266197 0.1461073 0.379095 0.3456845 0.03316599 0.08399307 0.1331348 0.3852507 0.3644555 0.02696496 0.06160646 0.09416311 0.4086327 0.4086327 0.03108561 0.08000612 0.1285753 0.3911229 0.36921 0.03702181 0.09402972 0.1481938 0.3782529 0.3425017 0.03229516 0.08617097 0.1403884 0.3923606 0.3487848 0.07255226 0.187168 0.2651755 0.3262948 0.1488095 0.06761473 0.1719899 0.249028 0.3329706 0.1783967 0.06089544 0.1515641 0.2234423 0.3401356 0.2239626 0.06582081 0.1686675 0.2458941 0.3356176 0.184 0.06719028 0.1713682 0.2480288 0.3330003 0.1804123 0.07444262 0.2008768 0.2820965 0.325365 0.117219 0.07905858 0.2210417 0.2987902 0.3185361 0.08257329 0.0834077 0.2319502 0.3017941 0.3119536 0.07089436 0.08341372 0.2541263 0.3101832 0.3103955 0.04188126 0.05729025 0.133441 0.1948143 0.3387428 0.2757115 0.03876698 0.08496332 0.1251745 0.3755476 0.3755476 0.0463882 0.1050046 0.1548153 0.3543406 0.3394512 0.06478095 0.1627753 0.236766 0.3347987 0.2008789 0.05803674 0.1473173 0.2195883 0.3450446 0.2300129 0.05094015 0.1267868 0.1918013 0.353492 0.2769796 0.04552638 0.1066513 0.1592019 0.3564344 0.3321859 0.03981059 0.08943146 0.1325359 0.369746 0.368476 0.04056257 0.0961582 0.1457102 0.3666598 0.3509091 0.03574866 0.08171534 0.1229202 0.379943 0.3796728 0.03024339 0.06705731 0.1003962 0.4011515 0.4011515 0.02734386 0.05982351 0.08947616 0.4116783 0.4116783 0.02933144 0.06423628 0.09582459 0.4053038 0.4053038 0.0268476 0.05829739 0.0869891 0.413933 0.413933 0.03064668 0.06657344 0.09880077 0.4019896 0.4019896 0.03103137 0.06743526 0.1000539 0.4007397 0.4007397 0.02582889 0.0560339 0.08381414 0.4171615 0.4171615 0.03706169 0.0813173 0.1201388 0.3807411 0.3807411 0.03514921 0.0789861 0.1182616 0.3838015 0.3838015 0.04770267 0.1169479 0.1772791 0.3567218 0.3013485 0.04271501 0.1051697 0.1614908 0.36525 0.3253745 0.04633462 0.1147164 0.1748391 0.3594076 0.3047022 0.04092663 0.1017594 0.1573213 0.3689175 0.3310751 0.05440372 0.1234999 0.1801691 0.3413646 0.3005626 0.05537033 0.1244804 0.1804974 0.3391241 0.3005278 0.02739304 0.05741721 0.08449518 0.4153473 0.4153473 0.02522301 0.05244725 0.07717961 0.4225751 0.4225751 0.02686458 0.05493545 0.08006471 0.4190676 0.4190676 0.02534669 0.05132442 0.07474648 0.4242912 0.4242912 0.027148 0.0550369 0.07989752 0.4189588 0.4189588 0.02589666 0.05242681 0.07622599 0.4227253 0.4227253 0.02852749 0.05755007 0.08323055 0.415346 0.415346 0.02603679 0.05250597 0.07622355 0.4226168 0.4226168 0.04461926 0.09386587 0.1352251 0.3631449 0.3631449 0.04563504 0.09889721 0.144091 0.357449 0.3539276 0.04589051 0.100992 0.1479625 0.3561511 0.3490039 0.02982348 0.06004709 0.08662348 0.4117529 0.4117529 0.03121703 0.06265294 0.09008759 0.4080212 0.4080212 0.04250282 0.0871635 0.124581 0.3728763 0.3728763 0.04333394 0.08962237 0.1284103 0.3693167 0.3693167 0.03393286 0.0674358 0.09620732 0.401212 0.401212 0.03362333 0.06701332 0.09578406 0.4017897 0.4017897 0.04067409 0.08229392 0.1172542 0.3798888 0.3798888 0.03494191 0.06945592 0.09895807 0.3983221 0.3983221 0.03369891 0.06730306 0.09624332 0.4013773 0.4013773 0.0373305 0.08360767 0.124921 0.3771597 0.376981 0.04319339 0.09704822 0.1440001 0.3616536 0.3541045 0.04477471 0.1020541 0.1518819 0.3582289 0.3430603 0.02982378 0.06208813 0.09079211 0.408648 0.408648 0.04275864 0.09206408 0.1342684 0.3655824 0.3653264 0.02938449 0.06022596 0.08758229 0.4114036 0.4114036 0.03842067 0.08934509 0.135681 0.3721325 0.3644208 0.02996867 0.06477683 0.09635627 0.4044491 0.4044491 0.03820037 0.08397972 0.1244618 0.3766791 0.3766791 0.03077387 0.06484133 0.09528511 0.4045498 0.4045498 0.05464082 0.1219865 0.1765822 0.3397157 0.3070747 0.05071812 0.1128086 0.1641873 0.3460999 0.326186 0.04113847 0.09330815 0.1393498 0.3660904 0.3601131 0.03625917 0.08440214 0.1286563 0.3773965 0.3732858 0.03522664 0.0821222 0.1255183 0.3800699 0.3770629 0.03342056 0.07625538 0.1157338 0.3872951 0.3872951 0.03559744 0.0809518 0.1222841 0.3807818 0.3803849 0.03592324 0.07997369 0.1195926 0.3822553 0.3822553 0.03468072 0.07558542 0.112156 0.3887889 0.3887889 0.03594952 0.07788997 0.1150766 0.3855419 0.3855419 0.03625583 0.07693773 0.1125961 0.3871052 0.3871052 0.03556185 0.0745241 0.1085652 0.3906744 0.3906744 0.03664046 0.07709246 0.1123353 0.3869659 0.3869659 0.03851842 0.07720434 0.1098532 0.387212 0.387212 0.038091 0.0770142 0.1100496 0.3874226 0.3874226 0.03898316 0.07997542 0.1148658 0.3830878 0.3830878 0.04005068 0.08063369 0.1147175 0.3822991 0.3822991 0.03870099 0.07717293 0.1095483 0.3872889 0.3872889 0.04057037 0.08163017 0.1160376 0.380881 0.380881 0.03947913 0.07874965 0.1116942 0.3850385 0.3850385 0.0371735 0.07455867 0.1063529 0.3909575 0.3909575 0.03805691 0.07575249 0.1075659 0.3893123 0.3893123 0.03912931 0.07793033 0.1105193 0.3862106 0.3862106 0.03683483 0.07428401 0.106271 0.391305 0.391305 0.0378561 0.07745659 0.111362 0.3866626 0.3866626 0.03800863 0.07658833 0.109345 0.388029 0.388029 0.03893244 0.07930374 0.1136178 0.384073 0.384073 0.03938156 0.08084976 0.1161621 0.3818033 0.3818033 0.0354135 0.07283294 0.1053231 0.3932152 0.3932152 0.03785198 0.07798677 0.1124726 0.3858443 0.3858443 0.03845447 0.07871955 0.1132066 0.3848097 0.3848097 0.03590106 0.07460713 0.1083514 0.3905702 0.3905702 0.04490959 0.09250921 0.1322073 0.3651869 0.3651869 0.04092872 0.08486551 0.1222536 0.3759761 0.3759761 0.0469796 0.0986182 0.1416243 0.3567048 0.356073 0.04752802 0.09585845 0.1353605 0.3606265 0.3606265 0.03988987 0.07980686 0.1134712 0.3834161 0.3834161 0.05677562 0.1123635 0.1555969 0.3382315 0.3370324 0.04836297 0.09367674 0.1300387 0.3639607 0.3639607 0.02786928 0.06115269 0.09143239 0.4097728 0.4097728 0.02215534 0.04855567 0.07329469 0.4279972 0.4279972 0.0192672 0.04225814 0.0641607 0.437157 0.437157 0.02016669 0.04426586 0.0671699 0.4341987 0.4341987 0.01081991 0.02425217 0.03791368 0.4635071 0.4635071 0.01005548 0.02218317 0.03449428 0.4666335 0.4666335 0.0127291 0.02677237 0.04050868 0.4599949 0.4599949 0.01611465 0.033077 0.04920542 0.4508014 0.4508014 0.02195352 0.04382169 0.06380432 0.4352102 0.4352102 0.05758339 0.105167 0.1411805 0.3480345 0.3480345 0.06544196 0.118439 0.1570299 0.3295446 0.3295446 0.08286684 0.1532149 0.1997858 0.295566 0.2685664 0.1122642 0.2094054 0.2549414 0.2752504 0.1481385 0.12173 0.2477033 0.2799457 0.2801058 0.07051509 0.1033102 0.279897 0.3002837 0.2898691 0.02663999 0.05167263 0.3563843 0.3605724 0.22795 0.00342065 0.06689006 0.3569756 0.3570162 0.2150886 0.004029512 0.09568637 0.3256745 0.3261342 0.2434194 0.009085476 0.1207587 0.272493 0.286492 0.279511 0.04074525 0.1340355 0.2830066 0.2866473 0.2648128 0.03149771 0.1288126 0.2687532 0.2808488 0.274816 0.04676926 0.1106927 0.2436413 0.2829537 0.2845838 0.07812851 0.08144629 0.2113864 0.2843675 0.3136714 0.1091284 0.0956009 0.2222077 0.2799741 0.2957149 0.1065024 0.07885211 0.2123746 0.2886816 0.3176303 0.1024613 0.05149161 0.190464 0.3080389 0.3700584 0.07994705 0.06388396 0.2034478 0.3004866 0.3428855 0.08929604 0.07064604 0.2065805 0.2934393 0.3308583 0.09847575 0.06386715 0.2034369 0.3005018 0.3429167 0.08927744 0.08131247 0.2113322 0.2844719 0.3138696 0.1090137 0.07881349 0.2123612 0.2887161 0.3176882 0.1024209 0.1032772 0.2306061 0.2802545 0.2886331 0.09722906 0.09558719 0.2222145 0.2799937 0.2957325 0.1064721 0.1219213 0.2589963 0.2806991 0.2798141 0.05856919 0.1106974 0.2436478 0.282953 0.2845808 0.078121 0.120655 0.2725339 0.2865607 0.2795705 0.04067987 0.1287792 0.268772 0.2808732 0.2748351 0.04674047 0.1320704 0.2943562 0.2952656 0.2559493 0.02235847 0.1339662 0.2830463 0.2866925 0.2648354 0.03145951 0.1136698 0.3057827 0.3073233 0.257346 0.0158782 0.01701623 0.06914657 0.3720315 0.3683548 0.1734508 0.09549981 0.3258138 0.3262755 0.2433601 0.009050726 6.98321e-4 0.00532633 0.493439 0.4672959 0.03324037 0.06668233 0.3571803 0.3572212 0.2149075 0.00400865 0.004321515 0.4746275 0.4746741 0.04626351 1.13312e-4 0.05167055 0.356394 0.3605799 0.2279356 0.003419935 0.07878369 0.3044838 0.3211109 0.283931 0.01169049 0.1082233 0.2740969 0.2961044 0.2895704 0.03200507 0.1033076 0.2798955 0.3002851 0.2898719 0.02663981 0.1203883 0.230416 0.2700567 0.2753478 0.1037912 0.1217287 0.2477024 0.2799466 0.2801069 0.07051527 0.09780871 0.1817153 0.2304384 0.282284 0.2077536 0.1122633 0.2094047 0.2549415 0.2752512 0.1481392 0.06993943 0.1270665 0.1678506 0.3179304 0.317213 0.08286607 0.1532139 0.1997852 0.2955671 0.2685677 0.06544119 0.118438 0.157029 0.3295459 0.3295459 0.04859846 0.08978277 0.1223471 0.3696358 0.3696358 0.04151064 0.07825565 0.1083987 0.3859175 0.3859175 0.03315293 0.06377077 0.08999884 0.4065387 0.4065387 0.02694475 0.05272269 0.07556349 0.4223846 0.4223846 0.01703161 0.0346117 0.05118942 0.4485836 0.4485836 0.0219531 0.04382097 0.06380343 0.4352113 0.4352113 0.01071387 0.02268606 0.03457546 0.4660123 0.4660123 0.01612955 0.03310078 0.04923486 0.4507674 0.4507674 0.008765935 0.01901376 0.0294221 0.4713991 0.4713991 0.01011449 0.02229332 0.03464561 0.4664732 0.4664732 0.01030361 0.02304154 0.0359975 0.4653286 0.4653286 0.01399284 0.03111201 0.04807078 0.4534122 0.4534122 0.02010941 0.04413849 0.06698268 0.4343847 0.4343847 0.01598644 0.03529447 0.05411285 0.4473031 0.4473031 0.0177744 0.03904396 0.05949896 0.4418413 0.4418413 0.01872646 0.04123955 0.06278181 0.4386261 0.4386261 0.01922404 0.04217082 0.06403863 0.4372833 0.4372833 0.02346146 0.05160623 0.07782953 0.4235514 0.4235514 0.0221132 0.04845553 0.07314378 0.4281437 0.4281437 0.03433591 0.07521408 0.1111435 0.3896533 0.3896533 0.02792197 0.06133973 0.09175246 0.409493 0.409493 0.04024541 0.08839976 0.1295604 0.3709012 0.3708932 0.04071003 0.08953863 0.1312064 0.369327 0.3692178 0.08224397 0.1550847 0.2034699 0.2967823 0.2624191 0.06600898 0.121191 0.161377 0.3257226 0.3257004 0.09703487 0.2884937 0.304586 0.2873747 0.0225107 0.1190796 0.2768325 0.2891244 0.2790703 0.03589314 0.06727313 0.1403928 0.1924504 0.3164321 0.2834514 0.06679177 0.1448366 0.2010902 0.3190854 0.268196 0.0482853 0.1096987 0.1608187 0.3501318 0.3310654 0.0371055 0.08261018 0.122458 0.3789132 0.3789132 0.1162607 0.2367421 0.2778066 0.2810643 0.08812618 0.1100646 0.2567725 0.2906817 0.2905831 0.05189812 0.07874381 0.1670724 0.2270106 0.3076274 0.2195456 0.08137911 0.159284 0.2112689 0.2993938 0.248674 0.06577795 0.125015 0.1685379 0.3220388 0.3186303 0.06341642 0.1305502 0.1814959 0.3239827 0.3005547 0.01983129 0.04060178 0.05996227 0.4398022 0.4398022 0.02409559 0.04840081 0.07044792 0.4285278 0.4285278 0.1012923 0.2384529 0.287809 0.2923344 0.08011132 0.08795571 0.2160838 0.2818689 0.3047645 0.109327 0.08217066 0.2084407 0.2801868 0.3123295 0.1168723 0.09381902 0.2322815 0.2905958 0.2995073 0.08379632 0.08490157 0.2197043 0.2894721 0.3097441 0.09617787 0.07633632 0.1959424 0.2719908 0.3204212 0.1353092 0.1025004 0.2255941 0.279963 0.2915331 0.1004093 0.1057712 0.2134486 0.2648891 0.2844198 0.1314712 0.1082459 0.2082393 0.2568136 0.2795064 0.1471946 0.0992223 0.2677 0.2999103 0.2976374 0.03552991 0.08519709 0.2855811 0.3114894 0.2978267 0.01990556 0.08751446 0.2404112 0.3036156 0.308041 0.06041759 0.09601479 0.2313938 0.2905589 0.2994242 0.08260834 0.07413482 0.183283 0.2582293 0.3232359 0.161117 0.0746355 0.1716237 0.239561 0.3182187 0.195961 0.06065118 0.1347434 0.1930491 0.3315188 0.2800374 0.0640614 0.1507369 0.2173642 0.3313591 0.2364783 0.01569098 0.03405857 0.05194354 0.4491534 0.4491534 0.01689845 0.03518646 0.05258935 0.4476628 0.4476628 0.03009575 0.06143349 0.08926278 0.409604 0.409604 0.03249531 0.06459057 0.09249353 0.4052103 0.4052103 0.03140777 0.07052397 0.1065412 0.3957635 0.3957635 0.03200405 0.07029461 0.1050491 0.3963261 0.3963261 0.08211493 0.1863391 0.2503177 0.3062471 0.1749811 0.06952631 0.1680619 0.2382903 0.3250338 0.1990876 0.05274242 0.1324269 0.1996371 0.3512656 0.2639279 0.05260008 0.1263073 0.1874083 0.3466719 0.2870123 0.07259964 0.1631934 0.2255131 0.3151229 0.223571 0.1012176 0.2005539 0.2498133 0.2813533 0.1670618 0.09495216 0.1990291 0.2538234 0.2897318 0.1624636 0.08303588 0.1744979 0.231077 0.2992919 0.2120972 0.0869047 0.1743113 0.2265771 0.2923624 0.2198445 0.07153713 0.2053484 0.2907274 0.3294783 0.1029087 0.05425554 0.1926925 0.3050481 0.3637784 0.08422535 0.09791517 0.2213027 0.2767849 0.2926191 0.1113781 0.08211201 0.2127271 0.2849388 0.3126908 0.1075311 0.07305335 0.2071031 0.2905314 0.3268105 0.1025015 0.09270387 0.2193941 0.2801259 0.2988539 0.1089221 0.06424891 0.1871535 0.2780748 0.3437432 0.1267796 0.03522974 0.1509422 0.2883459 0.4334437 0.09203839 0.04514044 0.1770673 0.304063 0.3902873 0.08344185 0.06583851 0.1967955 0.2888936 0.3403018 0.1081705 0.08603912 0.2137322 0.2815185 0.3071579 0.1115522 0.06426584 0.1985889 0.2937882 0.3430284 0.1003287 0.05570137 0.1836506 0.2889265 0.3632345 0.108487 0.07990401 0.2026088 0.2758804 0.3151314 0.1264753 0.06754553 0.1821355 0.2648869 0.3356069 0.1498252 0.03543359 0.1457343 0.276368 0.4356193 0.1068447 0.06975853 0.1858994 0.2669695 0.3313474 0.1460251 0.0454021 0.1628168 0.2783148 0.3949505 0.1185157 0.03866046 0.1492004 0.2719094 0.4215716 0.1186582 0.06385737 0.1779252 0.2642232 0.3432028 0.1507914 0.08081519 0.2123134 0.2868562 0.3152983 0.1047168 0.08101153 0.2143071 0.2887123 0.3150523 0.1009166 0.03486251 0.1475661 0.282682 0.4368951 0.0979942 0.06877613 0.1876459 0.2713461 0.3340185 0.1382133 0.112049 0.2252373 0.2681368 0.2777253 0.1168515 0.1064457 0.2233601 0.2710798 0.2832254 0.115889 0.1025474 0.2132716 0.2639904 0.2845281 0.1356623 0.09186124 0.2032302 0.2625653 0.2960223 0.1463209 0.09840285 0.2167448 0.2718135 0.2910254 0.1220133 0.08537012 0.1990844 0.2645776 0.3051658 0.145802 0.07845699 0.1842235 0.2519105 0.3126174 0.1727916 0.1163913 0.2653092 0.2863353 0.2839442 0.04801994 0.1070199 0.263166 0.2919104 0.2909082 0.04699546 0.09269195 0.2611148 0.3023542 0.3021227 0.04171627 0.08945304 0.2477895 0.3033074 0.304876 0.05457407 0.035591 0.08460962 0.1296021 0.3780549 0.3721424 0.0290696 0.06677216 0.1018432 0.4011575 0.4011575 0.0271182 0.06080508 0.09203135 0.4100227 0.4100227 0.02763366 0.06144636 0.09258866 0.4091656 0.4091656 0.0309894 0.0702483 0.106301 0.3962306 0.3962306 0.03492826 0.08393484 0.1296269 0.3797975 0.3717125 0.03675347 0.09492456 0.1506789 0.3802332 0.3374097 0.03714001 0.09241759 0.1440838 0.3759791 0.3503794 0.02868419 0.06392365 0.09628355 0.4055543 0.4055543 0.03012317 0.06742805 0.1015627 0.400443 0.400443 0.03653401 0.09088796 0.1421052 0.3775203 0.3529524 0.03709501 0.09607023 0.152633 0.3800678 0.3341339 0.07786285 0.2069342 0.2846909 0.3197703 0.1107417 0.07312864 0.1935337 0.2743409 0.3272202 0.1317766 0.06402015 0.1601928 0.2341685 0.3364813 0.2051372 0.06910681 0.1763839 0.2533973 0.3304263 0.1706857 0.08482408 0.2553713 0.3088487 0.3089489 0.04200685 0.08346712 0.2495381 0.3098235 0.3108763 0.04629486 0.08213829 0.2951948 0.3152694 0.291552 0.01584547 0.08666169 0.2955242 0.3125382 0.2883094 0.01696646 0.02716505 0.06000071 0.09012031 0.4113569 0.4113569 0.02355092 0.05166119 0.07784986 0.4234691 0.4234691 0.05166685 0.1189429 0.1748749 0.3458184 0.3086969 0.03859168 0.08385598 0.1231875 0.3771824 0.3771824 0.02205878 0.04824465 0.07280927 0.4284436 0.4284436 0.02047473 0.04532241 0.06910419 0.4325493 0.4325493 0.06493121 0.1614663 0.2340593 0.3335007 0.2060424 0.06902736 0.1727861 0.2472606 0.3287753 0.1821505 0.06482809 0.1648044 0.2404294 0.3359265 0.1940115 0.05563187 0.1362428 0.2027503 0.3454415 0.2599334 0.05070626 0.1212555 0.1809675 0.3499478 0.2971229 0.05159336 0.1308469 0.1987172 0.3543326 0.2645098 0.04401934 0.1008042 0.1494994 0.3588326 0.3468444 0.03949904 0.09197479 0.1385678 0.3688747 0.3610835 0.03175491 0.07177937 0.1081595 0.3941531 0.3941531 0.03465455 0.07749927 0.1156167 0.3861147 0.3861147 0.02806389 0.06180542 0.0925967 0.408767 0.408767 0.02880579 0.06362587 0.09535533 0.4061065 0.4061065 0.02889943 0.06308346 0.09404623 0.4069855 0.4069855 0.0264123 0.05755496 0.08607155 0.4149805 0.4149805 0.02639538 0.05721259 0.08537715 0.4155074 0.4155074 0.02974653 0.06472057 0.09624165 0.4046456 0.4046456 0.02579873 0.05593019 0.08358722 0.4173419 0.4173419 0.0254091 0.05516898 0.08258599 0.4184179 0.4184179 0.02835994 0.06147539 0.09157335 0.4092956 0.4092956 0.0445472 0.1002711 0.1479302 0.3581529 0.3490985 0.04793232 0.1201692 0.183494 0.358527 0.2898774 0.0478022 0.1129407 0.168793 0.3534926 0.3169715 0.04240083 0.1017711 0.1547648 0.3639671 0.3370961 0.04271477 0.1074636 0.1664094 0.3672211 0.316191 0.04730403 0.1185652 0.1812013 0.3592861 0.2936432 0.04182791 0.1053345 0.1634362 0.3686708 0.3207305 0.04118579 0.1002276 0.153421 0.3667099 0.3384557 0.0464577 0.1122187 0.1692842 0.3568542 0.3151851 0.03519046 0.07575768 0.1114521 0.3887999 0.3887999 0.0283178 0.0603699 0.08936893 0.4109716 0.4109716 0.02707844 0.05804377 0.08628916 0.4142944 0.4142944 0.05110722 0.1163918 0.1713607 0.3470579 0.3140823 0.04880321 0.1109797 0.1639126 0.3507323 0.325572 0.05692881 0.1285646 0.1861336 0.3371379 0.291235 0.05875951 0.1348897 0.1956102 0.3358956 0.274845 0.03751951 0.07430726 0.105352 0.3914106 0.3914106 0.02289956 0.04849827 0.07221168 0.4281952 0.4281952 0.02576452 0.05415725 0.0800001 0.4200391 0.4200391 0.02482354 0.05094844 0.0746141 0.424807 0.424807 0.02156031 0.04445761 0.06560009 0.434191 0.434191 0.02372258 0.0482437 0.07057082 0.4287315 0.4287315 0.02696114 0.05442065 0.07895499 0.4198316 0.4198316 0.03008842 0.06154227 0.08944338 0.4094629 0.4094629 0.0289728 0.0596345 0.08707749 0.4121576 0.4121576 0.02526915 0.05136245 0.0748701 0.4242492 0.4242492 0.02705824 0.05460721 0.07916575 0.4195844 0.4195844 0.02310425 0.0469979 0.06878107 0.4305583 0.4305583 0.03252434 0.07046127 0.1045777 0.3962184 0.3962184 0.03300392 0.07035166 0.1036159 0.3965142 0.3965142 0.0475943 0.1052634 0.1542482 0.3525715 0.3403226 0.04504215 0.09482812 0.1366617 0.3617606 0.3617073 0.04468852 0.09434306 0.1361383 0.3624395 0.3623906 0.04596048 0.1020708 0.1501416 0.3558563 0.3459707 0.02893257 0.05819821 0.0840348 0.4144172 0.4144172 0.03052216 0.06117457 0.08800107 0.4101511 0.4101511 0.02983015 0.05974906 0.08602112 0.4121999 0.4121999 0.02884703 0.05807751 0.08393615 0.4145697 0.4145697 0.03041952 0.06105977 0.08793443 0.4102931 0.4102931 0.03281712 0.06635922 0.09557342 0.4026251 0.4026251 0.0417928 0.08629173 0.1238606 0.3740274 0.3740274 0.04234457 0.08709818 0.1246909 0.3729331 0.3729331 0.04326635 0.08972334 0.1287376 0.3691363 0.3691363 0.03404724 0.07153046 0.1045433 0.3949395 0.3949395 0.03226983 0.06439566 0.09223937 0.4055476 0.4055476 0.035537 0.07042986 0.1001461 0.3969435 0.3969435 0.0351687 0.06975334 0.09927272 0.3979026 0.3979026 0.03163009 0.06311798 0.09049874 0.4073766 0.4073766 0.03482973 0.06927168 0.09875643 0.3985711 0.3985711 0.03582942 0.07152128 0.1019915 0.3953289 0.3953289 0.03393894 0.06827068 0.09794616 0.3999221 0.3999221 0.04088437 0.08382177 0.1200956 0.3775991 0.3775991 0.03937989 0.07933431 0.1130372 0.3841243 0.3841243 0.03982752 0.07997298 0.1137084 0.3832455 0.3832455 0.04149949 0.08465939 0.1209134 0.3764638 0.3764638 0.03609353 0.0721572 0.1028934 0.394428 0.394428 0.0372855 0.07393997 0.1049149 0.3919298 0.3919298 0.03588581 0.07114672 0.1011297 0.3959189 0.3959189 0.03348445 0.07325059 0.1089094 0.3921778 0.3921778 0.03051269 0.06535518 0.09667915 0.4037265 0.4037265 0.03004288 0.06391209 0.09429574 0.4058747 0.4058747 0.04619336 0.1036445 0.1529069 0.3552314 0.3420238 0.04541659 0.1038685 0.154586 0.3570015 0.3391274 0.05150556 0.1162081 0.1700257 0.345487 0.3167737 0.02893608 0.06049579 0.08872127 0.4109234 0.4109234 0.02978968 0.06269717 0.09212511 0.407694 0.407694 0.02941286 0.06069689 0.08848911 0.4107006 0.4107006 0.02858018 0.05844092 0.08495175 0.4140136 0.4140136 0.04398065 0.09238541 0.1331028 0.3652655 0.3652655 0.042499 0.08978599 0.1299403 0.3688873 0.3688873 0.04262518 0.09345275 0.1373755 0.3642171 0.3623294 0.04462265 0.09771394 0.1431241 0.3592764 0.3552628 0.02856087 0.05799978 0.08408278 0.4146782 0.4146782 0.02914792 0.05985701 0.08713519 0.41193 0.41193 0.02995622 0.06127142 0.08896845 0.409902 0.409902 0.02943307 0.05956202 0.0861417 0.4124316 0.4124316 0.04219436 0.08663618 0.1239312 0.3736191 0.3736191 0.04119068 0.08524656 0.1225237 0.3755195 0.3755195 0.04186552 0.08715522 0.1254605 0.3727594 0.3727594 0.03315895 0.06680417 0.09595781 0.4020395 0.4020395 0.03332084 0.06778001 0.09774768 0.4005758 0.4005758 0.03544926 0.07214206 0.1037526 0.3943281 0.3943281 0.03102213 0.06329727 0.09169054 0.406995 0.406995 0.03199374 0.06516307 0.09419769 0.4043227 0.4043227 0.03164428 0.06384676 0.09195828 0.4062753 0.4062753 0.03178596 0.07137513 0.1077423 0.3945483 0.3945483 0.03031384 0.06666988 0.09989678 0.4015598 0.4015598 0.03040212 0.06598603 0.09824097 0.4026854 0.4026854 0.04086619 0.09253263 0.1383138 0.3668916 0.3613957 0.03835934 0.08769947 0.1322122 0.3727501 0.3689788 0.03844904 0.08991843 0.1368718 0.3720225 0.3627381 0.04157847 0.09626919 0.1450644 0.3650539 0.352034 0.02975469 0.06351858 0.09395575 0.4063855 0.4063855 0.02982068 0.06500589 0.09708791 0.4040427 0.4040427 0.03019678 0.06447577 0.09536087 0.4049833 0.4049833 0.02966338 0.06206834 0.09102773 0.4086202 0.4086202 0.04048913 0.08650982 0.1261819 0.3734095 0.3734095 0.03822588 0.08266174 0.121618 0.3787472 0.3787472 0.03824788 0.08542698 0.1274902 0.374687 0.3741479 0.04058921 0.08973997 0.1328283 0.3689995 0.367843 0.02967977 0.06175369 0.09036022 0.4091032 0.4091032 0.03055423 0.06464099 0.09517949 0.4048126 0.4048126 0.03137058 0.06575906 0.09634828 0.4032611 0.4032611 0.03051644 0.06312876 0.09205943 0.4071477 0.4071477 0.03964793 0.0830031 0.1201595 0.3785947 0.3785947 0.03796607 0.08036762 0.117197 0.3822346 0.3822346 0.03818857 0.08140212 0.1190254 0.380692 0.380692 0.03329217 0.06838679 0.09905278 0.3996341 0.3996341 0.0334112 0.06932932 0.100857 0.3982012 0.3982012 0.03442335 0.07175314 0.1044462 0.3946887 0.3946887 0.03227359 0.06728923 0.09824657 0.4010953 0.4010953 0.03291541 0.06839913 0.09963577 0.3995249 0.3995249 0.03231835 0.06643968 0.09639686 0.4024226 0.4024226 0.05704498 0.1298946 0.1883777 0.3373425 0.2873401 0.05613726 0.1258079 0.1818109 0.3376091 0.2986348 0.04332101 0.09509366 0.139382 0.3622587 0.3599445 0.04417341 0.09690862 0.1417826 0.3601334 0.3570019 0.04008466 0.08869618 0.1311887 0.3703394 0.369691 0.05037832 0.1132212 0.165686 0.3471646 0.3235498 0.04429554 0.1011602 0.1507241 0.3591436 0.3446766 0.03552085 0.08058106 0.1214884 0.3812878 0.3811219 0.04058402 0.09398376 0.1418471 0.3671639 0.3564211 0.03812366 0.08921796 0.135903 0.3727509 0.3640044 0.03418099 0.07848125 0.1192733 0.3841692 0.3838952 0.03348797 0.0769267 0.1170945 0.3862857 0.3862051 0.03403836 0.07630938 0.1147778 0.3874372 0.3874372 0.03457254 0.07613056 0.113499 0.3878989 0.3878989 0.03457176 0.07443058 0.1098694 0.3905641 0.3905641 0.03476417 0.0739929 0.1086537 0.3912946 0.3912946 0.03508454 0.07414954 0.1085006 0.3911327 0.3911327 0.03656595 0.07561737 0.1093536 0.3892315 0.3892315 0.03759706 0.07928013 0.1154773 0.3838227 0.3838227 0.03878808 0.08088296 0.1170332 0.3816478 0.3816478 0.03756839 0.07675212 0.1102487 0.3877153 0.3877153 0.04019945 0.08284252 0.1190165 0.3789707 0.3789707 0.04109233 0.08390671 0.1199237 0.3775386 0.3775386 0.03991186 0.07997149 0.1135827 0.3832669 0.3832669 0.03864234 0.07682651 0.1089339 0.3877986 0.3877986 0.03851455 0.07647192 0.1083976 0.3883079 0.3883079 0.03638041 0.07382744 0.1059789 0.3919066 0.3919066 0.03865921 0.07816618 0.1116637 0.3857554 0.3857554 0.03581857 0.07318872 0.1054666 0.392763 0.392763 0.04008215 0.0827741 0.1191248 0.3790094 0.3790094 0.04154235 0.08596897 0.1235991 0.3744447 0.3744447 0.03710508 0.07667124 0.1109002 0.3876617 0.3876617 0.04443275 0.0923261 0.1324673 0.3653869 0.3653869 0.04961949 0.1048635 0.1504427 0.349579 0.3454953 0.03935444 0.07976162 0.1140927 0.3833957 0.3833957 0.05561703 0.1137352 0.1597046 0.3382009 0.3327422 0.05738204 0.1098992 0.1501951 0.3412618 0.3412618 0.0407716 0.07987833 0.1124705 0.3834398 0.3834398 0.05797654 0.1073173 0.1447051 0.3450005 0.3450005 0.0262838 0.05689257 0.08487772 0.4159728 0.4159728 0.02945178 0.06574058 0.09898674 0.4029105 0.4029105 0.06644368 0.1440299 0.2001021 0.3195085 0.2699157 0.04757994 0.1079299 0.1583406 0.3514527 0.3346968 0.06577974 0.1250176 0.1685401 0.3220358 0.3186268 0.0634188 0.1305537 0.1814989 0.3239789 0.3005496 0.08249181 0.2084043 0.2797453 0.3118199 0.1175387 0.07670903 0.1950801 0.2702625 0.3195261 0.1384221 0.07874643 0.1670757 0.2270122 0.3076238 0.2195418 0.1025036 0.2255967 0.2799615 0.2915298 0.1004082 0.1057733 0.2134504 0.2648887 0.2844176 0.1314699 0.08138102 0.1592864 0.2112703 0.2993913 0.2486708 0.07413816 0.1832875 0.2582302 0.3232302 0.1611139 0.08751857 0.2404151 0.3036122 0.3080363 0.06041765 0.09601879 0.2313978 0.2905568 0.2994198 0.08260685 0.07463848 0.1716277 0.2395625 0.3182139 0.1959573 0.06065398 0.1347478 0.1930525 0.3315141 0.2800316 0.06406456 0.1507418 0.2173672 0.3313536 0.2364729 0.03009712 0.06143605 0.08926588 0.4096004 0.4096004 0.03249651 0.06459259 0.09249591 0.4052075 0.4052075 0.03140997 0.0705282 0.1065462 0.3957578 0.3957578 0.03200626 0.07029861 0.105054 0.3963205 0.3963205 0.08303749 0.1873342 0.2506722 0.3049421 0.1740138 0.07009541 0.1690181 0.2390663 0.324135 0.1976851 0.05276578 0.1324457 0.1996307 0.3511966 0.2639611 0.05206137 0.1248775 0.185449 0.3473694 0.2902426 0.07013374 0.1590733 0.2217859 0.3186214 0.2303856 0.09517335 0.1991366 0.2537451 0.2894459 0.1624988 0.08306235 0.1744359 0.230951 0.2992168 0.212334 0.07309776 0.2071292 0.2904989 0.3267366 0.1025375 0.09280252 0.2194203 0.2800508 0.2987312 0.1089951 0.06462317 0.1868194 0.2769019 0.3428719 0.1287836 0.03532081 0.1511117 0.2883498 0.4330348 0.09218281 0.04519146 0.1771287 0.304022 0.3901383 0.08351945 0.06607031 0.1969576 0.2887235 0.339845 0.1084035 0.08581572 0.2135805 0.2816115 0.307462 0.1115303 0.06434452 0.1986499 0.2937332 0.3428731 0.1003992 0.05553388 0.1834205 0.2889289 0.363667 0.1084496 0.07884955 0.2006173 0.2746742 0.3165833 0.1292756 0.06756556 0.1814574 0.2637673 0.3353709 0.1518387 0.03532421 0.1454567 0.2761816 0.436172 0.1068654 0.08110713 0.2115848 0.2856543 0.3147854 0.1068683 0.06842106 0.1827949 0.2642803 0.3335352 0.1509684 0.0451076 0.1623048 0.2781782 0.3959918 0.1184175 0.03846389 0.1487855 0.2717058 0.4224436 0.1186012 0.06294369 0.1751379 0.2612113 0.3447588 0.1559482 0.03493887 0.147694 0.2826609 0.4365491 0.09815716 0.06895303 0.1868602 0.2698622 0.3334719 0.1408526 0.1065678 0.2233768 0.2709915 0.2830947 0.1159692 0.1029518 0.2134106 0.2637809 0.2840688 0.1357878 0.09256309 0.203875 0.2626417 0.2951831 0.145737 0.0980494 0.2164725 0.2718648 0.2914043 0.122209 0.08424168 0.1976341 0.2639724 0.3066285 0.1475232 0.07880216 0.1848214 0.2523663 0.3121683 0.1718418 0.09401142 0.2321282 0.2902936 0.2992767 0.0842899 0.1072261 0.2630887 0.2917517 0.2907589 0.04717457 0.0928502 0.2604556 0.3021832 0.3020246 0.04248631 0.08493989 0.2177908 0.2874983 0.3095399 0.100231 0.08093374 0.2124847 0.2868019 0.3150466 0.1047331 0.08949762 0.2475631 0.3031964 0.3048349 0.05490797 0.03494811 0.08284306 0.1268815 0.3797802 0.3755472 0.02892202 0.06634932 0.1011642 0.4017823 0.4017823 0.0276888 0.06204277 0.09378325 0.4082426 0.4082426 0.02827471 0.06281489 0.09450834 0.4072011 0.4072011 0.03116494 0.07067668 0.1069381 0.3956101 0.3956101 0.03447711 0.08287888 0.1281254 0.3808988 0.3736197 0.03674614 0.09490132 0.1506412 0.3802415 0.3374698 0.03647375 0.09053242 0.1411862 0.3771418 0.3546658 0.02910989 0.06481558 0.09751754 0.4042785 0.4042785 0.03040087 0.06798356 0.1023056 0.399655 0.399655 0.03632104 0.09035521 0.1413328 0.3779409 0.35405 0.0370897 0.0960536 0.152606 0.3800739 0.3341768 0.06402182 0.1601932 0.2341653 0.3364767 0.205143 0.06940042 0.1771081 0.2541225 0.3300089 0.1693599 0.07313185 0.193537 0.2743394 0.3272143 0.1317774 0.07791233 0.2071644 0.2849035 0.3197094 0.1103103 0.08499073 0.2560858 0.3087335 0.308784 0.04140585 0.0833649 0.2495918 0.3099324 0.3109707 0.04614013 0.05159962 0.1187866 0.1746674 0.3459246 0.3090217 0.03895366 0.08472251 0.1244416 0.3759411 0.3759411 0.06509876 0.1618065 0.2343929 0.333235 0.2054668 0.06822532 0.1711619 0.2457731 0.3300065 0.1848331 0.06459373 0.1643353 0.239986 0.3363167 0.1947681 0.05562984 0.1362379 0.2027433 0.3454445 0.2599444 0.05056917 0.1209267 0.1805301 0.3501536 0.2978203 0.05157285 0.1307858 0.1986297 0.3543543 0.2646573 0.04339814 0.09913933 0.1470479 0.3601804 0.3502342 0.03887712 0.0902751 0.1359955 0.3704179 0.3644343 0.03147625 0.0710358 0.1070106 0.3952386 0.3952386 0.03395479 0.0757541 0.1130227 0.3886342 0.3886342 0.0282734 0.0622577 0.09323501 0.4081169 0.4081169 0.02915412 0.06437116 0.09639954 0.4050376 0.4050376 0.02956289 0.0644713 0.09596955 0.4049981 0.4049981 0.02703744 0.05888229 0.08794021 0.41307 0.41307 0.02671593 0.05788767 0.08632469 0.4145358 0.4145358 0.03020799 0.06566905 0.09754127 0.4032909 0.4032909 0.02589011 0.05612248 0.08385759 0.4170649 0.4170649 0.02544212 0.05524855 0.08270567 0.4183018 0.4183018 0.02840805 0.06162518 0.09181982 0.4090735 0.4090735 0.04387092 0.09889191 0.1461567 0.3596302 0.3514502 0.04790806 0.1201067 0.1834081 0.3585624 0.2900146 0.0474683 0.1122271 0.1678869 0.3540967 0.318321 0.04212564 0.101144 0.153918 0.3644983 0.3383139 0.04270118 0.1074265 0.166355 0.3672409 0.3162763 0.04729181 0.1185306 0.1811512 0.3593015 0.2937249 0.04182898 0.1053361 0.1634369 0.3686676 0.3207302 0.04057842 0.09859699 0.1510179 0.3677574 0.3420493 0.04581868 0.1105433 0.1669113 0.3578255 0.3189011 0.035061 0.07555669 0.1112293 0.3890765 0.3890765 0.02834206 0.06049078 0.0895906 0.4107882 0.4107882 0.02708989 0.05813229 0.08646219 0.4141578 0.4141578 0.05110996 0.1163964 0.1713651 0.3470527 0.3140757 0.04880601 0.1109845 0.1639173 0.350727 0.3255651 0.05693179 0.1285694 0.1861376 0.3371326 0.2912285 0.05876255 0.1348946 0.195614 0.3358902 0.2748386 0.03752148 0.07431048 0.1053557 0.3914061 0.3914061 0.0228607 0.048469 0.07220882 0.4282308 0.4282308 0.0257436 0.05417495 0.08007025 0.4200056 0.4200056 0.02483546 0.05097597 0.07465487 0.4247668 0.4247668 0.02156484 0.04447078 0.06562161 0.4341714 0.4341714 0.02375298 0.04831641 0.07068103 0.4286247 0.4286247 0.02696251 0.05442309 0.07895797 0.4198282 0.4198282 0.03008997 0.06154507 0.08944678 0.4094591 0.4094591 0.02897429 0.05963718 0.08708077 0.4121538 0.4121538 0.02528214 0.05139243 0.07491445 0.4242055 0.4242055 0.02717059 0.05484229 0.07949841 0.4192444 0.4192444 0.02311056 0.04701536 0.06880891 0.4305325 0.4305325 0.03252649 0.0704652 0.1045824 0.3962129 0.3962129 0.03300595 0.07035541 0.1036204 0.3965092 0.3965092 0.04759687 0.1052678 0.1542527 0.3525664 0.3403162 0.0450446 0.09483218 0.1366661 0.3617552 0.3617019 0.04469096 0.09434723 0.1361429 0.3624339 0.3623849 0.04596304 0.1020754 0.1501464 0.355851 0.3459641 0.02893418 0.05820095 0.08403813 0.4144133 0.4144133 0.03052377 0.06117737 0.08800446 0.4101472 0.4101472 0.0298317 0.05975174 0.08602434 0.4121961 0.4121961 0.02884852 0.05808007 0.08393931 0.414566 0.414566 0.03042113 0.06106245 0.08793771 0.4102894 0.4102894 0.03281879 0.0663622 0.09557694 0.402621 0.402621 0.04179513 0.08629554 0.1238648 0.3740223 0.3740223 0.04234689 0.08710205 0.1246952 0.3729279 0.3729279 0.04326874 0.08972734 0.128742 0.3691309 0.3691309 0.03404927 0.07153409 0.1045476 0.3949345 0.3949345 0.0322715 0.06439852 0.09224277 0.4055436 0.4055436 0.03553879 0.0704329 0.1001496 0.3969393 0.3969393 0.03517055 0.06975638 0.09927618 0.3978984 0.3978984 0.0316317 0.06312078 0.09050208 0.4073727 0.4073727 0.03483146 0.0692746 0.09875982 0.398567 0.398567 0.03583127 0.07152438 0.1019952 0.3953245 0.3953245 0.03394073 0.06827372 0.09794974 0.3999179 0.3999179 0.04088658 0.08382546 0.1200997 0.3775941 0.3775941 0.03938192 0.07933777 0.1130411 0.3841196 0.3841196 0.03982961 0.07997643 0.1137124 0.3832408 0.3832408 0.0415017 0.08466315 0.1209176 0.3764588 0.3764588 0.03609544 0.07216048 0.1028971 0.3944235 0.3944235 0.03728753 0.07394325 0.1049186 0.3919253 0.3919253 0.03588759 0.07114982 0.1011333 0.3959146 0.3959146 0.03358817 0.07346141 0.1091939 0.3918783 0.3918783 0.03063333 0.06560194 0.09701782 0.4033734 0.4033734 0.03008806 0.06404417 0.09450751 0.4056801 0.4056801 0.0461961 0.1036492 0.1529117 0.3552259 0.3420169 0.04541927 0.1038733 0.154591 0.356996 0.3391204 0.05150842 0.116213 0.1700302 0.3454815 0.3167667 0.02895492 0.0605697 0.0888496 0.4108129 0.4108129 0.02983158 0.06278419 0.09224599 0.4075692 0.4075692 0.02944767 0.0607689 0.08858931 0.410597 0.410597 0.02860552 0.05849403 0.08502638 0.413937 0.413937 0.04398316 0.09238964 0.1331074 0.3652599 0.3652599 0.04250144 0.08979022 0.1299449 0.3688817 0.3688817 0.04262775 0.09345728 0.1373804 0.3642114 0.3623231 0.04462534 0.09771847 0.1431289 0.3592709 0.3552564 0.02858614 0.05805283 0.08415734 0.4146019 0.4146019 0.02925848 0.0600804 0.08744335 0.4116088 0.4116088 0.02999651 0.06135213 0.08907908 0.4097862 0.4097862 0.02954185 0.05978101 0.08644372 0.4121167 0.4121167 0.04219669 0.08664005 0.1239355 0.3736138 0.3736138 0.04119294 0.08525049 0.1225281 0.3755142 0.3755142 0.04186791 0.08715927 0.125465 0.3727539 0.3727539 0.03316068 0.06680727 0.09596151 0.4020352 0.4020352 0.03332269 0.06778329 0.09775149 0.4005712 0.4005712 0.03545117 0.07214546 0.1037566 0.3943234 0.3943234 0.03102385 0.06330043 0.09169429 0.4069907 0.4069907 0.03199559 0.06516617 0.09420144 0.4043184 0.4043184 0.03164601 0.06384974 0.09196186 0.4062712 0.4062712 0.03178817 0.07137936 0.1077474 0.3945426 0.3945426 0.03031593 0.06667381 0.09990155 0.4015544 0.4015544 0.0306465 0.06648784 0.09893 0.4019678 0.4019678 0.04086875 0.09253728 0.138319 0.366886 0.3613889 0.03836178 0.08770412 0.1322175 0.3727445 0.3689721 0.03845161 0.0899232 0.1368771 0.3720169 0.3627312 0.04158109 0.09627401 0.1450695 0.3650483 0.3520269 0.02992212 0.06386095 0.09442704 0.4058949 0.4058949 0.02997046 0.06531608 0.09751635 0.4035986 0.4035986 0.03026247 0.06460958 0.09554445 0.4047918 0.4047918 0.02984714 0.06243938 0.09153717 0.4080882 0.4080882 0.04049152 0.08651405 0.1261866 0.3734039 0.3734039 0.03822821 0.08266597 0.1216228 0.3787415 0.3787415 0.03825032 0.08543145 0.1274954 0.3746811 0.3741416 0.04059177 0.08974456 0.1328334 0.3689936 0.3678365 0.02978032 0.06195634 0.09063845 0.4088125 0.4088125 0.0305562 0.06464445 0.09518373 0.4048078 0.4048078 0.03137254 0.06576251 0.09635245 0.4032562 0.4032562 0.03051823 0.06313198 0.0920633 0.4071432 0.4071432 0.03965026 0.08300703 0.1201639 0.3785894 0.3785894 0.03796827 0.08037155 0.1172015 0.3822293 0.3822293 0.0381909 0.08140623 0.1190301 0.3806864 0.3806864 0.03329408 0.06839013 0.09905672 0.3996295 0.3996295 0.03341305 0.06933265 0.100861 0.3981966 0.3981966 0.03442531 0.07175672 0.1044504 0.3946838 0.3946838 0.03227555 0.06729269 0.09825062 0.4010906 0.4010906 0.03291738 0.06840282 0.0996403 0.3995197 0.3995197 0.03232026 0.06644296 0.09640073 0.402418 0.402418 0.05704796 0.1298995 0.1883817 0.3373371 0.2873336 0.05614024 0.1258127 0.181815 0.3376038 0.2986282 0.04332357 0.09509819 0.1393869 0.3622531 0.3599381 0.04417604 0.09691315 0.1417874 0.3601279 0.3569954 0.04008722 0.08870071 0.1311938 0.3703336 0.3696846 0.05038112 0.1132259 0.1656907 0.3471592 0.323543 0.04429829 0.101165 0.1507291 0.359138 0.3446695 0.03552323 0.08058553 0.1214936 0.3812819 0.3811157 0.04058665 0.09398859 0.1418523 0.3671582 0.3564141 0.03812617 0.08922272 0.1359083 0.3727453 0.3639974 0.03418344 0.07848578 0.1192786 0.3841633 0.383889 0.03349006 0.07693046 0.1170988 0.3862807 0.3862 0.03404062 0.07631367 0.1147829 0.3874313 0.3874313 0.0345748 0.07613474 0.113504 0.3878933 0.3878933 0.03457397 0.07443451 0.1098741 0.3905587 0.3905587 0.03476637 0.07399713 0.1086589 0.3912888 0.3912888 0.03508669 0.0741533 0.108505 0.3911275 0.3911275 0.0365681 0.075621 0.1093577 0.3892266 0.3892266 0.03759926 0.07928401 0.1154817 0.3838175 0.3838175 0.03879004 0.08088624 0.1170368 0.3816435 0.3816435 0.03757047 0.0767557 0.1102527 0.3877105 0.3877105 0.04020178 0.0828464 0.1190208 0.3789655 0.3789655 0.0410946 0.08391046 0.119928 0.3775334 0.3775334 0.03991389 0.07997494 0.1135867 0.3832623 0.3832623 0.03864437 0.07682985 0.1089376 0.3877941 0.3877941 0.03851652 0.07647526 0.1084014 0.3883034 0.3883034 0.03638231 0.07383078 0.1059826 0.3919022 0.3919022 0.03866124 0.07816964 0.1116676 0.3857508 0.3857508 0.03582048 0.073192 0.1054704 0.3927586 0.3927586 0.04008424 0.08277779 0.119129 0.3790045 0.3790045 0.04154449 0.08597272 0.1236032 0.3744397 0.3744397 0.03710699 0.07667452 0.110904 0.3876572 0.3876572 0.04443514 0.09232991 0.1324714 0.3653817 0.3653817 0.04962193 0.1048675 0.1504467 0.3495742 0.3454896 0.03935623 0.07976454 0.1140961 0.3833916 0.3833916 0.05561923 0.1137388 0.159708 0.3381967 0.3327372 0.05738383 0.1099017 0.1501976 0.3412584 0.3412584 0.04077297 0.07988047 0.1124727 0.3834369 0.3834369 0.02648681 0.05731803 0.08547389 0.4153606 0.4153606 0.02978801 0.06643062 0.09992718 0.4019271 0.4019271 0.05428624 0.1927212 0.3050225 0.3637084 0.08426159 0.07164847 0.2054153 0.2906441 0.3292871 0.1030049 0.08807021 0.2161064 0.2817659 0.3046095 0.1094479 0.1013751 0.2384766 0.2877522 0.292257 0.08013898 0.1164923 0.2652775 0.2862643 0.2838755 0.04809039 0.119218 0.2767739 0.2890343 0.2789996 0.0359742 0.09721964 0.2883341 0.3044369 0.2873719 0.02263742 0.08683079 0.2954125 0.3124108 0.2883039 0.01704198 0.08212709 0.2956027 0.3154007 0.2911733 0.0156961 0.08624219 0.2864178 0.3110399 0.2965161 0.01978397 0.09922623 0.2677027 0.2999075 0.2976334 0.03553009 0.1100679 0.2567746 0.2906792 0.2905803 0.05189806 0.1162627 0.2367435 0.2778055 0.2810626 0.08812564 0.1082473 0.2082406 0.2568135 0.279505 0.1471935 0.08224534 0.1550863 0.203471 0.2967805 0.2624167 0.06601023 0.1211928 0.1613785 0.3257204 0.325698 0.05797773 0.107319 0.1447067 0.3449983 0.3449983 0.02409636 0.04840213 0.07044959 0.4285259 0.4285259 0.0198248 0.0406062 0.05998146 0.4397938 0.4397938 0.01689416 0.03518152 0.05258482 0.4476697 0.4476697 0.01563555 0.03396928 0.05183547 0.4492799 0.4492799 0.0204671 0.04533737 0.06915086 0.4325223 0.4325223 0.02226155 0.04869186 0.07346022 0.4277932 0.4277932 0.02372181 0.05203551 0.07839 0.4229264 0.4229264 0.02725708 0.06018245 0.09036403 0.4110982 0.4110982 0.06635892 0.2038756 0.2968956 0.338493 0.09437686 0.07962292 0.2123909 0.287682 0.3164297 0.1038744 0.0966404 0.222931 0.2796081 0.2945464 0.1062739 0.1119983 0.2443313 0.2822614 0.2836023 0.07780659 0.1303957 0.2697681 0.280566 0.2735011 0.04576903 0.1361095 0.2857341 0.2879676 0.2611349 0.02905386 0.03014069 0.09420323 0.33342 0.3330302 0.2092058 0.005501806 0.03212112 0.4383674 0.4206175 0.1033921 0.5684558 0.4306639 8.80359e-4 0.08556741 0.2969488 0.3151524 0.2877192 0.01461201 0.1199586 0.251832 0.2827558 0.2827558 0.0626977 0.1118518 0.2084611 0.2542105 0.2753837 0.1500928 0.08148789 0.1502445 0.1962355 0.297286 0.274746 0.06382161 0.1153885 0.1532402 0.3337748 0.3337748 0.04104286 0.0770775 0.106673 0.3876033 0.3876033 0.03267294 0.06257665 0.08821338 0.4082685 0.4082685 0.02643567 0.05148524 0.0736922 0.4241935 0.4241935 0.02087652 0.04160475 0.06063091 0.4384439 0.4384439 0.01412189 0.02915912 0.04365086 0.456534 0.456534 0.008150696 0.01798385 0.02809047 0.4728875 0.4728875 0.01178437 0.02624589 0.04077243 0.4605987 0.4605987 0.0137484 0.03046566 0.04699897 0.4543934 0.4543934 0.01562714 0.03448247 0.05287367 0.4485083 0.4485083 0.01725083 0.03802555 0.05808371 0.44332 0.44332 0.02070963 0.04558348 0.06911581 0.4322956 0.4322956 0.02774101 0.06100773 0.09131205 0.4099696 0.4099696 0.03642433 0.08094751 0.1200301 0.381299 0.381299 0.04513043 0.09763664 0.1410378 0.3586401 0.357555 0.01789897 0.03622633 0.05340421 0.4462352 0.4462352 0.01867705 0.03768974 0.05542129 0.4441059 0.4441059 0.01850467 0.03732538 0.05488717 0.4446414 0.4446414 0.03299385 0.06318867 0.08903872 0.4073894 0.4073894 0.03417801 0.06536769 0.09192216 0.4042661 0.4042661 0.03394335 0.0648396 0.09115695 0.40503 0.40503 8.63548e-4 0.03318905 0.7269791 0.2389683 0.6276441 0.305454 0.003527045 0.0329585 0.03041642 0.8149851 0.1699212 0.001472532 0.006850659 0.006770491 0.4862205 0.02005243 0.003971755 0.003534734 0.4862205 0.4127047 0.3449353 0.006817877 0.1012848 0.1342573 0.9890943 0.01040124 1.46528e-4 1.32988e-4 2.2487e-4 0.3823172 0.165557 0.006503164 0.06604212 0.3795805 0.2895404 0.008840382 0.5655624 0.13299 0.003066778 0.4948836 0.007241964 0.001365721 0.00162512 0.4948836 0.4600362 0.008069694 0.01647502 0.4096705 0.1057485 0.5959405 0.0153439 0.1223096 0.1152319 0.151174 0.02554982 0.1500084 0.7733631 0.04909676 0.001981914 2.84319e-4 0.993718 0.005997717 2.13549e-4 0.5083027 0.4910228 4.61046e-4 0.005632758 0.4528949 0.5176904 0.02215844 0.001623451 2.36768e-4 0.03171944 0.9599797 0.00775063 3.13492e-4 8.02402e-4 0.08077859 0.8943096 0.02303236 0.001076996 0.003412127 0.2038814 0.7280409 0.06060916 0.004056453 0.001064836 0.9119656 0.08661335 3.56163e-4 0.007473826 0.01174086 0.6066105 0.3698465 0.00432825 0.8849271 9.0233e-4 8.19467e-4 0.01731663 0.0960344 6.28521e-4 0.01748001 0.7069117 0.2701588 0.004821002 0.03276354 0.5076257 0.4409197 0.01637589 0.002315163 0.00681895 0.4226568 0.5415863 0.02644926 0.002488613 9.80976e-4 0.06846165 0.8832942 0.0455715 0.001691699 7.08333e-4 0.05013233 0.871093 0.07652962 0.001536667 1.89916e-4 0.004008769 0.7585105 0.2355252 0.001765549 0.001045405 0.5750101 0.4233349 6.09547e-4 4.4919e-4 0.01991301 0.7741878 0.2033919 0.002058029 4.5259e-4 0.2392913 0.7562814 0.003974735 0.1393619 0.8603786 2.5947e-4 3.83553e-4 0.1685585 0.829263 0.001683056 1.11935e-4 0.002156317 0.06998407 0.8153858 0.1082798 0.004193902 0.490973 0.01287454 0.001456499 0.003722906 0.490973 0.2378296 0.003760159 0.7083937 0.04924184 7.74734e-4 0.4720675 0.03906613 0.002782523 0.01401638 0.4720675 0.0145843 0.03976595 0.9266728 0.01848512 4.91741e-4 0.00918287 0.9889865 0.001830577 0.001323938 0.290229 0.6950269 0.0134201 0.3237407 0.316335 0.1645641 0.01217174 0.1831883 0.3651179 0.1786701 0.07901185 0.01208221 0.3651179 0.4293914 0.3618675 0.1450996 0.007257759 0.05638372 0.618233 0.3147031 0.04538631 0.003748536 0.01792895 0.7971511 0.1862312 0.00957632 0.00164926 0.005392134 0.9807602 0.01923978 0.9600852 9.9524e-4 0.02264744 8.7066e-4 0.01540154 0.004962265 0.2279967 0.6779769 0.08315247 0.005911648 0.005971789 0.2414079 0.6514786 0.09413319 0.007008552 0.008420526 0.01893472 0.6323732 0.3350945 0.005177199 0.004634201 0.2172571 0.6890063 0.0832625 0.005839884 7.54239e-4 0.01640123 0.5829505 0.3897154 0.0101785 0.001388907 0.03103452 0.5978045 0.3578557 0.01191627 0.04734778 0.04901111 0.4894149 0.3943975 0.01982873 0.001088321 0.0262804 0.6309283 0.3328588 0.008844137 0.003663122 0.2019075 0.6809843 0.108871 0.00457406 0.00253272 0.1170015 0.7141914 0.1609371 0.005337238 5.98002e-4 0.009597837 0.4877992 0.4839053 0.01809978 0.4884622 0.01618951 0.004144608 0.002741456 0.4884622 0.007466256 0.3269267 0.6231745 0.03922462 0.003207862 0.005321979 0.4490935 0.533882 0.01069331 0.001009285 0.001444101 0.0236966 0.5795625 0.3832154 0.01208144 0.00110054 0.01943886 0.6072521 0.3631445 0.009063959 7.12017e-4 0.007246196 0.429637 0.5267248 0.03568011 0.8073365 0.01134806 0.02711915 0.003588199 0.150608 0.4489295 0.07060796 0.02414029 0.007392764 0.4489295 1.32947e-4 0.0598756 0.9386579 0.001036167 2.97425e-4 3.18189e-4 0.02988541 0.9552901 0.01191806 0.002588272 3.35151e-4 0.03281795 0.9527722 0.01153594 0.002538681 0.002419948 0.8285045 0.1560348 0.0130406 6.94843e-4 0.9152989 0.07963985 0.004366397 6.97399e-4 0.8612601 0.1318362 0.006206274 0.001472473 0.7954035 0.1907963 0.01232767 0.002319574 0.8222255 0.1622842 0.01317059 1.11453e-4 0.002973556 0.817694 0.1643128 0.01490825 0.001139283 0.002871513 0.67622 0.318747 0.0010221 0.001647055 0.005675256 0.6868264 0.3042461 0.001605212 7.10988e-4 0.002469897 0.7130836 0.2829244 8.11091e-4 1.50013e-4 4.58281e-4 0.8522762 0.1469616 1.54054e-4 0.001987338 0.005811095 0.6687894 0.321667 0.001745283 0.002843976 0.009135484 0.6718872 0.3137826 0.002350866 1.07782e-4 3.60885e-4 0.8715872 0.1278234 1.20723e-4 4.28656e-4 0.001125514 0.7488248 0.2492128 4.08249e-4 1.14209e-4 0.01679807 0.9794691 0.002945959 6.72651e-4 0.9818407 0.017587 5.72271e-4 0.9972552 0.002744853 0.9656457 0.03346353 8.90718e-4 3.50517e-4 0.9222096 0.07453399 0.002905905 3.44516e-4 0.4830392 0.5159208 5.10359e-4 1.85312e-4 0.001169979 0.4965465 0.5002053 0.001513898 5.64405e-4 5.86066e-4 0.4888284 0.5094285 8.47431e-4 3.09641e-4 0.476275 0.5237249 0.001367807 0.4990808 0.4975274 0.001467168 5.56759e-4 0.001927018 0.4977014 0.497412 0.002142608 8.17017e-4 0.4583784 0.5416217 3.398e-4 8.00004e-4 0.5031625 0.4948953 8.02388e-4 5.37951e-4 0.001352131 0.5004477 0.4962744 0.001387894 0.3101126 0.3605574 0.09043461 0.2181977 0.02069759 0.1123636 0.4407199 0.04640156 0.3923239 0.008191049 0.02958083 0.5003584 0.01801574 0.4500728 0.001972138 0.005166947 0.9908207 0.003372609 6.39662e-4 5.33469e-4 0.08969217 0.9007433 0.007109761 0.001921296 0.001135885 0.9986369 2.27298e-4 1.52478e-4 0.008237123 0.9663107 0.02184408 0.00345546 1.47805e-4 0.02012729 0.9748189 0.004003107 9.02714e-4 1.1475e-4 0.006112098 0.9722653 0.01871353 0.002794444 0.001687407 0.9937302 0.003989577 5.92722e-4 0.005198359 0.9937865 8.2868e-4 1.86452e-4 2.17031e-4 0.01947361 0.9682852 0.00994718 0.002077102 0.06415712 0.3150355 0.3323238 0.2801826 0.008301019 0.05868977 0.3545633 0.3562898 0.2264668 0.003990173 0.1532751 0.3887889 0.3887889 0.06231665 0.006830334 0.03437799 0.1439439 0.3286641 0.3103045 0.1827095 0.04125595 0.1517038 0.3225152 0.3036684 0.1808565 0.1836282 0.3553012 0.3543793 0.08406013 0.02263104 0.04654276 0.1586208 0.3185398 0.2981215 0.178175 0.2061315 0.3440192 0.3365145 0.08237701 0.03095769 0.2082411 0.3470575 0.3356012 0.08293586 0.02616429 0.0392856 0.1419984 0.3316928 0.3118998 0.1751233 0.06360894 0.2155865 0.3680961 0.251938 0.1007704 0.2671144 0.3704192 0.2960551 0.05550849 0.0109027 0.06486213 0.2209306 0.3783907 0.243938 0.09187841 0.2968373 0.39512 0.2646752 0.03741443 0.005953013 0.05449271 0.2733315 0.3329558 0.3253372 0.01388257 0.2355151 0.3656903 0.3217496 0.06376713 0.01327764 0.05223673 0.1978298 0.3740664 0.2687318 0.1071352 0.04845416 0.2486003 0.3425163 0.3425001 0.01792901 0.2065502 0.3737041 0.3452864 0.06280612 0.01165318 0.03494423 0.1486763 0.3737807 0.3118358 0.1307628 0.02455228 0.08098703 0.3376303 0.3376303 0.2192 0.351454 0.4003748 0.2135367 0.02956652 0.005067825 0.07534074 0.2250868 0.360509 0.2414187 0.09764462 0.1385868 0.4013838 0.4013838 0.05439996 0.004245579 0.0318889 0.140653 0.3348416 0.3141096 0.1785068 0.161655 0.3789448 0.3789396 0.06942385 0.01103669 0.03520053 0.1435642 0.329384 0.3106933 0.1811578 0.06497895 0.2778205 0.3255487 0.3162131 0.01543861 0.06643074 0.2744961 0.3243371 0.317605 0.01713103 0.06209307 0.25962 0.3287554 0.3280926 0.02143889 0.06373107 0.2665377 0.3266924 0.3239317 0.01910716 0.05868119 0.2483867 0.3338335 0.3340837 0.02501475 0.05562055 0.2387459 0.3373608 0.3400411 0.02823168 0.3316934 0.3574669 0.2429724 0.03609621 0.031771 0.1706196 0.3696112 0.3693715 0.07528066 0.01511693 0.3494992 0.3649569 0.2310788 0.03280586 0.02165913 0.350528 0.5036172 0.1046859 0.03487241 0.006296455 0.07999718 0.4106593 0.3751352 0.1080332 0.0261752 0.3918249 0.4485421 0.09995269 0.05004227 0.009638071 0.1279636 0.4203586 0.3221994 0.09807634 0.03140205 0.2929561 0.4135268 0.2631157 0.02569919 0.004702329 0.2457866 0.4922482 0.2268158 0.03159445 0.003554821 0.3032112 0.4150884 0.2668032 0.01141732 0.003479838 0.06667673 0.4399484 0.3752198 0.1003352 0.01781988 0.0451318 0.8153831 0.02118819 0.1170749 0.001221895 0.2243482 0.6695008 0.06064885 0.04219383 0.003308296 0.08183604 0.6959155 0.03671783 0.1828278 0.002702832 0.2395486 0.5979639 0.0728504 0.08405053 0.005586445 0.1834143 0.6219447 0.1570283 0.03519427 0.002418339 0.3880026 0.3911244 0.175624 0.02891969 0.01632916 0.3800269 0.3870357 0.1833735 0.02878493 0.02077907 0.1455746 0.4259568 0.4178725 0.007940411 0.002655684 0.3632674 0.3744667 0.1986379 0.0322321 0.03139585 0.1304522 0.5267632 0.2330743 0.1061664 0.003543913 0.1403231 0.4145302 0.331436 0.1088833 0.00482732 0.313862 0.318435 0.221579 0.04514551 0.1009783 0.3170192 0.3392132 0.244387 0.04350864 0.0558719 0.3636047 0.3794801 0.2186248 0.02640533 0.01188486 0.05930817 0.7348043 0.0510298 0.1531379 0.001719713 0.05900728 0.4632292 0.3732035 0.09152644 0.01303339 0.1523244 0.477518 0.2748241 0.07506614 0.02026724 0.173115 0.427092 0.3913115 0.005234539 0.003247082 0.3073809 0.4153606 0.265065 0.007624447 0.004569053 0.06178528 0.2627922 0.3286135 0.3270562 0.01975286 0.1098889 0.6204286 0.04791367 0.2175768 0.004192054 0.1822217 0.4557796 0.259903 0.07527458 0.02682107 0.1864994 0.4194307 0.2729477 0.08342534 0.03769677 0.2249776 0.3307567 0.276228 0.07776021 0.09027743 0.03689879 0.1456421 0.3283177 0.3091172 0.1800242 0.001315236 0.4996626 0.4971114 0.001384735 5.26021e-4 7.04374e-4 0.4917498 0.5061916 9.90539e-4 3.6372e-4 0.07419878 0.9254812 3.20019e-4 0.05756711 0.9414107 9.14712e-4 1.07546e-4 0.1891517 0.7993667 0.01025986 0.001221776 0.3177535 0.6746849 0.006635189 9.26419e-4 0.3677762 0.6270456 0.00450313 6.75045e-4 0.1533074 0.8411862 0.004914879 5.91594e-4 0.490085 0.508441 0.001474082 1.5517e-4 0.5858018 0.412559 0.001483917 0.4725468 0.5263216 0.001131713 0.2585453 0.7409039 5.50782e-4 0.0947687 0.9051045 1.26852e-4 0.241279 0.7582417 4.79327e-4 0.002496898 0.7266768 0.2694364 0.001133263 2.56599e-4 0.004764318 0.7303962 0.2626729 0.001757085 4.09455e-4 4.02439e-4 0.8937705 0.1056488 1.78285e-4 0.004132807 0.7214824 0.2723215 0.001678645 3.84694e-4 4.05238e-4 0.8987305 0.1006908 1.73516e-4 0.001094818 0.8126492 0.1856691 4.79091e-4 1.07744e-4 0.03126657 0.9621685 0.006035864 5.29014e-4 0.057868 0.9262785 0.01454919 0.001304328 1.19989e-4 0.4992434 0.4992434 0.00139302 1.26343e-4 0.4990936 0.4990936 0.001686394 1.57161e-4 0.4986712 0.4986712 0.002500295 1.25561e-4 0.499044 0.499044 0.00178653 0.4946957 0.5043303 8.30358e-4 1.43712e-4 0.29446 0.70398 0.001363337 1.96607e-4 0.3501713 0.6473997 0.002116739 3.12251e-4 0.1238439 0.8760341 1.2199e-4 0.4890316 0.5072217 0.003192543 5.54058e-4 0.2117963 0.7880995 1.04166e-4 0.2915204 0.3797792 0.2275701 0.07864224 0.02248805 0.1126784 0.4415144 0.04703271 0.008207142 0.3905674 0.3101717 0.3610971 0.09153586 0.02078276 0.2164124 0.01274967 0.9804733 0.006337702 4.39367e-4 0.002806246 0.9961777 0.00101602 0.02518492 0.9604281 0.01341813 9.68842e-4 0.06695312 0.910624 0.02061486 0.001807928 0.04110926 0.945693 0.01220709 9.90707e-4 0.06097775 0.9029111 0.03343981 0.002671301 0.04853087 0.9148373 0.03409343 0.002538383 0.03151983 0.9481773 0.0189327 0.001370072 0.03156626 0.9470245 0.01999372 0.001415491 0.001602947 0.9979943 4.02778e-4 7.65978e-4 0.8100585 0.1877187 0.001456797 2.7512e-4 0.9148158 0.08443725 4.71797e-4 1.4729e-4 0.9435837 0.05598551 2.83431e-4 5.62039e-4 0.8438593 0.1545458 0.001032948 4.24148e-4 0.8963991 0.1024914 6.85371e-4 5.13522e-4 0.8069223 0.1914739 0.001090407 4.47472e-4 0.8154407 0.1831497 9.62285e-4 6.54242e-4 0.8796063 0.1185809 0.001158595 0.001927793 0.9917814 0.006039559 2.51324e-4 0.004953265 0.9775984 0.01672887 7.19495e-4 1.64007e-4 0.999077 7.59018e-4 0.003789901 0.9716562 0.02375149 8.02473e-4 0.005471587 0.9615253 0.03186571 0.001137197 0.00648725 0.9605655 0.03173559 0.001211762 0.004485905 0.979637 0.01525676 6.20322e-4 0.00475347 0.9769483 0.01758295 7.15261e-4 0.005571603 0.9615051 0.03175574 0.001167595 4.46157e-4 0.9972953 0.002258479 0.00129354 0.9914596 0.007012248 2.3455e-4 0.005368173 0.9770851 0.01682639 7.20256e-4 0.06432867 0.3149574 0.3321899 0.2801883 0.00833559 0.05886983 0.3543896 0.3561092 0.2266218 0.004009485 0.1538522 0.3902513 0.3902513 0.06255054 0.003094732 0.03437858 0.1439461 0.328664 0.3103034 0.1827079 0.0412575 0.1517089 0.3225148 0.3036659 0.1808528 0.1872845 0.3623738 0.3614335 0.08573162 0.00317645 0.04654461 0.1586263 0.3185395 0.2981187 0.1781709 0.2120162 0.3538385 0.3461191 0.08472645 0.003299772 0.2102305 0.3539776 0.3444352 0.08832883 0.003027737 0.03928732 0.1420043 0.3316922 0.3118967 0.1751194 0.06362801 0.2155991 0.3680502 0.2519334 0.1007892 0.2693033 0.3734461 0.298478 0.05596578 0.002806723 0.06488049 0.2209413 0.3783435 0.2439376 0.09189701 0.2978894 0.3965157 0.2656133 0.03754818 0.002433419 0.05463469 0.2748351 0.3328049 0.3241862 0.01353895 0.2380851 0.3696689 0.3252524 0.06446504 0.002528488 0.05223852 0.1978355 0.374065 0.2687276 0.1071333 0.048711 0.2494162 0.3420584 0.3420129 0.01780158 0.2085576 0.3773339 0.3486396 0.06341487 0.002053976 0.03494584 0.1486825 0.3737796 0.3118315 0.1307604 0.02461671 0.08112549 0.3374879 0.3374879 0.2192819 0.352132 0.4011459 0.2139499 0.02962416 0.003148019 0.07535934 0.2250934 0.3604667 0.2414175 0.09766298 0.1387742 0.4019257 0.4019257 0.05447322 0.002901196 0.03188914 0.1406541 0.3348415 0.3141092 0.178506 0.1630072 0.3821127 0.3821076 0.07000309 0.00276947 0.0352016 0.143568 0.3293837 0.3106915 0.1811551 0.06497979 0.2778216 0.325548 0.3162118 0.01543879 0.06643235 0.2744981 0.3243357 0.3176028 0.0171312 0.06209623 0.2596244 0.3287517 0.3280883 0.02143931 0.06373357 0.266541 0.3266898 0.3239281 0.01910752 0.05947458 0.2489622 0.3330238 0.3332382 0.02530127 0.05601328 0.2391521 0.3369556 0.3395317 0.02834731 0.3365321 0.3657555 0.2541289 0.03826963 0.005313754 0.1727497 0.3742233 0.3739805 0.07621866 0.002827644 0.351728 0.3692802 0.2378777 0.03395521 0.007158756 0.3505044 0.5036165 0.1047128 0.006296336 0.03486996 0.08130866 0.4172882 0.3811316 0.1097401 0.01053148 0.3919868 0.4484547 0.09986281 0.009639859 0.0500558 0.1300581 0.4276207 0.3279229 0.09986466 0.01453351 0.292656 0.4127774 0.2641285 0.004708051 0.02573007 0.245603 0.4905577 0.2285675 0.003567934 0.03170382 0.3022351 0.4150174 0.267845 0.003480255 0.01142221 0.06725096 0.4436924 0.3783875 0.1011748 0.009494304 0.1409677 0.4577417 0.3006085 0.08578026 0.01490181 0.04514181 0.8153454 0.0212028 0.001222312 0.1170877 0.2242951 0.6695086 0.06070744 0.003307819 0.04218095 0.08186143 0.6959703 0.03661036 0.002702176 0.1828557 0.2397407 0.5978485 0.07270646 0.005589067 0.08411514 0.1840072 0.6177479 0.1601824 0.002448678 0.03561377 0.39101 0.3951253 0.1803902 0.02975112 0.003723323 0.3841367 0.3926417 0.19001 0.02997177 0.003239929 0.1455811 0.4259508 0.4178702 0.002656102 0.007941842 0.3697 0.3833656 0.2092583 0.03435611 0.003320038 0.1310284 0.5214074 0.2364519 0.003608644 0.1075036 0.1396799 0.401561 0.3375555 0.005135416 0.1160681 0.3342558 0.3488679 0.2556366 0.05453449 0.006705343 0.3276 0.354673 0.2636671 0.04825705 0.00580275 0.3647405 0.38099 0.2202953 0.02665054 0.007323622 0.05963569 0.7330533 0.05152809 0.001734018 0.1540488 0.05924886 0.4651196 0.3747227 0.0918982 0.009010612 0.120411 0.4774032 0.3064767 0.08166265 0.01404643 0.1731265 0.4270703 0.391318 0.003248453 0.005236864 0.3070736 0.4153436 0.2653892 0.004568696 0.007624804 0.1402737 0.3782297 0.3773968 0.09228211 0.01181769 0.1670113 0.4262739 0.3029339 0.08863139 0.01514953 0.1739037 0.4425123 0.2829015 0.08438199 0.01630049 0.06178814 0.2627962 0.3286103 0.3270521 0.01975315 0.2646231 0.5295758 0.0828005 0.008175075 0.1148255 0.1100574 0.6203066 0.04768222 0.00419414 0.2177596 0.188624 0.4773234 0.2469331 0.06954705 0.01757246 0.2294799 0.4572632 0.2273648 0.06765562 0.01823639 0.2210389 0.4257457 0.2524229 0.08143609 0.01935631 0.1891217 0.3827899 0.323019 0.08994084 0.01512861 0.1952913 0.4156045 0.2838004 0.08810126 0.01720243 0.1155769 0.558714 0.05137598 0.005336284 0.2689967 0.2850989 0.4717096 0.08766573 0.01116633 0.1443594 0.03690004 0.1456466 0.3283174 0.3091149 0.1800209 0.4983832 0.498907 0.002295792 4.14037e-4 0.4364089 0.5597624 0.003303885 5.24952e-4 0.001397848 0.4990617 0.4968128 0.002303004 4.24648e-4 0.473235 0.5233684 0.002910256 4.86344e-4 0.3323515 0.6644384 0.002805054 4.05043e-4 0.4169603 0.5806812 0.002040207 3.1827e-4 0.3069036 0.423422 0.1789712 0.06265318 0.02805006 0.03313237 0.1009401 0.3307588 0.3296337 0.2055349 0.1195722 0.4154987 0.4154987 0.04686605 0.002564251 0.02822881 0.132681 0.3438327 0.321289 0.1739685 0.3411933 0.3799322 0.231078 0.04208791 0.005708575 0.0931276 0.2455689 0.3493971 0.2206559 0.09125036 0.06052953 0.2766767 0.3290131 0.3195983 0.0141822 0.1573234 0.4808363 0.2698029 0.07406395 0.01797342 0.06003952 0.4787787 0.3661988 0.08474713 0.01023578 0.3725605 0.3928449 0.2066249 0.02111434 0.006855309 0.3032862 0.4165406 0.2688176 0.005678653 0.005676925 0.2048467 0.4127582 0.3713535 0.005524039 0.005517423 0.860321 0.1355979 0.00408113 1.14478e-4 0.787654 0.2075489 0.00468254 0.8011724 0.1971346 0.001693069 0.913186 0.08386695 0.002947032 1.37218e-4 0.6017338 0.3936392 0.004489958 0.9258033 0.07119619 0.003000557 0.01140332 0.9885967 0.2432222 0.7549224 0.001855373 0.06997787 0.9296792 3.4292e-4 0.02890825 0.06564217 0.0997852 0.4028322 0.4028322 0.02064824 0.04769235 0.07416576 0.4287468 0.4287468 0.0145998 0.03503501 0.05620539 0.4470799 0.4470799 0.01155424 0.02926182 0.04863142 0.4552763 0.4552763 0.01228177 0.03303557 0.05665153 0.4490156 0.4490156 0.01808065 0.05079519 0.08796203 0.4280586 0.4151034 0.02807396 0.07817333 0.1313619 0.4061713 0.3562195 0.03781127 0.09844452 0.1565303 0.379498 0.3277158 0.04148614 0.09991031 0.1524192 0.3658554 0.3403288 0.03739386 0.08587396 0.129347 0.3748411 0.3725439 0.03424292 0.07468128 0.1103921 0.3903418 0.3903418 0.02715492 0.06011289 0.09049248 0.4111199 0.4111199 0.02195829 0.05002284 0.0770111 0.4255039 0.4255039 0.01968961 0.04652279 0.07321035 0.4302886 0.4302886 0.02123409 0.05197376 0.0829814 0.4219053 0.4219053 0.02721083 0.06786823 0.108102 0.3996502 0.3971688 0.03580844 0.08812803 0.1371062 0.3780787 0.3608786 0.04307514 0.101594 0.1529558 0.3615423 0.3408327 0.04519206 0.1017753 0.1497827 0.3565644 0.3466855 0.04138612 0.09065425 0.1327494 0.3677384 0.3674717 0.0356906 0.07745391 0.1139401 0.3864577 0.3864577 0.030339 0.06657707 0.09926795 0.401908 0.401908 0.02638787 0.05912852 0.08959114 0.4124463 0.4124463 0.02484101 0.05708795 0.08776128 0.4151549 0.4151549 0.02636742 0.0619567 0.09598869 0.4078436 0.4078436 0.03105211 0.07365226 0.1136553 0.390986 0.3906543 0.03728824 0.08749204 0.1328355 0.3741037 0.3682804 0.04228603 0.09653526 0.1435489 0.3627726 0.3548572 0.04364633 0.09674113 0.1417753 0.3606573 0.3571798 0.04088455 0.08896887 0.1299702 0.3700882 0.3700882 0.03616744 0.07891899 0.1162553 0.3843291 0.3843291 0.03322643 0.07293552 0.1082294 0.3928043 0.3928043 0.0310322 0.06889396 0.1031156 0.3984791 0.3984791 0.03027927 0.06810784 0.1026706 0.3994712 0.3994712 0.03129392 0.07112574 0.1075428 0.3950188 0.3950188 0.03387612 0.07724928 0.1164677 0.3862035 0.3862035 0.03710329 0.0841059 0.1257864 0.376698 0.3763064 0.03958958 0.08858352 0.1311919 0.3707163 0.3699187 0.04025751 0.08881443 0.1306002 0.370253 0.3700748 0.03887361 0.08496177 0.1247093 0.3757277 0.3757277 0.03558158 0.07891952 0.1171872 0.3841559 0.3841559 0.01078283 0.02838677 0.04828405 0.4562731 0.4562731 0.01082783 0.02736902 0.04552412 0.4581395 0.4581395 0.01294064 0.03157281 0.05128222 0.4521021 0.4521021 0.01831758 0.04314064 0.06804722 0.4352472 0.4352472 0.02618813 0.06068712 0.09359508 0.4097648 0.4097648 0.03478592 0.08140343 0.124235 0.3809009 0.3786746 0.03957533 0.09665048 0.1489128 0.3703389 0.3445224 0.03698331 0.09683203 0.1546387 0.3815913 0.3299546 0.03086644 0.0849021 0.1407874 0.3991544 0.3442896 0.02299499 0.06468796 0.1106802 0.4173529 0.3842839 0.01455432 0.04023671 0.06966853 0.438077 0.4374635 0.01672279 0.04124659 0.06674498 0.4376428 0.4376428 0.01633471 0.03914362 0.06247293 0.4410244 0.4410244 0.01816821 0.04236638 0.06646108 0.4365022 0.4365022 0.02319419 0.05253034 0.08049893 0.4218882 0.4218882 0.03052979 0.06808024 0.1022898 0.3995501 0.3995501 0.03843581 0.08604967 0.1278487 0.373994 0.3736717 0.04315817 0.09938305 0.1481899 0.3608912 0.3483777 0.04154169 0.1003532 0.1531012 0.3656908 0.339313 0.03649592 0.09136599 0.1430444 0.3777033 0.3513904 0.02941995 0.07514739 0.1205531 0.3940287 0.3808509 0.02104395 0.05350351 0.08714401 0.4191542 0.4191542 0.0215525 0.05119109 0.08045619 0.4234001 0.4234001 0.02095741 0.04878753 0.07602226 0.4271163 0.4271163 0.02237462 0.05103576 0.07854992 0.4240198 0.4240198 0.02654075 0.05917495 0.0894593 0.4124125 0.4124125 0.0325796 0.07172095 0.106731 0.3944842 0.3944842 0.03887975 0.08575898 0.1264442 0.3744585 0.3744585 0.04267954 0.09598404 0.1417801 0.3623166 0.3572396 0.04162991 0.09673696 0.1451142 0.3641344 0.3523845 0.03786164 0.0901857 0.1376978 0.3726555 0.3615993 0.03236418 0.07829183 0.1216422 0.3860511 0.3816506 0.02547055 0.06164115 0.0970422 0.407923 0.407923 0.02664285 0.06134688 0.0940805 0.4089649 0.4089649 0.02605766 0.05930513 0.0905525 0.4120423 0.4120423 0.02693831 0.06053292 0.09174621 0.4103913 0.4103913 0.0297563 0.06588459 0.09872055 0.4028193 0.4028193 0.03380209 0.07421779 0.1100639 0.3909581 0.3909581 0.0378288 0.08315062 0.1225758 0.3782224 0.3782224 0.04020482 0.08939772 0.1319292 0.3695636 0.3689045 0.03960961 0.08973771 0.1336205 0.3696805 0.3673515 0.03732925 0.08577775 0.1290152 0.374919 0.3729587 0.0339179 0.07868021 0.1195487 0.3840932 0.38376 0.0294404 0.068434 0.1048932 0.3986162 0.3986162 0.03385937 0.07554578 0.1127921 0.3889014 0.3889014</float_array>
          <technique_common>
            <accessor source="#Armature_polySurface66-skin-weights-array" count="9339" stride="1">
              <param name="WEIGHT" type="float"/>
            </accessor>
          </technique_common>
        </source>
        <joints>
          <input semantic="JOINT" source="#Armature_polySurface66-skin-joints"/>
          <input semantic="INV_BIND_MATRIX" source="#Armature_polySurface66-skin-bind_poses"/>
        </joints>
        <vertex_weights count="1894">
          <input semantic="JOINT" source="#Armature_polySurface66-skin-joints" offset="0"/>
          <input semantic="WEIGHT" source="#Armature_polySurface66-skin-weights" offset="1"/>
          <vcount>5 5 5 5 5 5 5 5 5 5 5 5 5 5 5 5 5 5 5 5 5 5 5 5 5 5 5 5 5 5 5 5 5 5 5 5 5 5 5 5 5 5 5 5 5 5 5 5 5 5 5 5 5 5 5 5 5 5 5 5 5 5 5 5 5 5 5 5 5 5 5 5 5 5 5 5 5 5 5 5 5 5 5 5 5 5 5 5 5 5 5 5 5 5 5 5 5 5 5 5 5 5 5 5 5 5 5 5 5 5 5 5 5 5 5 5 5 5 5 5 5 5 5 5 5 5 5 5 5 5 5 5 5 5 5 5 5 5 5 5 5 5 5 5 5 5 5 5 5 5 5 5 5 5 5 5 5 5 5 5 5 5 5 5 5 5 5 5 5 5 5 5 5 5 5 5 5 5 5 5 5 5 5 5 5 5 5 5 5 5 5 5 5 5 5 5 5 5 5 5 5 5 5 5 5 5 5 5 5 5 5 5 5 5 5 5 5 5 5 5 5 5 5 5 5 5 5 5 5 5 5 5 5 5 5 5 5 5 5 5 5 5 5 5 5 5 5 5 5 5 5 5 5 5 5 5 5 5 5 5 5 5 5 5 5 5 5 5 5 5 5 5 5 5 5 5 5 5 5 5 5 5 5 5 5 5 5 5 5 5 5 5 5 5 5 5 5 5 5 5 5 5 5 5 5 5 5 5 5 5 5 5 5 5 5 5 5 5 5 5 5 5 5 5 5 5 5 5 5 5 5 5 5 5 5 5 5 5 5 5 5 5 5 5 5 5 5 5 5 5 5 5 5 5 5 5 5 5 5 5 5 5 5 5 5 5 5 5 5 5 5 5 5 5 5 5 5 5 5 5 5 5 5 5 5 5 5 5 5 5 5 5 5 5 5 5 5 5 5 5 5 5 5 5 5 5 5 5 5 5 5 5 5 5 5 5 5 5 5 5 5 5 5 5 5 5 5 5 5 5 5 5 5 5 5 5 5 5 5 5 5 5 5 5 5 5 5 5 5 5 5 5 5 5 5 5 5 5 5 5 5 5 5 5 5 5 5 5 5 5 5 5 5 5 5 5 5 5 5 5 5 5 5 5 5 5 5 5 5 5 5 5 5 5 5 5 5 5 5 5 5 5 5 5 5 5 5 5 5 5 5 5 5 5 5 5 5 5 5 5 5 5 5 5 5 5 5 5 5 5 5 5 5 5 5 5 5 5 5 5 5 5 5 5 5 5 5 5 5 5 5 5 5 5 5 5 5 5 5 5 5 5 5 5 5 5 5 5 5 5 5 5 5 5 5 5 5 5 5 5 5 5 5 5 5 5 5 5 5 5 5 5 5 5 5 5 5 5 5 5 5 5 5 5 5 5 5 5 5 5 5 5 5 5 5 5 5 5 5 5 5 5 5 5 5 5 5 5 5 5 5 5 5 5 5 5 5 5 5 5 5 5 5 5 5 5 5 5 5 5 5 5 5 5 5 5 5 5 5 5 5 5 5 5 5 5 5 5 5 5 5 5 5 5 5 5 5 5 5 5 5 5 5 5 5 5 5 5 5 5 5 5 5 5 5 5 5 5 5 5 5 5 5 5 5 5 5 5 5 5 5 5 5 5 5 5 5 5 5 5 5 5 5 5 5 5 5 5 5 5 5 5 5 5 5 5 5 5 5 5 5 5 5 5 5 5 5 5 5 5 5 5 5 5 5 5 5 5 5 5 5 5 5 5 5 5 5 5 5 5 5 5 5 5 5 5 5 5 5 5 5 5 5 5 5 5 5 5 5 5 5 5 5 5 5 5 5 5 5 5 5 5 5 5 5 5 5 5 5 5 5 5 5 5 5 5 5 5 5 5 5 5 5 5 5 5 5 5 5 5 5 5 5 5 5 5 5 5 5 5 5 5 5 5 5 5 5 5 5 5 5 5 5 5 5 5 5 5 5 5 5 5 5 5 5 5 5 5 5 5 5 5 5 5 5 5 5 5 5 5 5 5 5 5 5 5 5 5 5 5 5 5 5 5 5 5 5 5 5 5 5 5 5 5 5 5 5 5 5 5 5 5 5 5 5 5 5 5 5 5 5 5 5 5 5 5 5 5 5 5 5 5 5 5 5 5 5 5 5 5 5 5 5 5 5 5 5 5 5 5 5 5 5 5 5 5 5 5 5 5 5 5 5 5 5 5 5 5 5 5 5 5 5 5 5 5 5 5 5 5 5 5 5 5 5 5 5 5 5 5 5 5 5 5 5 5 5 5 5 5 5 5 5 5 5 5 5 5 5 5 5 5 5 5 5 5 5 5 5 5 5 5 5 5 5 5 5 5 5 5 5 5 5 5 5 5 5 5 5 5 5 5 5 5 5 5 5 5 5 5 5 5 5 5 5 5 5 5 5 5 5 5 5 5 5 5 5 5 5 5 5 5 5 5 5 5 5 5 5 5 5 5 5 5 5 5 5 5 5 5 5 5 5 5 5 5 5 5 5 5 5 5 5 5 5 5 5 5 5 5 5 5 5 5 5 5 5 5 5 5 5 5 5 5 5 5 5 5 5 5 5 5 5 5 5 5 5 5 5 5 5 5 5 5 5 5 5 5 5 5 5 5 5 5 5 5 5 5 5 5 5 5 5 5 5 5 5 5 5 5 5 5 5 5 5 5 5 5 5 5 5 5 5 5 5 5 5 5 5 5 5 5 5 5 5 5 5 5 5 5 5 5 5 5 5 5 5 5 5 5 5 5 5 5 5 5 5 5 5 5 5 5 5 5 5 5 5 5 5 5 5 5 5 5 5 5 5 5 5 5 5 5 5 5 5 5 5 5 5 5 5 5 5 5 5 5 5 5 5 5 5 5 5 5 5 5 5 5 5 5 5 5 5 5 5 5 5 5 5 5 5 5 5 5 5 5 5 5 5 5 5 5 5 5 5 5 5 5 5 5 5 5 5 5 5 5 5 5 5 5 5 5 5 5 5 5 5 5 5 5 5 5 5 5 5 5 5 5 5 5 5 5 5 5 5 5 5 5 5 5 5 5 5 5 5 5 5 5 5 5 5 5 5 5 5 5 5 5 5 5 5 5 5 5 5 5 5 5 5 5 5 5 5 5 5 5 5 5 5 5 5 5 5 5 5 5 5 5 5 5 5 5 5 5 5 5 5 5 5 5 5 5 5 5 5 5 5 5 5 5 5 5 5 5 5 5 5 5 5 5 5 5 5 5 5 5 5 5 5 5 5 5 5 5 5 3 5 5 5 5 5 5 5 5 5 5 5 5 5 5 5 5 5 5 5 5 5 5 5 5 5 4 5 5 5 5 5 5 5 5 5 5 5 3 4 5 5 5 5 4 5 5 5 5 5 5 5 5 4 5 4 3 5 5 5 5 5 5 3 4 5 5 5 5 5 2 5 5 5 5 5 5 5 5 5 5 5 5 5 5 5 5 5 5 5 5 5 5 5 4 4 4 4 4 5 5 5 5 5 5 5 5 5 5 3 2 3 4 5 5 5 2 5 5 2 5 5 5 5 5 4 5 3 5 5 5 4 4 5 5 5 5 5 5 5 5 5 5 5 5 5 5 5 5 5 5 5 5 5 5 5 5 5 5 5 5 5 5 5 5 5 5 5 5 5 5 5 5 5 5 5 5 5 5 5 5 5 5 5 5 5 5 5 5 5 5 5 5 5 5 5 5 5 5 5 5 5 5 5 5 3 4 4 4 4 4 3 4 3 3 3 3 5 5 4 5 4 5 4 4 4 4 4 4 4 4 4 3 4 3 5 5 5 4 3 4 4 4 4 4 4 4 3 4 4 4 4 4 4 4 4 4 4 3 4 4 4 4 4 4 3 4 4 5 5 5 5 5 5 5 5 5 5 5 5 5 5 5 5 5 5 5 5 5 5 5 5 5 5 5 5 5 5 5 5 5 5 5 5 5 5 5 5 5 5 5 5 5 5 5 5 5 5 5 5 5 5 5 5 5 5 5 5 5 5 5 5 5 5 5 5 5 5 5 5 5 5 5 5 5 5 4 4 5 4 4 4 5 5 5 5 5 5 5 5 5 5 5 5 3 4 3 3 4 3 2 3 3 5 5 5 5 5 5 5 5 5 5 5 5 5 5 5 5 5 5 5 5 5 5 5 5 5 5 5 5 5 5 5 5 5 5 5 5 5 5 5 5 5 5 5 5 5 5 5 5 5 5 5 5 5 5 5 5 5 5 5 5 5 5 5 5 5 5 5 5 5 5 5 5 5 5 5 5 5 5 5 5 5 5 5 5 5 5 </vcount>
          <v>5 0 6 1 7 2 8 3 9 4 5 5 6 6 7 7 8 8 9 9 5 10 6 11 7 12 8 13 9 14 5 15 6 16 7 17 8 18 9 19 5 20 6 21 7 22 8 23 9 24 5 25 6 26 7 27 8 28 9 29 5 30 6 31 7 32 8 33 9 34 5 35 6 36 7 37 8 38 9 39 5 40 6 41 7 42 8 43 9 44 5 45 6 46 7 47 8 48 9 49 5 50 6 51 7 52 8 53 9 54 5 55 6 56 7 57 8 58 9 59 5 60 6 61 7 62 8 63 9 64 5 65 6 66 7 67 8 68 9 69 5 70 6 71 7 72 8 73 9 74 5 75 6 76 7 77 8 78 9 79 5 80 6 81 7 82 8 83 9 84 5 85 6 86 7 87 8 88 9 89 5 90 6 91 7 92 8 93 9 94 5 95 6 96 7 97 8 98 9 99 5 100 6 101 7 102 8 103 9 104 5 105 6 106 7 107 8 108 9 109 5 110 6 111 7 112 8 113 9 114 5 115 6 116 7 117 8 118 9 119 5 120 6 121 7 122 8 123 9 124 5 125 6 126 7 127 8 128 9 129 5 130 6 131 7 132 8 133 9 134 5 135 6 136 7 137 8 138 9 139 5 140 6 141 7 142 8 143 9 144 5 145 6 146 7 147 8 148 9 149 5 150 6 151 7 152 8 153 9 154 5 155 6 156 7 157 8 158 9 159 5 160 6 161 7 162 8 163 9 164 5 165 6 166 7 167 8 168 9 169 5 170 6 171 7 172 8 173 9 174 5 175 6 176 7 177 8 178 9 179 5 180 6 181 7 182 8 183 9 184 5 185 6 186 7 187 8 188 9 189 5 190 6 191 7 192 8 193 9 194 5 195 6 196 7 197 8 198 9 199 5 200 6 201 7 202 8 203 9 204 5 205 6 206 7 207 8 208 9 209 5 210 6 211 7 212 8 213 9 214 5 215 6 216 7 217 8 218 9 219 5 220 6 221 7 222 8 223 9 224 5 225 6 226 7 227 8 228 9 229 5 230 6 231 7 232 8 233 9 234 5 235 6 236 7 237 8 238 9 239 5 240 6 241 7 242 8 243 9 244 5 245 6 246 7 247 8 248 9 249 5 250 6 251 7 252 8 253 9 254 5 255 6 256 7 257 8 258 9 259 5 260 6 261 7 262 8 263 9 264 5 265 6 266 7 267 8 268 9 269 5 270 6 271 7 272 8 273 9 274 5 275 6 276 7 277 8 278 9 279 5 280 6 281 7 282 8 283 9 284 5 285 6 286 7 287 8 288 9 289 5 290 6 291 7 292 8 293 9 294 5 295 6 296 7 297 8 298 9 299 5 300 6 301 7 302 8 303 9 304 5 305 6 306 7 307 8 308 9 309 5 310 6 311 7 312 8 313 9 314 5 315 6 316 7 317 8 318 9 319 5 320 6 321 7 322 8 323 9 324 5 325 6 326 7 327 8 328 9 329 5 330 6 331 7 332 8 333 9 334 5 335 6 336 7 337 8 338 9 339 5 340 6 341 7 342 8 343 9 344 5 345 6 346 7 347 8 348 9 349 5 350 6 351 7 352 8 353 9 354 5 355 6 356 7 357 8 358 9 359 5 360 6 361 7 362 8 363 9 364 5 365 6 366 7 367 8 368 9 369 5 370 6 371 7 372 8 373 9 374 5 375 6 376 7 377 8 378 9 379 5 380 6 381 7 382 8 383 9 384 5 385 6 386 7 387 8 388 9 389 5 390 6 391 7 392 8 393 9 394 5 395 6 396 7 397 8 398 9 399 5 400 6 401 7 402 8 403 9 404 5 405 6 406 7 407 8 408 9 409 5 410 6 411 7 412 8 413 9 414 5 415 6 416 7 417 8 418 9 419 5 420 6 421 7 422 8 423 9 424 5 425 6 426 7 427 8 428 9 429 5 430 6 431 7 432 8 433 9 434 5 435 6 436 7 437 8 438 9 439 5 440 6 441 7 442 8 443 9 444 5 445 6 446 7 447 8 448 9 449 5 450 6 451 7 452 8 453 9 454 5 455 6 456 7 457 8 458 9 459 5 460 6 461 7 462 8 463 9 464 5 465 6 466 7 467 8 468 9 469 5 470 6 471 7 472 8 473 9 474 5 475 6 476 7 477 8 478 9 479 5 480 6 481 7 482 8 483 9 484 5 485 6 486 7 487 8 488 9 489 5 490 6 491 7 492 8 493 9 494 5 495 6 496 7 497 8 498 9 499 5 500 6 501 7 502 8 503 9 504 5 505 6 506 7 507 8 508 9 509 5 510 6 511 7 512 8 513 9 514 5 515 6 516 7 517 8 518 9 519 5 520 6 521 7 522 8 523 9 524 5 525 6 526 7 527 8 528 9 529 5 530 6 531 7 532 8 533 9 534 5 535 6 536 7 537 8 538 9 539 5 540 6 541 7 542 8 543 9 544 5 545 6 546 7 547 8 548 9 549 5 550 6 551 7 552 8 553 9 554 5 555 6 556 7 557 8 558 9 559 5 560 6 561 7 562 8 563 9 564 5 565 6 566 7 567 8 568 9 569 5 570 6 571 7 572 8 573 9 574 5 575 6 576 7 577 8 578 9 579 5 580 6 581 7 582 8 583 9 584 5 585 6 586 7 587 8 588 9 589 5 590 6 591 7 592 8 593 9 594 5 595 6 596 7 597 8 598 9 599 5 600 6 601 7 602 8 603 9 604 5 605 6 606 7 607 8 608 9 609 5 610 6 611 7 612 8 613 9 614 5 615 6 616 7 617 8 618 9 619 5 620 6 621 7 622 8 623 9 624 5 625 6 626 7 627 8 628 9 629 5 630 6 631 7 632 8 633 9 634 5 635 6 636 7 637 8 638 9 639 5 640 6 641 7 642 8 643 9 644 5 645 6 646 7 647 8 648 9 649 5 650 6 651 7 652 8 653 9 654 5 655 6 656 7 657 8 658 9 659 5 660 6 661 7 662 8 663 9 664 5 665 6 666 7 667 8 668 9 669 5 670 6 671 7 672 8 673 9 674 5 675 6 676 7 677 8 678 9 679 5 680 6 681 7 682 8 683 9 684 5 685 6 686 7 687 8 688 9 689 5 690 6 691 7 692 8 693 9 694 5 695 6 696 7 697 8 698 9 699 5 700 6 701 7 702 8 703 9 704 5 705 6 706 7 707 8 708 9 709 5 710 6 711 7 712 8 713 9 714 5 715 6 716 7 717 8 718 9 719 5 720 6 721 7 722 8 723 9 724 5 725 6 726 7 727 8 728 9 729 5 730 6 731 7 732 8 733 9 734 5 735 6 736 7 737 8 738 9 739 5 740 6 741 7 742 8 743 9 744 5 745 6 746 7 747 8 748 9 749 5 750 6 751 7 752 8 753 9 754 5 755 6 756 7 757 8 758 9 759 5 760 6 761 7 762 8 763 9 764 5 765 6 766 7 767 8 768 9 769 5 770 6 771 7 772 8 773 9 774 5 775 6 776 7 777 8 778 9 779 5 780 6 781 7 782 8 783 9 784 5 785 6 786 7 787 8 788 9 789 5 790 6 791 7 792 8 793 9 794 5 795 6 796 7 797 8 798 9 799 5 800 6 801 7 802 8 803 9 804 5 805 6 806 7 807 8 808 9 809 5 810 6 811 7 812 8 813 9 814 5 815 6 816 7 817 8 818 9 819 5 820 6 821 7 822 8 823 9 824 5 825 6 826 7 827 8 828 9 829 5 830 6 831 7 832 8 833 9 834 5 835 6 836 7 837 8 838 9 839 5 840 6 841 7 842 8 843 9 844 5 845 6 846 7 847 8 848 9 849 5 850 6 851 7 852 8 853 9 854 5 855 6 856 7 857 8 858 9 859 5 860 6 861 7 862 8 863 9 864 5 865 6 866 7 867 8 868 9 869 5 870 6 871 7 872 8 873 9 874 5 875 6 876 7 877 8 878 9 879 5 880 6 881 7 882 8 883 9 884 5 885 6 886 7 887 8 888 9 889 5 890 6 891 7 892 8 893 9 894 5 895 6 896 7 897 8 898 9 899 5 900 6 901 7 902 8 903 9 904 5 905 6 906 7 907 8 908 9 909 5 910 6 911 7 912 8 913 9 914 5 915 6 916 7 917 8 918 9 919 5 920 6 921 7 922 8 923 9 924 5 925 6 926 7 927 8 928 9 929 5 930 6 931 7 932 8 933 9 934 5 935 6 936 7 937 8 938 9 939 5 940 6 941 7 942 8 943 9 944 5 945 6 946 7 947 8 948 9 949 5 950 6 951 7 952 8 953 9 954 5 955 6 956 7 957 8 958 9 959 5 960 6 961 7 962 8 963 9 964 5 965 6 966 7 967 8 968 9 969 5 970 6 971 7 972 8 973 9 974 5 975 6 976 7 977 8 978 9 979 5 980 6 981 7 982 8 983 9 984 5 985 6 986 7 987 8 988 9 989 5 990 6 991 7 992 8 993 9 994 5 995 6 996 7 997 8 998 9 999 5 1000 6 1001 7 1002 8 1003 9 1004 5 1005 6 1006 7 1007 8 1008 9 1009 5 1010 6 1011 7 1012 8 1013 9 1014 5 1015 6 1016 7 1017 8 1018 9 1019 5 1020 6 1021 7 1022 8 1023 9 1024 5 1025 6 1026 7 1027 8 1028 9 1029 5 1030 6 1031 7 1032 8 1033 9 1034 5 1035 6 1036 7 1037 8 1038 9 1039 5 1040 6 1041 7 1042 8 1043 9 1044 5 1045 6 1046 7 1047 8 1048 9 1049 5 1050 6 1051 7 1052 8 1053 9 1054 5 1055 6 1056 7 1057 8 1058 9 1059 5 1060 6 1061 7 1062 8 1063 9 1064 5 1065 6 1066 7 1067 8 1068 9 1069 5 1070 6 1071 7 1072 8 1073 9 1074 5 1075 6 1076 7 1077 8 1078 9 1079 5 1080 6 1081 7 1082 8 1083 9 1084 5 1085 6 1086 7 1087 8 1088 9 1089 5 1090 6 1091 7 1092 8 1093 9 1094 5 1095 6 1096 7 1097 8 1098 9 1099 5 1100 6 1101 7 1102 8 1103 9 1104 5 1105 6 1106 7 1107 8 1108 9 1109 5 1110 6 1111 7 1112 8 1113 9 1114 5 1115 6 1116 7 1117 8 1118 9 1119 5 1120 6 1121 7 1122 8 1123 9 1124 5 1125 6 1126 7 1127 8 1128 9 1129 5 1130 6 1131 7 1132 8 1133 9 1134 5 1135 6 1136 7 1137 8 1138 9 1139 5 1140 6 1141 7 1142 8 1143 9 1144 5 1145 6 1146 7 1147 8 1148 9 1149 5 1150 6 1151 7 1152 8 1153 9 1154 5 1155 6 1156 7 1157 8 1158 9 1159 5 1160 6 1161 7 1162 8 1163 9 1164 5 1165 6 1166 7 1167 8 1168 9 1169 5 1170 6 1171 7 1172 8 1173 9 1174 5 1175 6 1176 7 1177 8 1178 9 1179 5 1180 6 1181 7 1182 8 1183 9 1184 5 1185 6 1186 7 1187 8 1188 9 1189 5 1190 6 1191 7 1192 8 1193 9 1194 5 1195 6 1196 7 1197 8 1198 9 1199 5 1200 6 1201 7 1202 8 1203 9 1204 5 1205 6 1206 7 1207 8 1208 9 1209 5 1210 6 1211 7 1212 8 1213 9 1214 5 1215 6 1216 7 1217 8 1218 9 1219 5 1220 6 1221 7 1222 8 1223 9 1224 5 1225 6 1226 7 1227 8 1228 9 1229 5 1230 6 1231 7 1232 8 1233 9 1234 5 1235 6 1236 7 1237 8 1238 9 1239 5 1240 6 1241 7 1242 8 1243 9 1244 5 1245 6 1246 7 1247 8 1248 9 1249 5 1250 6 1251 7 1252 8 1253 9 1254 5 1255 6 1256 7 1257 8 1258 9 1259 5 1260 6 1261 7 1262 8 1263 9 1264 5 1265 6 1266 7 1267 8 1268 9 1269 5 1270 6 1271 7 1272 8 1273 9 1274 5 1275 6 1276 7 1277 8 1278 9 1279 5 1280 6 1281 7 1282 8 1283 9 1284 5 1285 6 1286 7 1287 8 1288 9 1289 5 1290 6 1291 7 1292 8 1293 9 1294 5 1295 6 1296 7 1297 8 1298 9 1299 5 1300 6 1301 7 1302 8 1303 9 1304 5 1305 6 1306 7 1307 8 1308 9 1309 5 1310 6 1311 7 1312 8 1313 9 1314 5 1315 6 1316 7 1317 8 1318 9 1319 5 1320 6 1321 7 1322 8 1323 9 1324 5 1325 6 1326 7 1327 8 1328 9 1329 5 1330 6 1331 7 1332 8 1333 9 1334 5 1335 6 1336 7 1337 8 1338 9 1339 5 1340 6 1341 7 1342 8 1343 9 1344 5 1345 6 1346 7 1347 8 1348 9 1349 5 1350 6 1351 7 1352 8 1353 9 1354 5 1355 6 1356 7 1357 8 1358 9 1359 5 1360 6 1361 7 1362 8 1363 9 1364 5 1365 6 1366 7 1367 8 1368 9 1369 5 1370 6 1371 7 1372 8 1373 9 1374 5 1375 6 1376 7 1377 8 1378 9 1379 5 1380 6 1381 7 1382 8 1383 9 1384 5 1385 6 1386 7 1387 8 1388 9 1389 5 1390 6 1391 7 1392 8 1393 9 1394 5 1395 6 1396 7 1397 8 1398 9 1399 5 1400 6 1401 7 1402 8 1403 9 1404 5 1405 6 1406 7 1407 8 1408 9 1409 5 1410 6 1411 7 1412 8 1413 9 1414 5 1415 6 1416 7 1417 8 1418 9 1419 5 1420 6 1421 7 1422 8 1423 9 1424 5 1425 6 1426 7 1427 8 1428 9 1429 5 1430 6 1431 7 1432 8 1433 9 1434 5 1435 6 1436 7 1437 8 1438 9 1439 5 1440 6 1441 7 1442 8 1443 9 1444 5 1445 6 1446 7 1447 8 1448 9 1449 5 1450 6 1451 7 1452 8 1453 9 1454 5 1455 6 1456 7 1457 8 1458 9 1459 5 1460 6 1461 7 1462 8 1463 9 1464 5 1465 6 1466 7 1467 8 1468 9 1469 5 1470 6 1471 7 1472 8 1473 9 1474 5 1475 6 1476 7 1477 8 1478 9 1479 5 1480 6 1481 7 1482 8 1483 9 1484 5 1485 6 1486 7 1487 8 1488 9 1489 5 1490 6 1491 7 1492 8 1493 9 1494 5 1495 6 1496 7 1497 8 1498 9 1499 5 1500 6 1501 7 1502 8 1503 9 1504 5 1505 6 1506 7 1507 8 1508 9 1509 5 1510 6 1511 7 1512 8 1513 9 1514 5 1515 6 1516 7 1517 8 1518 9 1519 5 1520 6 1521 7 1522 8 1523 9 1524 5 1525 6 1526 7 1527 8 1528 9 1529 5 1530 6 1531 7 1532 8 1533 9 1534 5 1535 6 1536 7 1537 8 1538 9 1539 5 1540 6 1541 7 1542 8 1543 9 1544 5 1545 6 1546 7 1547 8 1548 9 1549 5 1550 6 1551 7 1552 8 1553 9 1554 5 1555 6 1556 7 1557 8 1558 9 1559 5 1560 6 1561 7 1562 8 1563 9 1564 5 1565 6 1566 7 1567 8 1568 9 1569 5 1570 6 1571 7 1572 8 1573 9 1574 5 1575 6 1576 7 1577 8 1578 9 1579 5 1580 6 1581 7 1582 8 1583 9 1584 5 1585 6 1586 7 1587 8 1588 9 1589 5 1590 6 1591 7 1592 8 1593 9 1594 5 1595 6 1596 7 1597 8 1598 9 1599 5 1600 6 1601 7 1602 8 1603 9 1604 5 1605 6 1606 7 1607 8 1608 9 1609 5 1610 6 1611 7 1612 8 1613 9 1614 5 1615 6 1616 7 1617 8 1618 9 1619 5 1620 6 1621 7 1622 8 1623 9 1624 5 1625 6 1626 7 1627 8 1628 9 1629 5 1630 6 1631 7 1632 8 1633 9 1634 5 1635 6 1636 7 1637 8 1638 9 1639 5 1640 6 1641 7 1642 8 1643 9 1644 5 1645 6 1646 7 1647 8 1648 9 1649 5 1650 6 1651 7 1652 8 1653 9 1654 5 1655 6 1656 7 1657 8 1658 9 1659 5 1660 6 1661 7 1662 8 1663 9 1664 5 1665 6 1666 7 1667 8 1668 9 1669 5 1670 6 1671 7 1672 8 1673 9 1674 5 1675 6 1676 7 1677 8 1678 9 1679 5 1680 6 1681 7 1682 8 1683 9 1684 5 1685 6 1686 7 1687 8 1688 9 1689 5 1690 6 1691 7 1692 8 1693 9 1694 5 1695 6 1696 7 1697 8 1698 9 1699 5 1700 6 1701 7 1702 8 1703 9 1704 5 1705 6 1706 7 1707 8 1708 9 1709 5 1710 6 1711 7 1712 8 1713 9 1714 5 1715 6 1716 7 1717 8 1718 9 1719 5 1720 6 1721 7 1722 8 1723 9 1724 5 1725 6 1726 7 1727 8 1728 9 1729 5 1730 6 1731 7 1732 8 1733 9 1734 5 1735 6 1736 7 1737 8 1738 9 1739 5 1740 6 1741 7 1742 8 1743 9 1744 5 1745 6 1746 7 1747 8 1748 9 1749 5 1750 6 1751 7 1752 8 1753 9 1754 5 1755 6 1756 7 1757 8 1758 9 1759 5 1760 6 1761 7 1762 8 1763 9 1764 5 1765 6 1766 7 1767 8 1768 9 1769 5 1770 6 1771 7 1772 8 1773 9 1774 5 1775 6 1776 7 1777 8 1778 9 1779 5 1780 6 1781 7 1782 8 1783 9 1784 5 1785 6 1786 7 1787 8 1788 9 1789 5 1790 6 1791 7 1792 8 1793 9 1794 5 1795 6 1796 7 1797 8 1798 9 1799 5 1800 6 1801 7 1802 8 1803 9 1804 5 1805 6 1806 7 1807 8 1808 9 1809 5 1810 6 1811 7 1812 8 1813 9 1814 5 1815 6 1816 7 1817 8 1818 9 1819 5 1820 6 1821 7 1822 8 1823 9 1824 5 1825 6 1826 7 1827 8 1828 9 1829 5 1830 6 1831 7 1832 8 1833 9 1834 5 1835 6 1836 7 1837 8 1838 9 1839 5 1840 6 1841 7 1842 8 1843 9 1844 5 1845 6 1846 7 1847 8 1848 9 1849 5 1850 6 1851 7 1852 8 1853 9 1854 5 1855 6 1856 7 1857 8 1858 9 1859 5 1860 6 1861 7 1862 8 1863 9 1864 5 1865 6 1866 7 1867 8 1868 9 1869 5 1870 6 1871 7 1872 8 1873 9 1874 5 1875 6 1876 7 1877 8 1878 9 1879 5 1880 6 1881 7 1882 8 1883 9 1884 5 1885 6 1886 7 1887 8 1888 9 1889 5 1890 6 1891 7 1892 8 1893 9 1894 5 1895 6 1896 7 1897 8 1898 9 1899 5 1900 6 1901 7 1902 8 1903 9 1904 5 1905 6 1906 7 1907 8 1908 9 1909 5 1910 6 1911 7 1912 8 1913 9 1914 5 1915 6 1916 7 1917 8 1918 9 1919 5 1920 6 1921 7 1922 8 1923 9 1924 5 1925 6 1926 7 1927 8 1928 9 1929 5 1930 6 1931 7 1932 8 1933 9 1934 5 1935 6 1936 7 1937 8 1938 9 1939 5 1940 6 1941 7 1942 8 1943 9 1944 5 1945 6 1946 7 1947 8 1948 9 1949 5 1950 6 1951 7 1952 8 1953 9 1954 5 1955 6 1956 7 1957 8 1958 9 1959 5 1960 6 1961 7 1962 8 1963 9 1964 5 1965 6 1966 7 1967 8 1968 9 1969 5 1970 6 1971 7 1972 8 1973 9 1974 5 1975 6 1976 7 1977 8 1978 9 1979 5 1980 6 1981 7 1982 8 1983 9 1984 5 1985 6 1986 7 1987 8 1988 9 1989 5 1990 6 1991 7 1992 8 1993 9 1994 5 1995 6 1996 7 1997 8 1998 9 1999 5 2000 6 2001 7 2002 8 2003 9 2004 5 2005 6 2006 7 2007 8 2008 9 2009 5 2010 6 2011 7 2012 8 2013 9 2014 5 2015 6 2016 7 2017 8 2018 9 2019 5 2020 6 2021 7 2022 8 2023 9 2024 5 2025 6 2026 7 2027 8 2028 9 2029 5 2030 6 2031 7 2032 8 2033 9 2034 5 2035 6 2036 7 2037 8 2038 9 2039 5 2040 6 2041 7 2042 8 2043 9 2044 5 2045 6 2046 7 2047 8 2048 9 2049 5 2050 6 2051 7 2052 8 2053 9 2054 5 2055 6 2056 7 2057 8 2058 9 2059 5 2060 6 2061 7 2062 8 2063 9 2064 5 2065 6 2066 7 2067 8 2068 9 2069 5 2070 6 2071 7 2072 8 2073 9 2074 5 2075 6 2076 7 2077 8 2078 9 2079 5 2080 6 2081 7 2082 8 2083 9 2084 5 2085 6 2086 7 2087 8 2088 9 2089 5 2090 6 2091 7 2092 8 2093 9 2094 5 2095 6 2096 7 2097 8 2098 9 2099 5 2100 6 2101 7 2102 8 2103 9 2104 5 2105 6 2106 7 2107 8 2108 9 2109 5 2110 6 2111 7 2112 8 2113 9 2114 5 2115 6 2116 7 2117 8 2118 9 2119 5 2120 6 2121 7 2122 8 2123 9 2124 5 2125 6 2126 7 2127 8 2128 9 2129 5 2130 6 2131 7 2132 8 2133 9 2134 5 2135 6 2136 7 2137 8 2138 9 2139 5 2140 6 2141 7 2142 8 2143 9 2144 5 2145 6 2146 7 2147 8 2148 9 2149 5 2150 6 2151 7 2152 8 2153 9 2154 5 2155 6 2156 7 2157 8 2158 9 2159 5 2160 6 2161 7 2162 8 2163 9 2164 5 2165 6 2166 7 2167 8 2168 9 2169 5 2170 6 2171 7 2172 8 2173 9 2174 5 2175 6 2176 7 2177 8 2178 9 2179 5 2180 6 2181 7 2182 8 2183 9 2184 5 2185 6 2186 7 2187 8 2188 9 2189 5 2190 6 2191 7 2192 8 2193 9 2194 5 2195 6 2196 7 2197 8 2198 9 2199 5 2200 6 2201 7 2202 8 2203 9 2204 5 2205 6 2206 7 2207 8 2208 9 2209 5 2210 6 2211 7 2212 8 2213 9 2214 5 2215 6 2216 7 2217 8 2218 9 2219 5 2220 6 2221 7 2222 8 2223 9 2224 5 2225 6 2226 7 2227 8 2228 9 2229 5 2230 6 2231 7 2232 8 2233 9 2234 5 2235 6 2236 7 2237 8 2238 9 2239 5 2240 6 2241 7 2242 8 2243 9 2244 5 2245 6 2246 7 2247 8 2248 9 2249 5 2250 6 2251 7 2252 8 2253 9 2254 5 2255 6 2256 7 2257 8 2258 9 2259 5 2260 6 2261 7 2262 8 2263 9 2264 5 2265 6 2266 7 2267 8 2268 9 2269 5 2270 6 2271 7 2272 8 2273 9 2274 5 2275 6 2276 7 2277 8 2278 9 2279 5 2280 6 2281 7 2282 8 2283 9 2284 5 2285 6 2286 7 2287 8 2288 9 2289 5 2290 6 2291 7 2292 8 2293 9 2294 5 2295 6 2296 7 2297 8 2298 9 2299 5 2300 6 2301 7 2302 8 2303 9 2304 5 2305 6 2306 7 2307 8 2308 9 2309 5 2310 6 2311 7 2312 8 2313 9 2314 5 2315 6 2316 7 2317 8 2318 9 2319 5 2320 6 2321 7 2322 8 2323 9 2324 5 2325 6 2326 7 2327 8 2328 9 2329 5 2330 6 2331 7 2332 8 2333 9 2334 5 2335 6 2336 7 2337 8 2338 9 2339 5 2340 6 2341 7 2342 8 2343 9 2344 5 2345 6 2346 7 2347 8 2348 9 2349 5 2350 6 2351 7 2352 8 2353 9 2354 5 2355 6 2356 7 2357 8 2358 9 2359 5 2360 6 2361 7 2362 8 2363 9 2364 5 2365 6 2366 7 2367 8 2368 9 2369 5 2370 6 2371 7 2372 8 2373 9 2374 5 2375 6 2376 7 2377 8 2378 9 2379 5 2380 6 2381 7 2382 8 2383 9 2384 5 2385 6 2386 7 2387 8 2388 9 2389 5 2390 6 2391 7 2392 8 2393 9 2394 5 2395 6 2396 7 2397 8 2398 9 2399 5 2400 6 2401 7 2402 8 2403 9 2404 5 2405 6 2406 7 2407 8 2408 9 2409 5 2410 6 2411 7 2412 8 2413 9 2414 5 2415 6 2416 7 2417 8 2418 9 2419 5 2420 6 2421 7 2422 8 2423 9 2424 5 2425 6 2426 7 2427 8 2428 9 2429 5 2430 6 2431 7 2432 8 2433 9 2434 5 2435 6 2436 7 2437 8 2438 9 2439 5 2440 6 2441 7 2442 8 2443 9 2444 5 2445 6 2446 7 2447 8 2448 9 2449 5 2450 6 2451 7 2452 8 2453 9 2454 5 2455 6 2456 7 2457 8 2458 9 2459 5 2460 6 2461 7 2462 8 2463 9 2464 5 2465 6 2466 7 2467 8 2468 9 2469 5 2470 6 2471 7 2472 8 2473 9 2474 5 2475 6 2476 7 2477 8 2478 9 2479 5 2480 6 2481 7 2482 8 2483 9 2484 5 2485 6 2486 7 2487 8 2488 9 2489 5 2490 6 2491 7 2492 8 2493 9 2494 5 2495 6 2496 7 2497 8 2498 9 2499 5 2500 6 2501 7 2502 8 2503 9 2504 5 2505 6 2506 7 2507 8 2508 9 2509 5 2510 6 2511 7 2512 8 2513 9 2514 5 2515 6 2516 7 2517 8 2518 9 2519 5 2520 6 2521 7 2522 8 2523 9 2524 5 2525 6 2526 7 2527 8 2528 9 2529 5 2530 6 2531 7 2532 8 2533 9 2534 5 2535 6 2536 7 2537 8 2538 9 2539 5 2540 6 2541 7 2542 8 2543 9 2544 5 2545 6 2546 7 2547 8 2548 9 2549 5 2550 6 2551 7 2552 8 2553 9 2554 5 2555 6 2556 7 2557 8 2558 9 2559 5 2560 6 2561 7 2562 8 2563 9 2564 5 2565 6 2566 7 2567 8 2568 9 2569 5 2570 6 2571 7 2572 8 2573 9 2574 5 2575 6 2576 7 2577 8 2578 9 2579 5 2580 6 2581 7 2582 8 2583 9 2584 5 2585 6 2586 7 2587 8 2588 9 2589 5 2590 6 2591 7 2592 8 2593 9 2594 5 2595 6 2596 7 2597 8 2598 9 2599 5 2600 6 2601 7 2602 8 2603 9 2604 5 2605 6 2606 7 2607 8 2608 9 2609 5 2610 6 2611 7 2612 8 2613 9 2614 5 2615 6 2616 7 2617 8 2618 9 2619 5 2620 6 2621 7 2622 8 2623 9 2624 5 2625 6 2626 7 2627 8 2628 9 2629 5 2630 6 2631 7 2632 8 2633 9 2634 5 2635 6 2636 7 2637 8 2638 9 2639 5 2640 6 2641 7 2642 8 2643 9 2644 5 2645 6 2646 7 2647 8 2648 9 2649 5 2650 6 2651 7 2652 8 2653 9 2654 5 2655 6 2656 7 2657 8 2658 9 2659 5 2660 6 2661 7 2662 8 2663 9 2664 5 2665 6 2666 7 2667 8 2668 9 2669 5 2670 6 2671 7 2672 8 2673 9 2674 5 2675 6 2676 7 2677 8 2678 9 2679 5 2680 6 2681 7 2682 8 2683 9 2684 5 2685 6 2686 7 2687 8 2688 9 2689 5 2690 6 2691 7 2692 8 2693 9 2694 5 2695 6 2696 7 2697 8 2698 9 2699 5 2700 6 2701 7 2702 8 2703 9 2704 5 2705 6 2706 7 2707 8 2708 9 2709 5 2710 6 2711 7 2712 8 2713 9 2714 5 2715 6 2716 7 2717 8 2718 9 2719 5 2720 6 2721 7 2722 8 2723 9 2724 5 2725 6 2726 7 2727 8 2728 9 2729 5 2730 6 2731 7 2732 8 2733 9 2734 5 2735 6 2736 7 2737 8 2738 9 2739 5 2740 6 2741 7 2742 8 2743 9 2744 5 2745 6 2746 7 2747 8 2748 9 2749 5 2750 6 2751 7 2752 8 2753 9 2754 5 2755 6 2756 7 2757 8 2758 9 2759 5 2760 6 2761 7 2762 8 2763 9 2764 5 2765 6 2766 7 2767 8 2768 9 2769 5 2770 6 2771 7 2772 8 2773 9 2774 5 2775 6 2776 7 2777 8 2778 9 2779 5 2780 6 2781 7 2782 8 2783 9 2784 5 2785 6 2786 7 2787 8 2788 9 2789 5 2790 6 2791 7 2792 8 2793 9 2794 5 2795 6 2796 7 2797 8 2798 9 2799 5 2800 6 2801 7 2802 8 2803 9 2804 5 2805 6 2806 7 2807 8 2808 9 2809 5 2810 6 2811 7 2812 8 2813 9 2814 5 2815 6 2816 7 2817 8 2818 9 2819 5 2820 6 2821 7 2822 8 2823 9 2824 5 2825 6 2826 7 2827 8 2828 9 2829 5 2830 6 2831 7 2832 8 2833 9 2834 5 2835 6 2836 7 2837 8 2838 9 2839 5 2840 6 2841 7 2842 8 2843 9 2844 5 2845 6 2846 7 2847 8 2848 9 2849 5 2850 6 2851 7 2852 8 2853 9 2854 5 2855 6 2856 7 2857 8 2858 9 2859 5 2860 6 2861 7 2862 8 2863 9 2864 5 2865 6 2866 7 2867 8 2868 9 2869 5 2870 6 2871 7 2872 8 2873 9 2874 5 2875 6 2876 7 2877 8 2878 9 2879 5 2880 6 2881 7 2882 8 2883 9 2884 5 2885 6 2886 7 2887 8 2888 9 2889 5 2890 6 2891 7 2892 8 2893 9 2894 5 2895 6 2896 7 2897 8 2898 9 2899 5 2900 6 2901 7 2902 8 2903 9 2904 5 2905 6 2906 7 2907 8 2908 9 2909 5 2910 6 2911 7 2912 8 2913 9 2914 5 2915 6 2916 7 2917 8 2918 9 2919 5 2920 6 2921 7 2922 8 2923 9 2924 5 2925 6 2926 7 2927 8 2928 9 2929 5 2930 6 2931 7 2932 8 2933 9 2934 5 2935 6 2936 7 2937 8 2938 9 2939 5 2940 6 2941 7 2942 8 2943 9 2944 5 2945 6 2946 7 2947 8 2948 9 2949 5 2950 6 2951 7 2952 8 2953 9 2954 5 2955 6 2956 7 2957 8 2958 9 2959 5 2960 6 2961 7 2962 8 2963 9 2964 5 2965 6 2966 7 2967 8 2968 9 2969 5 2970 6 2971 7 2972 8 2973 9 2974 5 2975 6 2976 7 2977 8 2978 9 2979 5 2980 6 2981 7 2982 8 2983 9 2984 5 2985 6 2986 7 2987 8 2988 9 2989 5 2990 6 2991 7 2992 8 2993 9 2994 5 2995 6 2996 7 2997 8 2998 9 2999 5 3000 6 3001 7 3002 8 3003 9 3004 5 3005 6 3006 7 3007 8 3008 9 3009 5 3010 6 3011 7 3012 8 3013 9 3014 5 3015 6 3016 7 3017 8 3018 9 3019 5 3020 6 3021 7 3022 8 3023 9 3024 5 3025 6 3026 7 3027 8 3028 9 3029 5 3030 6 3031 7 3032 8 3033 9 3034 5 3035 6 3036 7 3037 8 3038 9 3039 5 3040 6 3041 7 3042 8 3043 9 3044 5 3045 6 3046 7 3047 8 3048 9 3049 5 3050 6 3051 7 3052 8 3053 9 3054 5 3055 6 3056 7 3057 8 3058 9 3059 5 3060 6 3061 7 3062 8 3063 9 3064 5 3065 6 3066 7 3067 8 3068 9 3069 5 3070 6 3071 7 3072 8 3073 9 3074 5 3075 6 3076 7 3077 8 3078 9 3079 5 3080 6 3081 7 3082 8 3083 9 3084 5 3085 6 3086 7 3087 8 3088 9 3089 5 3090 6 3091 7 3092 8 3093 9 3094 5 3095 6 3096 7 3097 8 3098 9 3099 5 3100 6 3101 7 3102 8 3103 9 3104 5 3105 6 3106 7 3107 8 3108 9 3109 5 3110 6 3111 7 3112 8 3113 9 3114 5 3115 6 3116 7 3117 8 3118 9 3119 5 3120 6 3121 7 3122 8 3123 9 3124 5 3125 6 3126 7 3127 8 3128 9 3129 5 3130 6 3131 7 3132 8 3133 9 3134 5 3135 6 3136 7 3137 8 3138 9 3139 5 3140 6 3141 7 3142 8 3143 9 3144 5 3145 6 3146 7 3147 8 3148 9 3149 5 3150 6 3151 7 3152 8 3153 9 3154 5 3155 6 3156 7 3157 8 3158 9 3159 5 3160 6 3161 7 3162 8 3163 9 3164 5 3165 6 3166 7 3167 8 3168 9 3169 5 3170 6 3171 7 3172 8 3173 9 3174 5 3175 6 3176 7 3177 8 3178 9 3179 5 3180 6 3181 7 3182 8 3183 9 3184 5 3185 6 3186 7 3187 8 3188 9 3189 5 3190 6 3191 7 3192 8 3193 9 3194 5 3195 6 3196 7 3197 8 3198 9 3199 5 3200 6 3201 7 3202 8 3203 9 3204 5 3205 6 3206 7 3207 8 3208 9 3209 5 3210 6 3211 7 3212 8 3213 9 3214 5 3215 6 3216 7 3217 8 3218 9 3219 5 3220 6 3221 7 3222 8 3223 9 3224 5 3225 6 3226 7 3227 8 3228 9 3229 5 3230 6 3231 7 3232 8 3233 9 3234 5 3235 6 3236 7 3237 8 3238 9 3239 5 3240 6 3241 7 3242 8 3243 9 3244 5 3245 6 3246 7 3247 8 3248 9 3249 5 3250 6 3251 7 3252 8 3253 9 3254 5 3255 6 3256 7 3257 8 3258 9 3259 5 3260 6 3261 7 3262 8 3263 9 3264 5 3265 6 3266 7 3267 8 3268 9 3269 5 3270 6 3271 7 3272 8 3273 9 3274 5 3275 6 3276 7 3277 8 3278 9 3279 5 3280 6 3281 7 3282 8 3283 9 3284 5 3285 6 3286 7 3287 8 3288 9 3289 5 3290 6 3291 7 3292 8 3293 9 3294 5 3295 6 3296 7 3297 8 3298 9 3299 5 3300 6 3301 7 3302 8 3303 9 3304 5 3305 6 3306 7 3307 8 3308 9 3309 5 3310 6 3311 7 3312 8 3313 9 3314 5 3315 6 3316 7 3317 8 3318 9 3319 5 3320 6 3321 7 3322 8 3323 9 3324 5 3325 6 3326 7 3327 8 3328 9 3329 5 3330 6 3331 7 3332 8 3333 9 3334 5 3335 6 3336 7 3337 8 3338 9 3339 5 3340 6 3341 7 3342 8 3343 9 3344 5 3345 6 3346 7 3347 8 3348 9 3349 5 3350 6 3351 7 3352 8 3353 9 3354 5 3355 6 3356 7 3357 8 3358 9 3359 5 3360 6 3361 7 3362 8 3363 9 3364 5 3365 6 3366 7 3367 8 3368 9 3369 5 3370 6 3371 7 3372 8 3373 9 3374 5 3375 6 3376 7 3377 8 3378 9 3379 5 3380 6 3381 7 3382 8 3383 9 3384 5 3385 6 3386 7 3387 8 3388 9 3389 5 3390 6 3391 7 3392 8 3393 9 3394 5 3395 6 3396 7 3397 8 3398 9 3399 5 3400 6 3401 7 3402 8 3403 9 3404 5 3405 6 3406 7 3407 8 3408 9 3409 5 3410 6 3411 7 3412 8 3413 9 3414 5 3415 6 3416 7 3417 8 3418 9 3419 5 3420 6 3421 7 3422 8 3423 9 3424 5 3425 6 3426 7 3427 8 3428 9 3429 5 3430 6 3431 7 3432 8 3433 9 3434 5 3435 6 3436 7 3437 8 3438 9 3439 5 3440 6 3441 7 3442 8 3443 9 3444 5 3445 6 3446 7 3447 8 3448 9 3449 5 3450 6 3451 7 3452 8 3453 9 3454 5 3455 6 3456 7 3457 8 3458 9 3459 5 3460 6 3461 7 3462 8 3463 9 3464 5 3465 6 3466 7 3467 8 3468 9 3469 5 3470 6 3471 7 3472 8 3473 9 3474 5 3475 6 3476 7 3477 8 3478 9 3479 5 3480 6 3481 7 3482 8 3483 9 3484 5 3485 6 3486 7 3487 8 3488 9 3489 5 3490 6 3491 7 3492 8 3493 9 3494 5 3495 6 3496 7 3497 8 3498 9 3499 5 3500 6 3501 7 3502 8 3503 9 3504 5 3505 6 3506 7 3507 8 3508 9 3509 5 3510 6 3511 7 3512 8 3513 9 3514 5 3515 6 3516 7 3517 8 3518 9 3519 5 3520 6 3521 7 3522 8 3523 9 3524 5 3525 6 3526 7 3527 8 3528 9 3529 5 3530 6 3531 7 3532 8 3533 9 3534 5 3535 6 3536 7 3537 8 3538 9 3539 5 3540 6 3541 7 3542 8 3543 9 3544 5 3545 6 3546 7 3547 8 3548 9 3549 5 3550 6 3551 7 3552 8 3553 9 3554 5 3555 6 3556 7 3557 8 3558 9 3559 5 3560 6 3561 7 3562 8 3563 9 3564 5 3565 6 3566 7 3567 8 3568 9 3569 5 3570 6 3571 7 3572 8 3573 9 3574 5 3575 6 3576 7 3577 8 3578 9 3579 5 3580 6 3581 7 3582 8 3583 9 3584 5 3585 6 3586 7 3587 8 3588 9 3589 5 3590 6 3591 7 3592 8 3593 9 3594 5 3595 6 3596 7 3597 8 3598 9 3599 5 3600 6 3601 7 3602 8 3603 9 3604 5 3605 6 3606 7 3607 8 3608 9 3609 5 3610 6 3611 7 3612 8 3613 9 3614 5 3615 6 3616 7 3617 8 3618 9 3619 5 3620 6 3621 7 3622 8 3623 9 3624 5 3625 6 3626 7 3627 8 3628 9 3629 5 3630 6 3631 7 3632 8 3633 9 3634 5 3635 6 3636 7 3637 8 3638 9 3639 5 3640 6 3641 7 3642 8 3643 9 3644 5 3645 6 3646 7 3647 8 3648 9 3649 5 3650 6 3651 7 3652 8 3653 9 3654 5 3655 6 3656 7 3657 8 3658 9 3659 5 3660 6 3661 7 3662 8 3663 9 3664 5 3665 6 3666 7 3667 8 3668 9 3669 5 3670 6 3671 7 3672 8 3673 9 3674 5 3675 6 3676 7 3677 8 3678 9 3679 5 3680 6 3681 7 3682 8 3683 9 3684 5 3685 6 3686 7 3687 8 3688 9 3689 5 3690 6 3691 7 3692 8 3693 9 3694 5 3695 6 3696 7 3697 8 3698 9 3699 5 3700 6 3701 7 3702 8 3703 9 3704 5 3705 6 3706 7 3707 8 3708 9 3709 5 3710 6 3711 7 3712 8 3713 9 3714 5 3715 6 3716 7 3717 8 3718 9 3719 5 3720 6 3721 7 3722 8 3723 9 3724 5 3725 6 3726 7 3727 8 3728 9 3729 5 3730 6 3731 7 3732 8 3733 9 3734 5 3735 6 3736 7 3737 8 3738 9 3739 5 3740 6 3741 7 3742 8 3743 9 3744 5 3745 6 3746 7 3747 8 3748 9 3749 5 3750 6 3751 7 3752 8 3753 9 3754 5 3755 6 3756 7 3757 8 3758 9 3759 5 3760 6 3761 7 3762 8 3763 9 3764 5 3765 6 3766 7 3767 8 3768 9 3769 5 3770 6 3771 7 3772 8 3773 9 3774 5 3775 6 3776 7 3777 8 3778 9 3779 5 3780 6 3781 7 3782 8 3783 9 3784 5 3785 6 3786 7 3787 8 3788 9 3789 5 3790 6 3791 7 3792 8 3793 9 3794 5 3795 6 3796 7 3797 8 3798 9 3799 5 3800 6 3801 7 3802 8 3803 9 3804 5 3805 6 3806 7 3807 8 3808 9 3809 5 3810 6 3811 7 3812 8 3813 9 3814 5 3815 6 3816 7 3817 8 3818 9 3819 5 3820 6 3821 7 3822 8 3823 9 3824 5 3825 6 3826 7 3827 8 3828 9 3829 5 3830 6 3831 7 3832 8 3833 9 3834 5 3835 6 3836 7 3837 8 3838 9 3839 5 3840 6 3841 7 3842 8 3843 9 3844 5 3845 6 3846 7 3847 8 3848 9 3849 5 3850 6 3851 7 3852 8 3853 9 3854 5 3855 6 3856 7 3857 8 3858 9 3859 5 3860 6 3861 7 3862 8 3863 9 3864 5 3865 6 3866 7 3867 8 3868 9 3869 5 3870 6 3871 7 3872 8 3873 9 3874 5 3875 6 3876 7 3877 8 3878 9 3879 5 3880 6 3881 7 3882 8 3883 9 3884 5 3885 6 3886 7 3887 8 3888 9 3889 5 3890 6 3891 7 3892 8 3893 9 3894 5 3895 6 3896 7 3897 8 3898 9 3899 5 3900 6 3901 7 3902 8 3903 9 3904 5 3905 6 3906 7 3907 8 3908 9 3909 5 3910 6 3911 7 3912 8 3913 9 3914 5 3915 6 3916 7 3917 8 3918 9 3919 5 3920 6 3921 7 3922 8 3923 9 3924 5 3925 6 3926 7 3927 8 3928 9 3929 5 3930 6 3931 7 3932 8 3933 9 3934 5 3935 6 3936 7 3937 8 3938 9 3939 5 3940 6 3941 7 3942 8 3943 9 3944 5 3945 6 3946 7 3947 8 3948 9 3949 5 3950 6 3951 7 3952 8 3953 9 3954 5 3955 6 3956 7 3957 8 3958 9 3959 5 3960 6 3961 7 3962 8 3963 9 3964 5 3965 6 3966 7 3967 8 3968 9 3969 5 3970 6 3971 7 3972 8 3973 9 3974 5 3975 6 3976 7 3977 8 3978 9 3979 5 3980 6 3981 7 3982 8 3983 9 3984 5 3985 6 3986 7 3987 8 3988 9 3989 5 3990 6 3991 7 3992 8 3993 9 3994 5 3995 6 3996 7 3997 8 3998 9 3999 5 4000 6 4001 7 4002 8 4003 9 4004 5 4005 6 4006 7 4007 8 4008 9 4009 5 4010 6 4011 7 4012 8 4013 9 4014 5 4015 6 4016 7 4017 8 4018 9 4019 5 4020 6 4021 7 4022 8 4023 9 4024 5 4025 6 4026 7 4027 8 4028 9 4029 5 4030 6 4031 7 4032 8 4033 9 4034 5 4035 6 4036 7 4037 8 4038 9 4039 5 4040 6 4041 7 4042 8 4043 9 4044 5 4045 6 4046 7 4047 8 4048 9 4049 5 4050 6 4051 7 4052 8 4053 9 4054 5 4055 6 4056 7 4057 8 4058 9 4059 5 4060 6 4061 7 4062 8 4063 9 4064 5 4065 6 4066 7 4067 8 4068 9 4069 5 4070 6 4071 7 4072 8 4073 9 4074 5 4075 6 4076 7 4077 8 4078 9 4079 5 4080 6 4081 7 4082 8 4083 9 4084 5 4085 6 4086 7 4087 8 4088 9 4089 5 4090 6 4091 7 4092 8 4093 9 4094 5 4095 6 4096 7 4097 8 4098 9 4099 5 4100 6 4101 7 4102 8 4103 9 4104 5 4105 6 4106 7 4107 8 4108 9 4109 5 4110 6 4111 7 4112 8 4113 9 4114 5 4115 6 4116 7 4117 8 4118 9 4119 5 4120 6 4121 7 4122 8 4123 9 4124 5 4125 6 4126 7 4127 8 4128 9 4129 5 4130 6 4131 7 4132 8 4133 9 4134 5 4135 6 4136 7 4137 8 4138 9 4139 5 4140 6 4141 7 4142 8 4143 9 4144 5 4145 6 4146 7 4147 8 4148 9 4149 5 4150 6 4151 7 4152 8 4153 9 4154 4 4155 5 4156 6 4157 7 4158 8 4159 5 4160 6 4161 7 4162 8 4163 9 4164 4 4165 5 4166 6 4167 7 4168 8 4169 5 4170 6 4171 7 4172 8 4173 9 4174 5 4175 6 4176 7 4177 8 4178 9 4179 5 4180 6 4181 7 4182 8 4183 9 4184 5 4185 6 4186 7 4187 8 4188 9 4189 5 4190 6 4191 7 4192 8 4193 9 4194 5 4195 6 4196 7 4197 8 4198 9 4199 5 4200 6 4201 7 4202 8 4203 9 4204 5 4205 6 4206 7 4207 8 4208 9 4209 5 4210 6 4211 7 4212 8 4213 9 4214 5 4215 6 4216 7 4217 8 4218 9 4219 5 4220 6 4221 7 4222 8 4223 9 4224 5 4225 6 4226 7 4227 8 4228 9 4229 5 4230 6 4231 7 4232 8 4233 9 4234 5 4235 6 4236 7 4237 8 4238 9 4239 5 4240 6 4241 7 4242 8 4243 9 4244 5 4245 6 4246 7 4247 8 4248 9 4249 5 4250 6 4251 7 4252 8 4253 9 4254 5 4255 6 4256 7 4257 8 4258 9 4259 5 4260 6 4261 7 4262 8 4263 9 4264 5 4265 6 4266 7 4267 8 4268 9 4269 5 4270 6 4271 7 4272 8 4273 9 4274 5 4275 6 4276 7 4277 8 4278 9 4279 5 4280 6 4281 7 4282 8 4283 9 4284 5 4285 6 4286 7 4287 8 4288 9 4289 5 4290 6 4291 7 4292 8 4293 9 4294 5 4295 6 4296 7 4297 8 4298 9 4299 5 4300 6 4301 7 4302 8 4303 9 4304 5 4305 6 4306 7 4307 8 4308 9 4309 5 4310 6 4311 7 4312 8 4313 9 4314 5 4315 6 4316 7 4317 8 4318 9 4319 5 4320 6 4321 7 4322 8 4323 9 4324 5 4325 6 4326 7 4327 8 4328 9 4329 5 4330 6 4331 7 4332 8 4333 9 4334 5 4335 6 4336 7 4337 8 4338 9 4339 5 4340 6 4341 7 4342 8 4343 9 4344 5 4345 6 4346 7 4347 8 4348 9 4349 5 4350 6 4351 7 4352 8 4353 9 4354 5 4355 6 4356 7 4357 8 4358 9 4359 5 4360 6 4361 7 4362 8 4363 9 4364 5 4365 6 4366 7 4367 8 4368 9 4369 5 4370 6 4371 7 4372 8 4373 9 4374 5 4375 6 4376 7 4377 8 4378 9 4379 5 4380 6 4381 7 4382 8 4383 9 4384 5 4385 6 4386 7 4387 8 4388 9 4389 5 4390 6 4391 7 4392 8 4393 9 4394 5 4395 6 4396 7 4397 8 4398 9 4399 5 4400 6 4401 7 4402 8 4403 9 4404 5 4405 6 4406 7 4407 8 4408 9 4409 5 4410 6 4411 7 4412 8 4413 9 4414 5 4415 6 4416 7 4417 8 4418 9 4419 5 4420 6 4421 7 4422 8 4423 9 4424 5 4425 6 4426 7 4427 8 4428 9 4429 5 4430 6 4431 7 4432 8 4433 9 4434 5 4435 6 4436 7 4437 8 4438 9 4439 5 4440 6 4441 7 4442 8 4443 9 4444 5 4445 6 4446 7 4447 8 4448 9 4449 5 4450 6 4451 7 4452 8 4453 9 4454 5 4455 6 4456 7 4457 8 4458 9 4459 5 4460 6 4461 7 4462 8 4463 9 4464 5 4465 6 4466 7 4467 8 4468 9 4469 5 4470 6 4471 7 4472 8 4473 9 4474 5 4475 6 4476 7 4477 8 4478 9 4479 5 4480 6 4481 7 4482 8 4483 9 4484 5 4485 6 4486 7 4487 8 4488 9 4489 5 4490 6 4491 7 4492 8 4493 9 4494 5 4495 6 4496 7 4497 8 4498 9 4499 5 4500 6 4501 7 4502 8 4503 9 4504 5 4505 6 4506 7 4507 8 4508 9 4509 5 4510 6 4511 7 4512 8 4513 9 4514 5 4515 6 4516 7 4517 8 4518 9 4519 5 4520 6 4521 7 4522 8 4523 9 4524 5 4525 6 4526 7 4527 8 4528 9 4529 5 4530 6 4531 7 4532 8 4533 9 4534 5 4535 6 4536 7 4537 8 4538 9 4539 5 4540 6 4541 7 4542 8 4543 9 4544 5 4545 6 4546 7 4547 8 4548 9 4549 5 4550 6 4551 7 4552 8 4553 9 4554 5 4555 6 4556 7 4557 8 4558 9 4559 5 4560 6 4561 7 4562 8 4563 9 4564 5 4565 6 4566 7 4567 8 4568 9 4569 5 4570 6 4571 7 4572 8 4573 9 4574 5 4575 6 4576 7 4577 8 4578 9 4579 5 4580 6 4581 7 4582 8 4583 9 4584 5 4585 6 4586 7 4587 8 4588 9 4589 5 4590 6 4591 7 4592 8 4593 9 4594 5 4595 6 4596 7 4597 8 4598 9 4599 5 4600 6 4601 7 4602 8 4603 9 4604 5 4605 6 4606 7 4607 8 4608 9 4609 5 4610 6 4611 7 4612 8 4613 9 4614 5 4615 6 4616 7 4617 8 4618 9 4619 5 4620 6 4621 7 4622 8 4623 9 4624 5 4625 6 4626 7 4627 8 4628 9 4629 5 4630 6 4631 7 4632 8 4633 9 4634 5 4635 6 4636 7 4637 8 4638 9 4639 5 4640 6 4641 7 4642 8 4643 9 4644 5 4645 6 4646 7 4647 8 4648 9 4649 5 4650 6 4651 7 4652 8 4653 9 4654 5 4655 6 4656 7 4657 8 4658 9 4659 5 4660 6 4661 7 4662 8 4663 9 4664 5 4665 6 4666 7 4667 8 4668 9 4669 5 4670 6 4671 7 4672 8 4673 9 4674 5 4675 6 4676 7 4677 8 4678 9 4679 5 4680 6 4681 7 4682 8 4683 9 4684 5 4685 6 4686 7 4687 8 4688 9 4689 5 4690 6 4691 7 4692 8 4693 9 4694 5 4695 6 4696 7 4697 8 4698 9 4699 5 4700 6 4701 7 4702 8 4703 9 4704 5 4705 6 4706 7 4707 8 4708 9 4709 5 4710 6 4711 7 4712 8 4713 9 4714 5 4715 6 4716 7 4717 8 4718 9 4719 5 4720 6 4721 7 4722 8 4723 9 4724 5 4725 6 4726 7 4727 8 4728 9 4729 5 4730 6 4731 7 4732 8 4733 9 4734 5 4735 6 4736 7 4737 8 4738 9 4739 5 4740 6 4741 7 4742 8 4743 9 4744 5 4745 6 4746 7 4747 8 4748 9 4749 5 4750 6 4751 7 4752 8 4753 9 4754 5 4755 6 4756 7 4757 8 4758 9 4759 5 4760 6 4761 7 4762 8 4763 9 4764 5 4765 6 4766 7 4767 8 4768 9 4769 5 4770 6 4771 7 4772 8 4773 9 4774 5 4775 6 4776 7 4777 8 4778 9 4779 5 4780 6 4781 7 4782 8 4783 9 4784 5 4785 6 4786 7 4787 8 4788 9 4789 5 4790 6 4791 7 4792 8 4793 9 4794 5 4795 6 4796 7 4797 8 4798 9 4799 5 4800 6 4801 7 4802 8 4803 9 4804 5 4805 6 4806 7 4807 8 4808 9 4809 5 4810 6 4811 7 4812 8 4813 9 4814 5 4815 6 4816 7 4817 8 4818 9 4819 5 4820 6 4821 7 4822 8 4823 9 4824 5 4825 6 4826 7 4827 8 4828 9 4829 5 4830 6 4831 7 4832 8 4833 9 4834 5 4835 6 4836 7 4837 8 4838 9 4839 5 4840 6 4841 7 4842 8 4843 9 4844 5 4845 6 4846 7 4847 8 4848 9 4849 5 4850 6 4851 7 4852 8 4853 9 4854 5 4855 6 4856 7 4857 8 4858 9 4859 5 4860 6 4861 7 4862 8 4863 9 4864 5 4865 6 4866 7 4867 8 4868 9 4869 5 4870 6 4871 7 4872 8 4873 9 4874 5 4875 6 4876 7 4877 8 4878 9 4879 5 4880 6 4881 7 4882 8 4883 9 4884 5 4885 6 4886 7 4887 8 4888 9 4889 5 4890 6 4891 7 4892 8 4893 9 4894 5 4895 6 4896 7 4897 8 4898 9 4899 5 4900 6 4901 7 4902 8 4903 9 4904 5 4905 6 4906 7 4907 8 4908 9 4909 5 4910 6 4911 7 4912 8 4913 9 4914 5 4915 6 4916 7 4917 8 4918 9 4919 5 4920 6 4921 7 4922 8 4923 9 4924 5 4925 6 4926 7 4927 8 4928 9 4929 5 4930 6 4931 7 4932 8 4933 9 4934 5 4935 6 4936 7 4937 8 4938 9 4939 5 4940 6 4941 7 4942 8 4943 9 4944 5 4945 6 4946 7 4947 8 4948 9 4949 5 4950 6 4951 7 4952 8 4953 9 4954 5 4955 6 4956 7 4957 8 4958 9 4959 5 4960 6 4961 7 4962 8 4963 9 4964 5 4965 6 4966 7 4967 8 4968 9 4969 5 4970 6 4971 7 4972 8 4973 9 4974 5 4975 6 4976 7 4977 8 4978 9 4979 5 4980 6 4981 7 4982 8 4983 9 4984 5 4985 6 4986 7 4987 8 4988 9 4989 5 4990 6 4991 7 4992 8 4993 9 4994 5 4995 6 4996 7 4997 8 4998 9 4999 5 5000 6 5001 7 5002 8 5003 9 5004 5 5005 6 5006 7 5007 8 5008 9 5009 5 5010 6 5011 7 5012 8 5013 9 5014 5 5015 6 5016 7 5017 8 5018 9 5019 5 5020 6 5021 7 5022 8 5023 9 5024 5 5025 6 5026 7 5027 8 5028 9 5029 5 5030 6 5031 7 5032 8 5033 9 5034 5 5035 6 5036 7 5037 8 5038 9 5039 5 5040 6 5041 7 5042 8 5043 9 5044 5 5045 6 5046 7 5047 8 5048 9 5049 5 5050 6 5051 7 5052 8 5053 9 5054 5 5055 6 5056 7 5057 8 5058 9 5059 5 5060 6 5061 7 5062 8 5063 9 5064 5 5065 6 5066 7 5067 8 5068 9 5069 5 5070 6 5071 7 5072 8 5073 9 5074 5 5075 6 5076 7 5077 8 5078 9 5079 5 5080 6 5081 7 5082 8 5083 9 5084 5 5085 6 5086 7 5087 8 5088 9 5089 5 5090 6 5091 7 5092 8 5093 9 5094 5 5095 6 5096 7 5097 8 5098 9 5099 5 5100 6 5101 7 5102 8 5103 9 5104 5 5105 6 5106 7 5107 8 5108 9 5109 5 5110 6 5111 7 5112 8 5113 9 5114 5 5115 6 5116 7 5117 8 5118 9 5119 5 5120 6 5121 7 5122 8 5123 9 5124 5 5125 6 5126 7 5127 8 5128 9 5129 5 5130 6 5131 7 5132 8 5133 9 5134 5 5135 6 5136 7 5137 8 5138 9 5139 5 5140 6 5141 7 5142 8 5143 9 5144 5 5145 6 5146 7 5147 8 5148 9 5149 5 5150 6 5151 7 5152 8 5153 9 5154 5 5155 6 5156 7 5157 8 5158 9 5159 5 5160 6 5161 7 5162 8 5163 9 5164 5 5165 6 5166 7 5167 8 5168 9 5169 5 5170 6 5171 7 5172 8 5173 9 5174 5 5175 6 5176 7 5177 8 5178 9 5179 5 5180 6 5181 7 5182 8 5183 9 5184 5 5185 6 5186 7 5187 8 5188 9 5189 5 5190 6 5191 7 5192 8 5193 9 5194 5 5195 6 5196 7 5197 8 5198 9 5199 5 5200 6 5201 7 5202 8 5203 9 5204 5 5205 6 5206 7 5207 8 5208 9 5209 5 5210 6 5211 7 5212 8 5213 9 5214 5 5215 6 5216 7 5217 8 5218 9 5219 5 5220 6 5221 7 5222 8 5223 9 5224 5 5225 6 5226 7 5227 8 5228 9 5229 5 5230 6 5231 7 5232 8 5233 9 5234 5 5235 6 5236 7 5237 8 5238 9 5239 5 5240 6 5241 7 5242 8 5243 9 5244 5 5245 6 5246 7 5247 8 5248 9 5249 5 5250 6 5251 7 5252 8 5253 9 5254 5 5255 6 5256 7 5257 8 5258 9 5259 5 5260 6 5261 7 5262 8 5263 9 5264 5 5265 6 5266 7 5267 8 5268 9 5269 5 5270 6 5271 7 5272 8 5273 9 5274 5 5275 6 5276 7 5277 8 5278 9 5279 5 5280 6 5281 7 5282 8 5283 9 5284 5 5285 6 5286 7 5287 8 5288 9 5289 5 5290 6 5291 7 5292 8 5293 9 5294 5 5295 6 5296 7 5297 8 5298 9 5299 5 5300 6 5301 7 5302 8 5303 9 5304 5 5305 6 5306 7 5307 8 5308 9 5309 5 5310 6 5311 7 5312 8 5313 9 5314 5 5315 6 5316 7 5317 8 5318 9 5319 5 5320 6 5321 7 5322 8 5323 9 5324 5 5325 6 5326 7 5327 8 5328 9 5329 5 5330 6 5331 7 5332 8 5333 9 5334 5 5335 6 5336 7 5337 8 5338 9 5339 5 5340 6 5341 7 5342 8 5343 9 5344 5 5345 6 5346 7 5347 8 5348 9 5349 5 5350 6 5351 7 5352 8 5353 9 5354 5 5355 6 5356 7 5357 8 5358 9 5359 5 5360 6 5361 7 5362 8 5363 9 5364 5 5365 6 5366 7 5367 8 5368 9 5369 5 5370 6 5371 7 5372 8 5373 9 5374 5 5375 6 5376 7 5377 8 5378 9 5379 5 5380 6 5381 7 5382 8 5383 9 5384 5 5385 6 5386 7 5387 8 5388 9 5389 5 5390 6 5391 7 5392 8 5393 9 5394 5 5395 6 5396 7 5397 8 5398 9 5399 5 5400 6 5401 7 5402 8 5403 9 5404 5 5405 6 5406 7 5407 8 5408 9 5409 5 5410 6 5411 7 5412 8 5413 9 5414 5 5415 6 5416 7 5417 8 5418 9 5419 5 5420 6 5421 7 5422 8 5423 9 5424 5 5425 6 5426 7 5427 8 5428 9 5429 5 5430 6 5431 7 5432 8 5433 9 5434 5 5435 6 5436 7 5437 8 5438 9 5439 5 5440 6 5441 7 5442 8 5443 9 5444 5 5445 6 5446 7 5447 8 5448 9 5449 5 5450 6 5451 7 5452 8 5453 9 5454 5 5455 6 5456 7 5457 8 5458 9 5459 5 5460 6 5461 7 5462 8 5463 9 5464 5 5465 6 5466 7 5467 8 5468 9 5469 5 5470 6 5471 7 5472 8 5473 9 5474 5 5475 6 5476 7 5477 8 5478 9 5479 5 5480 6 5481 7 5482 8 5483 9 5484 5 5485 6 5486 7 5487 8 5488 9 5489 5 5490 6 5491 7 5492 8 5493 9 5494 5 5495 6 5496 7 5497 8 5498 9 5499 5 5500 6 5501 7 5502 8 5503 9 5504 5 5505 6 5506 7 5507 8 5508 9 5509 5 5510 6 5511 7 5512 8 5513 9 5514 5 5515 6 5516 7 5517 8 5518 9 5519 5 5520 6 5521 7 5522 8 5523 9 5524 5 5525 6 5526 7 5527 8 5528 9 5529 5 5530 6 5531 7 5532 8 5533 9 5534 5 5535 6 5536 7 5537 8 5538 9 5539 5 5540 6 5541 7 5542 8 5543 9 5544 5 5545 6 5546 7 5547 8 5548 9 5549 5 5550 6 5551 7 5552 8 5553 9 5554 5 5555 6 5556 7 5557 8 5558 9 5559 5 5560 6 5561 7 5562 8 5563 9 5564 5 5565 6 5566 7 5567 8 5568 9 5569 5 5570 6 5571 7 5572 8 5573 9 5574 5 5575 6 5576 7 5577 8 5578 9 5579 5 5580 6 5581 7 5582 8 5583 9 5584 5 5585 6 5586 7 5587 8 5588 9 5589 5 5590 6 5591 7 5592 8 5593 9 5594 5 5595 6 5596 7 5597 8 5598 9 5599 5 5600 6 5601 7 5602 8 5603 9 5604 5 5605 6 5606 7 5607 8 5608 9 5609 5 5610 6 5611 7 5612 8 5613 9 5614 5 5615 6 5616 7 5617 8 5618 9 5619 5 5620 6 5621 7 5622 8 5623 9 5624 5 5625 6 5626 7 5627 8 5628 9 5629 5 5630 6 5631 7 5632 8 5633 9 5634 5 5635 6 5636 7 5637 8 5638 9 5639 5 5640 6 5641 7 5642 8 5643 9 5644 5 5645 6 5646 7 5647 8 5648 9 5649 5 5650 6 5651 7 5652 8 5653 9 5654 5 5655 6 5656 7 5657 8 5658 9 5659 5 5660 6 5661 7 5662 8 5663 9 5664 5 5665 6 5666 7 5667 8 5668 9 5669 5 5670 6 5671 7 5672 8 5673 9 5674 5 5675 6 5676 7 5677 8 5678 9 5679 5 5680 6 5681 7 5682 8 5683 9 5684 5 5685 6 5686 7 5687 8 5688 9 5689 5 5690 6 5691 7 5692 8 5693 9 5694 5 5695 6 5696 7 5697 8 5698 9 5699 5 5700 6 5701 7 5702 8 5703 9 5704 5 5705 6 5706 7 5707 8 5708 9 5709 5 5710 6 5711 7 5712 8 5713 9 5714 5 5715 6 5716 7 5717 8 5718 9 5719 5 5720 6 5721 7 5722 8 5723 9 5724 5 5725 6 5726 7 5727 8 5728 9 5729 5 5730 6 5731 7 5732 8 5733 9 5734 5 5735 6 5736 7 5737 8 5738 9 5739 5 5740 6 5741 7 5742 8 5743 9 5744 5 5745 6 5746 7 5747 8 5748 9 5749 5 5750 6 5751 7 5752 8 5753 9 5754 5 5755 6 5756 7 5757 8 5758 9 5759 5 5760 6 5761 7 5762 8 5763 9 5764 5 5765 6 5766 7 5767 8 5768 9 5769 5 5770 6 5771 7 5772 8 5773 9 5774 5 5775 6 5776 7 5777 8 5778 9 5779 5 5780 6 5781 7 5782 8 5783 9 5784 5 5785 6 5786 7 5787 8 5788 9 5789 5 5790 6 5791 7 5792 8 5793 9 5794 5 5795 6 5796 7 5797 8 5798 9 5799 5 5800 6 5801 7 5802 8 5803 9 5804 5 5805 6 5806 7 5807 8 5808 9 5809 5 5810 6 5811 7 5812 8 5813 9 5814 5 5815 6 5816 7 5817 8 5818 9 5819 5 5820 6 5821 7 5822 8 5823 9 5824 5 5825 6 5826 7 5827 8 5828 9 5829 5 5830 6 5831 7 5832 8 5833 9 5834 5 5835 6 5836 7 5837 8 5838 9 5839 5 5840 6 5841 7 5842 8 5843 9 5844 5 5845 6 5846 7 5847 8 5848 9 5849 5 5850 6 5851 7 5852 8 5853 9 5854 5 5855 6 5856 7 5857 8 5858 9 5859 5 5860 6 5861 7 5862 8 5863 9 5864 5 5865 6 5866 7 5867 8 5868 9 5869 5 5870 6 5871 7 5872 8 5873 9 5874 5 5875 6 5876 7 5877 8 5878 9 5879 5 5880 6 5881 7 5882 8 5883 9 5884 5 5885 6 5886 7 5887 8 5888 9 5889 5 5890 6 5891 7 5892 8 5893 9 5894 5 5895 6 5896 7 5897 8 5898 9 5899 5 5900 6 5901 7 5902 8 5903 9 5904 5 5905 6 5906 7 5907 8 5908 9 5909 5 5910 6 5911 7 5912 8 5913 9 5914 5 5915 6 5916 7 5917 8 5918 9 5919 5 5920 6 5921 7 5922 8 5923 9 5924 5 5925 6 5926 7 5927 8 5928 9 5929 5 5930 6 5931 7 5932 8 5933 9 5934 5 5935 6 5936 7 5937 8 5938 9 5939 5 5940 6 5941 7 5942 8 5943 9 5944 5 5945 6 5946 7 5947 8 5948 9 5949 5 5950 6 5951 7 5952 8 5953 9 5954 5 5955 6 5956 7 5957 8 5958 9 5959 5 5960 6 5961 7 5962 8 5963 9 5964 5 5965 6 5966 7 5967 8 5968 9 5969 5 5970 6 5971 7 5972 8 5973 9 5974 5 5975 6 5976 7 5977 8 5978 9 5979 5 5980 6 5981 7 5982 8 5983 9 5984 5 5985 6 5986 7 5987 8 5988 9 5989 5 5990 6 5991 7 5992 8 5993 9 5994 5 5995 6 5996 7 5997 8 5998 9 5999 5 6000 6 6001 7 6002 8 6003 9 6004 5 6005 6 6006 7 6007 8 6008 9 6009 5 6010 6 6011 7 6012 8 6013 9 6014 5 6015 6 6016 7 6017 8 6018 9 6019 5 6020 6 6021 7 6022 8 6023 9 6024 5 6025 6 6026 7 6027 8 6028 9 6029 5 6030 6 6031 7 6032 8 6033 9 6034 5 6035 6 6036 7 6037 8 6038 9 6039 5 6040 6 6041 7 6042 8 6043 9 6044 5 6045 6 6046 7 6047 8 6048 9 6049 5 6050 6 6051 7 6052 8 6053 9 6054 5 6055 6 6056 7 6057 8 6058 9 6059 5 6060 6 6061 7 6062 8 6063 9 6064 5 6065 6 6066 7 6067 8 6068 9 6069 5 6070 6 6071 7 6072 8 6073 9 6074 5 6075 6 6076 7 6077 8 6078 9 6079 5 6080 6 6081 7 6082 8 6083 9 6084 5 6085 6 6086 7 6087 8 6088 9 6089 5 6090 6 6091 7 6092 8 6093 9 6094 5 6095 6 6096 7 6097 8 6098 9 6099 5 6100 6 6101 7 6102 8 6103 9 6104 5 6105 6 6106 7 6107 8 6108 9 6109 5 6110 6 6111 7 6112 8 6113 9 6114 5 6115 6 6116 7 6117 8 6118 9 6119 5 6120 6 6121 7 6122 8 6123 9 6124 5 6125 6 6126 7 6127 8 6128 9 6129 5 6130 6 6131 7 6132 8 6133 9 6134 5 6135 6 6136 7 6137 8 6138 9 6139 5 6140 6 6141 7 6142 8 6143 9 6144 5 6145 6 6146 7 6147 8 6148 9 6149 5 6150 6 6151 7 6152 8 6153 9 6154 5 6155 6 6156 7 6157 8 6158 9 6159 5 6160 6 6161 7 6162 8 6163 9 6164 5 6165 6 6166 7 6167 8 6168 9 6169 5 6170 6 6171 7 6172 8 6173 9 6174 5 6175 6 6176 7 6177 8 6178 9 6179 5 6180 6 6181 7 6182 8 6183 9 6184 5 6185 6 6186 7 6187 8 6188 9 6189 5 6190 6 6191 7 6192 8 6193 9 6194 5 6195 6 6196 7 6197 8 6198 9 6199 5 6200 6 6201 7 6202 8 6203 9 6204 5 6205 6 6206 7 6207 8 6208 9 6209 5 6210 6 6211 7 6212 8 6213 9 6214 5 6215 6 6216 7 6217 8 6218 9 6219 5 6220 6 6221 7 6222 8 6223 9 6224 5 6225 6 6226 7 6227 8 6228 9 6229 5 6230 6 6231 7 6232 8 6233 9 6234 5 6235 6 6236 7 6237 8 6238 9 6239 5 6240 6 6241 7 6242 8 6243 9 6244 5 6245 6 6246 7 6247 8 6248 9 6249 5 6250 6 6251 7 6252 8 6253 9 6254 5 6255 6 6256 7 6257 8 6258 9 6259 5 6260 6 6261 7 6262 8 6263 9 6264 5 6265 6 6266 7 6267 8 6268 9 6269 5 6270 6 6271 7 6272 8 6273 9 6274 5 6275 6 6276 7 6277 8 6278 9 6279 5 6280 6 6281 7 6282 8 6283 9 6284 5 6285 6 6286 7 6287 8 6288 9 6289 5 6290 6 6291 7 6292 8 6293 9 6294 5 6295 6 6296 7 6297 8 6298 9 6299 5 6300 6 6301 7 6302 8 6303 9 6304 5 6305 6 6306 7 6307 8 6308 9 6309 5 6310 6 6311 7 6312 8 6313 9 6314 5 6315 6 6316 7 6317 8 6318 9 6319 5 6320 6 6321 7 6322 8 6323 9 6324 5 6325 6 6326 7 6327 8 6328 9 6329 5 6330 6 6331 7 6332 8 6333 9 6334 5 6335 6 6336 7 6337 8 6338 9 6339 5 6340 6 6341 7 6342 8 6343 9 6344 5 6345 6 6346 7 6347 8 6348 9 6349 5 6350 6 6351 7 6352 8 6353 9 6354 5 6355 6 6356 7 6357 8 6358 9 6359 5 6360 6 6361 7 6362 8 6363 9 6364 5 6365 6 6366 7 6367 8 6368 9 6369 5 6370 6 6371 7 6372 8 6373 9 6374 5 6375 6 6376 7 6377 8 6378 9 6379 5 6380 6 6381 7 6382 8 6383 9 6384 5 6385 6 6386 7 6387 8 6388 9 6389 5 6390 6 6391 7 6392 8 6393 9 6394 5 6395 6 6396 7 6397 8 6398 9 6399 5 6400 6 6401 7 6402 8 6403 9 6404 5 6405 6 6406 7 6407 8 6408 9 6409 5 6410 6 6411 7 6412 8 6413 9 6414 5 6415 6 6416 7 6417 8 6418 9 6419 5 6420 6 6421 7 6422 8 6423 9 6424 5 6425 6 6426 7 6427 8 6428 9 6429 5 6430 6 6431 7 6432 8 6433 9 6434 5 6435 6 6436 7 6437 8 6438 9 6439 5 6440 6 6441 7 6442 8 6443 9 6444 5 6445 6 6446 7 6447 8 6448 9 6449 5 6450 6 6451 7 6452 8 6453 9 6454 5 6455 6 6456 7 6457 8 6458 9 6459 5 6460 6 6461 7 6462 8 6463 9 6464 5 6465 6 6466 7 6467 8 6468 9 6469 5 6470 6 6471 7 6472 8 6473 9 6474 5 6475 6 6476 7 6477 8 6478 9 6479 5 6480 6 6481 7 6482 8 6483 9 6484 5 6485 6 6486 7 6487 8 6488 9 6489 5 6490 6 6491 7 6492 8 6493 9 6494 5 6495 6 6496 7 6497 8 6498 9 6499 5 6500 6 6501 7 6502 8 6503 9 6504 5 6505 6 6506 7 6507 8 6508 9 6509 5 6510 6 6511 7 6512 8 6513 9 6514 5 6515 6 6516 7 6517 8 6518 9 6519 5 6520 6 6521 7 6522 8 6523 9 6524 5 6525 6 6526 7 6527 8 6528 9 6529 5 6530 6 6531 7 6532 8 6533 9 6534 5 6535 6 6536 7 6537 8 6538 9 6539 5 6540 6 6541 7 6542 8 6543 9 6544 5 6545 6 6546 7 6547 8 6548 9 6549 5 6550 6 6551 7 6552 8 6553 9 6554 5 6555 6 6556 7 6557 8 6558 9 6559 5 6560 6 6561 7 6562 8 6563 9 6564 5 6565 6 6566 7 6567 8 6568 9 6569 5 6570 6 6571 7 6572 8 6573 9 6574 5 6575 6 6576 7 6577 8 6578 9 6579 5 6580 6 6581 7 6582 8 6583 9 6584 5 6585 6 6586 7 6587 8 6588 9 6589 5 6590 6 6591 7 6592 8 6593 9 6594 5 6595 6 6596 7 6597 8 6598 9 6599 5 6600 6 6601 7 6602 8 6603 9 6604 5 6605 6 6606 7 6607 8 6608 9 6609 5 6610 6 6611 7 6612 8 6613 9 6614 5 6615 6 6616 7 6617 8 6618 9 6619 5 6620 6 6621 7 6622 8 6623 9 6624 5 6625 6 6626 7 6627 8 6628 9 6629 5 6630 6 6631 7 6632 8 6633 9 6634 5 6635 6 6636 7 6637 8 6638 9 6639 5 6640 6 6641 7 6642 8 6643 9 6644 5 6645 6 6646 7 6647 8 6648 9 6649 5 6650 6 6651 7 6652 8 6653 9 6654 5 6655 6 6656 7 6657 8 6658 9 6659 5 6660 6 6661 7 6662 8 6663 9 6664 5 6665 6 6666 7 6667 8 6668 9 6669 5 6670 6 6671 7 6672 8 6673 9 6674 5 6675 6 6676 7 6677 8 6678 9 6679 5 6680 6 6681 7 6682 8 6683 9 6684 5 6685 6 6686 7 6687 8 6688 9 6689 5 6690 6 6691 7 6692 8 6693 9 6694 5 6695 6 6696 7 6697 8 6698 9 6699 5 6700 6 6701 7 6702 8 6703 9 6704 5 6705 6 6706 7 6707 8 6708 9 6709 5 6710 6 6711 7 6712 8 6713 9 6714 5 6715 6 6716 7 6717 8 6718 9 6719 5 6720 6 6721 7 6722 8 6723 9 6724 5 6725 6 6726 7 6727 8 6728 9 6729 5 6730 6 6731 7 6732 8 6733 9 6734 5 6735 6 6736 7 6737 8 6738 9 6739 5 6740 6 6741 7 6742 8 6743 9 6744 5 6745 6 6746 7 6747 8 6748 9 6749 5 6750 6 6751 7 6752 8 6753 9 6754 5 6755 6 6756 7 6757 8 6758 9 6759 5 6760 6 6761 7 6762 8 6763 9 6764 5 6765 6 6766 7 6767 8 6768 9 6769 5 6770 6 6771 7 6772 8 6773 9 6774 5 6775 6 6776 7 6777 8 6778 9 6779 5 6780 6 6781 7 6782 8 6783 9 6784 5 6785 6 6786 7 6787 8 6788 9 6789 5 6790 6 6791 7 6792 8 6793 9 6794 5 6795 6 6796 7 6797 8 6798 9 6799 5 6800 6 6801 7 6802 8 6803 9 6804 5 6805 6 6806 7 6807 8 6808 9 6809 5 6810 6 6811 7 6812 8 6813 9 6814 5 6815 6 6816 7 6817 8 6818 9 6819 5 6820 6 6821 7 6822 8 6823 9 6824 5 6825 6 6826 7 6827 8 6828 9 6829 5 6830 6 6831 7 6832 8 6833 9 6834 5 6835 6 6836 7 6837 8 6838 9 6839 5 6840 6 6841 7 6842 8 6843 9 6844 5 6845 6 6846 7 6847 8 6848 9 6849 5 6850 6 6851 7 6852 8 6853 9 6854 5 6855 6 6856 7 6857 8 6858 9 6859 5 6860 6 6861 7 6862 8 6863 9 6864 5 6865 6 6866 7 6867 8 6868 9 6869 5 6870 6 6871 7 6872 8 6873 9 6874 5 6875 6 6876 7 6877 8 6878 9 6879 5 6880 6 6881 7 6882 8 6883 9 6884 5 6885 6 6886 7 6887 8 6888 9 6889 5 6890 6 6891 7 6892 8 6893 9 6894 5 6895 6 6896 7 6897 8 6898 9 6899 5 6900 6 6901 7 6902 8 6903 9 6904 5 6905 6 6906 7 6907 8 6908 9 6909 5 6910 6 6911 7 6912 8 6913 9 6914 5 6915 6 6916 7 6917 8 6918 9 6919 5 6920 6 6921 7 6922 8 6923 9 6924 5 6925 6 6926 7 6927 8 6928 9 6929 5 6930 6 6931 7 6932 8 6933 9 6934 5 6935 6 6936 7 6937 8 6938 9 6939 5 6940 6 6941 7 6942 8 6943 9 6944 5 6945 6 6946 7 6947 8 6948 9 6949 5 6950 6 6951 7 6952 8 6953 9 6954 5 6955 6 6956 7 6957 8 6958 9 6959 5 6960 6 6961 7 6962 8 6963 9 6964 5 6965 6 6966 7 6967 8 6968 9 6969 5 6970 6 6971 7 6972 8 6973 9 6974 5 6975 6 6976 7 6977 8 6978 9 6979 5 6980 6 6981 7 6982 8 6983 9 6984 5 6985 6 6986 7 6987 8 6988 9 6989 5 6990 6 6991 7 6992 8 6993 9 6994 5 6995 6 6996 7 6997 8 6998 9 6999 5 7000 6 7001 7 7002 8 7003 9 7004 5 7005 6 7006 7 7007 8 7008 9 7009 5 7010 6 7011 7 7012 8 7013 9 7014 5 7015 6 7016 7 7017 8 7018 9 7019 5 7020 6 7021 7 7022 8 7023 9 7024 5 7025 6 7026 7 7027 8 7028 9 7029 5 7030 6 7031 7 7032 8 7033 9 7034 5 7035 6 7036 7 7037 8 7038 9 7039 5 7040 6 7041 7 7042 8 7043 9 7044 5 7045 6 7046 7 7047 8 7048 9 7049 5 7050 6 7051 7 7052 8 7053 9 7054 5 7055 6 7056 7 7057 8 7058 9 7059 5 7060 6 7061 7 7062 8 7063 9 7064 5 7065 6 7066 7 7067 8 7068 9 7069 5 7070 6 7071 7 7072 8 7073 9 7074 5 7075 6 7076 7 7077 8 7078 9 7079 5 7080 6 7081 7 7082 8 7083 9 7084 5 7085 6 7086 7 7087 8 7088 9 7089 5 7090 6 7091 7 7092 8 7093 9 7094 5 7095 6 7096 7 7097 8 7098 9 7099 5 7100 6 7101 7 7102 8 7103 9 7104 5 7105 6 7106 7 7107 8 7108 9 7109 5 7110 6 7111 7 7112 8 7113 9 7114 5 7115 6 7116 7 7117 8 7118 9 7119 5 7120 6 7121 7 7122 8 7123 9 7124 5 7125 6 7126 7 7127 8 7128 9 7129 5 7130 6 7131 7 7132 8 7133 9 7134 5 7135 6 7136 7 7137 8 7138 9 7139 5 7140 6 7141 7 7142 8 7143 9 7144 5 7145 6 7146 7 7147 8 7148 9 7149 5 7150 6 7151 7 7152 8 7153 9 7154 5 7155 6 7156 7 7157 8 7158 9 7159 5 7160 6 7161 7 7162 8 7163 9 7164 4 7165 5 7166 6 7167 7 7168 8 7169 4 7170 5 7171 6 7172 7 7173 8 7174 6 7175 7 7176 8 7177 5 7178 6 7179 7 7180 8 7181 9 7182 5 7183 6 7184 7 7185 8 7186 9 7187 5 7188 6 7189 7 7190 8 7191 9 7192 5 7193 6 7194 7 7195 8 7196 9 7197 5 7198 6 7199 7 7200 8 7201 9 7202 5 7203 6 7204 7 7205 8 7206 9 7207 5 7208 6 7209 7 7210 8 7211 9 7212 5 7213 6 7214 7 7215 8 7216 9 7217 5 7218 6 7219 7 7220 8 7221 9 7222 5 7223 6 7224 7 7225 8 7226 9 7227 5 7228 6 7229 7 7230 8 7231 9 7232 5 7233 6 7234 7 7235 8 7236 9 7237 5 7238 6 7239 7 7240 8 7241 9 7242 5 7243 6 7244 7 7245 8 7246 9 7247 5 7248 6 7249 7 7250 8 7251 9 7252 5 7253 6 7254 7 7255 8 7256 9 7257 5 7258 6 7259 7 7260 8 7261 9 7262 5 7263 6 7264 7 7265 8 7266 9 7267 5 7268 6 7269 7 7270 8 7271 9 7272 5 7273 6 7274 7 7275 8 7276 9 7277 5 7278 6 7279 7 7280 8 7281 9 7282 5 7283 6 7284 7 7285 8 7286 9 7287 5 7288 6 7289 7 7290 8 7291 9 7292 5 7293 6 7294 7 7295 8 7296 9 7297 5 7298 6 7299 7 7300 8 7301 9 7302 25 7303 26 7304 27 7305 28 7306 0 7307 1 7308 20 7309 21 7310 22 7311 0 7312 1 7313 20 7314 21 7315 22 7316 0 7317 1 7318 20 7319 21 7320 22 7321 0 7322 1 7323 20 7324 21 7325 22 7326 0 7327 1 7328 20 7329 21 7330 22 7331 0 7332 1 7333 20 7334 21 7335 22 7336 0 7337 1 7338 22 7339 23 7340 24 7341 0 7342 1 7343 20 7344 21 7345 22 7346 0 7347 1 7348 20 7349 21 7350 22 7351 0 7352 1 7353 20 7354 21 7355 22 7356 0 7357 22 7358 23 7359 24 7360 25 7361 23 7362 24 7363 25 7364 23 7365 24 7366 25 7367 26 7368 23 7369 24 7370 25 7371 26 7372 27 7373 22 7374 23 7375 24 7376 25 7377 26 7378 22 7379 23 7380 24 7381 25 7382 26 7383 22 7384 23 7385 24 7386 25 7387 26 7388 23 7389 24 7390 25 7391 26 7392 0 7393 22 7394 23 7395 24 7396 25 7397 0 7398 1 7399 20 7400 21 7401 22 7402 22 7403 23 7404 24 7405 25 7406 26 7407 24 7408 25 7409 26 7410 27 7411 28 7412 22 7413 23 7414 24 7415 25 7416 26 7417 22 7418 23 7419 24 7420 25 7421 26 7422 23 7423 24 7424 25 7425 26 7426 27 7427 24 7428 25 7429 26 7430 27 7431 28 7432 24 7433 25 7434 26 7435 27 7436 23 7437 24 7438 25 7439 26 7440 27 7441 25 7442 26 7443 27 7444 28 7445 25 7446 26 7447 27 7448 24 7449 25 7450 26 7451 27 7452 28 7453 24 7454 25 7455 26 7456 27 7457 28 7458 0 7459 1 7460 20 7461 21 7462 22 7463 0 7464 1 7465 22 7466 23 7467 24 7468 0 7469 1 7470 20 7471 21 7472 22 7473 0 7474 22 7475 23 7476 24 7477 25 7478 23 7479 24 7480 25 7481 25 7482 26 7483 27 7484 28 7485 0 7486 1 7487 20 7488 21 7489 22 7490 0 7491 1 7492 20 7493 21 7494 22 7495 0 7496 1 7497 20 7498 21 7499 22 7500 0 7501 1 7502 20 7503 21 7504 22 7505 0 7506 1 7507 20 7508 21 7509 22 7510 0 7511 1 7512 0 7513 1 7514 20 7515 21 7516 22 7517 22 7518 23 7519 24 7520 25 7521 26 7522 22 7523 23 7524 24 7525 25 7526 26 7527 0 7528 22 7529 23 7530 24 7531 25 7532 22 7533 23 7534 24 7535 25 7536 26 7537 22 7538 23 7539 24 7540 25 7541 26 7542 22 7543 23 7544 24 7545 25 7546 26 7547 0 7548 22 7549 23 7550 24 7551 25 7552 22 7553 23 7554 24 7555 25 7556 26 7557 23 7558 24 7559 25 7560 26 7561 27 7562 23 7563 24 7564 25 7565 26 7566 27 7567 22 7568 23 7569 24 7570 25 7571 26 7572 0 7573 1 7574 20 7575 21 7576 22 7577 24 7578 25 7579 26 7580 27 7581 28 7582 24 7583 25 7584 26 7585 27 7586 28 7587 24 7588 25 7589 26 7590 27 7591 28 7592 24 7593 25 7594 26 7595 27 7596 28 7597 24 7598 25 7599 26 7600 27 7601 28 7602 0 7603 1 7604 20 7605 21 7606 22 7607 0 7608 1 7609 20 7610 21 7611 22 7612 10 7613 11 7614 12 7615 13 7616 14 7617 10 7618 11 7619 12 7620 13 7621 14 7622 10 7623 11 7624 12 7625 13 7626 14 7627 11 7628 12 7629 13 7630 14 7631 11 7632 12 7633 13 7634 14 7635 11 7636 12 7637 13 7638 14 7639 11 7640 12 7641 13 7642 14 7643 11 7644 12 7645 13 7646 14 7647 10 7648 11 7649 12 7650 13 7651 14 7652 4 7653 10 7654 11 7655 12 7656 13 7657 4 7658 10 7659 11 7660 12 7661 13 7662 4 7663 10 7664 11 7665 12 7666 13 7667 4 7668 10 7669 11 7670 12 7671 13 7672 4 7673 10 7674 11 7675 12 7676 13 7677 4 7678 10 7679 11 7680 12 7681 13 7682 4 7683 10 7684 11 7685 12 7686 13 7687 4 7688 10 7689 11 7690 12 7691 13 7692 10 7693 11 7694 12 7695 13 7696 14 7697 12 7698 13 7699 14 7700 12 7701 13 7702 12 7703 13 7704 14 7705 11 7706 12 7707 13 7708 14 7709 10 7710 11 7711 12 7712 13 7713 14 7714 10 7715 11 7716 12 7717 13 7718 14 7719 10 7720 11 7721 12 7722 13 7723 14 7724 11 7725 12 7726 10 7727 11 7728 12 7729 13 7730 14 7731 10 7732 11 7733 12 7734 13 7735 14 7736 11 7737 12 7738 4 7739 10 7740 11 7741 12 7742 13 7743 4 7744 10 7745 11 7746 12 7747 13 7748 3 7749 4 7750 5 7751 10 7752 15 7753 3 7754 4 7755 5 7756 10 7757 15 7758 3 7759 4 7760 5 7761 10 7762 15 7763 11 7764 12 7765 13 7766 14 7767 10 7768 11 7769 12 7770 13 7771 14 7772 11 7773 12 7774 13 7775 10 7776 11 7777 12 7778 13 7779 14 7780 10 7781 11 7782 12 7783 13 7784 14 7785 10 7786 11 7787 12 7788 13 7789 14 7790 11 7791 12 7792 13 7793 14 7794 11 7795 12 7796 13 7797 14 7798 10 7799 11 7800 12 7801 13 7802 14 7803 5 7804 6 7805 7 7806 8 7807 9 7808 5 7809 6 7810 7 7811 8 7812 9 7813 4 7814 5 7815 6 7816 7 7817 10 7818 4 7819 5 7820 6 7821 7 7822 8 7823 4 7824 5 7825 6 7826 7 7827 8 7828 4 7829 5 7830 6 7831 7 7832 10 7833 4 7834 5 7835 6 7836 7 7837 8 7838 4 7839 5 7840 6 7841 7 7842 10 7843 4 7844 5 7845 6 7846 7 7847 10 7848 4 7849 5 7850 6 7851 7 7852 8 7853 4 7854 5 7855 6 7856 7 7857 8 7858 4 7859 5 7860 6 7861 7 7862 10 7863 4 7864 5 7865 6 7866 7 7867 8 7868 4 7869 5 7870 6 7871 7 7872 10 7873 5 7874 6 7875 7 7876 8 7877 9 7878 4 7879 5 7880 6 7881 7 7882 10 7883 4 7884 5 7885 6 7886 7 7887 8 7888 5 7889 6 7890 7 7891 8 7892 9 7893 4 7894 5 7895 6 7896 7 7897 10 7898 4 7899 5 7900 6 7901 7 7902 8 7903 4 7904 5 7905 6 7906 7 7907 8 7908 4 7909 5 7910 6 7911 7 7912 10 7913 4 7914 5 7915 6 7916 7 7917 8 7918 4 7919 5 7920 6 7921 7 7922 10 7923 4 7924 5 7925 6 7926 7 7927 8 7928 4 7929 5 7930 6 7931 7 7932 10 7933 4 7934 5 7935 6 7936 7 7937 8 7938 5 7939 6 7940 7 7941 8 7942 9 7943 5 7944 6 7945 7 7946 8 7947 9 7948 5 7949 6 7950 7 7951 8 7952 9 7953 5 7954 6 7955 7 7956 8 7957 9 7958 5 7959 6 7960 7 7961 8 7962 9 7963 5 7964 6 7965 7 7966 8 7967 9 7968 4 7969 5 7970 6 7971 7 7972 10 7973 4 7974 5 7975 6 7976 7 7977 10 7978 4 7979 5 7980 6 7981 7 7982 10 7983 3 7984 4 7985 5 7986 10 7987 15 7988 2 7989 3 7990 4 7991 5 7992 10 7993 3 7994 4 7995 5 7996 10 7997 15 7998 2 7999 3 8000 4 8001 5 8002 10 8003 3 8004 4 8005 5 8006 10 8007 15 8008 3 8009 4 8010 5 8011 10 8012 15 8013 3 8014 4 8015 5 8016 10 8017 15 8018 2 8019 3 8020 4 8021 5 8022 10 8023 3 8024 4 8025 5 8026 10 8027 15 8028 3 8029 4 8030 5 8031 10 8032 15 8033 3 8034 4 8035 5 8036 10 8037 15 8038 3 8039 4 8040 5 8041 10 8042 15 8043 3 8044 4 8045 5 8046 10 8047 15 8048 4 8049 5 8050 6 8051 7 8052 10 8053 4 8054 5 8055 6 8056 7 8057 10 8058 3 8059 4 8060 5 8061 10 8062 15 8063 4 8064 5 8065 6 8066 7 8067 10 8068 3 8069 4 8070 5 8071 10 8072 15 8073 3 8074 4 8075 5 8076 10 8077 15 8078 4 8079 5 8080 6 8081 7 8082 10 8083 4 8084 5 8085 6 8086 7 8087 10 8088 4 8089 5 8090 6 8091 7 8092 10 8093 3 8094 4 8095 5 8096 10 8097 15 8098 2 8099 3 8100 4 8101 5 8102 10 8103 2 8104 3 8105 4 8106 5 8107 10 8108 3 8109 4 8110 5 8111 10 8112 15 8113 3 8114 4 8115 5 8116 10 8117 15 8118 5 8119 6 8120 7 8121 8 8122 9 8123 3 8124 4 8125 5 8126 10 8127 15 8128 2 8129 3 8130 4 8131 5 8132 10 8133 2 8134 3 8135 4 8136 5 8137 10 8138 2 8139 3 8140 4 8141 5 8142 10 8143 4 8144 5 8145 6 8146 7 8147 8 8148 10 8149 11 8150 12 8151 13 8152 14 8153 10 8154 11 8155 12 8156 13 8157 14 8158 16 8159 17 8160 18 8161 16 8162 17 8163 18 8164 19 8165 16 8166 17 8167 18 8168 19 8169 16 8170 17 8171 18 8172 19 8173 16 8174 17 8175 18 8176 19 8177 16 8178 17 8179 18 8180 19 8181 17 8182 18 8183 19 8184 16 8185 17 8186 18 8187 19 8188 17 8189 18 8190 19 8191 17 8192 18 8193 19 8194 17 8195 18 8196 19 8197 17 8198 18 8199 19 8200 15 8201 16 8202 17 8203 18 8204 19 8205 15 8206 16 8207 17 8208 18 8209 19 8210 15 8211 16 8212 17 8213 18 8214 15 8215 16 8216 17 8217 18 8218 19 8219 15 8220 16 8221 17 8222 18 8223 15 8224 16 8225 17 8226 18 8227 19 8228 16 8229 17 8230 18 8231 19 8232 16 8233 17 8234 18 8235 19 8236 16 8237 17 8238 18 8239 19 8240 16 8241 17 8242 18 8243 19 8244 16 8245 17 8246 18 8247 19 8248 16 8249 17 8250 18 8251 19 8252 16 8253 17 8254 18 8255 19 8256 16 8257 17 8258 18 8259 19 8260 16 8261 17 8262 18 8263 19 8264 16 8265 17 8266 18 8267 16 8268 17 8269 18 8270 19 8271 16 8272 17 8273 18 8274 2 8275 3 8276 4 8277 5 8278 10 8279 3 8280 4 8281 5 8282 10 8283 15 8284 3 8285 4 8286 5 8287 10 8288 15 8289 16 8290 17 8291 18 8292 19 8293 16 8294 17 8295 18 8296 16 8297 17 8298 18 8299 19 8300 16 8301 17 8302 18 8303 19 8304 16 8305 17 8306 18 8307 19 8308 16 8309 17 8310 18 8311 19 8312 16 8313 17 8314 18 8315 19 8316 16 8317 17 8318 18 8319 19 8320 16 8321 17 8322 18 8323 19 8324 16 8325 17 8326 18 8327 16 8328 17 8329 18 8330 19 8331 16 8332 17 8333 18 8334 19 8335 16 8336 17 8337 18 8338 19 8339 16 8340 17 8341 18 8342 19 8343 16 8344 17 8345 18 8346 19 8347 16 8348 17 8349 18 8350 19 8351 16 8352 17 8353 18 8354 19 8355 16 8356 17 8357 18 8358 19 8359 16 8360 17 8361 18 8362 19 8363 16 8364 17 8365 18 8366 19 8367 16 8368 17 8369 18 8370 16 8371 17 8372 18 8373 19 8374 16 8375 17 8376 18 8377 19 8378 16 8379 17 8380 18 8381 19 8382 16 8383 17 8384 18 8385 19 8386 16 8387 17 8388 18 8389 19 8390 16 8391 17 8392 18 8393 19 8394 16 8395 17 8396 18 8397 16 8398 17 8399 18 8400 19 8401 16 8402 17 8403 18 8404 19 8405 5 8406 6 8407 7 8408 8 8409 9 8410 5 8411 6 8412 7 8413 8 8414 9 8415 4 8416 5 8417 6 8418 7 8419 10 8420 4 8421 5 8422 6 8423 7 8424 8 8425 4 8426 5 8427 6 8428 7 8429 8 8430 4 8431 5 8432 6 8433 7 8434 10 8435 4 8436 5 8437 6 8438 7 8439 8 8440 4 8441 5 8442 6 8443 7 8444 10 8445 4 8446 5 8447 6 8448 7 8449 10 8450 4 8451 5 8452 6 8453 7 8454 8 8455 4 8456 5 8457 6 8458 7 8459 8 8460 4 8461 5 8462 6 8463 7 8464 10 8465 4 8466 5 8467 6 8468 7 8469 8 8470 4 8471 5 8472 6 8473 7 8474 10 8475 5 8476 6 8477 7 8478 8 8479 9 8480 4 8481 5 8482 6 8483 7 8484 10 8485 4 8486 5 8487 6 8488 7 8489 8 8490 5 8491 6 8492 7 8493 8 8494 9 8495 4 8496 5 8497 6 8498 7 8499 10 8500 4 8501 5 8502 6 8503 7 8504 8 8505 4 8506 5 8507 6 8508 7 8509 8 8510 4 8511 5 8512 6 8513 7 8514 10 8515 4 8516 5 8517 6 8518 7 8519 8 8520 4 8521 5 8522 6 8523 7 8524 10 8525 4 8526 5 8527 6 8528 7 8529 8 8530 4 8531 5 8532 6 8533 7 8534 10 8535 4 8536 5 8537 6 8538 7 8539 8 8540 5 8541 6 8542 7 8543 8 8544 9 8545 5 8546 6 8547 7 8548 8 8549 9 8550 5 8551 6 8552 7 8553 8 8554 9 8555 5 8556 6 8557 7 8558 8 8559 9 8560 5 8561 6 8562 7 8563 8 8564 9 8565 5 8566 6 8567 7 8568 8 8569 9 8570 4 8571 5 8572 6 8573 7 8574 10 8575 4 8576 5 8577 6 8578 7 8579 10 8580 4 8581 5 8582 6 8583 7 8584 10 8585 3 8586 4 8587 5 8588 10 8589 15 8590 2 8591 3 8592 4 8593 5 8594 10 8595 3 8596 4 8597 5 8598 10 8599 15 8600 2 8601 3 8602 4 8603 5 8604 10 8605 3 8606 4 8607 5 8608 10 8609 15 8610 3 8611 4 8612 5 8613 10 8614 15 8615 3 8616 4 8617 5 8618 10 8619 15 8620 2 8621 3 8622 4 8623 5 8624 10 8625 2 8626 3 8627 4 8628 5 8629 10 8630 3 8631 4 8632 5 8633 10 8634 15 8635 3 8636 4 8637 5 8638 10 8639 15 8640 3 8641 4 8642 5 8643 10 8644 15 8645 3 8646 4 8647 5 8648 10 8649 15 8650 3 8651 4 8652 5 8653 10 8654 15 8655 4 8656 5 8657 6 8658 7 8659 10 8660 4 8661 5 8662 6 8663 7 8664 10 8665 3 8666 4 8667 5 8668 10 8669 15 8670 4 8671 5 8672 6 8673 7 8674 10 8675 3 8676 4 8677 5 8678 10 8679 15 8680 3 8681 4 8682 5 8683 10 8684 15 8685 4 8686 5 8687 6 8688 7 8689 10 8690 4 8691 5 8692 6 8693 7 8694 10 8695 4 8696 5 8697 6 8698 7 8699 10 8700 3 8701 4 8702 5 8703 10 8704 15 8705 2 8706 3 8707 4 8708 5 8709 10 8710 2 8711 3 8712 4 8713 5 8714 10 8715 3 8716 4 8717 5 8718 10 8719 15 8720 3 8721 4 8722 5 8723 10 8724 15 8725 2 8726 3 8727 4 8728 5 8729 10 8730 2 8731 3 8732 4 8733 5 8734 10 8735 2 8736 3 8737 4 8738 5 8739 10 8740 5 8741 6 8742 7 8743 8 8744 9 8745 3 8746 4 8747 5 8748 10 8749 15 8750 3 8751 4 8752 5 8753 10 8754 15 8755 2 8756 3 8757 4 8758 5 8759 10 8760 2 8761 3 8762 4 8763 5 8764 10 8765 2 8766 3 8767 4 8768 5 8769 10 8770 2 8771 3 8772 4 8773 5 8774 10 8775 2 8776 3 8777 4 8778 5 8779 10 8780 3 8781 4 8782 5 8783 10 8784 15 8785 3 8786 4 8787 5 8788 10 8789 15 8790 4 8791 5 8792 6 8793 7 8794 8 8795 16 8796 17 8797 18 8798 19 8799 16 8800 17 8801 18 8802 19 8803 15 8804 16 8805 17 8806 18 8807 19 8808 16 8809 17 8810 18 8811 19 8812 16 8813 17 8814 18 8815 19 8816 16 8817 17 8818 18 8819 19 8820 2 8821 3 8822 4 8823 5 8824 10 8825 4 8826 5 8827 6 8828 7 8829 8 8830 4 8831 5 8832 6 8833 7 8834 10 8835 4 8836 5 8837 6 8838 7 8839 8 8840 4 8841 5 8842 6 8843 7 8844 10 8845 4 8846 5 8847 6 8848 7 8849 8 8850 5 8851 6 8852 7 8853 8 8854 9 8855 2 8856 3 8857 4 8858 5 8859 10 8860 2 8861 3 8862 4 8863 5 8864 10 8865 4 8866 5 8867 6 8868 7 8869 10 8870 3 8871 4 8872 5 8873 10 8874 15 8875 3 8876 4 8877 5 8878 10 8879 15 8880 17 8881 18 8882 19 8883 16 8884 17 8885 18 8886 19 8887 17 8888 18 8889 19 8890 17 8891 18 8892 19 8893 16 8894 17 8895 18 8896 19 8897 17 8898 18 8899 19 8900 17 8901 18 8902 17 8903 18 8904 19 8905 17 8906 18 8907 19 8908 5 8909 6 8910 7 8911 8 8912 9 8913 5 8914 6 8915 7 8916 8 8917 9 8918 5 8919 6 8920 7 8921 8 8922 9 8923 5 8924 6 8925 7 8926 8 8927 9 8928 5 8929 6 8930 7 8931 8 8932 9 8933 5 8934 6 8935 7 8936 8 8937 9 8938 5 8939 6 8940 7 8941 8 8942 9 8943 5 8944 6 8945 7 8946 8 8947 9 8948 5 8949 6 8950 7 8951 8 8952 9 8953 5 8954 6 8955 7 8956 8 8957 9 8958 5 8959 6 8960 7 8961 8 8962 9 8963 5 8964 6 8965 7 8966 8 8967 9 8968 5 8969 6 8970 7 8971 8 8972 9 8973 5 8974 6 8975 7 8976 8 8977 9 8978 5 8979 6 8980 7 8981 8 8982 9 8983 5 8984 6 8985 7 8986 8 8987 9 8988 5 8989 6 8990 7 8991 8 8992 9 8993 5 8994 6 8995 7 8996 8 8997 9 8998 5 8999 6 9000 7 9001 8 9002 9 9003 5 9004 6 9005 7 9006 8 9007 9 9008 5 9009 6 9010 7 9011 8 9012 9 9013 5 9014 6 9015 7 9016 8 9017 9 9018 5 9019 6 9020 7 9021 8 9022 9 9023 5 9024 6 9025 7 9026 8 9027 9 9028 5 9029 6 9030 7 9031 8 9032 9 9033 5 9034 6 9035 7 9036 8 9037 9 9038 5 9039 6 9040 7 9041 8 9042 9 9043 5 9044 6 9045 7 9046 8 9047 9 9048 5 9049 6 9050 7 9051 8 9052 9 9053 5 9054 6 9055 7 9056 8 9057 9 9058 5 9059 6 9060 7 9061 8 9062 9 9063 5 9064 6 9065 7 9066 8 9067 9 9068 5 9069 6 9070 7 9071 8 9072 9 9073 5 9074 6 9075 7 9076 8 9077 9 9078 5 9079 6 9080 7 9081 8 9082 9 9083 5 9084 6 9085 7 9086 8 9087 9 9088 5 9089 6 9090 7 9091 8 9092 9 9093 5 9094 6 9095 7 9096 8 9097 9 9098 5 9099 6 9100 7 9101 8 9102 9 9103 5 9104 6 9105 7 9106 8 9107 9 9108 5 9109 6 9110 7 9111 8 9112 9 9113 5 9114 6 9115 7 9116 8 9117 9 9118 5 9119 6 9120 7 9121 8 9122 9 9123 5 9124 6 9125 7 9126 8 9127 9 9128 5 9129 6 9130 7 9131 8 9132 9 9133 5 9134 6 9135 7 9136 8 9137 9 9138 5 9139 6 9140 7 9141 8 9142 9 9143 5 9144 6 9145 7 9146 8 9147 9 9148 5 9149 6 9150 7 9151 8 9152 9 9153 5 9154 6 9155 7 9156 8 9157 9 9158 5 9159 6 9160 7 9161 8 9162 9 9163 5 9164 6 9165 7 9166 8 9167 9 9168 5 9169 6 9170 7 9171 8 9172 9 9173 5 9174 6 9175 7 9176 8 9177 9 9178 5 9179 6 9180 7 9181 8 9182 9 9183 5 9184 6 9185 7 9186 8 9187 9 9188 5 9189 6 9190 7 9191 8 9192 9 9193 5 9194 6 9195 7 9196 8 9197 9 9198 5 9199 6 9200 7 9201 8 9202 9 9203 5 9204 6 9205 7 9206 8 9207 9 9208 5 9209 6 9210 7 9211 8 9212 9 9213 5 9214 6 9215 7 9216 8 9217 9 9218 5 9219 6 9220 7 9221 8 9222 9 9223 5 9224 6 9225 7 9226 8 9227 9 9228 5 9229 6 9230 7 9231 8 9232 9 9233 5 9234 6 9235 7 9236 8 9237 9 9238 5 9239 6 9240 7 9241 8 9242 9 9243 5 9244 6 9245 7 9246 8 9247 9 9248 5 9249 6 9250 7 9251 8 9252 9 9253 5 9254 6 9255 7 9256 8 9257 9 9258 5 9259 6 9260 7 9261 8 9262 9 9263 5 9264 6 9265 7 9266 8 9267 9 9268 5 9269 6 9270 7 9271 8 9272 9 9273 5 9274 6 9275 7 9276 8 9277 9 9278 5 9279 6 9280 7 9281 8 9282 9 9283 5 9284 6 9285 7 9286 8 9287 9 9288 5 9289 6 9290 7 9291 8 9292 9 9293 5 9294 6 9295 7 9296 8 9297 9 9298 5 9299 6 9300 7 9301 8 9302 9 9303 5 9304 6 9305 7 9306 8 9307 9 9308 5 9309 6 9310 7 9311 8 9312 9 9313 5 9314 6 9315 7 9316 8 9317 9 9318 5 9319 6 9320 7 9321 8 9322 9 9323 5 9324 6 9325 7 9326 8 9327 9 9328 5 9329 6 9330 7 9331 8 9332 9 9333 5 9334 6 9335 7 9336 8 9337 9 9338</v>
        </vertex_weights>
      </skin>
    </controller>
  </library_controllers>
  <library_visual_scenes>
    <visual_scene id="Scene" name="Scene">
      <node id="Armature" name="Armature" type="NODE">
        <matrix sid="transform">1 0 0 0 0 -1.62921e-7 -1 0 0 1 -1.62921e-7 0 0 0 0 1</matrix>
        <node id="base_tokayA" name="base_tokayA" sid="base_tokayA" type="JOINT">
          <matrix sid="transform">1 0 0 0 0 0.9999999 0 0.430678 0 0 1 0 0 0 0 1</matrix>
          <node id="spine4" name="spine4" sid="spine4" type="JOINT">
            <matrix sid="transform">1 0 0 0 0 1 0 0.2689982 0 0 1 0.05312062 0 0 0 1</matrix>
            <node id="spine3" name="spine3" sid="spine3" type="JOINT">
              <matrix sid="transform">1 0 0 0 0 1 0 0.2355243 0 0 1 0.01198887 0 0 0 1</matrix>
              <node id="spine2" name="spine2" sid="spine2" type="JOINT">
                <matrix sid="transform">1 0 0 0 0 1 0 0.3008596 0 0 1 0.005994439 0 0 0 1</matrix>
                <node id="spine1" name="spine1" sid="spine1" type="JOINT">
                  <matrix sid="transform">1 0 0 0 0 1 0 0.376428 0 0 1 -0.02997218 0 0 0 1</matrix>
                  <node id="neck_base" name="neck_base" sid="neck_base" type="JOINT">
                    <matrix sid="transform">1 0 0 0 0 1 0 0.1978171 0 0 1 -0.02098053 0 0 0 1</matrix>
                    <node id="neck3" name="neck3" sid="neck3" type="JOINT">
                      <matrix sid="transform">1 0 0 0 0 1 0 0.09712195 0 0 1 -0.003443653 0 0 0 1</matrix>
                      <node id="neck2" name="neck2" sid="neck2" type="JOINT">
                        <matrix sid="transform">1 0 0 0 0 1 0 0.09376609 0 0 1 0.006149311 0 0 0 1</matrix>
                        <node id="neck1" name="neck1" sid="neck1" type="JOINT">
                          <matrix sid="transform">1 0 0 0 0 1 0 0.123826 0 0 1 0.03794353 0 0 0 1</matrix>
                          <node id="head_base" name="head_base" sid="head_base" type="JOINT">
                            <matrix sid="transform">1 0 0 0 0 1 0 0.06039786 0 0 1 0.01698088 0 0 0 1</matrix>
                            <node id="head" name="head" sid="head" type="JOINT">
                              <matrix sid="transform">1 0 0 0 0 1 0 0.2621174 0 3.72529e-9 1 0.07416441 0 0 0 1</matrix>
                              <node id="prop_head" name="prop_head" sid="prop_head" type="JOINT">
                                <matrix sid="transform">1 0 0 0 0 1 -3.72529e-9 0 0 7.45058e-9 1 1.49012e-8 0 0 0 1</matrix>
                              </node>
                            </node>
                          </node>
                        </node>
                      </node>
                    </node>
                    <node id="L_clavicle" name="L_clavicle" sid="L_clavicle" type="JOINT">
                      <matrix sid="transform">1 0 0 0.2581801 0 0.9999999 0 -0.06270504 0 0 1 -0.03219294 0 0 0 1</matrix>
                      <node id="L_shoulder" name="L_shoulder" sid="L_shoulder" type="JOINT">
                        <matrix sid="transform">1 0 0 0.1505836 0 1 0 -0.159618 0 0 1 -1.86265e-9 0 0 0 1</matrix>
                        <node id="L_elbow" name="L_elbow" sid="L_elbow" type="JOINT">
                          <matrix sid="transform">1 -2.98023e-8 0 0.6115943 0 1 0 -0.005023837 0 0 1 -0.04225723 0 0 0 1</matrix>
                          <node id="L_hand" name="L_hand" sid="L_hand" type="JOINT">
                            <matrix sid="transform">1 0 0 0.5885779 0 0.9999999 0 -0.004405379 -3.72529e-9 0 1 -0.03694966 0 0 0 1</matrix>
                            <node id="L_weapon" name="L_weapon" sid="L_weapon" type="JOINT">
                              <matrix sid="transform">0.9999999 0 0 0.1700362 5.96046e-8 1 0 0 -3.72529e-9 0 1 6.70552e-8 0 0 0 1</matrix>
                              <node id="prop_R_weapon1" name="prop_R_weapon1" sid="prop_R_weapon1" type="JOINT">
                                <matrix sid="transform">1 0 0 0 0 1 0 -1.19209e-7 0 0 1 0 0 0 0 1</matrix>
                              </node>
                            </node>
                          </node>
                        </node>
                      </node>
                    </node>
                    <node id="R_clavicle" name="R_clavicle" sid="R_clavicle" type="JOINT">
                      <matrix sid="transform">1 0 0 -0.25818 0 0.9999999 0 -0.06270504 0 0 1 -0.0321929 0 0 0 1</matrix>
                      <node id="R_shoulder" name="R_shoulder" sid="R_shoulder" type="JOINT">
                        <matrix sid="transform">1 -1.49012e-8 0 -0.150584 0 1 0 -0.159618 0 0 1 9.31323e-10 0 0 0 1</matrix>
                        <node id="R_elbow" name="R_elbow" sid="R_elbow" type="JOINT">
                          <matrix sid="transform">1 0 0 -0.620232 0 1 0 -0.004904985 0 0 1 -0.04125359 0 0 0 1</matrix>
                          <node id="R_hand" name="R_hand" sid="R_hand" type="JOINT">
                            <matrix sid="transform">1 -5.96046e-8 0 -0.5302544 -9.43588e-8 1 0 -0.01639187 3.17665e-9 0 1 -0.03606547 0 0 0 1</matrix>
                            <node id="slingbase" name="slingbase" sid="slingbase" type="JOINT">
                              <matrix sid="transform">1 -5.96046e-8 0 -0.2169002 0 1 0 -0.01550961 0 0 1 0.3496202 0 0 0 1</matrix>
                              <node id="sling_01" name="sling_01" sid="sling_01" type="JOINT">
                                <matrix sid="transform">1 0 0 0.001725197 0 1 0 0.006504774 0 0 1 0.05657107 0 0 0 1</matrix>
                                <node id="sling_02" name="sling_02" sid="sling_02" type="JOINT">
                                  <matrix sid="transform">1 0 0 -0.2628354 0 1 0 0.006675005 0 0 1 0.03059229 0 0 0 1</matrix>
                                  <node id="sling_03" name="sling_03" sid="sling_03" type="JOINT">
                                    <matrix sid="transform">1 0 0 -0.2690468 0 1 0 0.00430584 0 0 1 0.03199306 0 0 0 1</matrix>
                                    <node id="sling_04" name="sling_04" sid="sling_04" type="JOINT">
                                      <matrix sid="transform">1 0 0 -0.2664855 0 1 0 0.00210762 0 0 1 0.03226706 0 0 0 1</matrix>
                                      <node id="sling_05" name="sling_05" sid="sling_05" type="JOINT">
                                        <matrix sid="transform">1 0 0 -0.2827821 0 1 0 9.38892e-4 0 0 1 0.03458837 0 0 0 1</matrix>
                                        <node id="sling_06" name="sling_06" sid="sling_06" type="JOINT">
                                          <matrix sid="transform">1 0 0 -0.2727315 0 1 0 9.05514e-4 0 0 1 0.03335908 0 0 0 1</matrix>
                                          <node id="sling_07" name="sling_07" sid="sling_07" type="JOINT">
                                            <matrix sid="transform">0.9999999 0 0 -0.2775905 0 1 0 -0.00308764 0 0 1 0.03502876 0 0 0 1</matrix>
                                            <node id="sling_08" name="sling_08" sid="sling_08" type="JOINT">
                                              <matrix sid="transform">1 0 0 -0.2751729 0 1 0 -0.001532435 0 0 1 0.03431374 0 0 0 1</matrix>
                                              <node id="projectile" name="projectile" sid="projectile" type="JOINT">
                                                <matrix sid="transform">1 0 0 -0.140125 0 1 0 1.5223e-4 0 0 1 0.01612586 0 0 0 1</matrix>
                                                <node id="prop_projectile" name="prop_projectile" sid="prop_projectile" type="JOINT">
                                                  <matrix sid="transform">1 0 0 0 0 1 0 0 0 0 1 0 0 0 0 1</matrix>
                                                </node>
                                              </node>
                                              <node id="loaded_projectile" name="loaded_projectile" sid="loaded_projectile" type="JOINT">
                                                <matrix sid="transform">1 0 0 -0.140125 0 1 0 1.5223e-4 0 0 1 0.01612586 0 0 0 1</matrix>
                                                <node id="prop_loaded_projectile" name="prop_loaded_projectile" sid="prop_loaded_projectile" type="JOINT">
                                                  <matrix sid="transform">1 0 0 0 0 1 0 0 0 0 1 0 0 0 0 1</matrix>
                                                </node>
                                              </node>
                                            </node>
                                          </node>
                                        </node>
                                      </node>
                                    </node>
                                  </node>
                                </node>
                              </node>
                            </node>
                          </node>
                          <node id="R_weapon" name="R_weapon" sid="R_weapon" type="JOINT">
                            <matrix sid="transform">1 -5.96046e-8 0 -0.8272675 -9.43588e-8 1 0 -0.01639152 3.17665e-9 0 1 -0.03606538 0 0 0 1</matrix>
                            <node id="prop_R_weapon" name="prop_R_weapon" sid="prop_R_weapon" type="JOINT">
                              <matrix sid="transform">1 0 0 0 0 1 0 0 0 0 1 0 0 0 0 1</matrix>
                            </node>
                          </node>
                        </node>
                      </node>
                    </node>
                  </node>
                </node>
              </node>
            </node>
          </node>
          <node id="L_hip" name="L_hip" sid="L_hip" type="JOINT">
            <matrix sid="transform">1 0 0 0.2841546 0 1 0 0.006335288 0 0 1 -0.004720413 0 0 0 1</matrix>
            <node id="L_knee" name="L_knee" sid="L_knee" type="JOINT">
              <matrix sid="transform">1 0 0 -0.03416988 0 1 0 -1.311131 0 0 1 -0.05173797 0 0 0 1</matrix>
              <node id="L_foot" name="L_foot" sid="L_foot" type="JOINT">
                <matrix sid="transform">1 0 0 -0.02915664 0 1 0 -1.11877 0 0 1 -0.04414792 0 0 0 1</matrix>
                <node id="L_toes" name="L_toes" sid="L_toes" type="JOINT">
                  <matrix sid="transform">1 0 0 -0.006655723 0 1 0 -0.1021217 0 3.72529e-9 1 0.2813728 0 0 0 1</matrix>
                  <node id="L_tipeetoes" name="L_tipeetoes" sid="L_tipeetoes" type="JOINT">
                    <matrix sid="transform">1 1.56244e-8 0 -0.002604842 -8.17381e-9 1 0 -0.02824187 0 7.45058e-9 1 0.1324171 0 0 0 1</matrix>
                  </node>
                </node>
              </node>
            </node>
          </node>
          <node id="R_hip" name="R_hip" sid="R_hip" type="JOINT">
            <matrix sid="transform">1 0 0 -0.2836075 0 1 0 -0.006570518 0 0 1 0.003504782 0 0 0 1</matrix>
            <node id="R_knee" name="R_knee" sid="R_knee" type="JOINT">
              <matrix sid="transform">1 0 0 0.04535392 0 1 0 -1.302425 0 0 1 -0.05608985 0 0 0 1</matrix>
              <node id="R_foot" name="R_foot" sid="R_foot" type="JOINT">
                <matrix sid="transform">1 0 0 0.03892805 0 1 0 -1.117895 0 0 1 -0.0481433 0 0 0 1</matrix>
                <node id="R_toes" name="R_toes" sid="R_toes" type="JOINT">
                  <matrix sid="transform">1 1.56244e-8 0 0.005734026 -8.17382e-9 1 0 -0.1031561 0 3.72529e-9 1 0.2810147 0 0 0 1</matrix>
                  <node id="R_tipeetoes" name="R_tipeetoes" sid="R_tipeetoes" type="JOINT">
                    <matrix sid="transform">1 -7.45058e-9 0 0.002002433 8.17381e-9 0.9999999 0 -0.02872968 0 0 1 0.1323216 0 0 0 1</matrix>
                  </node>
                </node>
              </node>
            </node>
          </node>
          <node id="tail_01" name="tail_01" sid="tail_01" type="JOINT">
            <matrix sid="transform">1 0 0 -0.05167584 0 1 0 0.1937211 0 0 1 -0.2192851 0 0 0 1</matrix>
            <node id="tail_02" name="tail_02" sid="tail_02" type="JOINT">
              <matrix sid="transform">1 0 0 0.0012081 0 1 0 -0.2680596 0 0 1 -0.0715411 0 0 0 1</matrix>
              <node id="tail_03" name="tail_03" sid="tail_03" type="JOINT">
                <matrix sid="transform">1 0 0 -0.006656509 0 0.9999999 0 -0.401767 0 0 1 -0.04307932 0 0 0 1</matrix>
                <node id="tail_04" name="tail_04" sid="tail_04" type="JOINT">
                  <matrix sid="transform">1 0 0 -0.006040573 0 1 0 -0.36762 0 0 1 -0.03995907 0 0 0 1</matrix>
                  <node id="tail_05" name="tail_05" sid="tail_05" type="JOINT">
                    <matrix sid="transform">1 0 0 -4.21457e-4 0 0.9999999 0 -0.2896177 0 0 1 -0.06428713 0 0 0 1</matrix>
                    <node id="tail_06" name="tail_06" sid="tail_06" type="JOINT">
                      <matrix sid="transform">1 0 0 0.00582226 0 1 0 -0.2788514 0 0 1 -0.1086822 0 0 0 1</matrix>
                      <node id="tail_07" name="tail_07" sid="tail_07" type="JOINT">
                        <matrix sid="transform">1 0 0 0.007436566 0 1 0 -0.2179563 0 0 1 -0.106657 0 0 0 1</matrix>
                      </node>
                    </node>
                  </node>
                </node>
              </node>
            </node>
          </node>
          <node id="R_Fflap_01" name="R_Fflap_01" sid="R_Fflap_01" type="JOINT">
            <matrix sid="transform">1 0 0 -0.5758418 0 1 0 -0.02738503 0 0 1 0.218328 0 0 0 1</matrix>
            <node id="R_Fflap_02" name="R_Fflap_02" sid="R_Fflap_02" type="JOINT">
              <matrix sid="transform">1 0 0 -0.08103043 0 1 0 -0.265348 0 0 1 0 0 0 0 1</matrix>
              <node id="R_Fflap_03" name="R_Fflap_03" sid="R_Fflap_03" type="JOINT">
                <matrix sid="transform">1 0 0 -0.05679053 0 0.9999999 0 -0.4001147 0 0 1 0 0 0 0 1</matrix>
                <node id="R_Fflap_04" name="R_Fflap_04" sid="R_Fflap_04" type="JOINT">
                  <matrix sid="transform">1 0 0 -0.03669041 0 1 0 -0.3565988 0 0 1 0 0 0 0 1</matrix>
                  <node id="R_Fflap_05" name="R_Fflap_05" sid="R_Fflap_05" type="JOINT">
                    <matrix sid="transform">1 0 0 -0.02698648 0 0.9999999 0 -0.280851 0 0 1 0 0 0 0 1</matrix>
                    <node id="R_Fflap_06" name="R_Fflap_06" sid="R_Fflap_06" type="JOINT">
                      <matrix sid="transform">1 0 0 -0.02709913 0 1 0 -0.300047 0 0 1 0 0 0 0 1</matrix>
                      <node id="R_Fflap_07" name="R_Fflap_07" sid="R_Fflap_07" type="JOINT">
                        <matrix sid="transform">1 1.24995e-7 -8.88178e-16 -0.01354361 -6.53904e-8 1 -1.49012e-8 -0.2360692 -1.94878e-15 2.98023e-8 1 0 0 0 0 1</matrix>
                      </node>
                    </node>
                  </node>
                </node>
              </node>
            </node>
          </node>
          <node id="R_Bflap_01" name="R_Bflap_01" sid="R_Bflap_01" type="JOINT">
            <matrix sid="transform">1 0 0 -0.6285033 0 1 0 -0.02738503 0 0 1 -0.02480029 0 0 0 1</matrix>
            <node id="R_Bflap_02" name="R_Bflap_02" sid="R_Bflap_02" type="JOINT">
              <matrix sid="transform">1 0 0 -0.08103043 0 1 0 -0.265348 0 0 1 0 0 0 0 1</matrix>
              <node id="R_Bflap_03" name="R_Bflap_03" sid="R_Bflap_03" type="JOINT">
                <matrix sid="transform">1 0 0 -0.05679053 0 0.9999999 0 -0.4001147 0 0 1 0 0 0 0 1</matrix>
                <node id="R_Bflap_04" name="R_Bflap_04" sid="R_Bflap_04" type="JOINT">
                  <matrix sid="transform">1 0 0 -0.03669041 0 1 0 -0.3565988 0 0 1 0 0 0 0 1</matrix>
                  <node id="R_Bflap_05" name="R_Bflap_05" sid="R_Bflap_05" type="JOINT">
                    <matrix sid="transform">1 0 0 -0.02698648 0 0.9999999 0 -0.280851 0 0 1 0 0 0 0 1</matrix>
                    <node id="R_Bflap_06" name="R_Bflap_06" sid="R_Bflap_06" type="JOINT">
                      <matrix sid="transform">1 0 0 -0.02709913 0 1 0 -0.300047 0 0 1 0 0 0 0 1</matrix>
                      <node id="R_Bflap_07" name="R_Bflap_07" sid="R_Bflap_07" type="JOINT">
                        <matrix sid="transform">1 -1.24995e-7 0 -0.01354355 6.53904e-8 1 0 -0.2360692 0 0 1 0 0 0 0 1</matrix>
                      </node>
                    </node>
                  </node>
                </node>
              </node>
            </node>
          </node>
          <node id="R_Rflap_01" name="R_Rflap_01" sid="R_Rflap_01" type="JOINT">
            <matrix sid="transform">1 0 0 -0.3038395 0 1 0 -0.02738503 0 0 1 -0.3761753 0 0 0 1</matrix>
            <node id="R_Rflap_02" name="R_Rflap_02" sid="R_Rflap_02" type="JOINT">
              <matrix sid="transform">1 0 0 -0.01102674 0 1 0 -0.2719119 0 0 1 -0.05401736 0 0 0 1</matrix>
              <node id="R_Rflap_03" name="R_Rflap_03" sid="R_Rflap_03" type="JOINT">
                <matrix sid="transform">1 0 0 -0.03094879 0 0.9999999 0 -0.4025319 0 0 1 -0.01808536 0 0 0 1</matrix>
                <node id="R_Rflap_04" name="R_Rflap_04" sid="R_Rflap_04" type="JOINT">
                  <matrix sid="transform">1 0 0 -0.03066084 0 1 0 -0.3571582 0 0 1 -0.002633214 0 0 0 1</matrix>
                  <node id="R_Rflap_05" name="R_Rflap_05" sid="R_Rflap_05" type="JOINT">
                    <matrix sid="transform">1 0 0 -0.02458212 0 0.9999999 0 -0.2810716 0 0 1 -2.26617e-4 0 0 0 1</matrix>
                    <node id="R_Rflap_06" name="R_Rflap_06" sid="R_Rflap_06" type="JOINT">
                      <matrix sid="transform">1 0 0 -0.02662244 0 1 0 -0.3000862 0 0 1 0.001440555 0 0 0 1</matrix>
                      <node id="R_Rflap_07" name="R_Rflap_07" sid="R_Rflap_07" type="JOINT">
                        <matrix sid="transform">1 0 0 -0.02264887 0 1 0 -0.2352105 0 0 1 0.008669734 0 0 0 1</matrix>
                      </node>
                    </node>
                  </node>
                </node>
              </node>
            </node>
          </node>
          <node id="L_Fflap_01" name="L_Fflap_01" sid="L_Fflap_01" type="JOINT">
            <matrix sid="transform">1 0 0 0.5345492 0 1 0 -0.02738503 0 0 1 0.218328 0 0 0 1</matrix>
            <node id="L_Fflap_02" name="L_Fflap_02" sid="L_Fflap_02" type="JOINT">
              <matrix sid="transform">1 0 0 0.08103043 0 1 0 -0.265348 0 0 1 0 0 0 0 1</matrix>
              <node id="L_Fflap_03" name="L_Fflap_03" sid="L_Fflap_03" type="JOINT">
                <matrix sid="transform">1 0 0 0.05679053 0 0.9999999 0 -0.4001147 0 0 1 0 0 0 0 1</matrix>
                <node id="L_Fflap_04" name="L_Fflap_04" sid="L_Fflap_04" type="JOINT">
                  <matrix sid="transform">1 0 0 0.03669041 0 1 0 -0.3565988 0 0 1 0 0 0 0 1</matrix>
                  <node id="L_Fflap_05" name="L_Fflap_05" sid="L_Fflap_05" type="JOINT">
                    <matrix sid="transform">1 0 0 0.02698648 0 0.9999999 0 -0.280851 0 0 1 0 0 0 0 1</matrix>
                    <node id="L_Fflap_06" name="L_Fflap_06" sid="L_Fflap_06" type="JOINT">
                      <matrix sid="transform">1 0 0 0.02709913 0 1 0 -0.300047 0 0 1 0 0 0 0 1</matrix>
                      <node id="L_Fflap_07" name="L_Fflap_07" sid="L_Fflap_07" type="JOINT">
                        <matrix sid="transform">1 0 0 0.01354355 0 1 -1.49012e-8 -0.2360692 0 2.98023e-8 1 0 0 0 0 1</matrix>
                      </node>
                    </node>
                  </node>
                </node>
              </node>
            </node>
          </node>
          <node id="L_Bflap_01" name="L_Bflap_01" sid="L_Bflap_01" type="JOINT">
            <matrix sid="transform">1 0 0 0.5997048 0 1 0 -0.02738503 0 0 1 -0.02480029 0 0 0 1</matrix>
            <node id="L_Bflap_02" name="L_Bflap_02" sid="L_Bflap_02" type="JOINT">
              <matrix sid="transform">1 0 0 0.08103043 0 1 0 -0.265348 0 0 1 0 0 0 0 1</matrix>
              <node id="L_Bflap_03" name="L_Bflap_03" sid="L_Bflap_03" type="JOINT">
                <matrix sid="transform">1 0 0 0.05679053 0 0.9999999 0 -0.4001147 0 0 1 0 0 0 0 1</matrix>
                <node id="L_Bflap_04" name="L_Bflap_04" sid="L_Bflap_04" type="JOINT">
                  <matrix sid="transform">1 0 0 0.03669041 0 1 0 -0.3565988 0 0 1 0 0 0 0 1</matrix>
                  <node id="L_Bflap_05" name="L_Bflap_05" sid="L_Bflap_05" type="JOINT">
                    <matrix sid="transform">1 0 0 0.02698648 0 0.9999999 0 -0.280851 0 0 1 0 0 0 0 1</matrix>
                    <node id="L_Bflap_06" name="L_Bflap_06" sid="L_Bflap_06" type="JOINT">
                      <matrix sid="transform">1 0 0 0.02709913 0 1 0 -0.300047 0 0 1 0 0 0 0 1</matrix>
                      <node id="L_Bflap_07" name="L_Bflap_07" sid="L_Bflap_07" type="JOINT">
                        <matrix sid="transform">1 -1.24995e-7 0 0.01354361 6.53904e-8 1 0 -0.2360692 0 0 1 0 0 0 0 1</matrix>
                      </node>
                    </node>
                  </node>
                </node>
              </node>
            </node>
          </node>
          <node id="L_Rflap_01" name="L_Rflap_01" sid="L_Rflap_01" type="JOINT">
            <matrix sid="transform">1 0 0 0.2917948 0 1 0 -0.02738503 0 0 1 -0.3761753 0 0 0 1</matrix>
            <node id="L_Rflap_02" name="L_Rflap_02" sid="L_Rflap_02" type="JOINT">
              <matrix sid="transform">1 0 0 0.03582257 0 1 0 -0.2704597 0 0 1 -0.05043644 0 0 0 1</matrix>
              <node id="L_Rflap_03" name="L_Rflap_03" sid="L_Rflap_03" type="JOINT">
                <matrix sid="transform">1 0 0 0.0296059 0 0.9999999 0 -0.402737 0 0 1 -0.01559854 0 0 0 1</matrix>
                <node id="L_Rflap_04" name="L_Rflap_04" sid="L_Rflap_04" type="JOINT">
                  <matrix sid="transform">1 0 0 0.02116114 0 1 0 -0.3578549 0 0 1 -0.001041234 0 0 0 1</matrix>
                  <node id="L_Rflap_05" name="L_Rflap_05" sid="L_Rflap_05" type="JOINT">
                    <matrix sid="transform">1 0 0 0.01593798 0 0.9999999 0 -0.2816926 0 0 1 9.39816e-4 0 0 0 1</matrix>
                    <node id="L_Rflap_06" name="L_Rflap_06" sid="L_Rflap_06" type="JOINT">
                      <matrix sid="transform">1 0 0 0.01639912 0 1 0 -0.3008102 0 0 1 0.002612352 0 0 0 1</matrix>
                      <node id="L_Rflap_07" name="L_Rflap_07" sid="L_Rflap_07" type="JOINT">
                        <matrix sid="transform">1 0 0 0.009999484 0 0.9999999 1.63476e-8 -0.2360648 0 -4.61499e-8 1 0.009245276 0 0 0 1</matrix>
                      </node>
                    </node>
                  </node>
                </node>
              </node>
            </node>
          </node>
        </node>
      </node>
      <node id="polySurface66" name="polySurface66" type="NODE">
        <translate sid="location">0 0 0</translate>
        <rotate sid="rotationZ">0 0 1 0</rotate>
        <rotate sid="rotationY">0 1 0 0</rotate>
        <rotate sid="rotationX">1 0 0 0</rotate>
        <scale sid="scale">1 1 1</scale>
        <instance_controller url="#Armature_polySurface66-skin">
          <skeleton>#base_tokayA</skeleton>
          <bind_material>
            <technique_common>
              <instance_material symbol="lambert33-material" target="#lambert33-material"/>
            </technique_common>
          </bind_material>
        </instance_controller>
      </node>
    </visual_scene>
  </library_visual_scenes>
  <scene>
    <instance_visual_scene url="#Scene"/>
  </scene>
</COLLADA>