<?xml version="1.0" encoding="utf-8"?>
<COLLADA xmlns="http://www.collada.org/2005/11/COLLADASchema" version="1.4.1" xmlns:xsi="http://www.w3.org/2001/XMLSchema-instance">
  <asset>
    <contributor>
      <author>Blender User</author>
      <authoring_tool>Blender 2.83.5</authoring_tool>
    </contributor>
    <created>2026-01-20T17:49:48</created>
    <modified>2026-01-20T17:49:48</modified>
    <unit name="meter" meter="1"/>
    <up_axis>Z_UP</up_axis>
  </asset>
  <library_effects>
    <effect id="Default_OBJ-effect">
      <profile_COMMON>
        <technique sid="common">
          <lambert>
            <emission>
              <color sid="emission">0 0 0 1</color>
            </emission>
            <diffuse>
              <color sid="diffuse">0.8 0.8 0.8 1</color>
            </diffuse>
            <index_of_refraction>
              <float sid="ior">1.45</float>
            </index_of_refraction>
          </lambert>
        </technique>
      </profile_COMMON>
    </effect>
    <effect id="Default_OBJ_001-effect">
      <profile_COMMON>
        <technique sid="common">
          <lambert>
            <emission>
              <color sid="emission">0 0 0 1</color>
            </emission>
            <diffuse>
              <color sid="diffuse">0.8 0.8 0.8 1</color>
            </diffuse>
            <index_of_refraction>
              <float sid="ior">1.45</float>
            </index_of_refraction>
          </lambert>
        </technique>
      </profile_COMMON>
    </effect>
  </library_effects>
  <library_images/>
  <library_materials>
    <material id="Default_OBJ-material" name="Default OBJ">
      <instance_effect url="#Default_OBJ-effect"/>
    </material>
    <material id="Default_OBJ_001-material" name="Default OBJ.001">
      <instance_effect url="#Default_OBJ_001-effect"/>
    </material>
  </library_materials>
  <library_geometries>
    <geometry id="Circle-mesh" name="Circle">
      <mesh>
        <source id="Circle-mesh-positions">
          <float_array id="Circle-mesh-positions-array" count="1860">-1.147735 6.499184 8.089085 -3.565915 5.608567 5.023768 -4.607785 5.772988 7.825506 4.10141 5.321811 8.767161 -0.4009599 6.359114 5.068032 0.2882749 6.062557 2.528653 -0.8875524 5.068814 0.00829339 -1.899873 5.530679 2.212182 4.02317 4.100609 2.816262 2.080903 5.167537 0.0398004 1.2071 5.530896 13.21129 -1.956228 7.120956 11.05251 -2.163827 6.915457 12.76006 -5.833322 5.316764 10.39729 -5.603215 4.954589 13.21173 7.719079 2.310929 14.06842 7.189985 3.032714 14.67442 7.612692 2.342226 14.92491 7.25729 3.238003 13.80411 5.369442 3.425496 14.82991 -5.628369 5.115291 14.37522 -2.179142 7.064969 14.27073 1.493555 6.760499 14.45365 3.38651 4.667106 10.07176 -7.710978 4.268219 17.98705 -7.97728 3.329496 17.22406 -7.178267 4.383824 17.58672 -7.91605 4.642378 17.49942 -8.227548 3.693148 17.67845 -8.432612 4.067308 17.19082 -7.309 5.072406 16.36873 -8.308233 3.720486 15.97237 -7.941333 3.536684 15.21232 -7.388905 2.566791 17.14794 -7.742568 3.161219 16.97717 -10.58443 -1.340379 16.17861 -11.02664 -0.7638239 15.65272 -11.12775 -1.446646 15.6433 -10.51072 -0.6601064 15.99596 -10.94659 -0.6911414 14.79285 -2.37979 6.274394 18.10828 1.514105 6.425586 18.20471 -1.90483 7.116261 18.03754 1.286015 6.395181 15.36555 1.48859 7.760233 15.35737 -6.88105 -0.2591192 21.33907 -7.317445 -0.9030917 20.95156 -6.922502 -0.9578267 21.51376 2.00441 1.008763 18.96858 2.053242 0.9692909 18.53353 1.319165 1.659883 19.19007 -6.119801 -0.2136393 24.65277 -5.990875 -0.7929393 24.23825 -6.016046 -0.7822893 24.69895 -4.977722 4.105199 1.883188 -4.05937 -0.3049582 -0.2460014 -6.783933 -0.2367908 2.466005 -7.555967 -0.2858784 4.010975 -7.156473 3.179556 7.866928 -5.936807 3.513307 4.601646 1.57055 4.045963 16.80624 3.889257 3.683099 15.28686 3.608577 4.478219 13.43304 3.63068 4.165469 11.42287 -3.17752 6.490768 17.63112 -2.062015 6.983939 15.15728 -5.41891 5.560439 17.25272 -5.93554 4.210116 17.30606 -5.242764 3.437031 18.87135 -4.03594 3.051531 19.11118 -5.409122 2.607261 20.01916 -2.51014 2.519046 19.4136 -3.24058 2.599078 19.26571 -0.1558524 2.193066 18.91239 -1.64986 1.694188 19.57477 0.3600803 0.9222509 19.58162 1.338155 2.691943 18.25001 -3.15985 2.019088 20.34363 -0.8750801 0.5947933 20.66498 -1.912412 1.421128 20.62011 -4.240742 2.144706 20.18587 -5.143487 1.040196 21.1762 -3.508735 1.303513 21.65676 -2.331332 0.7845283 21.56443 -3.194335 0.4179058 22.63369 -6.31918 1.847923 19.87997 -6.84655 0.8470634 19.89847 -5.75767 0.2060008 21.51695 -5.33845 0.8282307 22.48546 -6.332973 -0.7542842 21.86168 -5.758525 0.0782907 22.56554 -6.433112 -0.7562718 22.93906 -6.194995 -0.8167068 23.52066 -5.848742 0.08506315 23.2411 -5.879132 0.1312257 23.81725 -5.861867 -0.7155993 24.04023 -6.079923 -0.2462043 24.19357 -5.77477 -0.1429893 24.85304 -5.905045 -0.6918619 24.92015 -5.75329 -0.5626594 25.31409 -5.66566 -0.1069893 25.17442 -5.406325 -0.3074419 25.55554 -5.47348 -0.007239341 25.29706 -4.9585 -0.01027685 25.33852 -5.258567 0.1547531 25.18762 -4.582862 0.2227106 24.88953 -5.021897 0.4881281 24.77302 -4.52206 0.8051532 24.22579 -4.247155 0.4168632 24.25761 -4.325373 0.8708158 23.43738 -3.342775 0.7958682 23.60048 -3.784165 0.7592532 22.66067 -5.488382 0.9086307 23.20587 -5.515142 0.5347257 23.97933 -5.502302 0.3274406 24.8024 -7.193207 -0.1759291 20.63589 -7.026745 -0.9535892 20.21211 -7.16278 -0.5952541 19.3988 -7.945225 -0.8193692 19.08297 -8.255178 -0.3722116 18.22706 -8.368382 -0.9197116 18.28837 -7.779228 0.950781 17.2648 -7.838057 2.388741 14.37075 -7.62103 -0.788949 17.31918 -9.741063 0.188016 14.98007 -8.82577 -1.053174 16.04576 -9.222941 0.4816561 14.92318 -9.767231 -1.198756 16.02559 -9.999401 -1.268971 14.03826 -10.9314 -1.429434 14.49852 -10.69773 -2.118669 14.81829 -7.549727 2.136951 12.88632 -7.342937 2.649966 10.90284 -8.179495 -0.6993687 10.4095 -7.746407 -0.6758261 7.61045 -6.706577 0.9128009 19.02788 -6.41008 2.690428 18.82976 1.201002 4.380388 18.37215 2.266633 1.003498 18.12787 2.74985 3.238543 16.88067 5.22143 1.650254 15.50135 3.516478 1.316271 16.80954 7.171656 2.289951 15.32671 0.9308826 0.924636 19.47127 1.698687 0.9614158 19.45306 5.802688 3.672989 12.81487 5.984008 2.218596 11.38554 7.683867 2.379036 13.37032 6.740428 2.004366 12.06723 -7.719295 0.06839841 18.00903 -7.755662 -0.1666516 18.89871 -7.965048 -0.8432041 17.80299 -9.522018 -1.312659 13.68163 -6.469697 5.201788 15.74031 -6.709135 4.261836 17.42557 1.696137 8.125559 14.44547 -1.795308 8.360646 15.15566 -1.97656 8.430029 14.26256 -3.950987 -6.593123 7.085675 -0.1266248 -6.997328 5.097644 0.07238745 -6.819976 8.276391 3.879673 -5.594056 4.763593 4.102775 -4.535326 8.435287 0.6181249 -5.918251 2.426076 -0.8875524 -4.952844 0.00829339 1.118203 -5.051566 0.0398004 3.712903 -4.851886 0.3176987 4.10381 -5.605351 2.384736 0.1927627 -5.948192 13.31122 2.796065 -3.620282 11.39913 2.23391 -3.972751 13.23291 -3.848732 -6.414039 12.80795 -0.2005823 -6.912076 11.26578 7.438962 1.525761 14.76243 7.584439 1.257891 13.91976 6.091249 -0.3671939 14.66261 6.409377 0.1927936 12.87691 -3.429122 -5.804986 15.01926 0.5600225 -5.823406 15.09885 3.50585 -4.782706 14.65945 -3.682705 -5.583406 11.46651 -6.49273 -4.320849 17.26257 -6.204084 -5.360716 15.61237 -5.47858 -5.846536 16.59092 -10.80208 -2.051986 15.67568 -10.28432 -1.958784 16.01911 -6.721015 -1.558554 20.77284 -6.446125 -1.605114 21.36504 -5.531942 -1.089287 24.71288 -3.916188 -4.467954 2.380491 -5.47921 -4.073798 4.745931 -3.104417 -6.399968 4.468483 2.114473 -3.493944 16.83131 4.6613 -0.745629 15.36581 3.769025 -0.732234 17.2258 4.537033 -1.833684 13.47041 5.20535 -0.3492612 11.20715 5.958553 -2.742961 8.60279 6.136505 -3.606601 4.725704 -2.745467 -5.192499 17.4585 -3.653687 -5.029186 17.66462 -0.5367248 -4.679153 17.80624 -2.925498 -4.140857 18.17606 -2.965697 -3.087774 19.22063 -3.94327 -3.037614 20.16907 -3.967548 -3.878072 19.00176 -1.588217 -3.291984 18.65422 0.3893226 -0.5375041 18.96814 -1.185947 -0.9669391 19.6222 1.964593 -0.5047966 18.31408 1.567708 0.2341783 19.21549 -0.5121548 -2.194359 18.92026 -1.684937 -2.036567 19.58522 -2.372447 -2.380831 19.35448 -2.275765 -1.385417 20.43404 -1.18312 -0.6379892 20.69241 -3.153265 -2.043047 20.29708 -4.485888 -1.492172 21.24344 -2.94154 -0.8806967 21.71476 -3.439997 -0.2010318 22.69586 -5.10181 -2.840049 20.00447 -6.046465 -2.233989 19.98029 -4.583469 -1.278302 22.56266 -5.428863 -1.060187 21.55058 -5.381035 -0.9749718 22.60414 -6.1786 -0.6716418 22.64562 -5.259835 -1.063179 23.30133 -5.521487 -1.078029 24.25067 -5.08204 -1.056092 23.89877 -5.352025 -0.7726818 24.89628 -5.297034 -0.6560794 25.21212 -5.142258 -0.5006194 25.33093 -4.909345 -0.3654469 25.22334 -4.1851 -0.1293093 24.19759 -4.49485 -0.2969419 24.82691 -3.645107 -0.2401068 23.51812 -4.56703 -1.118004 23.14729 -4.819472 -0.6896794 24.87223 -4.58893 -0.8449369 24.07405 -6.33154 -2.305149 19.37428 -8.080623 -1.373507 18.24491 -7.450652 -1.613079 18.8546 -6.99931 -2.628166 17.51531 -6.735167 -3.937839 14.48353 -9.269418 -2.517481 15.02831 -8.085978 -2.747641 14.74737 -6.706255 -4.049116 12.5844 -6.892952 -4.752519 10.24774 -9.240176 -1.302129 12.24309 -6.935298 -4.115603 8.351159 -5.31595 -3.585872 18.94165 0.9337476 -2.977201 18.29572 -7.427267 -1.606779 18.0389 -3.794575 -5.826354 15.78439 -4.567593 -5.522769 17.45003 4.911951 -4.225966 0.4086059 -2.057837 -4.162081 -0.2162575 -1.82737 -6.165391 2.520576 -3.619907 4.203412 -0.12142 3.628805 4.583796 5.202897 8.87516 0.8777014 7.485417 9.036921 2.830641 8.694298 8.050476 1.998067 9.268018 8.58071 1.203374 0.4086059 9.30128 2.151922 1.817399 9.147013 0.7857441 1.99178 9.54638 2.202157 4.005537 9.091317 0.6542316 4.30199 9.543177 2.452934 6.799092 7.473545 -1.262394 8.000699 7.771302 -1.702599 4.188305 5.691575 -3.731829 1.99178 7.923192 -1.606223 1.957265 6.74633 -1.490221 0.4086059 6.210223 0.6047537 10.32708 4.435452 3.386932 0.3176987 1.118203 -0.4741207 0.0398004 4.533118 2.429617 0.315426 3.93227 -0.9821708 0.2242022 4.051573 3.426389 2.7335 3.860428 4.082024 5.2406 4.252685 4.508849 7.547001 5.099689 4.654559 9.040837 7.107665 4.074816 8.824889 7.56116 3.375531 9.358603 8.674888 3.655739 8.350019 9.056683 3.213929 6.375004 8.915953 2.880494 3.93719 8.682951 2.887709 1.881366 8.745508 2.309782 0.3133857 8.179738 3.064702 0.06574988 5.99768 2.494124 0.3131533 6.149548 2.932739 10.34005 4.28087 4.084049 10.59924 -4.787462 -7.308962 10.0207 -3.726452 -8.067369 8.897218 -3.44503 -9.027804 10.1456 -4.037395 -8.751736 11.27095 -3.635185 -7.095953 10.71934 -3.440342 -8.008315 10.97593 -2.590727 -8.795131 10.60929 -2.390162 -9.242056 11.50151 -3.160585 -9.483212 11.18522 -3.71386 -8.896554 12.09111 -2.17546 -7.384734 9.384832 -3.526945 -6.377642 10.76447 -1.624502 -6.927923 8.903067 -3.853337 -7.368482 8.151314 -5.637813 -5.716396 10.21858 -3.177377 -8.369274 11.48505 -1.125231 6.371749 7.950083 -3.495995 5.498595 4.944871 -4.517436 5.659792 7.691672 4.02099 5.217462 8.614863 -0.3930979 6.234426 4.988267 0.2826224 5.943684 2.498679 -0.8701494 4.969425 0.02773857 -1.86262 5.422235 2.188414 3.944284 4.020205 2.780649 2.040101 5.066213 0.05862784 1.183431 5.422447 12.97185 -1.91787 6.981329 10.8554 -2.121399 6.77986 12.52947 -5.718943 5.212513 10.21302 -5.493348 4.85744 12.97229 7.567725 2.265616 13.81217 7.049005 2.973249 14.4063 7.463423 2.2963 14.65187 7.11499 3.174513 13.55305 5.264159 3.35833 14.55874 -5.518009 5.014991 14.11297 -2.136414 6.92644 14.01052 1.46427 6.62794 14.18986 3.320108 4.575594 9.893878 -7.559782 4.184528 17.65397 -7.820862 3.264212 16.90595 -7.037517 4.297866 17.26149 -7.760833 4.551352 17.1759 -8.066224 3.620733 17.35142 -8.267267 3.987557 16.87335 -7.165686 4.972947 16.06739 -8.145326 3.647535 15.6788 -7.78562 3.467337 14.93365 -7.244025 2.516462 16.83131 -7.590753 3.099234 16.66389 -10.37689 -1.314097 15.88099 -10.81043 -0.748847 15.36541 -10.90956 -1.418281 15.35617 -10.30463 -0.6471632 15.70192 -10.73195 -0.6775896 14.5224 -2.333127 6.151366 17.77282 1.484416 6.299594 17.86736 -1.86748 6.976727 17.70347 1.260799 6.269785 15.08388 1.459402 7.608071 15.07586 -6.746128 -0.2540385 20.94026 -7.173965 -0.885384 20.56035 -6.786767 -0.9390458 21.11153 1.965108 0.9889838 18.61626 2.012983 0.9502851 18.18973 1.293299 1.627337 18.8334 -5.999804 -0.2094503 24.18899 -5.873406 -0.7773915 23.7826 -5.898084 -0.7669503 24.23427 -4.88012 4.024705 1.865871 -3.979774 -0.2989787 -0.22157 -6.650914 -0.2321479 2.43726 -7.407811 -0.280273 3.951936 -7.016149 3.117212 7.732282 -5.820399 3.444418 4.531025 1.539755 3.966631 16.49631 3.812997 3.610881 15.00672 3.537821 4.390411 13.18926 3.55949 4.083793 11.2185 -3.115216 6.363499 17.30502 -2.021583 6.846999 14.87969 -5.312657 5.451411 16.93404 -5.819157 4.127565 16.98633 -5.139965 3.369638 18.52093 -3.956804 2.991697 18.75606 -5.303061 2.556138 19.64624 -2.460922 2.469653 19.05255 -3.177039 2.548116 18.90756 -0.1527965 2.150065 18.56116 -1.61751 1.660969 19.21056 0.3530199 0.9041675 19.21727 1.311917 2.63916 17.91177 -3.097892 1.979498 19.96434 -0.8579217 0.5831307 20.27939 -1.874914 1.393263 20.2354 -4.15759 2.102653 19.80967 -5.042634 1.0198 20.78059 -3.439936 1.277954 21.25172 -2.28562 0.7691454 21.1612 -3.131701 0.4097115 22.2095 -6.195274 1.811689 19.50978 -6.712304 0.8304544 19.52791 -5.644774 0.2019615 21.11466 -5.233775 0.8119909 22.06418 -6.208796 -0.7394943 21.45263 -5.645613 0.07675558 22.14269 -6.306972 -0.741443 22.50888 -6.073524 -0.8006929 23.07908 -5.734061 0.0833953 22.805 -5.763855 0.1286526 23.36986 -5.746929 -0.701568 23.58846 -5.960709 -0.2413768 23.73879 -5.66154 -0.1401856 24.38533 -5.789259 -0.678296 24.45112 -5.64048 -0.5516269 24.83734 -5.554569 -0.1048915 24.70041 -5.300319 -0.3014136 25.07406 -5.366157 -0.007097423 24.82065 -4.861274 -0.01007533 24.86129 -5.155458 0.1517187 24.71335 -4.493002 0.2183437 24.42111 -4.923429 0.478557 24.30688 -4.433392 0.7893659 23.77038 -4.163877 0.4086893 23.80158 -4.240561 0.8537409 22.99744 -3.27723 0.7802629 23.15733 -3.709966 0.7443658 22.23595 -5.380767 0.8908144 22.77046 -5.407002 0.5242409 23.52875 -5.394414 0.3210202 24.33568 -7.052164 -0.1724796 20.25087 -6.888966 -0.9348914 19.8354 -7.022333 -0.5835825 19.03804 -7.789436 -0.8033031 18.7284 -8.093312 -0.3649133 17.88928 -8.204296 -0.901678 17.94939 -7.626694 0.9321382 16.94588 -7.68437 2.341903 14.10858 -7.471598 -0.7734794 16.9992 -9.550062 0.1843295 14.70595 -8.652715 -1.032523 15.75074 -9.042098 0.4722118 14.65017 -9.575717 -1.175251 15.73097 -9.803334 -1.244089 13.78261 -10.71706 -1.401406 14.23384 -10.48797 -2.077126 14.54735 -7.401693 2.09505 12.65326 -7.198958 2.598006 10.70866 -8.019113 -0.6856556 10.225 -7.594517 -0.6625746 7.480834 -6.575076 0.8949028 18.67439 -6.284392 2.637675 18.48016 1.177453 4.294498 18.03152 2.222189 0.983822 17.79203 2.695932 3.175043 16.56928 5.119049 1.617896 15.21701 3.447527 1.290462 16.49955 7.031035 2.24505 15.04579 0.91263 0.9065058 19.10908 1.66538 0.9425646 19.09124 5.68891 3.60097 12.5832 5.866674 2.175094 11.1819 7.533204 2.332388 13.12777 6.608263 1.965065 11.85022 -7.567936 0.06705725 17.67552 -7.60359 -0.1633839 18.54775 -7.80887 -0.8266707 17.47352 -9.335311 -1.28692 13.43297 -6.34284 5.099792 15.45128 -6.577583 4.178271 17.1035 1.66288 7.966234 14.18183 -1.760105 8.196712 14.8781 -1.937804 8.264735 14.00251 -3.873517 -6.463846 6.966349 -0.124142 -6.860126 5.017298 0.07096809 -6.686251 8.133716 3.803601 -5.484369 4.689797 4.022328 -4.446398 8.289497 0.6060048 -5.802207 2.398113 -0.8701494 -4.855729 0.02773857 1.096277 -4.952516 0.05862784 3.640101 -4.756751 0.3310772 4.023343 -5.495442 2.357584 0.1889831 -5.831561 13.06982 2.74124 -3.549296 11.19522 2.190108 -3.894854 12.99305 -3.773267 -6.288273 12.57642 -0.1966493 -6.776545 11.06449 7.2931 1.495844 14.49258 7.435725 1.233227 13.66643 5.971813 -0.3599941 14.39472 6.283703 0.1890134 12.64402 -3.361885 -5.691163 14.74437 0.5490416 -5.709222 14.82241 3.437108 -4.688928 14.39161 -3.610495 -5.473928 11.26128 -6.365421 -4.236126 16.9437 -6.082436 -5.255604 15.32585 -5.371157 -5.731898 16.28522 -10.59027 -2.011751 15.38792 -10.08267 -1.920377 15.72462 -6.589231 -1.527994 20.38514 -6.31973 -1.573641 20.96572 -5.423473 -1.067928 24.24792 -3.8394 -4.380347 2.353422 -5.371774 -3.99392 4.672482 -3.043546 -6.274478 4.400474 2.073012 -3.425436 16.52089 4.569901 -0.7310088 15.08413 3.695123 -0.7178765 16.90765 4.448071 -1.797729 13.22589 5.103284 -0.342413 11.00701 5.841719 -2.689177 8.453716 6.016181 -3.535883 4.652651 -2.691634 -5.090685 17.13579 -3.582046 -4.930575 17.33786 -0.5262008 -4.587405 17.4767 -2.868135 -4.059663 17.83927 -2.907546 -3.02723 18.86336 -3.865951 -2.978053 19.79321 -3.889753 -3.802031 18.64878 -1.557076 -3.227435 18.30805 0.3816888 -0.5269649 18.61583 -1.162693 -0.9479795 19.25706 1.926071 -0.4948986 17.97458 1.536968 0.2295866 18.85833 -0.5021126 -2.151332 18.56888 -1.651899 -1.996634 19.2208 -2.325929 -2.334148 18.99459 -2.231142 -1.358252 20.05298 -1.159921 -0.6254796 20.30628 -3.091436 -2.002987 19.91871 -4.397929 -1.462913 20.84651 -2.883863 -0.8634282 21.30859 -3.372546 -0.1970899 22.27045 -5.001774 -2.784362 19.63183 -5.927907 -2.190185 19.60813 -4.493597 -1.253237 22.13986 -5.322414 -1.039399 21.14763 -5.275524 -0.9558547 22.18053 -6.057451 -0.6584723 22.2212 -5.156701 -1.042333 22.86405 -5.413223 -1.056892 23.79477 -4.982392 -1.035384 23.44977 -5.247083 -0.7575312 24.42772 -5.193171 -0.6432151 24.73737 -5.041429 -0.4908033 24.85386 -4.813084 -0.3582813 24.74837 -4.103039 -0.1267738 23.74274 -4.406715 -0.2911195 24.35972 -3.573635 -0.2353988 23.07659 -4.47748 -1.096083 22.71303 -4.724973 -0.6761563 24.40415 -4.498951 -0.8283694 23.62162 -6.207392 -2.25995 19.014 -7.922179 -1.346575 17.90677 -7.304561 -1.58145 18.50451 -6.862068 -2.576634 17.19148 -6.603105 -3.860626 14.21915 -9.087665 -2.468119 14.75325 -7.927429 -2.693766 14.47781 -6.57476 -3.969722 12.35725 -6.757796 -4.659332 10.06641 -9.058996 -1.276597 12.02263 -6.799312 -4.034905 8.207018 -5.211716 -3.51556 18.58986 0.9154388 -2.918825 17.95659 -7.281634 -1.575274 17.7048 -3.720171 -5.712112 15.4945 -4.478032 -5.414479 17.12748 4.815638 -4.143105 0.4202019 -2.017488 -4.080471 -0.1924093 -1.791539 -6.044501 2.49076 -3.548929 4.120992 -0.09943139 3.557652 4.493918 5.120488 8.701137 0.8604916 7.358253 8.859726 2.775139 8.54343 7.892622 1.958889 9.1059 8.412461 1.179779 0.4202019 9.118903 2.109727 1.801371 8.96766 0.7703374 1.972333 9.359195 2.158977 3.946605 8.913056 0.6414035 4.237245 9.356056 2.404837 6.685385 7.327005 -1.237641 7.86343 7.618924 -1.669214 4.125789 5.579975 -3.658656 1.972333 7.767835 -1.574729 1.938495 6.614049 -1.461001 0.4202019 6.088454 0.5928958 10.14419 4.348483 3.320521 0.3310772 1.096277 -0.4648243 0.05862784 4.444233 2.381977 0.328849 3.855167 -0.9629125 0.239414 3.97213 3.359205 2.69951 3.784733 4.001984 5.157451 4.169299 4.42044 7.418629 4.999696 4.563293 8.883173 6.968299 3.994917 8.67146 7.412902 3.309345 9.194708 8.504793 3.584058 8.205901 8.879101 3.15091 6.269612 8.74113 2.824014 3.879598 8.512698 2.831087 1.864084 8.574028 2.264492 0.3268488 8.019351 3.00461 0.08406847 5.880079 2.445219 0.3266208 6.028968 2.875234 10.15691 4.196932 4.003969 10.41102 -4.693591 -7.165649 9.843826 -3.653385 -7.909185 8.74237 -3.37748 -8.850789 9.966276 -3.95823 -8.580134 11.06956 -3.563907 -6.956817 10.52876 -3.372884 -7.851288 10.78033 -2.539929 -8.622677 10.42087 -2.343297 -9.060839 11.2956 -3.098613 -9.297266 10.98551 -3.641039 -8.722112 11.87364 -2.132803 -7.239935 9.220423 -3.457789 -6.25259 10.57301 -1.592649 -6.792081 8.748105 -3.777782 -7.224001 8.011093 -5.527267 -5.60431 10.03782 -3.115076 -8.20517 11.27946</float_array>
          <technique_common>
            <accessor source="#Circle-mesh-positions-array" count="620" stride="3">
              <param name="X" type="float"/>
              <param name="Y" type="float"/>
              <param name="Z" type="float"/>
            </accessor>
          </technique_common>
        </source>
        <source id="Circle-mesh-normals">
          <float_array id="Circle-mesh-normals-array" count="4173">-0.1942372 0.9723963 -0.1292957 0.2177959 0.9759566 0.00858736 -0.1876378 0.9405 -0.2832876 0.4640366 0.8856764 0.01572865 0.3576389 0.9210206 0.1543232 -0.4746683 0.8672187 0.1504056 0.8359949 0.542266 0.08402603 0.2242797 0.9444776 0.2401266 -0.4921322 0.8657851 -0.09067624 0.09318745 0.6968299 -0.711157 0.4036684 0.911306 -0.08107578 -0.4164218 0.9084065 -0.03729045 0.555087 -0.6137704 0.5613949 -0.7362259 0.3507562 0.5787414 -0.7362271 0.3507564 0.5787398 -0.7362227 0.3507558 0.5787457 -0.7411949 0.6219161 -0.2526867 0.2230909 0.8164248 0.5326172 -0.8577134 -0.5139701 -0.01274567 -0.7080391 0.09519511 0.6997275 -0.2350287 0.9701272 0.06012302 -0.02806836 0.08769083 0.9957523 -0.02838248 0.09636014 0.9949418 -0.02850168 0.09965431 0.9946138 0.1991895 0.9796028 -0.02649319 0.9758387 -0.1438307 0.1644739 0.9758384 -0.1438317 0.164475 0.9758392 -0.1438291 0.1644721 -0.7943075 0.1912927 0.5766131 0.690804 0.7229435 0.01194578 -0.9818415 -0.1831558 -0.04940897 -0.6897391 0.1932592 -0.69779 -0.8662232 0.4129151 -0.2813515 -0.3843188 0.8880465 -0.2523342 0.8932046 0.3086897 0.32695 0.5104876 0.5713864 0.6425886 0.2635841 0.9003485 0.3462603 0.758354 0.632758 0.1565775 0.4082455 0.9026915 -0.1359549 -0.4243692 0.3108794 0.8504498 -0.1808932 0.9769673 0.1131935 -0.9337348 0.357743 0.01262575 -0.3639108 0.9241231 -0.1164718 -0.795209 0.3244788 0.5122072 0.1355656 0.7934993 0.5932798 0.03647905 0.6077408 0.7932972 -0.368393 0.4435575 0.8170333 -0.1526049 0.3291987 0.9318477 0.19613 0.5180624 0.832553 0.1031277 0.6687586 0.7362926 0.2444052 0.4251806 0.871486 0.4604577 0.6068198 0.64788 0.5771551 0.7429352 0.3390272 0.1263328 0.6029937 0.7876793 0.195987 0.7307227 0.6539369 0.03357356 0.8811685 0.471609 0.03086924 0.8741986 0.4845863 0.2275913 0.757633 0.6117144 0.3715665 0.7442095 0.555059 -0.4962078 0.4596922 0.7365195 -0.5908619 0.3249797 0.7384243 -0.8100115 0.5858477 -0.02577197 -0.8458213 0.5296357 0.06381583 -0.8180724 0.4318615 0.3798071 -0.9385185 0.3366519 -0.07647657 -0.7876639 -0.1727529 -0.5913901 -0.7906666 -0.175739 -0.586483 -0.786996 -0.1720497 -0.5924832 -0.736 0.6324102 0.241581 -0.5231747 0.2246834 0.822074 -0.9218986 0.2641673 0.2834055 -0.6329493 0.4189635 0.6510338 -0.05985319 0.6121149 0.7885006 0.2337762 0.6882053 0.6868205 0.2591055 0.7140795 0.6503499 0.7822111 0.5737024 0.2429227 0.08908808 0.9927639 -0.08051896 0.05283677 0.9935165 -0.1006649 0.05543863 0.993093 -0.103407 0.05221873 0.993614 -0.1000229 0.02534258 0.9862276 0.163441 -0.8593534 0.4568236 -0.2298345 -0.9013323 0.4013532 0.1628373 -0.7646253 0.6220353 0.168584 -0.62281 0.6306715 0.4629916 -0.2421059 0.818948 0.520297 -0.2950162 0.9254603 0.2376736 -0.05692952 0.8996297 0.4329267 -0.5526549 0.2328639 0.8002169 -0.4048091 0.8696405 0.2825866 -0.9161655 0.02197349 -0.4001974 -0.9658394 0.1351653 0.2210988 -0.8709245 0.228779 0.4349146 -0.9954337 -0.09137725 -0.02760756 -0.9955054 -0.09131026 -0.02513241 -0.9954617 -0.09135359 -0.02665609 -0.2162714 0.5393013 0.8138678 -0.6314227 -0.7718843 -0.07416337 0.3719368 0.5543262 0.7445707 -0.2837544 0.5555332 -0.7815794 -0.4632291 0.3199524 -0.8264681 -0.9093422 -0.3833271 -0.1617322 -0.8166964 0.521492 -0.247089 -0.7832193 0.5698031 -0.2487809 -0.824503 0.5627122 0.05958205 -0.9682372 0.2472827 -0.03698635 -0.975827 0.1592718 -0.149647 -0.6987469 0.6833089 -0.211759 -0.7015101 0.6863424 -0.1918796 -0.853689 0.1961578 0.4824284 -0.9551539 0.1850758 0.2311454 -0.5874482 0.6056651 0.5367256 -0.7129842 0.5948469 0.3712288 0.9591387 -0.1260995 0.2532823 0.9742475 0.06348735 0.2163591 0.6096583 0.2816525 0.7409378 0.3292778 0.3098942 0.8919315 0.5032858 0.410071 0.7606216 0.5233348 0.5549561 0.646641 0.201888 0.6434534 0.7383827 0.7941831 0.4043477 0.4536256 0.7915081 0.4040521 0.4585379 0.7949255 0.4044141 0.452264 0.9942142 0.07096952 -0.08063244 0.005170404 0.354833 0.9349155 0.1819062 0.265989 0.9466572 0.5143759 0.6328626 -0.5787075 0.8952932 0.4454741 -0.001696765 0.5728155 0.5781995 -0.5810059 0.5725544 0.5783579 -0.5811057 0.5693808 0.5807013 -0.5818862 0.3051934 0.9414739 -0.1431225 -0.7936133 0.3598691 0.4905835 -0.7179074 0.6797337 0.150237 -0.4509117 0.3394453 0.8255032 -0.7864016 0.3300203 -0.5221678 -0.772922 0.08946776 -0.6281617 -0.5177177 0.5626516 0.6445088 -0.4732833 0.5358721 -0.6991738 -0.8491256 -0.5261302 -0.04661577 0.134116 0.8572246 0.497171 0.3624804 0.8274444 0.4288866 -0.5611883 0.455939 -0.6907875 -0.5213788 0.6398306 -0.564607 0.1352761 -0.2127522 0.9676967 0.1625016 -0.4993048 0.8510511 0.1415927 0.9073807 0.3957421 0.04864549 -0.01320481 -0.9987288 0.04864698 -0.0132023 -0.9987289 0.04864484 -0.01320582 -0.9987288 -0.9674375 0.1448162 0.207589 -0.0593903 0.01432609 0.9981321 -0.05911344 0.01304817 0.998166 -0.05900865 0.0126056 0.998178 -0.07393372 -0.9954465 0.0601679 0.4748892 -0.8528559 0.2170645 -0.04061269 -0.9363899 -0.3486039 0.07942426 -0.9316332 -0.3546144 0.6949524 -0.7150707 0.07559794 0.05259317 -0.9072029 0.4173929 0.9643657 -0.1537039 0.2153461 0.7120994 -0.6960998 -0.09143048 0.7127124 -0.6955189 -0.09107559 0.7181988 -0.690201 -0.08839201 -0.006019771 -0.9974678 0.07086455 0.1838136 -0.7753883 -0.6041404 0.43119 -0.7908727 0.4342759 -0.3589152 -0.931344 -0.06146687 -0.7504795 -0.6103972 0.2533691 -0.4476354 -0.4207488 0.7890456 0.117509 -0.9888743 0.09120994 -0.7363453 -0.6094481 0.2938854 0.6801106 0.5514447 0.4830718 -0.5353244 -0.8445906 -0.009723603 -0.6442862 -0.4238099 -0.6366165 -0.8643047 -0.4930993 -0.09914797 -0.678141 -0.6518247 -0.339484 0.7711913 -0.5153998 0.3736671 0.4226603 -0.7976778 0.4301961 0.9511629 -0.2904989 0.1044005 0.7911432 -0.5917891 -0.1545252 0.6584436 -0.4495533 0.6036173 0.673112 -0.7146915 0.1900958 -0.110427 -0.9562097 0.2710513 0.1388974 -0.890756 0.4327371 0.08925652 -0.5508993 0.8297851 0.4600099 -0.7250849 0.512487 0.01767879 -0.511698 0.8589835 0.4382467 -0.3407731 0.8317533 0.2963269 -0.6705124 0.6801496 0.2114275 -0.7992691 0.5625544 0.6420197 -0.3235401 0.6950774 0.9680739 -0.2403089 0.07130646 0.4015857 -0.4235025 0.8120189 0.5737592 -0.535509 0.6197021 0.4208897 -0.6853612 0.5942491 0.1185488 -0.7764617 0.6189133 0.4009108 -0.7619184 0.5086756 0.7807435 -0.2524772 0.5715723 -0.2123144 -0.606954 0.7658521 -0.3629302 -0.535266 0.7627398 -0.3807551 -0.9167954 0.1204654 -0.291186 -0.9523999 0.09025168 0.1411902 -0.9770764 -0.159334 -0.1777497 -0.9383247 0.2965666 -0.4196798 -0.7171998 -0.5563213 -0.4153916 -0.7159785 -0.5610924 -0.4144526 -0.7156665 -0.5621837 0.3143237 -0.8874086 0.3372041 -0.4665009 -0.7117942 0.5250962 -0.1205572 -0.9285863 0.3509894 0.01665365 -0.6990066 0.7149214 0.5373307 -0.2139859 0.8157733 0.7862515 -0.08945083 0.6113977 0.8830563 0.09415942 0.4597236 0.7843756 0.02100062 0.6199306 0.9226249 -0.289513 0.2548441 0.6563259 -0.7434736 0.1283875 0.4788489 -0.5887908 0.6511753 -0.3316737 -0.9073953 0.2581211 -0.07152694 -0.996889 0.03311222 0.2986005 -0.9169628 0.2646078 0.2980492 -0.9168484 0.2656235 0.2938333 -0.9152733 0.2755663 0.1600614 -0.9351311 0.3160858 0.1600106 -0.9347522 0.3172304 0.1604617 -0.9371916 0.3097161 0.5872036 -0.5141975 0.6251344 0.7463365 -0.5790238 0.3281968 0.6518366 -0.4705099 0.5947517 0.1193042 -0.5123025 0.8504779 0.3489937 -0.8112378 0.4691445 -0.7960558 -0.5756147 -0.1869835 -0.6928185 -0.6022362 0.3966286 -0.676429 -0.5593509 0.4791352 -0.955345 -0.2923399 0.04305148 0.07725614 -0.5845814 0.8076486 0.07394415 -0.5840596 0.8083357 0.07798147 -0.5847001 0.807493 0.5359783 -0.3711174 0.7582871 -0.06773978 -0.6439284 -0.7620811 -0.3184183 -0.4856572 -0.8140927 -0.9859346 0.1470946 -0.07934874 -0.6569457 -0.7531651 0.0341292 -0.6388206 -0.7685452 0.03530669 -0.5317196 -0.6890262 -0.4924603 -0.8061776 -0.2342113 -0.5433441 -0.9510566 -0.2987259 -0.07908433 -0.6767099 -0.7023727 -0.2207632 -0.6886654 -0.6715714 -0.2733713 -0.6850932 -0.6734576 -0.277673 -0.6808289 -0.6756411 -0.2828095 -0.7108656 -0.3072134 0.6326849 -0.5537977 -0.6249979 0.5501689 -0.2162264 -0.7902011 0.5734356 -0.1932469 -0.7655413 0.6136792 0.6911237 -0.2930625 0.660653 0.516659 0.002236485 0.8561884 0.4692241 -0.1588408 0.8686763 0.8848494 0.1950588 0.4230762 0.6645339 -0.2793263 0.6930884 0.2925174 -0.2568321 0.9211248 0.8666328 -0.1240649 0.4832758 0.03762936 -0.3164204 0.9478725 0.01921206 -0.3316724 0.943199 0.6600898 -0.748304 0.0657469 0.8239884 -0.2133963 -0.524886 0.9911026 -0.1180365 -0.06150686 0.8095284 -0.3146803 -0.4956209 0.6707959 -0.6953296 -0.2579723 -0.775375 -0.513387 0.3677328 -0.3409599 -0.9399235 -0.01703411 -0.2405868 -0.4038622 0.8826174 -0.621864 -0.5952087 -0.5089322 -0.6836742 -0.373484 -0.6269764 -0.4683045 -0.6600058 0.5874379 -0.4735985 -0.6572692 0.5862607 -0.4672864 -0.6605945 0.5875869 -0.4670309 -0.7007305 -0.5393136 0.6095034 -0.7452782 0.2703072 0.1231392 -0.9646567 0.2329686 -0.2566687 -0.6576724 -0.708229 -0.1542546 -0.9257506 -0.3452411 -0.1674821 -0.115556 0.9790794 0.5118578 -0.1091448 0.8521085 0.5114978 -0.1095841 0.8522683 0.5120418 -0.108991 0.8520178 0.4505583 -0.8079655 -0.3797224 -0.5382885 -0.7010083 -0.4677959 -0.7687236 -0.4990679 -0.3999942 0.08955466 -0.9958949 0.0131666 0.08049076 -0.9318028 -0.3539277 -0.2728362 0.9087627 -0.3157705 -0.8204875 0.4113929 -0.3969336 0.4030889 0.9151574 0.002530872 -0.2256355 0.9609293 -0.1603233 0.4989489 -0.6085452 0.6170274 0.4684795 0.6221612 0.62725 0.3403302 -0.6967298 0.631461 0.1772857 -0.3925479 0.9024833 0.3005202 -0.1905174 0.9345538 0.4538615 -0.2413882 0.8577537 0.2455408 -0.4489635 0.8591517 0.3522159 -0.6668225 0.6567281 0.3656024 -0.6484065 0.6677604 0.6942319 -0.4195237 0.5848435 0.9175772 -0.1505751 -0.3679395 0.959746 -0.2807785 0.007154524 0.9302812 -0.3560957 0.08816391 0.7232815 -0.6662454 0.181607 0.8435199 -0.5220701 0.1261627 0.7438539 -0.6621466 -0.09079301 0.7428235 -0.6633416 -0.09050577 0.7490033 -0.6561611 -0.09190654 0.8710558 -0.4897005 0.03814786 0.8085102 -0.5421241 -0.2289386 0.6865767 -0.4675694 -0.5567687 0.7798889 -0.3319461 0.5306459 0.6580346 -0.3711047 0.6551885 0.1039533 -0.01773869 -0.9944241 0.07118934 0.01088511 -0.9974035 0.06881785 0.01367694 -0.9975355 0.06802248 0.01469355 -0.9975757 0.982919 0.09991037 0.1545576 0.9971684 0.03375917 0.06719714 0.5826172 0.7078466 -0.3993878 0.8531695 0.4766871 -0.211829 0.3716693 0.7034305 0.6058444 0.5025931 0.5113798 0.6970587 0.8324151 0.5529006 0.03723239 0.7326123 0.6674101 -0.1335776 0.7592754 0.6453529 -0.0837894 0.8145338 0.5541124 -0.1717385 -0.1014785 -0.04287868 -0.9939133 0.1994098 -0.1358011 -0.9704607 0.06322199 -0.01202797 -0.997927 0.09071052 -0.02919334 -0.9954494 0.10874 -0.03017097 -0.9936124 0.1489937 -0.0597819 -0.9870294 0.01067388 -0.001821398 -0.9999415 0.4380565 0.09683752 0.8937165 0.5364913 0.1358036 0.8329074 0.7673405 -0.2729906 0.5802282 0.4225425 0.8719331 0.2473672 0.2593049 0.6852544 0.6805788 0.2581876 0.6857987 0.6804552 0.2695432 0.679349 0.6825186 0.345651 0.7489841 0.565286 0.4998354 0.6948832 0.5170124 0.4939301 0.6795794 0.5424067 0.2809745 0.8441124 0.4566484 0.8809423 -0.4520725 0.1398971 -0.2282149 0.9683257 -0.1013088 0.3983537 0.8862635 -0.2363293 -0.02729547 0.934232 -0.3556202 0.6077948 0.7843912 -0.1237586 0.4237975 0.9046235 0.04530119 -0.4290421 0.9015262 0.05633389 0.8591943 0.4791427 0.1794645 0.1824492 0.9703702 0.1584107 -0.5038707 0.8541128 -0.1288638 0.3884258 0.9173775 -0.08685606 0.1275826 0.8566745 0.4998316 -0.1807373 0.9515033 -0.248949 0.3111218 -0.6510152 0.6923745 -0.7362303 0.3507568 0.5787355 -0.7076264 0.6972072 -0.1147485 0.2455335 0.8549213 0.4569714 -0.9627982 -0.2106761 0.1692194 -0.5703805 0.2700802 0.775708 -0.5974802 0.7774592 0.1964043 -0.02799558 0.08582085 0.9959172 0.1762387 0.9828227 -0.05476993 0.9758378 -0.1438332 0.1644768 -0.8493348 0.3255035 0.4155454 -0.9833448 -0.1661763 -0.07361108 -0.8263068 0.09588253 -0.5549987 -0.9875105 0.1534741 -0.03562027 -0.6540404 0.7535147 -0.06668508 0.4573111 0.7164981 0.5267799 0.339944 0.6280574 -0.6999872 0.5836634 0.7899751 0.1878205 -0.4365055 0.8995314 -0.01750361 -0.4920181 0.8705812 0.002579271 -0.3243499 0.4410745 0.8368097 -0.01271981 0.303063 0.9528857 0.1017667 0.3234645 0.940752 0.4140542 -0.03216999 0.9096837 0.2207042 0.1026497 0.9699241 0.351495 0.8804307 0.3182657 0.2935711 0.7694262 0.5672737 0.2764114 0.7078869 0.6499946 5.59952e-4 0.8806352 0.4737948 -0.2929934 0.7598313 0.5803547 0.3786225 0.7667366 0.5184206 0.4460646 0.7298298 0.5180491 -0.514427 0.6205217 0.5918765 -0.8682047 0.4926512 0.05929315 -0.8610219 0.4948355 0.1173856 -0.8714846 0.4752248 -0.1211453 -0.6747692 0.6150968 -0.4078512 -0.8461951 0.1194835 0.5193051 -0.7916932 -0.176741 -0.5847944 -0.1533607 0.9846661 -0.08314692 -0.8670893 -0.1189206 0.4837501 -0.927628 0.2536859 0.2741348 -0.6906092 0.3300668 0.6435176 -0.05760687 0.6439682 0.7628805 0.1652088 0.8121007 0.5596415 0.6766133 0.5216243 0.5197139 -0.01384776 0.8742944 0.4851987 0.4753894 0.8416866 -0.2560639 0.05576813 0.9930362 -0.1037749 -0.2600486 0.8769731 0.4040955 -0.9108466 0.3931772 -0.12558 -0.7204228 0.6872627 -0.09306466 -0.8341236 0.5065998 0.2181615 -0.8340865 0.5065732 0.2183656 -0.8325438 0.5063773 0.2246173 -0.8322417 0.5063327 0.225834 -0.3096358 0.7790664 0.5451435 -0.311244 0.91759 0.247297 -0.2659376 0.9638895 0.01393342 -0.3299416 0.4877999 0.8082016 -0.5266592 0.6072682 0.5948576 -0.9306593 1.72337e-4 -0.3658872 -0.9571477 0.2564594 -0.1345252 -0.7967056 0.3669456 0.4802199 -0.960152 0.2420188 0.1397686 -0.1097183 0.5996856 0.7926785 -0.6038072 -0.790803 -0.100237 0.1377142 0.2429003 0.9602262 -0.876935 -0.4755218 -0.06974345 -0.8310683 0.4654464 -0.3044424 -0.9415705 0.2831509 -0.1824025 -0.772666 0.6263651 -0.1032182 -0.851111 0.5073644 0.134876 -0.8238157 0.4654535 -0.3235442 -0.9694704 0.2446278 -0.01687121 -0.8670204 0.4971471 0.03347104 -0.6100159 0.7447703 -0.2705511 -0.8277589 0.2367205 0.5087029 -0.8804609 0.4619615 -0.1066788 -0.4891424 0.7389701 0.4633174 -0.4642065 0.6952114 0.548811 0.3947902 0.6376045 0.6615144 0.6744555 0.2431878 0.6971151 0.7444344 0.2743657 0.6087207 -0.03313529 0.3559858 0.9339038 0.7909969 0.4039732 0.4594885 0.002179086 0.4666469 0.8844411 0.628587 0.5835993 -0.5140919 0.5729993 0.5779876 -0.5810354 0.3856391 0.9020859 0.1937103 -0.5776268 0.7947444 0.1863564 -0.4359929 0.3595215 0.8250178 -0.9954151 -0.09139728 -0.02820169 -0.5730327 0.3245679 -0.7525221 -0.7264465 0.2732216 0.6305755 -0.3997938 0.5656827 -0.7212268 -0.8506062 -0.5221591 0.06179857 0.5617728 0.7720212 0.2973122 0.2451311 0.8314648 0.4985751 -0.6104204 0.6722966 -0.418813 -0.6447866 0.6111622 -0.4590545 -0.4124963 0.01623898 0.9108145 0.3868821 -0.5482335 0.7414596 0.0794366 0.9949611 0.06117486 0.04864764 -0.01320129 -0.9987288 -0.9712625 0.1883324 0.1455345 -0.05948644 0.01481091 0.9981192 -0.1692575 -0.9773706 -0.1268807 0.3327649 -0.9424751 0.03175055 0.07599306 -0.9088189 -0.4102113 0.106687 -0.941527 -0.3196009 0.7245565 -0.6666737 0.1748258 -0.3294606 -0.783944 -0.5262011 0.9645246 -0.2307539 0.128238 0.766412 -0.5620542 0.3109788 0.0800082 -0.9647926 0.2505476 0.6906863 -0.7173008 -0.09182661 0.7377361 -0.673478 0.04661554 -0.747951 -0.6041352 -0.2749364 -0.7495476 -0.6049337 -0.268763 -0.7546207 -0.6074029 -0.2482123 -0.9456961 -0.3228227 0.03800868 -0.6374356 -0.3050886 0.7075288 -0.292549 -0.9295288 0.2244801 -0.6313258 -0.6774109 0.3775479 -0.5182136 -0.8546322 -0.03253704 -0.7293245 -0.3828328 -0.5670316 -0.8870525 -0.2870335 -0.3615933 -0.5469455 -0.7097015 -0.4440432 0.7043974 -0.3130671 0.6370347 0.5099928 -0.4690505 -0.7210402 0.6753959 -0.734508 0.06586652 0.5931586 -0.6575555 0.4645252 0.6525602 -0.7377082 0.1730661 -0.009383916 -0.9692246 0.2459994 9.10087e-4 -0.5635129 0.8261069 0.504957 -0.8254236 0.2523776 0.6394047 -0.5109164 0.5745661 0.5263966 -0.5624617 0.6376076 0.1447254 -0.7338622 0.6637024 0.4579806 -0.7197582 0.5217298 0.5108916 -0.1102445 0.8525468 0.7939749 -0.240539 0.5583413 -0.1453903 -0.7641752 0.6284092 -0.3498436 -0.9323493 0.09129273 -0.3430954 -0.9246875 0.1650417 -0.3574584 -0.9322602 -0.05580788 -0.2868282 -0.9442017 -0.1619035 -0.3781983 -0.9174587 0.1234328 -0.4211813 -0.7176107 -0.5546542 0.8675228 -0.4973407 0.007510125 -0.03343582 -0.486655 0.8729542 -0.1089754 -0.9262115 0.3609108 0.1224428 -0.6767386 0.7259701 0.5049889 -0.2022214 0.8391025 0.6883601 0.02924138 0.7247796 0.8761186 0.04682034 0.4798169 0.6348485 -0.2435613 0.7332431 0.9154354 -0.3420422 0.2120969 0.663241 -0.7263146 0.1804953 0.3159731 -0.9325718 0.1745591 -0.1021336 -0.9889596 -0.1073676 0.293538 -0.915068 0.276561 0.1600639 -0.9372897 0.3096249 0.3398873 -0.7608669 0.5527732 0.6499479 -0.468145 0.5986719 0.8186418 -0.5081605 0.267579 0.618889 -0.7493672 0.2354255 -0.3386944 -0.4403194 0.8315076 -0.5660285 -0.7997927 0.199858 -0.7489378 -0.6126081 -0.2525936 -0.898806 -0.4363384 -0.04191106 -0.7321555 -0.5077523 0.4540221 -0.9477014 -0.3146659 0.05336183 0.07296741 -0.5839036 0.8085373 0.2068914 -0.148998 0.9669517 -0.984645 0.04679214 -0.1681811 -0.6495636 -0.7486295 -0.1327441 -0.7303764 -0.6807206 -0.05630022 -0.5048273 -0.8029302 0.3169425 -0.3430449 -0.8915327 0.2957867 -0.7269079 -0.6393953 0.2505565 -0.9546191 -0.2573741 -0.14987 -0.3954095 0.3753324 0.8383179 -0.311142 0.3675531 0.8764105 0.1080987 0.2904821 0.9507549 -0.6893314 -0.6712368 -0.2725135 -0.6708124 -0.6515851 0.3541858 -0.5148714 -0.7891585 0.3348678 -0.1960898 -0.7836563 0.5894334 -0.2749271 -0.7950299 0.540687 0.4418866 -0.3807615 0.8122543 0.6797075 0.2256175 0.6979216 0.6208029 -0.1881901 0.7610442 0.2437364 -0.5194797 0.8189833 0.8827064 -0.120697 0.4541605 0.1772376 -0.3782824 0.9085645 0.7500414 -0.654952 -0.09206467 0.5370621 -0.4240597 -0.7292035 0.7811747 -0.3681201 -0.504236 0.7185963 -0.6897991 -0.08829778 -0.5186076 -0.854743 -0.02146953 -0.5390552 -0.2734754 0.7966371 -0.9361837 -0.3295143 -0.1223949 -0.4207207 -0.5249041 -0.7399121 -0.4752833 -0.656417 0.5858519 -0.2882035 -0.7398793 -0.6078795 0.3854437 -0.8595585 0.3355481 -0.1806886 -0.9769594 -0.1135868 -0.4339475 -0.5886915 0.6820059 0.7368007 -0.6574802 -0.1576212 -0.4092959 -0.7523249 -0.516221 -0.7566664 -0.5044379 -0.4159309 0.2954664 -0.9115907 -0.2858356 -0.1485494 -0.9655466 -0.2136651 -0.3903834 0.8938242 -0.2206335 -0.9064125 0.3441903 -0.2448458 0.4687399 0.8776317 -0.1002275 -0.2095886 0.9630126 -0.16935 0.5000231 -0.7063258 0.5010796 0.1783934 -0.4112217 0.8939086 0.3811023 -0.1656495 0.9095721 0.429737 -0.2588148 0.8650671 0.2941336 -0.4102736 0.8632272 0.1862454 -0.6883172 0.7010935 0.9186951 -0.2600905 0.297241 0.9188884 -0.1676052 -0.3571452 0.9862908 -0.1251069 -0.1076048 0.9604127 -0.2773653 0.02600002 0.7701821 -0.6239733 0.1322012 0.8667501 -0.4899483 0.09324622 0.6897412 -0.7238861 0.01568764 0.8902617 -0.4554276 -0.004462718 0.5938143 -0.6315258 -0.4985578 0.8177349 -0.4125927 -0.4013438 0.6422972 -0.3885676 0.6606584 0.7454632 -0.3519327 0.5660637 0.07221943 0.009735524 -0.9973412 0.9874182 0.02238124 0.1565387 0.90424 0.4222109 0.063937 0.8910608 0.3944506 -0.2245429 0.8819646 0.4480332 0.1463035 0.8530256 0.519865 -0.04569047 0.7338885 0.6722163 -0.09763729 0.7401834 0.6399604 -0.2063475 0.2581564 -0.1209433 -0.958503 -0.0027498 0.02721208 -0.9996259 -0.2329803 0.959542 0.1581124 0.05830901 -0.03909748 -0.9975327 0.06538832 0 -0.99786 0.05581229 0.02177578 -0.9982039 0.0558086 0.02165973 -0.9982066 0.05579596 0.02125585 -0.9982159 0.01570636 0 -0.9998767 0.05582374 0.02214193 -0.9981951 0.04416143 0.01030182 -0.9989713 0.4942002 0.008038103 0.8693111 0.9846509 0.02470093 0.172779 0.2576602 0.6862474 0.6802028 0.589186 0.7046082 0.3954584 0.8182796 -0.3062782 0.486428 0.4478266 -0.7621734 -0.467486 0.4451413 -0.7621383 -0.4701005 0.4566283 -0.7622132 -0.4588265 -0.6408646 -0.7676394 -0.004736661 -0.6426513 -0.7645862 -0.04906296 -0.6299791 -0.7683709 0.1128395 0.4802407 -0.64611 -0.5932207 0.4836862 -0.6427453 -0.594076 0.4958012 -0.6306995 -0.596992 0.6506986 0.3565549 0.6704177 0.653823 0.3587489 0.6661942 0.6660994 0.367402 0.6490975 0.4595696 -0.5795702 0.6729742 0.2944086 -0.7285462 0.6185014 0.2723913 -0.7446922 0.6092919 0.6591938 -0.1300153 0.7406482 0.6830875 -0.07808858 0.72615 0.6877712 -0.06722503 0.7228082 0.2480635 -0.8452704 -0.4732681 0.05877304 -0.9656457 -0.2531287 0.340669 -0.7451163 -0.5733641 0.4329327 -0.6747056 -0.5977807 0.3533312 -0.7962242 -0.491105 0.4684754 -0.6035411 -0.6451893 -0.3843023 -0.6353696 0.669789 -0.4097852 -0.5802486 0.7038378 -0.3748164 -0.6541806 0.6569326 -0.4262214 -0.1372073 0.8941529 -0.372402 -0.2166585 0.9024277 -0.521673 0.02502518 0.8527784 -0.7759599 -0.5762626 -0.2565302 -0.6430253 -0.753804 -0.1352704 -0.6071591 -0.7874032 -0.1065564 -0.7908823 -0.4797524 -0.3799251 -0.8162707 -0.422033 -0.3944497 -0.8278111 -0.3921654 -0.4011675 -0.2988873 -0.2522264 0.9203523 0.800005 -0.144669 0.5822911 -0.4538118 0.7602254 0.4648788 -0.4515228 0.7213095 0.5252046 -0.4363903 0.6121528 0.6594183 0.7217336 0.6744799 0.1554914 0.7145083 0.6842442 0.1459038 0.7305163 0.662056 0.1674154 -0.1942371 0.9723963 -0.1292956 0.2177959 0.9759566 0.008587539 -0.1876378 0.9405001 -0.2832875 0.4640367 0.8856765 0.01572853 0.3576394 0.9210204 0.1543231 -0.474668 0.8672189 0.1504059 0.8359948 0.5422659 0.08402663 0.2242801 0.9444775 0.2401267 -0.4921324 0.865785 -0.09067589 0.09318721 0.6968299 -0.711157 0.4036681 0.9113061 -0.0810759 -0.4164218 0.9084066 -0.03729057 0.5550888 -0.6137686 0.5613952 -0.7362258 0.3507553 0.578742 -0.7362271 0.3507552 0.5787405 -0.7362225 0.3507557 0.578746 -0.7411952 0.6219158 -0.2526867 0.2230946 0.8164236 0.5326176 -0.8577132 -0.5139707 -0.01274549 -0.7080377 0.09519571 0.6997289 -0.2350304 0.9701268 0.06012326 -0.02806872 0.08769094 0.9957523 -0.02838385 0.09635972 0.9949418 -0.02850139 0.09965485 0.9946138 0.1991894 0.9796028 -0.02649307 0.9758387 -0.1438307 0.1644737 0.9758383 -0.1438318 0.164475 0.9758394 -0.1438289 0.1644716 -0.7943087 0.1912916 0.5766119 0.6908036 0.7229439 0.0119459 -0.981841 -0.1831585 -0.04940956 -0.6897391 0.1932592 -0.6977901 -0.8662232 0.4129149 -0.2813515 -0.3843188 0.8880464 -0.2523345 0.8932048 0.3086896 0.3269494 0.5104874 0.5713862 0.642589 0.2635845 0.9003483 0.3462604 0.7583539 0.6327584 0.156577 0.408245 0.9026916 -0.1359556 -0.4243693 0.3108797 0.8504496 -0.1808932 0.9769672 0.1131938 -0.9337348 0.357743 0.01262587 -0.3639109 0.9241229 -0.1164716 -0.7952101 0.3244787 0.5122055 0.1355665 0.7934995 0.5932793 0.03648126 0.6077404 0.7932975 -0.3683926 0.4435576 0.8170334 -0.1525973 0.329199 0.9318488 0.1961302 0.5180619 0.8325532 0.1031312 0.6687584 0.7362922 0.2444049 0.4251803 0.8714861 0.4604563 0.60682 0.6478808 0.5771535 0.7429364 0.3390272 0.1263357 0.6029931 0.7876794 0.1959846 0.7307226 0.6539378 0.03357344 0.881168 0.47161 0.0308668 0.8741988 0.4845861 0.2275908 0.7576332 0.6117143 0.3715664 0.7442095 0.555059 -0.4962089 0.4596918 0.736519 -0.5908609 0.3249799 0.7384251 -0.8100097 0.58585 -0.02577209 -0.8458219 0.5296347 0.06381565 -0.8180742 0.4318594 0.3798053 -0.9385167 0.3366565 -0.07647734 -0.7876624 -0.1727542 -0.5913916 -0.7906649 -0.1757386 -0.5864852 -0.7869943 -0.1720486 -0.5924859 -0.7359966 0.6324142 0.2415812 -0.5231775 0.2246825 0.8220725 -0.9219006 0.2641632 0.2834032 -0.6329439 0.4189639 0.6510387 -0.05986106 0.6121163 0.7884988 0.2337709 0.6882044 0.6868231 0.2590897 0.7140836 0.6503516 0.7822118 0.5737017 0.242922 0.08908832 0.9927638 -0.08051919 0.05283641 0.9935165 -0.100665 0.05543804 0.993093 -0.103407 0.05221784 0.9936141 -0.1000227 0.02534341 0.9862276 0.1634409 -0.8593549 0.4568215 -0.2298336 -0.9013311 0.4013557 0.1628378 -0.7646244 0.622036 0.1685848 -0.6228111 0.6306707 0.4629912 -0.2420979 0.8189489 0.5202994 -0.2950144 0.9254609 0.2376736 -0.05693107 0.8996298 0.4329262 -0.5526551 0.2328633 0.8002169 -0.4048079 0.869641 0.2825866 -0.9161641 0.02197492 -0.4002006 -0.9658399 0.1351637 0.2210978 -0.8709242 0.2287819 0.4349139 -0.9954337 -0.09137624 -0.02760767 -0.9955055 -0.09130895 -0.02513247 -0.9954618 -0.09135293 -0.02665632 -0.2162728 0.5393024 0.8138667 -0.6314203 -0.7718862 -0.07416301 0.3719357 0.5543268 0.7445708 -0.2837501 0.5555351 -0.7815797 -0.4632301 0.3199514 -0.8264678 -0.9093408 -0.3833301 -0.1617324 -0.8166963 0.5214924 -0.2470891 -0.7832193 0.5698032 -0.2487808 -0.8245034 0.5627114 0.05958223 -0.9682374 0.2472826 -0.03698623 -0.975827 0.1592721 -0.149647 -0.6987467 0.683309 -0.2117591 -0.70151 0.6863425 -0.1918793 -0.8536888 0.1961579 0.4824287 -0.9551538 0.1850762 0.2311453 -0.587449 0.6056646 0.5367253 -0.7129851 0.5948459 0.3712286 0.9591383 -0.1261003 0.2532833 0.9742476 0.06348752 0.2163584 0.6096546 0.2816536 0.7409403 0.3292779 0.3098945 0.8919314 0.5032866 0.4100705 0.7606212 0.5233342 0.5549563 0.6466414 0.2018894 0.6434531 0.7383826 0.7941834 0.4043473 0.4536255 0.7915083 0.4040515 0.4585379 0.7949257 0.4044134 0.4522644 0.9942142 0.07096958 -0.08063244 0.005168735 0.3548324 0.9349157 0.1819103 0.2659873 0.946657 0.5143758 0.6328626 -0.5787075 0.895293 0.4454747 -0.001696884 0.5728156 0.5781991 -0.5810063 0.5725544 0.5783575 -0.581106 0.5693803 0.5807015 -0.5818865 0.3051934 0.9414737 -0.1431229 -0.7936138 0.3598685 0.4905833 -0.7179085 0.6797326 0.1502369 -0.4509156 0.339445 0.8255013 -0.7864 0.3300211 -0.5221697 -0.7729224 0.08946603 -0.6281614 -0.5177183 0.5626506 0.6445092 -0.4732841 0.5358703 -0.6991747 -0.8491269 -0.5261279 -0.04661536 0.1341179 0.8572247 0.4971704 0.3624818 0.8274438 0.4288867 -0.5611878 0.4559391 -0.6907878 -0.521378 0.6398311 -0.5646071 0.1352789 -0.212751 0.9676966 0.1624947 -0.4993058 0.8510519 0.141593 0.9073812 0.3957408 0.04864597 -0.01320445 -0.9987289 0.0486474 -0.01320225 -0.9987288 0.04864537 -0.01320528 -0.9987288 -0.9674375 0.1448162 0.2075888 -0.05939066 0.01432609 0.998132 -0.05911463 0.01304781 0.998166 -0.05900859 0.01260584 0.9981779 -0.0739336 -0.9954465 0.06016814 0.474889 -0.852856 0.2170648 -0.04061257 -0.9363898 -0.3486042 0.07942432 -0.9316333 -0.3546141 0.6949526 -0.7150707 0.07559782 0.05259341 -0.9072028 0.417393 0.9643658 -0.1537031 0.2153462 0.7121005 -0.6960987 -0.09143054 0.7127127 -0.6955185 -0.09107565 0.7181993 -0.6902005 -0.08839207 -0.00601983 -0.9974678 0.07086521 0.1838139 -0.7753884 -0.6041403 0.4311901 -0.7908727 0.434276 -0.3589151 -0.931344 -0.06146675 -0.7504793 -0.6103975 0.2533687 -0.4476414 -0.4207476 0.7890428 0.117509 -0.9888743 0.09121054 -0.7363471 -0.6094465 0.2938845 0.6801146 0.5514413 0.48307 -0.5353231 -0.8445916 -0.009723663 -0.6442862 -0.42381 -0.6366165 -0.8643047 -0.4930993 -0.09914809 -0.6781411 -0.6518248 -0.3394836 0.7711914 -0.5153996 0.3736671 0.4226596 -0.797678 0.4301961 0.9511631 -0.2904986 0.1044004 0.7911427 -0.5917898 -0.1545254 0.6584438 -0.4495533 0.6036173 0.6731116 -0.7146918 0.1900959 -0.1104286 -0.9562097 0.2710514 0.1388975 -0.890756 0.4327371 0.08925479 -0.5508989 0.8297857 0.4600101 -0.7250844 0.5124873 0.01767587 -0.5116989 0.8589831 0.4382452 -0.340773 0.8317541 0.2963293 -0.6705123 0.6801487 0.2114252 -0.7992699 0.5625541 0.6420178 -0.323541 0.6950787 0.9680739 -0.2403092 0.07130664 0.4015859 -0.4235019 0.812019 0.5737555 -0.5355109 0.6197038 0.4208852 -0.6853627 0.5942505 0.1185468 -0.7764618 0.6189135 0.4009123 -0.7619178 0.5086755 0.7807446 -0.2524759 0.5715716 -0.212312 -0.6069543 0.7658525 -0.362933 -0.5352651 0.7627391 -0.3807539 -0.9167959 0.1204654 -0.2911865 -0.9523997 0.09025174 0.1411911 -0.9770761 -0.1593348 -0.1777499 -0.9383248 0.2965666 -0.4196825 -0.7171976 -0.5563221 -0.4153931 -0.7159765 -0.5610938 -0.414456 -0.7156641 -0.5621843 0.3143231 -0.8874086 0.3372046 -0.4664945 -0.7117976 0.5250973 -0.1205541 -0.9285869 0.3509889 0.01666408 -0.6990076 0.71492 0.5373329 -0.2139858 0.8157717 0.7862544 -0.0894525 0.6113939 0.8830579 0.09415918 0.4597204 0.7843708 0.02100116 0.6199368 0.9226248 -0.2895133 0.2548446 0.6563263 -0.7434733 0.1283873 0.4788489 -0.5887909 0.6511752 -0.3316752 -0.9073947 0.2581211 -0.0715264 -0.9968889 0.03311204 0.2985976 -0.9169636 0.2646079 0.2980477 -0.916849 0.2656232 0.2938314 -0.915274 0.2755661 0.1600625 -0.9351308 0.3160859 0.1600112 -0.934752 0.3172304 0.1604626 -0.9371913 0.3097162 0.5872005 -0.5141958 0.6251387 0.7463384 -0.5790224 0.3281952 0.6518341 -0.4705117 0.594753 0.1193057 -0.5123031 0.8504773 0.3489923 -0.8112387 0.4691441 -0.7960595 -0.5756102 -0.1869819 -0.6928173 -0.6022374 0.3966289 -0.6764295 -0.5593503 0.4791351 -0.9553447 -0.2923406 0.04305154 0.07725501 -0.5845821 0.8076481 0.07394462 -0.5840595 0.8083359 0.0779829 -0.5846992 0.8074933 0.5359785 -0.3711177 0.7582867 -0.06774109 -0.6439277 -0.7620816 -0.3184177 -0.4856569 -0.8140931 -0.9859341 0.1470981 -0.07934832 -0.6569461 -0.7531648 0.03412955 -0.6388201 -0.7685456 0.03530704 -0.5317201 -0.6890258 -0.4924604 -0.8061779 -0.2342113 -0.5433439 -0.9510564 -0.2987263 -0.07908445 -0.6767101 -0.7023725 -0.2207631 -0.6886655 -0.6715714 -0.2733713 -0.6850933 -0.6734575 -0.277673 -0.6808289 -0.675641 -0.2828095 -0.7108669 -0.307213 0.6326836 -0.5537983 -0.6249975 0.5501687 -0.2162249 -0.7902017 0.5734354 -0.193246 -0.7655414 0.6136794 0.6911243 -0.293062 0.6606527 0.5166571 0.002235829 0.8561895 0.4692208 -0.1588413 0.8686779 0.88485 0.1950588 0.4230754 0.6645356 -0.2793259 0.6930869 0.2925174 -0.2568322 0.9211248 0.8666322 -0.1240653 0.4832769 0.03763562 -0.3164188 0.9478728 0.01921665 -0.3316713 0.9431993 0.6600899 -0.748304 0.0657469 0.8239886 -0.2133962 -0.5248856 0.9911025 -0.1180377 -0.0615068 0.8095291 -0.3146789 -0.4956206 0.6707959 -0.6953297 -0.2579721 -0.7753753 -0.5133863 0.3677334 -0.3409598 -0.9399236 -0.01703417 -0.2405859 -0.4038613 0.8826181 -0.6218624 -0.5952098 -0.5089327 -0.6836794 -0.3734766 -0.6269751 -0.4683044 -0.6600057 0.5874382 -0.4735977 -0.6572692 0.5862615 -0.4672852 -0.6605945 0.5875879 -0.4670271 -0.7007323 -0.5393143 0.6095071 -0.7452757 0.2703059 0.1231382 -0.9646567 0.232969 -0.2566685 -0.6576727 -0.7082288 -0.1542541 -0.9257505 -0.3452417 -0.1674818 -0.1155559 0.9790795 0.5118581 -0.1091445 0.8521085 0.511498 -0.1095839 0.8522683 0.5120419 -0.108991 0.8520177 0.4505578 -0.8079657 -0.3797226 -0.5382885 -0.7010082 -0.4677959 -0.7687234 -0.4990682 -0.3999941 0.08955478 -0.9958949 0.01316696 0.08049064 -0.9318031 -0.3539271 -0.2728363 0.9087625 -0.3157708 -0.8204873 0.4113931 -0.3969337 0.4030891 0.9151574 0.002530753 -0.2256355 0.9609293 -0.1603235 0.4989468 -0.608546 0.6170283 0.4684784 0.6221615 0.6272505 0.3403311 -0.6967297 0.6314607 0.177282 -0.3925482 0.9024838 0.3005177 -0.190518 0.9345545 0.453863 -0.2413882 0.857753 0.2455435 -0.4489631 0.859151 0.3522177 -0.6668216 0.656728 0.3656035 -0.6484069 0.6677594 0.6942318 -0.4195244 0.5848433 0.9175769 -0.1505765 -0.3679395 0.9597458 -0.280779 0.007154643 0.9302809 -0.3560965 0.08816397 0.7232813 -0.6662455 0.1816068 0.8435199 -0.5220701 0.1261626 0.7438539 -0.6621466 -0.09079295 0.7428238 -0.6633412 -0.09050583 0.7490035 -0.6561608 -0.09190654 0.8710554 -0.4897012 0.0381478 0.80851 -0.5421245 -0.2289384 0.6865767 -0.4675694 -0.5567686 0.7798888 -0.3319459 0.5306463 0.6580346 -0.3711048 0.6551883 0.1039533 -0.01773869 -0.9944241 0.07118934 0.01088511 -0.9974035 0.06881785 0.01367688 -0.9975355 0.06802248 0.01469355 -0.9975757 0.9829192 0.0999093 0.1545575 0.9971684 0.03375995 0.06719702 0.5826175 0.7078466 -0.3993872 0.8531697 0.4766867 -0.2118288 0.3716694 0.7034303 0.6058446 0.5025925 0.5113797 0.6970593 0.8324152 0.5529003 0.03723257 0.732613 0.6674094 -0.1335778 0.7592753 0.645353 -0.08378928 0.8145341 0.554112 -0.1717383 -0.1014785 -0.04287868 -0.9939132 0.1994098 -0.1358011 -0.9704607 0.06322199 -0.01202797 -0.9979271 0.09071046 -0.02919328 -0.9954494 0.1087399 -0.03017097 -0.9936122 0.1489937 -0.05978184 -0.9870294 0.01067388 -0.001821398 -0.9999414 0.4380553 0.09683769 0.893717 0.5364912 0.1358038 0.8329073 0.7673403 -0.2729908 0.5802284 0.4225432 0.8719328 0.2473673 0.2593053 0.685254 0.6805789 0.258188 0.6857984 0.6804555 0.269544 0.6793488 0.6825184 0.3456499 0.7489851 0.5652855 0.4998357 0.6948829 0.5170127 0.4939283 0.6795803 0.5424072 0.2809743 0.844112 0.456649 0.8809442 -0.4520693 0.1398956 -0.2282149 0.9683257 -0.1013084 0.3983535 0.8862635 -0.2363293 -0.02729558 0.9342318 -0.3556208 0.6077948 0.7843911 -0.1237586 0.4237973 0.9046236 0.04530113 -0.4290425 0.9015259 0.05633419 0.8591949 0.4791414 0.1794649 0.1824489 0.9703703 0.158411 -0.5038706 0.8541127 -0.128865 0.3884261 0.9173775 -0.08685576 0.1275833 0.8566747 0.499831 -0.180737 0.9515031 -0.2489497 0.3111163 -0.6510183 0.6923742 -0.7362303 0.3507548 0.5787366 -0.7076251 0.6972082 -0.1147496 0.2455318 0.8549218 0.4569717 -0.9627982 -0.2106762 0.169219 -0.5703808 0.2700834 0.7757067 -0.5974811 0.7774585 0.1964043 -0.02799719 0.08582025 0.9959172 0.1762387 0.9828226 -0.05476969 0.9758378 -0.1438336 0.1644771 -0.8493332 0.3255048 0.4155474 -0.9833449 -0.166176 -0.0736103 -0.8263069 0.09588235 -0.5549986 -0.9875105 0.1534742 -0.03562021 -0.6540404 0.7535147 -0.06668502 0.4573105 0.7164986 0.5267798 0.3399436 0.6280577 -0.6999871 0.5836638 0.7899748 0.1878208 -0.4365054 0.8995314 -0.01750415 -0.4920182 0.8705811 0.002579092 -0.3243484 0.4410752 0.83681 -0.01273137 0.3030634 0.9528855 0.1017665 0.3234645 0.9407521 0.4140548 -0.03216952 0.9096834 0.2207027 0.1026505 0.9699244 0.3514951 0.8804308 0.3182656 0.2935723 0.7694262 0.5672732 0.2764121 0.7078869 0.6499943 5.58911e-4 0.8806348 0.4737954 -0.292993 0.7598312 0.5803547 0.3786238 0.7667362 0.5184204 0.4460597 0.7298318 0.5180504 -0.5144269 0.6205216 0.5918768 -0.8682045 0.4926512 0.05929309 -0.8610209 0.494837 0.1173855 -0.871481 0.4752307 -0.1211468 -0.6747716 0.6150949 -0.4078502 -0.8461992 0.1194822 0.5192984 -0.7916919 -0.1767435 -0.5847955 -0.1533603 0.9846661 -0.08314692 -0.8670914 -0.1189197 0.4837466 -0.9276263 0.2536892 0.2741372 -0.6906074 0.3300687 0.6435185 -0.05761027 0.6439684 0.76288 0.1652107 0.8121006 0.559641 0.6766242 0.5216171 0.519707 -0.0138486 0.8742942 0.4851988 0.4753909 0.8416858 -0.2560639 0.05576801 0.9930361 -0.1037752 -0.2600482 0.8769731 0.4040955 -0.9108473 0.3931758 -0.1255791 -0.7204256 0.6872599 -0.09306418 -0.834123 0.5066008 0.2181618 -0.8340872 0.5065724 0.2183645 -0.8325439 0.5063774 0.2246167 -0.8322438 0.5063303 0.2258316 -0.309628 0.7790695 0.5451434 -0.3112441 0.91759 0.2472972 -0.2659361 0.96389 0.01393347 -0.3299413 0.4878008 0.8082013 -0.5266603 0.6072673 0.5948574 -0.9306603 1.72626e-4 -0.3658845 -0.9571474 0.25646 -0.1345255 -0.7967061 0.366945 0.4802197 -0.9601522 0.2420176 0.1397684 -0.1097171 0.599685 0.792679 -0.6038076 -0.7908027 -0.1002373 0.1377184 0.2429002 0.9602255 -0.8769355 -0.4755209 -0.06974363 -0.8310686 0.4654461 -0.3044422 -0.9415705 0.2831515 -0.1824018 -0.7726664 0.6263647 -0.1032185 -0.8511111 0.5073643 0.1348758 -0.8238154 0.4654541 -0.3235443 -0.9694704 0.2446278 -0.01687127 -0.8670207 0.4971469 0.03347098 -0.6100159 0.7447702 -0.2705512 -0.8277586 0.2367196 0.5087041 -0.8804627 0.4619581 -0.1066783 -0.4891433 0.7389699 0.4633168 -0.464203 0.6952132 0.5488117 0.3947901 0.6376045 0.6615144 0.6744584 0.2431872 0.6971126 0.7444336 0.274366 0.6087216 -0.03313553 0.3559859 0.9339037 0.7909972 0.4039729 0.4594882 0.002177119 0.4666469 0.8844411 0.6285872 0.583599 -0.5140919 0.5730002 0.5779862 -0.5810359 0.3856389 0.9020859 0.1937108 -0.5776265 0.7947445 0.1863567 -0.435995 0.3595206 0.8250172 -0.9954152 -0.09139728 -0.02820205 -0.5730373 0.3245649 -0.7525196 -0.7264468 0.2732231 0.6305746 -0.3997948 0.5656806 -0.721228 -0.8506066 -0.5221585 0.06179845 0.5617723 0.7720215 0.2973127 0.2451307 0.8314648 0.4985753 -0.6104207 0.6722962 -0.4188132 -0.644787 0.6111622 -0.4590541 -0.4124981 0.01624011 0.9108138 0.3868874 -0.5482329 0.7414573 0.07943642 0.994961 0.0611757 0.04864799 -0.01320135 -0.9987288 -0.9712622 0.188333 0.1455346 -0.05948811 0.01481032 0.9981192 -0.1692574 -0.9773706 -0.126881 0.3327649 -0.9424752 0.03174966 0.07599294 -0.9088189 -0.4102115 0.106687 -0.941527 -0.3196011 0.7245571 -0.666673 0.174826 -0.3294609 -0.7839438 -0.5262014 0.9645246 -0.2307537 0.1282384 0.7664121 -0.5620543 0.3109786 0.08000797 -0.9647927 0.2505471 0.690686 -0.7173009 -0.09182733 0.7377358 -0.6734783 0.0466156 -0.7479511 -0.6041351 -0.2749363 -0.7495478 -0.6049336 -0.2687631 -0.7546207 -0.6074028 -0.2482128 -0.9456959 -0.3228228 0.03800857 -0.6374339 -0.30509 0.7075297 -0.2925486 -0.9295291 0.2244799 -0.631325 -0.6774111 0.3775486 -0.5182124 -0.8546328 -0.03253668 -0.7293246 -0.3828327 -0.5670317 -0.8870524 -0.2870338 -0.3615934 -0.5469456 -0.7097014 -0.4440433 0.7043982 -0.313067 0.637034 0.5099934 -0.4690505 -0.7210398 0.6753957 -0.7345083 0.06586652 0.5931584 -0.6575556 0.4645252 0.6525605 -0.7377079 0.1730663 -0.009383916 -0.9692246 0.2459995 9.1156e-4 -0.5635122 0.8261073 0.5049557 -0.8254243 0.2523778 0.6394057 -0.5109158 0.5745655 0.5263964 -0.5624622 0.6376074 0.1447262 -0.733862 0.6637025 0.4579835 -0.7197573 0.5217283 0.510892 -0.110244 0.8525466 0.7939752 -0.2405385 0.5583409 -0.1453905 -0.7641755 0.6284086 -0.3498424 -0.9323497 0.09129273 -0.343093 -0.9246883 0.1650416 -0.3574596 -0.9322597 -0.0558077 -0.2868294 -0.9442013 -0.1619037 -0.3781945 -0.9174602 0.1234335 -0.4211818 -0.7176091 -0.554656 0.8675248 -0.4973374 0.007510006 -0.0334472 -0.4866526 0.872955 -0.1089832 -0.9262104 0.3609113 0.1224352 -0.6767391 0.725971 0.5049887 -0.2022223 0.8391023 0.6883544 0.02923917 0.724785 0.8761184 0.04682004 0.4798173 0.6348519 -0.2435601 0.7332404 0.9154354 -0.3420419 0.2120973 0.66324 -0.7263153 0.1804957 0.3159737 -0.9325717 0.174559 -0.1021333 -0.9889596 -0.1073676 0.2935377 -0.9150683 0.2765605 0.1600652 -0.9372895 0.309625 0.3398858 -0.7608684 0.5527721 0.6499477 -0.4681439 0.598673 0.8186433 -0.5081585 0.2675785 0.6188899 -0.7493666 0.2354254 -0.338699 -0.4403187 0.8315063 -0.5660244 -0.7997955 0.1998589 -0.7489353 -0.612611 -0.2525941 -0.8988051 -0.4363403 -0.04191154 -0.7321524 -0.5077559 0.454023 -0.9477013 -0.3146662 0.05336177 0.07296508 -0.5839052 0.8085362 0.206893 -0.1489985 0.9669513 -0.9846451 0.04678893 -0.168181 -0.6495635 -0.7486297 -0.1327441 -0.7303766 -0.6807206 -0.05630034 -0.5048276 -0.8029302 0.3169422 -0.3430451 -0.8915325 0.2957867 -0.7269086 -0.6393948 0.2505561 -0.9546191 -0.2573744 -0.1498699 -0.3954091 0.3753323 0.8383183 -0.3111411 0.3675531 0.8764109 0.1081019 0.2904818 0.9507546 -0.6893314 -0.6712367 -0.2725135 -0.670812 -0.6515856 0.3541859 -0.5148706 -0.7891589 0.334868 -0.1960915 -0.7836557 0.5894335 -0.2749279 -0.7950297 0.5406872 0.4418864 -0.3807612 0.8122545 0.6797073 0.2256177 0.6979216 0.6208041 -0.1881898 0.7610434 0.2437347 -0.5194793 0.818984 0.8827056 -0.1206971 0.4541619 0.177228 -0.3782826 0.9085663 0.7500413 -0.6549521 -0.09206461 0.5370622 -0.4240605 -0.729203 0.7811743 -0.3681201 -0.5042363 0.7185962 -0.6897992 -0.08829784 -0.5186091 -0.854742 -0.02146953 -0.5390554 -0.2734751 0.7966371 -0.9361841 -0.3295129 -0.1223949 -0.420719 -0.5249035 -0.7399134 -0.4752838 -0.6564168 0.5858518 -0.2882032 -0.7398787 -0.6078804 0.3854432 -0.8595588 0.3355478 -0.1806885 -0.9769597 -0.1135854 -0.4339482 -0.5886909 0.6820058 0.7368009 -0.65748 -0.1576212 -0.4092959 -0.7523249 -0.5162209 -0.7566664 -0.5044376 -0.4159309 0.2954664 -0.9115909 -0.285835 -0.1485493 -0.9655467 -0.2136651 -0.3903833 0.8938243 -0.2206332 -0.9064127 0.3441901 -0.2448458 0.4687401 0.8776318 -0.1002269 -0.2095887 0.9630126 -0.16935 0.500023 -0.7063258 0.5010797 0.1783963 -0.4112216 0.8939081 0.3811041 -0.1656496 0.9095714 0.4297381 -0.2588148 0.8650666 0.2941354 -0.4102728 0.8632269 0.1862446 -0.6883175 0.7010934 0.9186954 -0.2600899 0.2972407 0.9188887 -0.1676036 -0.3571451 0.9862912 -0.1251046 -0.1076046 0.9604132 -0.2773634 0.02599996 0.7701819 -0.6239733 0.1322012 0.8667505 -0.4899479 0.09324634 0.6897408 -0.7238864 0.01568758 0.8902621 -0.4554269 -0.004462718 0.5938146 -0.6315255 -0.4985576 0.8177349 -0.4125924 -0.401344 0.6422973 -0.3885675 0.6606585 0.7454629 -0.3519329 0.566064 0.07221943 0.009735524 -0.9973413 0.9874182 0.02238136 0.1565386 0.9042401 0.422211 0.06393653 0.8910613 0.3944496 -0.2245429 0.8819648 0.4480329 0.1463036 0.8530261 0.5198643 -0.04569041 0.7338891 0.6722157 -0.09763711 0.7401823 0.6399618 -0.2063472 0.2581561 -0.1209432 -0.9585031 -0.002749741 0.02721208 -0.9996259 -0.2329804 0.959542 0.1581121 0.05830901 -0.03909748 -0.9975327 0.06538832 0 -0.9978599 0.0558086 0.02165973 -0.9982066 0.05579596 0.02125585 -0.998216 0.01570636 0 -0.9998767 0.05582374 0.02214193 -0.9981951 0.04416143 0.01030182 -0.9989713 0.4942007 0.008038282 0.8693108 0.9846508 0.02470117 0.1727794 0.2576597 0.6862468 0.6802036 0.5891867 0.7046079 0.395458 0.8182771 -0.3062791 0.4864317 0.4478271 -0.762174 -0.4674847 0.4451424 -0.7621386 -0.4700993 0.4566272 -0.7622148 -0.4588247 -0.6408632 -0.7676405 -0.004737436 -0.6426504 -0.7645871 -0.0490635 -0.6299769 -0.7683728 0.1128377 0.4802408 -0.6461101 -0.5932206 0.4836865 -0.642745 -0.594076 0.4958019 -0.6306983 -0.5969927 0.6506987 0.3565549 0.6704176 0.6538232 0.3587489 0.666194 0.6660997 0.367402 0.649097 0.4595698 -0.5795705 0.6729737 0.2944082 -0.7285463 0.6185016 0.2723907 -0.7446922 0.6092921 0.659193 -0.1300151 0.7406489 0.6830874 -0.07808822 0.72615 0.6877714 -0.06722462 0.7228081 0.2480635 -0.8452704 -0.4732678 0.0587731 -0.9656457 -0.253129 0.3406692 -0.7451165 -0.5733638 0.4329324 -0.6747047 -0.5977819 0.3533309 -0.7962246 -0.4911046 0.4684748 -0.6035395 -0.645191 -0.3843029 -0.6353694 0.6697889 -0.4097856 -0.5802487 0.7038375 -0.3748171 -0.6541802 0.6569327 -0.4262197 -0.1372073 0.8941538 -0.3724005 -0.2166586 0.9024284 -0.5216708 0.02502566 0.8527798 -0.7759599 -0.5762624 -0.2565308 -0.6430251 -0.7538042 -0.1352706 -0.6071587 -0.7874034 -0.1065566 -0.7908825 -0.4797517 -0.3799256 -0.8162708 -0.4220326 -0.3944495 -0.8278113 -0.3921652 -0.401167 -0.29889 -0.2522273 0.9203512 0.8000039 -0.14467 0.5822923 -0.4538115 0.7602258 0.4648783 -0.4515227 0.7213102 0.5252038 -0.4363906 0.6121546 0.6594165 0.7217345 0.6744787 0.1554924 0.7145091 0.6842432 0.1459043 0.7305173 0.6620544 0.167417 -0.3232393 0.9408022 0.1020175 -0.3019786 0.9531435 -0.01807034 -0.2895776 0.9554002 -0.05792665 -0.2428048 0.956331 -0.1627168 -0.2167792 0.9543688 -0.2053951 -0.06249994 0.9210698 -0.3843491 -0.0521295 0.9173201 -0.3947231 0.1100032 0.8371163 -0.5358504 0.1330435 0.8243963 -0.5501548 0.3200038 0.7177355 -0.6184281 0.7670146 0.2081208 -0.6069386 0.8803465 -0.2206124 -0.4199049 0.7731457 -0.6305795 -0.06793618 0.6899713 -0.7208425 0.06576979 0.602906 -0.7734463 0.1956661 0.5320859 -0.7870692 0.3121005 0.5107022 -0.7832548 0.3545354 0.2059016 -0.1101951 0.9723486 -0.07830744 0.435294 0.8968764 -0.3013339 0.8458359 0.4401814 -0.3282142 0.913365 0.2409151 -0.7424567 -0.6013199 -0.2952501 -0.5298228 0.3811107 0.757656 0.4353565 -0.7619215 -0.479521 -0.641812 -0.7513377 -0.153523 0.4732761 -0.6528306 -0.5914576 0.6160277 0.3324115 0.7141516 0.5255802 -0.5032406 0.6859405 0.6518332 -0.1449949 0.7443722 -0.002953171 -0.9841139 -0.1775135 0.3143731 -0.8418431 -0.4387139 -0.4166457 -0.5641165 0.7128667 -0.3225697 -0.2844079 0.9028074 -0.8102566 -0.5067363 -0.2944531 -0.7655759 -0.5292976 -0.3657019 -0.4506338 0.8316028 0.3246014 0.7035528 0.6983298 0.1317163 -0.7424569 -0.6013198 -0.2952495 -0.529823 0.3811106 0.757656 0.4353592 -0.7619203 -0.4795203 -0.6418119 -0.7513378 -0.1535226 0.4732759 -0.6528311 -0.5914571 0.6160271 0.3324115 0.7141522 0.5255807 -0.5032411 0.6859398 0.6518321 -0.1449947 0.7443732 -0.002953171 -0.9841138 -0.177514 0.3143728 -0.8418437 -0.4387128 -0.4166461 -0.5641167 0.7128663 -0.3225685 -0.2844082 0.9028077 -0.8102566 -0.5067361 -0.2944537 -0.765576 -0.5292966 -0.3657027 -0.4506332 0.8316029 0.324602 0.7035535 0.698329 0.1317161 0.4388387 -0.6414874 0.6292173</float_array>
          <technique_common>
            <accessor source="#Circle-mesh-normals-array" count="1391" stride="3">
              <param name="X" type="float"/>
              <param name="Y" type="float"/>
              <param name="Z" type="float"/>
            </accessor>
          </technique_common>
        </source>
        <source id="Circle-mesh-map-0">
          <float_array id="Circle-mesh-map-0-array" count="7416">0.2371442 0.2131351 0.2685443 0.2215616 0.2542003 0.2325178 0.1173911 0.1572127 0.2626709 0.1892027 0.2371442 0.2131351 0.297905 0.1862715 0.3129808 0.2165672 0.2914806 0.2115142 0.377381 0.06307637 0.3427952 0.1952133 0.297905 0.1862715 0.2111461 0.2466031 0.2304711 0.2356833 0.2290602 0.244098 0.2290602 0.244098 0.2485476 0.2445707 0.2423268 0.2522674 0.1996136 0.2941955 0.1999067 0.2900701 0.2018637 0.2921715 0.1959326 0.2909088 0.2012554 0.2809556 0.1999067 0.2900701 0.2290602 0.244098 0.2403806 0.2550767 0.2281162 0.2499745 0.2111461 0.2466031 0.2281162 0.2499745 0.216772 0.2535168 0.1473195 0.2110952 0.2371442 0.2131351 0.2304711 0.2356833 0.2304711 0.2356833 0.2542003 0.2325178 0.2485476 0.2445707 0.2417032 0.2619206 0.2421984 0.2623529 0.2411773 0.2619859 0.2417209 0.2616557 0.2419605 0.2619474 0.2417032 0.2619206 0.2421134 0.2617229 0.2415214 0.2606475 0.243009 0.2614068 0.2411773 0.2619859 0.2417209 0.2616557 0.2417032 0.2619206 0.2442732 0.2607102 0.2426372 0.2641419 0.2424481 0.2628517 0.2502382 0.2672669 0.2503482 0.2670627 0.2504329 0.2671915 0.2501596 0.2670391 0.2505263 0.2668853 0.2503482 0.2670627 0.2304756 0.2622264 0.2245891 0.2638716 0.2289821 0.261103 0.2197052 0.2584862 0.2289821 0.261103 0.2245891 0.2638716 0.216772 0.2535168 0.2220465 0.2550037 0.2197052 0.2584862 0.2406805 0.2709274 0.2412441 0.2710971 0.240887 0.271386 0.2279185 0.2772327 0.2268553 0.2778685 0.2281618 0.2751608 0.2391535 0.2718695 0.2392068 0.2719022 0.2391607 0.2719038 0.2870931 0.2339967 0.2996705 0.2542335 0.2839298 0.2542297 0.2778388 0.2553529 0.2616871 0.2472869 0.2739953 0.2393684 0.2870931 0.2339967 0.2685443 0.2215616 0.2914806 0.2115142 0.2197402 0.268504 0.216772 0.2535168 0.2197052 0.2584862 0.2197402 0.268504 0.2069177 0.2733908 0.216772 0.2535168 0.195822 0.2625023 0.2069177 0.2733908 0.2012554 0.2809556 0.195822 0.2625023 0.216772 0.2535168 0.2069177 0.2733908 0.1626272 0.2449974 0.2111461 0.2466031 0.195822 0.2625023 0.2304756 0.2622264 0.2289821 0.261103 0.2317598 0.2607194 0.2317598 0.2607194 0.2286131 0.2546804 0.2281162 0.2499745 0.2367262 0.2609736 0.2403806 0.2550767 0.2389056 0.2623202 0.2317598 0.2607194 0.2403806 0.2550767 0.2367262 0.2609736 0.2377895 0.26562 0.2367262 0.2609736 0.2389056 0.2623202 0.2359143 0.2669225 0.2377895 0.26562 0.2384217 0.2677239 0.2359143 0.2669225 0.2367262 0.2609736 0.2377895 0.26562 0.2359143 0.2669225 0.2304756 0.2622264 0.2317598 0.2607194 0.2339378 0.269083 0.2304756 0.2622264 0.2349513 0.2681907 0.2298497 0.2717861 0.2333157 0.2711932 0.2312075 0.2751975 0.2298497 0.2717861 0.2281618 0.2751608 0.2251913 0.2725331 0.2339378 0.269083 0.2333157 0.2711932 0.2298497 0.2717861 0.2358683 0.2699033 0.2333157 0.2711932 0.2339378 0.269083 0.2345649 0.2739851 0.2333157 0.2711932 0.2350816 0.2718604 0.2370694 0.2688414 0.2384217 0.2677239 0.2388107 0.2700874 0.2370694 0.2688414 0.2359143 0.2669225 0.2384217 0.2677239 0.2358683 0.2699033 0.2349513 0.2681907 0.2370694 0.2688414 0.2370694 0.2688414 0.2374156 0.2711325 0.2358683 0.2699033 0.2358683 0.2699033 0.2366209 0.2724282 0.2350816 0.2718604 0.2374156 0.2711325 0.2380826 0.2722136 0.2366209 0.2724282 0.2388107 0.2700874 0.2384217 0.2677239 0.2399713 0.2680789 0.24103 0.2690023 0.2388107 0.2700874 0.2399713 0.2680789 0.239699 0.2707152 0.2390117 0.2712188 0.2388107 0.2700874 0.2403236 0.2715905 0.2394323 0.2713797 0.239699 0.2707152 0.239466 0.2717852 0.2393728 0.2718662 0.2392826 0.271622 0.2393728 0.2718662 0.2391954 0.2717407 0.2392826 0.271622 0.2392516 0.2719001 0.2391857 0.271838 0.2391954 0.2717407 0.2391857 0.271838 0.2391248 0.2718666 0.2391954 0.2717407 0.2391535 0.2718695 0.239142 0.2719044 0.2391248 0.2718666 0.2391248 0.2718666 0.2391182 0.2719052 0.2391061 0.2718827 0.2391061 0.2718827 0.2390974 0.2719058 0.2390921 0.2718876 0.2390921 0.2718876 0.239069 0.2719066 0.2390746 0.2718831 0.2390746 0.2718831 0.2390151 0.2719086 0.239033 0.2718533 0.2390151 0.2719086 0.2389255 0.2718262 0.239033 0.2718533 0.2388973 0.2719119 0.238756 0.2717078 0.2389255 0.2718262 0.2386511 0.2719486 0.2382562 0.2716544 0.238756 0.2717078 0.238756 0.2717078 0.2390117 0.2712188 0.2390495 0.2715325 0.2382562 0.2716544 0.2388107 0.2700874 0.2390117 0.2712188 0.2394323 0.2713797 0.2390495 0.2715325 0.2390117 0.2712188 0.2392826 0.271622 0.2390872 0.2717238 0.2390495 0.2715325 0.2391954 0.2717407 0.2390837 0.2718454 0.2390872 0.2717238 0.2390837 0.2718454 0.2391061 0.2718827 0.2390921 0.2718876 0.2390837 0.2718454 0.2390746 0.2718831 0.239033 0.2718533 0.239033 0.2718533 0.2390872 0.2717238 0.2390837 0.2718454 0.2390872 0.2717238 0.238756 0.2717078 0.2390495 0.2715325 0.2403236 0.2715905 0.2406805 0.2709274 0.240887 0.271386 0.239699 0.2707152 0.2411296 0.2704753 0.2406805 0.2709274 0.2419706 0.2709095 0.2411296 0.2704753 0.24103 0.2690023 0.24103 0.2690023 0.2426627 0.2701062 0.2419706 0.2709095 0.2436383 0.2698557 0.2441689 0.2691656 0.2443138 0.269599 0.2443351 0.2664122 0.2473213 0.2606557 0.2457914 0.2689824 0.2498718 0.2658606 0.2485103 0.26798 0.2494118 0.2649649 0.243009 0.2614068 0.2424481 0.2628517 0.2421984 0.2623529 0.2501596 0.2670391 0.2497386 0.2674632 0.2498718 0.2658606 0.2498718 0.2658606 0.2514184 0.2668113 0.2505263 0.2668853 0.2514184 0.2668113 0.2507044 0.2670862 0.2505263 0.2668853 0.2507056 0.2673534 0.2504329 0.2671915 0.2507044 0.2670862 0.2494118 0.2649649 0.2473213 0.2606557 0.2500362 0.2582954 0.2473213 0.2606557 0.2423268 0.2522674 0.2500362 0.2582954 0.2423268 0.2522674 0.2536022 0.2539359 0.2500362 0.2582954 0.2591401 0.2623804 0.2500362 0.2582954 0.2536022 0.2539359 0.2591401 0.2623804 0.2616871 0.2472869 0.2670297 0.2597178 0.2616871 0.2472869 0.2485476 0.2445707 0.2542003 0.2325178 0.2542003 0.2325178 0.2739953 0.2393684 0.2616871 0.2472869 0.2426372 0.2641419 0.2417247 0.2681307 0.2400223 0.2661219 0.2417247 0.2681307 0.2399713 0.2680789 0.2400223 0.2661219 0.2384217 0.2677239 0.2400223 0.2661219 0.2399713 0.2680789 0.2400223 0.2661219 0.2389056 0.2623202 0.2426372 0.2641419 0.2197402 0.268504 0.2245891 0.2638716 0.2247774 0.2679591 0.2251913 0.2725331 0.2197402 0.268504 0.2247774 0.2679591 0.2256442 0.2785098 0.2178211 0.2734639 0.2251913 0.2725331 0.2069177 0.2733908 0.2107133 0.2869266 0.2012554 0.2809556 0.2069177 0.2733908 0.2194188 0.2816398 0.2107133 0.2869266 0.2032504 0.2908425 0.2018637 0.2921715 0.1999067 0.2900701 0.2012554 0.2809556 0.2032504 0.2908425 0.1999067 0.2900701 0.2251913 0.2725331 0.2268553 0.2778685 0.2256442 0.2785098 0.2245891 0.2638716 0.2197402 0.268504 0.2197052 0.2584862 0.2281618 0.2751608 0.2300977 0.2759669 0.2288425 0.2767644 0.2281618 0.2751608 0.2312075 0.2751975 0.2300977 0.2759669 0.1847622 0.2834188 0.1645923 0.3179299 0.1626272 0.2449974 0.1959326 0.2909088 0.1996136 0.2941955 0.1970981 0.2958214 0.1959326 0.2909088 0.1872075 0.3048809 0.1847622 0.2834188 0.195822 0.2625023 0.1847622 0.2834188 0.1626272 0.2449974 0.2443351 0.2664122 0.2441264 0.2682139 0.2417247 0.2681307 0.2441264 0.2682139 0.2433269 0.2692066 0.2417247 0.2681307 0.2433269 0.2692066 0.2426627 0.2701062 0.2417247 0.2681307 0.2441264 0.2682139 0.2457914 0.2689824 0.24493 0.2693379 0.2441689 0.2691656 0.24493 0.2693379 0.2443138 0.269599 0.2494118 0.2649649 0.2457914 0.2689824 0.2473213 0.2606557 0.2498718 0.2658606 0.2523761 0.2665553 0.2514184 0.2668113 0.2421134 0.2617229 0.2421984 0.2623529 0.2419605 0.2619474 0.2389056 0.2623202 0.2408731 0.2592706 0.2404688 0.2621616 0.2404688 0.2621616 0.2415214 0.2606475 0.2411773 0.2619859 0.2442732 0.2607102 0.2403806 0.2550767 0.2473213 0.2606557 0.2442732 0.2607102 0.2415214 0.2606475 0.2408731 0.2592706 0.2404688 0.2621616 0.2426372 0.2641419 0.2389056 0.2623202 0.2411773 0.2619859 0.2424481 0.2628517 0.2404688 0.2621616 0.2219876 0.2542388 0.224025 0.2538685 0.2220465 0.2550037 0.216772 0.2535168 0.2237483 0.2531667 0.2219876 0.2542388 0.2281162 0.2499745 0.224025 0.2538685 0.2237483 0.2531667 0.2286131 0.2546804 0.2220465 0.2550037 0.224025 0.2538685 0.2735776 0.2812463 0.2838754 0.2944849 0.2693127 0.2973279 0.2693127 0.2973279 0.2921525 0.3184146 0.2647023 0.3245208 0.2986751 0.2936424 0.3054811 0.2795619 0.3123854 0.2881222 0.2986751 0.2936424 0.3212283 0.3026795 0.3089607 0.3131832 0.2498236 0.2929223 0.2463805 0.3115171 0.2427123 0.3014753 0.2552795 0.2825837 0.2578493 0.2937159 0.2498236 0.2929223 0.1996136 0.2941955 0.2039911 0.2944249 0.2023013 0.2981905 0.2023013 0.2981905 0.2136425 0.2990257 0.2062203 0.3097387 0.2500982 0.2815856 0.2498236 0.2929223 0.2447662 0.2904936 0.2447662 0.2904936 0.2427123 0.3014753 0.2377256 0.2960453 0.2463805 0.3115171 0.2693127 0.2973279 0.2647023 0.3245208 0.2593699 0.2826272 0.2693127 0.2973279 0.2578493 0.2937159 0.247086 0.2747207 0.2496376 0.2763289 0.2481233 0.2772606 0.2502382 0.2672669 0.2504569 0.2673426 0.2503345 0.2674857 0.2507056 0.2673534 0.2503345 0.2674857 0.2504569 0.2673426 0.240887 0.271386 0.241552 0.271715 0.2410597 0.2719241 0.2288425 0.2767644 0.2279185 0.2772327 0.2281618 0.2751608 0.2392068 0.2719022 0.2391559 0.2719378 0.2391607 0.2719038 0.2996705 0.2542335 0.2900037 0.2723562 0.2839298 0.2542297 0.2796505 0.270101 0.2670297 0.2597178 0.2778388 0.2553529 0.2900037 0.2723562 0.28322 0.2816277 0.2796505 0.270101 0.2354472 0.2884958 0.2207453 0.2947227 0.2255791 0.286551 0.2264946 0.3059968 0.2136425 0.2990257 0.2207453 0.2947227 0.2377256 0.2960453 0.2264946 0.3059968 0.2207453 0.2947227 0.2264946 0.3059968 0.2463805 0.3115171 0.2141554 0.330632 0.2463805 0.3115171 0.2540765 0.348046 0.2141554 0.330632 0.2647023 0.3245208 0.2996652 0.3466463 0.2540765 0.348046 0.2445962 0.2806901 0.2450113 0.2789897 0.2500982 0.2815856 0.2445962 0.2806901 0.2447662 0.2904936 0.2409654 0.2835065 0.2427786 0.2790916 0.2450113 0.2789897 0.2445962 0.2806901 0.2408785 0.2774186 0.2412896 0.2754566 0.2428914 0.2767978 0.2427786 0.2790916 0.2409654 0.2835065 0.2398282 0.2798238 0.2328798 0.2784793 0.2312075 0.2751975 0.236036 0.2768415 0.2328798 0.2784793 0.2294131 0.2813378 0.2296214 0.2781193 0.236768 0.279758 0.2380293 0.2775235 0.2393686 0.2774373 0.236036 0.2768415 0.2380229 0.2755703 0.2380293 0.2775235 0.236036 0.2768415 0.2345649 0.2739851 0.2362319 0.2750436 0.2395928 0.2755346 0.2400649 0.2734767 0.2412896 0.2754566 0.2408785 0.2774186 0.2395928 0.2755346 0.2412896 0.2754566 0.2393686 0.2774373 0.2380229 0.2755703 0.2395928 0.2755346 0.2395928 0.2755346 0.2382956 0.2736449 0.2400649 0.2734767 0.2362319 0.2750436 0.2382956 0.2736449 0.2380229 0.2755703 0.2382956 0.2736449 0.2380826 0.2722136 0.2385033 0.2725183 0.2400649 0.2734767 0.2422429 0.274234 0.2412896 0.2754566 0.2400649 0.2734767 0.2424708 0.2728291 0.2422429 0.274234 0.2393901 0.272599 0.2403107 0.2724911 0.2400649 0.2734767 0.2396449 0.2721984 0.2403236 0.2715905 0.2403107 0.2724911 0.2393728 0.2718662 0.239466 0.2717852 0.2397066 0.2717629 0.2393603 0.272126 0.2392516 0.2719001 0.2393728 0.2718662 0.2391903 0.2719671 0.2392516 0.2719001 0.2392094 0.272068 0.2391274 0.2719426 0.2391903 0.2719671 0.2392094 0.272068 0.2391559 0.2719378 0.239142 0.2719044 0.2391607 0.2719038 0.2391274 0.2719426 0.2391182 0.2719052 0.239142 0.2719044 0.2391077 0.271928 0.2390974 0.2719058 0.2391182 0.2719052 0.2390936 0.271924 0.239069 0.2719066 0.2390974 0.2719058 0.2390766 0.2719293 0.2390151 0.2719086 0.239069 0.2719066 0.2389447 0.2720173 0.2390151 0.2719086 0.2390384 0.2719603 0.2388031 0.2721877 0.2388973 0.2719119 0.2389447 0.2720173 0.2388031 0.2721877 0.2380826 0.2722136 0.2386511 0.2719486 0.2392292 0.2723437 0.2385033 0.2725183 0.2388031 0.2721877 0.2393901 0.272599 0.2382956 0.2736449 0.2385033 0.2725183 0.2392292 0.2723437 0.2396449 0.2721984 0.2393901 0.272599 0.2392292 0.2723437 0.2392094 0.272068 0.2393603 0.272126 0.2390884 0.2719657 0.2392094 0.272068 0.2390972 0.2720863 0.2390884 0.2719657 0.2391077 0.271928 0.2391274 0.2719426 0.2390884 0.2719657 0.2390766 0.2719293 0.2390936 0.271924 0.2390972 0.2720863 0.2390384 0.2719603 0.2390884 0.2719657 0.2390972 0.2720863 0.2388031 0.2721877 0.2389447 0.2720173 0.2403236 0.2715905 0.2410597 0.2719241 0.2403107 0.2724911 0.2410597 0.2719241 0.2424708 0.2728291 0.2403107 0.2724911 0.241552 0.271715 0.2419706 0.2709095 0.2424708 0.2728291 0.2419706 0.2709095 0.2433491 0.272616 0.2424708 0.2728291 0.2436383 0.2698557 0.2445057 0.2700054 0.2439872 0.2708383 0.246299 0.2721171 0.2524259 0.273812 0.247086 0.2747207 0.2485103 0.26798 0.2508984 0.268506 0.2515442 0.2704874 0.2497386 0.2674632 0.2503345 0.2674857 0.2508984 0.268506 0.2508984 0.268506 0.2507056 0.2673534 0.2514184 0.2668113 0.2514184 0.2668113 0.2507056 0.2673534 0.2507044 0.2670862 0.2505263 0.2668853 0.2504329 0.2671915 0.2503482 0.2670627 0.2566499 0.2737555 0.2524259 0.273812 0.2515442 0.2704874 0.2552795 0.2825837 0.2524259 0.273812 0.2566499 0.2737555 0.2566499 0.2737555 0.2593699 0.2826272 0.2552795 0.2825837 0.2628383 0.2731136 0.2548694 0.2656335 0.2591401 0.2623804 0.2591401 0.2623804 0.267452 0.2705699 0.2628383 0.2731136 0.2735776 0.2812463 0.2628383 0.2731136 0.267452 0.2705699 0.2796505 0.270101 0.2735776 0.2812463 0.267452 0.2705699 0.2439187 0.2749465 0.246299 0.2721171 0.247086 0.2747207 0.2422429 0.274234 0.2433491 0.272616 0.2439187 0.2749465 0.2422429 0.274234 0.2428914 0.2767978 0.2412896 0.2754566 0.2439187 0.2749465 0.2450113 0.2789897 0.2428914 0.2767978 0.2354472 0.2884958 0.2294131 0.2813378 0.2359659 0.2834414 0.2255791 0.286551 0.2256442 0.2785098 0.2294131 0.2813378 0.2207453 0.2947227 0.2136425 0.2990257 0.2107133 0.2869266 0.2207453 0.2947227 0.2194188 0.2816398 0.2255791 0.286551 0.2032504 0.2908425 0.2039911 0.2944249 0.2018637 0.2921715 0.2039911 0.2944249 0.2107133 0.2869266 0.2136425 0.2990257 0.2294131 0.2813378 0.2268553 0.2778685 0.2296214 0.2781193 0.2296214 0.2781193 0.2288425 0.2767644 0.2300977 0.2759669 0.2300977 0.2759669 0.2328798 0.2784793 0.2296214 0.2781193 0.3089607 0.3131832 0.2996652 0.3466463 0.2921525 0.3184146 0.1645923 0.3179299 0.2062203 0.3097387 0.2141554 0.330632 0.2023013 0.2981905 0.1970981 0.2958214 0.1996136 0.2941955 0.2023013 0.2981905 0.1872075 0.3048809 0.1970981 0.2958214 0.2062203 0.3097387 0.2264946 0.3059968 0.2141554 0.330632 0.246299 0.2721171 0.2433491 0.272616 0.2451457 0.270665 0.2451457 0.270665 0.2439872 0.2708383 0.2445057 0.2700054 0.2439872 0.2708383 0.2426627 0.2701062 0.2436383 0.2698557 0.2457914 0.2689824 0.2451457 0.270665 0.24493 0.2693379 0.24493 0.2693379 0.2445057 0.2700054 0.2443138 0.269599 0.2457914 0.2689824 0.2515442 0.2704874 0.2524259 0.273812 0.2523761 0.2665553 0.2508984 0.268506 0.2514184 0.2668113 0.2450113 0.2789897 0.2487601 0.2801088 0.2500982 0.2815856 0.2481233 0.2772606 0.2487601 0.2801088 0.2466259 0.2779551 0.2500982 0.2815856 0.2496376 0.2763289 0.2524259 0.273812 0.2481233 0.2772606 0.2496376 0.2763289 0.2487601 0.2801088 0.247086 0.2747207 0.2466259 0.2779551 0.2450113 0.2789897 0.2366209 0.2724282 0.2362319 0.2750436 0.2345649 0.2739851 0.3291155 0.310865 0.3089607 0.3131832 0.3212283 0.3026795 0.3034335 0.2728744 0.2925013 0.2833561 0.2900037 0.2723562 0.2839298 0.2542297 0.2796505 0.270101 0.2778388 0.2553529 0.2921525 0.3184146 0.2986751 0.2936424 0.3089607 0.3131832 0.2838754 0.2944849 0.2925013 0.2833561 0.2986751 0.2936424 0.2993701 0.2320167 0.2914806 0.2115142 0.3129808 0.2165672 0.2739953 0.2393684 0.2839298 0.2542297 0.2778388 0.2553529 0.2467553 0.03518539 0.297905 0.1862715 0.2626709 0.1892027 0.2626709 0.1892027 0.2914806 0.2115142 0.2685443 0.2215616 0.2409654 0.2835065 0.2354472 0.2884958 0.2359659 0.2834414 0.2366209 0.2724282 0.2345649 0.2739851 0.2350816 0.2718604 0.2447662 0.2904936 0.2377256 0.2960453 0.2354472 0.2884958 0.2398282 0.2798238 0.2359659 0.2834414 0.236768 0.279758 0.2359659 0.2834414 0.2328798 0.2784793 0.236768 0.279758 0.236768 0.279758 0.236036 0.2768415 0.2380293 0.2775235 0.2393686 0.2774373 0.2398282 0.2798238 0.236768 0.279758 0.2428914 0.2767978 0.2450113 0.2789897 0.2427786 0.2790916 0.2427786 0.2790916 0.2408785 0.2774186 0.2428914 0.2767978 0.2334443 0.4508424 0.1466031 0.4841731 0.1565058 0.4246254 0.4251608 0.3711258 0.4451041 0.42838 0.3980751 0.4079733 0.3980751 0.4079733 0.3779639 0.508306 0.3377357 0.4475726 0.3377357 0.4475726 0.2351308 0.5319992 0.2334443 0.4508424 0.2996652 0.3466463 0.2494136 0.3811789 0.2540765 0.348046 0.317937 0.3807376 0.2334443 0.4508424 0.2494136 0.3811789 0.325155 0.3287386 0.317937 0.3807376 0.2996652 0.3466463 0.3536177 0.3630609 0.3377357 0.4475726 0.317937 0.3807376 0.3662019 0.3301922 0.325155 0.3287386 0.3291155 0.310865 0.4251608 0.3711258 0.3536177 0.3630609 0.3662019 0.3301922 0.2540765 0.348046 0.1936525 0.3522955 0.2141554 0.330632 0.2494136 0.3811789 0.1565058 0.4246254 0.1936525 0.3522955 0.3427952 0.1952133 0.4282633 0.1868897 0.336224 0.2639858 0.336224 0.2639858 0.4437795 0.2078317 0.3580443 0.2863832 0.4282633 0.1868897 0.4223945 0.03962504 0.4437795 0.2078317 0.377381 0.06307637 0.2437008 1.08746e-4 0.4223945 0.03962504 0.1328399 0.08990341 0.1173911 0.1572127 0.01271545 0.1894273 0.1328399 0.08990341 0.2467553 0.03518539 0.1173911 0.1572127 1.08746e-4 0.4052821 0.08222627 0.4139305 0.09227013 0.5310856 0.09227013 0.5310856 0.08222627 0.4139305 0.1466031 0.4841731 0.09227013 0.5310856 0.2351308 0.5319992 0.2409648 0.5975058 0.2409648 0.5975058 0.3779639 0.508306 0.4145852 0.5575529 0.4145852 0.5575529 0.4451041 0.42838 0.5048397 0.4391092 0.5048397 0.4391092 0.4528688 0.373602 0.4678747 0.3577751 0.4678747 0.3577751 0.3662019 0.3301922 0.5048397 0.2594549 0.4678747 0.3577751 0.4251608 0.3711258 0.3662019 0.3301922 0.3580443 0.2863832 0.5048397 0.2594549 0.3662019 0.3301922 0.3580443 0.2863832 0.3291155 0.310865 0.3212283 0.3026795 0.3123854 0.2881222 0.3580443 0.2863832 0.3212283 0.3026795 0.3034335 0.2728744 0.336224 0.2639858 0.3054811 0.2795619 0.3129808 0.2165672 0.3427952 0.1952133 0.336224 0.2639858 0.08222627 0.4139305 0.1565058 0.4246254 0.1466031 0.4841731 0.1221591 0.3280543 0.1565058 0.4246254 0.08222627 0.4139305 0.1936525 0.3522955 0.1645923 0.3179299 0.2141554 0.330632 0.1626272 0.2449974 0.1360232 0.2482293 0.1473195 0.2110952 0.1221591 0.3280543 1.08746e-4 0.4052821 0.01271545 0.1894273 0.1473195 0.2110952 0.01271545 0.1894273 0.1173911 0.1572127 0.1360232 0.2482293 0.1221591 0.3280543 0.01271545 0.1894273 0.1360232 0.2482293 0.1645923 0.3179299 0.1221591 0.3280543 0.1473195 0.2110952 0.1360232 0.2482293 0.01271545 0.1894273 0.2279185 0.2772327 0.2296214 0.2781193 0.2268553 0.2778685 0.2371442 0.2131351 0.2626709 0.1892027 0.2685443 0.2215616 0.1173911 0.1572127 0.2467553 0.03518539 0.2626709 0.1892027 0.297905 0.1862715 0.3427952 0.1952133 0.3129808 0.2165672 0.377381 0.06307637 0.4282633 0.1868897 0.3427952 0.1952133 0.2111461 0.2466031 0.1473195 0.2110952 0.2304711 0.2356833 0.2290602 0.244098 0.2304711 0.2356833 0.2485476 0.2445707 0.1996136 0.2941955 0.1959326 0.2909088 0.1999067 0.2900701 0.1959326 0.2909088 0.1847622 0.2834188 0.2012554 0.2809556 0.2290602 0.244098 0.2423268 0.2522674 0.2403806 0.2550767 0.2111461 0.2466031 0.2290602 0.244098 0.2281162 0.2499745 0.1473195 0.2110952 0.1173911 0.1572127 0.2371442 0.2131351 0.2304711 0.2356833 0.2371442 0.2131351 0.2542003 0.2325178 0.2417032 0.2619206 0.2419605 0.2619474 0.2421984 0.2623529 0.2417209 0.2616557 0.2421134 0.2617229 0.2419605 0.2619474 0.2421134 0.2617229 0.2417209 0.2616557 0.2415214 0.2606475 0.2411773 0.2619859 0.2415214 0.2606475 0.2417209 0.2616557 0.2442732 0.2607102 0.2473213 0.2606557 0.2426372 0.2641419 0.2502382 0.2672669 0.2501596 0.2670391 0.2503482 0.2670627 0.2501596 0.2670391 0.2498718 0.2658606 0.2505263 0.2668853 0.2304756 0.2622264 0.2247774 0.2679591 0.2245891 0.2638716 0.2197052 0.2584862 0.2286131 0.2546804 0.2289821 0.261103 0.216772 0.2535168 0.2219876 0.2542388 0.2220465 0.2550037 0.2406805 0.2709274 0.2411296 0.2704753 0.2412441 0.2710971 0.2391535 0.2718695 0.2391857 0.271838 0.2392068 0.2719022 0.2870931 0.2339967 0.2993701 0.2320167 0.2996705 0.2542335 0.2778388 0.2553529 0.2670297 0.2597178 0.2616871 0.2472869 0.2870931 0.2339967 0.2739953 0.2393684 0.2685443 0.2215616 0.2197402 0.268504 0.2178211 0.2734639 0.2069177 0.2733908 0.195822 0.2625023 0.2111461 0.2466031 0.216772 0.2535168 0.1626272 0.2449974 0.1473195 0.2110952 0.2111461 0.2466031 0.2317598 0.2607194 0.2289821 0.261103 0.2286131 0.2546804 0.2317598 0.2607194 0.2281162 0.2499745 0.2403806 0.2550767 0.2359143 0.2669225 0.2317598 0.2607194 0.2367262 0.2609736 0.2359143 0.2669225 0.2349513 0.2681907 0.2304756 0.2622264 0.2339378 0.269083 0.2247774 0.2679591 0.2304756 0.2622264 0.2298497 0.2717861 0.2251913 0.2725331 0.2247774 0.2679591 0.2247774 0.2679591 0.2339378 0.269083 0.2298497 0.2717861 0.2358683 0.2699033 0.2350816 0.2718604 0.2333157 0.2711932 0.2345649 0.2739851 0.2312075 0.2751975 0.2333157 0.2711932 0.2370694 0.2688414 0.2349513 0.2681907 0.2359143 0.2669225 0.2358683 0.2699033 0.2339378 0.269083 0.2349513 0.2681907 0.2370694 0.2688414 0.2388107 0.2700874 0.2374156 0.2711325 0.2358683 0.2699033 0.2374156 0.2711325 0.2366209 0.2724282 0.2374156 0.2711325 0.2382562 0.2716544 0.2380826 0.2722136 0.24103 0.2690023 0.239699 0.2707152 0.2388107 0.2700874 0.239699 0.2707152 0.2394323 0.2713797 0.2390117 0.2712188 0.2403236 0.2715905 0.2397066 0.2717629 0.2394323 0.2713797 0.2392826 0.271622 0.2394323 0.2713797 0.2397066 0.2717629 0.2397066 0.2717629 0.239466 0.2717852 0.2392826 0.271622 0.2393728 0.2718662 0.2392516 0.2719001 0.2391954 0.2717407 0.2392516 0.2719001 0.2392068 0.2719022 0.2391857 0.271838 0.2391857 0.271838 0.2391535 0.2718695 0.2391248 0.2718666 0.2391535 0.2718695 0.2391607 0.2719038 0.239142 0.2719044 0.2391248 0.2718666 0.239142 0.2719044 0.2391182 0.2719052 0.2391061 0.2718827 0.2391182 0.2719052 0.2390974 0.2719058 0.2390921 0.2718876 0.2390974 0.2719058 0.239069 0.2719066 0.2390746 0.2718831 0.239069 0.2719066 0.2390151 0.2719086 0.2390151 0.2719086 0.2388973 0.2719119 0.2389255 0.2718262 0.2388973 0.2719119 0.2386511 0.2719486 0.238756 0.2717078 0.2386511 0.2719486 0.2380826 0.2722136 0.2382562 0.2716544 0.238756 0.2717078 0.2382562 0.2716544 0.2390117 0.2712188 0.2382562 0.2716544 0.2374156 0.2711325 0.2388107 0.2700874 0.2394323 0.2713797 0.2392826 0.271622 0.2390495 0.2715325 0.2392826 0.271622 0.2391954 0.2717407 0.2390872 0.2717238 0.2391954 0.2717407 0.2391248 0.2718666 0.2390837 0.2718454 0.2390837 0.2718454 0.2391248 0.2718666 0.2391061 0.2718827 0.2390837 0.2718454 0.2390921 0.2718876 0.2390746 0.2718831 0.239033 0.2718533 0.2389255 0.2718262 0.2390872 0.2717238 0.2390872 0.2717238 0.2389255 0.2718262 0.238756 0.2717078 0.2403236 0.2715905 0.239699 0.2707152 0.2406805 0.2709274 0.239699 0.2707152 0.24103 0.2690023 0.2411296 0.2704753 0.2419706 0.2709095 0.2412441 0.2710971 0.2411296 0.2704753 0.24103 0.2690023 0.2417247 0.2681307 0.2426627 0.2701062 0.2436383 0.2698557 0.2433269 0.2692066 0.2441689 0.2691656 0.2443351 0.2664122 0.2426372 0.2641419 0.2473213 0.2606557 0.2498718 0.2658606 0.2497386 0.2674632 0.2485103 0.26798 0.243009 0.2614068 0.2442732 0.2607102 0.2424481 0.2628517 0.2501596 0.2670391 0.2502382 0.2672669 0.2497386 0.2674632 0.2507056 0.2673534 0.2504569 0.2673426 0.2504329 0.2671915 0.2500362 0.2582954 0.2548694 0.2656335 0.2494118 0.2649649 0.2548694 0.2656335 0.2523761 0.2665553 0.2494118 0.2649649 0.2473213 0.2606557 0.2403806 0.2550767 0.2423268 0.2522674 0.2423268 0.2522674 0.2485476 0.2445707 0.2536022 0.2539359 0.2591401 0.2623804 0.2548694 0.2656335 0.2500362 0.2582954 0.2591401 0.2623804 0.2536022 0.2539359 0.2616871 0.2472869 0.2616871 0.2472869 0.2536022 0.2539359 0.2485476 0.2445707 0.2542003 0.2325178 0.2685443 0.2215616 0.2739953 0.2393684 0.2426372 0.2641419 0.2443351 0.2664122 0.2417247 0.2681307 0.2417247 0.2681307 0.24103 0.2690023 0.2399713 0.2680789 0.2384217 0.2677239 0.2377895 0.26562 0.2400223 0.2661219 0.2400223 0.2661219 0.2377895 0.26562 0.2389056 0.2623202 0.2251913 0.2725331 0.2178211 0.2734639 0.2197402 0.268504 0.2256442 0.2785098 0.2194188 0.2816398 0.2178211 0.2734639 0.2069177 0.2733908 0.2178211 0.2734639 0.2194188 0.2816398 0.2012554 0.2809556 0.2107133 0.2869266 0.2032504 0.2908425 0.2251913 0.2725331 0.2281618 0.2751608 0.2268553 0.2778685 0.2281618 0.2751608 0.2298497 0.2717861 0.2312075 0.2751975 0.1847622 0.2834188 0.1872075 0.3048809 0.1645923 0.3179299 0.1959326 0.2909088 0.1970981 0.2958214 0.1872075 0.3048809 0.195822 0.2625023 0.2012554 0.2809556 0.1847622 0.2834188 0.2441264 0.2682139 0.2441689 0.2691656 0.2433269 0.2692066 0.2433269 0.2692066 0.2436383 0.2698557 0.2426627 0.2701062 0.2441264 0.2682139 0.2443351 0.2664122 0.2457914 0.2689824 0.2441689 0.2691656 0.2441264 0.2682139 0.24493 0.2693379 0.2494118 0.2649649 0.2485103 0.26798 0.2457914 0.2689824 0.2498718 0.2658606 0.2494118 0.2649649 0.2523761 0.2665553 0.2421134 0.2617229 0.243009 0.2614068 0.2421984 0.2623529 0.2389056 0.2623202 0.2403806 0.2550767 0.2408731 0.2592706 0.2404688 0.2621616 0.2408731 0.2592706 0.2415214 0.2606475 0.2442732 0.2607102 0.2408731 0.2592706 0.2403806 0.2550767 0.2442732 0.2607102 0.243009 0.2614068 0.2415214 0.2606475 0.2404688 0.2621616 0.2424481 0.2628517 0.2426372 0.2641419 0.2411773 0.2619859 0.2421984 0.2623529 0.2424481 0.2628517 0.2219876 0.2542388 0.2237483 0.2531667 0.224025 0.2538685 0.216772 0.2535168 0.2281162 0.2499745 0.2237483 0.2531667 0.2281162 0.2499745 0.2286131 0.2546804 0.224025 0.2538685 0.2286131 0.2546804 0.2197052 0.2584862 0.2220465 0.2550037 0.2735776 0.2812463 0.28322 0.2816277 0.2838754 0.2944849 0.2693127 0.2973279 0.2838754 0.2944849 0.2921525 0.3184146 0.2986751 0.2936424 0.2925013 0.2833561 0.3054811 0.2795619 0.2986751 0.2936424 0.3123854 0.2881222 0.3212283 0.3026795 0.2498236 0.2929223 0.2578493 0.2937159 0.2463805 0.3115171 0.2552795 0.2825837 0.2593699 0.2826272 0.2578493 0.2937159 0.1996136 0.2941955 0.2018637 0.2921715 0.2039911 0.2944249 0.2023013 0.2981905 0.2039911 0.2944249 0.2136425 0.2990257 0.2500982 0.2815856 0.2552795 0.2825837 0.2498236 0.2929223 0.2447662 0.2904936 0.2498236 0.2929223 0.2427123 0.3014753 0.2463805 0.3115171 0.2578493 0.2937159 0.2693127 0.2973279 0.2653444 0.281211 0.2659282 0.28332 0.2655745 0.2832106 0.247086 0.2747207 0.2524259 0.273812 0.2496376 0.2763289 0.2502382 0.2672669 0.2504329 0.2671915 0.2504569 0.2673426 0.2507056 0.2673534 0.2508984 0.268506 0.2503345 0.2674857 0.240887 0.271386 0.2412441 0.2710971 0.241552 0.271715 0.2392068 0.2719022 0.2391903 0.2719671 0.2391559 0.2719378 0.2996705 0.2542335 0.3034335 0.2728744 0.2900037 0.2723562 0.2796505 0.270101 0.267452 0.2705699 0.2670297 0.2597178 0.2900037 0.2723562 0.2925013 0.2833561 0.28322 0.2816277 0.2354472 0.2884958 0.2377256 0.2960453 0.2207453 0.2947227 0.2377256 0.2960453 0.2427123 0.3014753 0.2264946 0.3059968 0.2264946 0.3059968 0.2427123 0.3014753 0.2463805 0.3115171 0.2463805 0.3115171 0.2647023 0.3245208 0.2540765 0.348046 0.2647023 0.3245208 0.2921525 0.3184146 0.2996652 0.3466463 0.2445962 0.2806901 0.2500982 0.2815856 0.2447662 0.2904936 0.2427786 0.2790916 0.2445962 0.2806901 0.2409654 0.2835065 0.236036 0.2768415 0.2362319 0.2750436 0.2380229 0.2755703 0.236036 0.2768415 0.2312075 0.2751975 0.2345649 0.2739851 0.2408785 0.2774186 0.2393686 0.2774373 0.2395928 0.2755346 0.2393686 0.2774373 0.2380293 0.2775235 0.2380229 0.2755703 0.2395928 0.2755346 0.2380229 0.2755703 0.2382956 0.2736449 0.2362319 0.2750436 0.2366209 0.2724282 0.2382956 0.2736449 0.2382956 0.2736449 0.2366209 0.2724282 0.2380826 0.2722136 0.2400649 0.2734767 0.2403107 0.2724911 0.2424708 0.2728291 0.2393901 0.272599 0.2396449 0.2721984 0.2403107 0.2724911 0.2396449 0.2721984 0.2397066 0.2717629 0.2403236 0.2715905 0.2397066 0.2717629 0.2396449 0.2721984 0.2393603 0.272126 0.2393603 0.272126 0.2393728 0.2718662 0.2397066 0.2717629 0.2393603 0.272126 0.2392094 0.272068 0.2392516 0.2719001 0.2391903 0.2719671 0.2392068 0.2719022 0.2392516 0.2719001 0.2391274 0.2719426 0.2391559 0.2719378 0.2391903 0.2719671 0.2391559 0.2719378 0.2391274 0.2719426 0.239142 0.2719044 0.2391274 0.2719426 0.2391077 0.271928 0.2391182 0.2719052 0.2391077 0.271928 0.2390936 0.271924 0.2390974 0.2719058 0.2390936 0.271924 0.2390766 0.2719293 0.239069 0.2719066 0.2390766 0.2719293 0.2390384 0.2719603 0.2390151 0.2719086 0.2389447 0.2720173 0.2388973 0.2719119 0.2390151 0.2719086 0.2388031 0.2721877 0.2386511 0.2719486 0.2388973 0.2719119 0.2388031 0.2721877 0.2385033 0.2725183 0.2380826 0.2722136 0.2392292 0.2723437 0.2393901 0.272599 0.2385033 0.2725183 0.2393901 0.272599 0.2400649 0.2734767 0.2382956 0.2736449 0.2392292 0.2723437 0.2393603 0.272126 0.2396449 0.2721984 0.2392292 0.2723437 0.2390972 0.2720863 0.2392094 0.272068 0.2390884 0.2719657 0.2391274 0.2719426 0.2392094 0.272068 0.2390884 0.2719657 0.2390936 0.271924 0.2391077 0.271928 0.2390884 0.2719657 0.2390384 0.2719603 0.2390766 0.2719293 0.2390972 0.2720863 0.2389447 0.2720173 0.2390384 0.2719603 0.2390972 0.2720863 0.2392292 0.2723437 0.2388031 0.2721877 0.2403236 0.2715905 0.240887 0.271386 0.2410597 0.2719241 0.2410597 0.2719241 0.241552 0.271715 0.2424708 0.2728291 0.241552 0.271715 0.2412441 0.2710971 0.2419706 0.2709095 0.2419706 0.2709095 0.2426627 0.2701062 0.2433491 0.272616 0.2436383 0.2698557 0.2443138 0.269599 0.2445057 0.2700054 0.246299 0.2721171 0.2457914 0.2689824 0.2524259 0.273812 0.2485103 0.26798 0.2497386 0.2674632 0.2508984 0.268506 0.2497386 0.2674632 0.2502382 0.2672669 0.2503345 0.2674857 0.2505263 0.2668853 0.2507044 0.2670862 0.2504329 0.2671915 0.2523761 0.2665553 0.2548694 0.2656335 0.2515442 0.2704874 0.2548694 0.2656335 0.2566499 0.2737555 0.2515442 0.2704874 0.2552795 0.2825837 0.2500982 0.2815856 0.2524259 0.273812 0.2566499 0.2737555 0.2628383 0.2731136 0.2593699 0.2826272 0.2628383 0.2731136 0.2566499 0.2737555 0.2548694 0.2656335 0.2591401 0.2623804 0.2670297 0.2597178 0.267452 0.2705699 0.2640985 0.2832428 0.2655745 0.2832106 0.2652651 0.2833914 0.2796505 0.270101 0.28322 0.2816277 0.2735776 0.2812463 0.2439187 0.2749465 0.2433491 0.272616 0.246299 0.2721171 0.2422429 0.274234 0.2424708 0.2728291 0.2433491 0.272616 0.2422429 0.274234 0.2439187 0.2749465 0.2428914 0.2767978 0.2439187 0.2749465 0.247086 0.2747207 0.2450113 0.2789897 0.2354472 0.2884958 0.2255791 0.286551 0.2294131 0.2813378 0.2255791 0.286551 0.2194188 0.2816398 0.2256442 0.2785098 0.2207453 0.2947227 0.2107133 0.2869266 0.2194188 0.2816398 0.2039911 0.2944249 0.2032504 0.2908425 0.2107133 0.2869266 0.2294131 0.2813378 0.2256442 0.2785098 0.2268553 0.2778685 0.2300977 0.2759669 0.2312075 0.2751975 0.2328798 0.2784793 0.3089607 0.3131832 0.325155 0.3287386 0.2996652 0.3466463 0.1645923 0.3179299 0.1872075 0.3048809 0.2062203 0.3097387 0.2023013 0.2981905 0.2062203 0.3097387 0.1872075 0.3048809 0.2062203 0.3097387 0.2136425 0.2990257 0.2264946 0.3059968 0.2451457 0.270665 0.2433491 0.272616 0.2439872 0.2708383 0.2439872 0.2708383 0.2433491 0.272616 0.2426627 0.2701062 0.2457914 0.2689824 0.246299 0.2721171 0.2451457 0.270665 0.24493 0.2693379 0.2451457 0.270665 0.2445057 0.2700054 0.2457914 0.2689824 0.2485103 0.26798 0.2515442 0.2704874 0.2523761 0.2665553 0.2515442 0.2704874 0.2508984 0.268506 0.2450113 0.2789897 0.2466259 0.2779551 0.2487601 0.2801088 0.2500982 0.2815856 0.2487601 0.2801088 0.2496376 0.2763289 0.247086 0.2747207 0.2481233 0.2772606 0.2466259 0.2779551 0.3291155 0.310865 0.325155 0.3287386 0.3089607 0.3131832 0.3034335 0.2728744 0.3054811 0.2795619 0.2925013 0.2833561 0.2839298 0.2542297 0.2900037 0.2723562 0.2796505 0.270101 0.2921525 0.3184146 0.2838754 0.2944849 0.2986751 0.2936424 0.2838754 0.2944849 0.28322 0.2816277 0.2925013 0.2833561 0.2993701 0.2320167 0.2870931 0.2339967 0.2914806 0.2115142 0.2739953 0.2393684 0.2870931 0.2339967 0.2839298 0.2542297 0.2467553 0.03518539 0.377381 0.06307637 0.297905 0.1862715 0.2626709 0.1892027 0.297905 0.1862715 0.2914806 0.2115142 0.2409654 0.2835065 0.2447662 0.2904936 0.2354472 0.2884958 0.2398282 0.2798238 0.2409654 0.2835065 0.2359659 0.2834414 0.2359659 0.2834414 0.2294131 0.2813378 0.2328798 0.2784793 0.236768 0.279758 0.2328798 0.2784793 0.236036 0.2768415 0.2393686 0.2774373 0.2408785 0.2774186 0.2398282 0.2798238 0.2427786 0.2790916 0.2398282 0.2798238 0.2408785 0.2774186 0.2334443 0.4508424 0.2351308 0.5319992 0.1466031 0.4841731 0.4251608 0.3711258 0.4528688 0.373602 0.4451041 0.42838 0.3980751 0.4079733 0.4451041 0.42838 0.3779639 0.508306 0.3377357 0.4475726 0.3779639 0.508306 0.2351308 0.5319992 0.2996652 0.3466463 0.317937 0.3807376 0.2494136 0.3811789 0.317937 0.3807376 0.3377357 0.4475726 0.2334443 0.4508424 0.325155 0.3287386 0.3536177 0.3630609 0.317937 0.3807376 0.3536177 0.3630609 0.3980751 0.4079733 0.3377357 0.4475726 0.3662019 0.3301922 0.3536177 0.3630609 0.325155 0.3287386 0.4251608 0.3711258 0.3980751 0.4079733 0.3536177 0.3630609 0.2540765 0.348046 0.2494136 0.3811789 0.1936525 0.3522955 0.2494136 0.3811789 0.2334443 0.4508424 0.1565058 0.4246254 0.336224 0.2639858 0.4282633 0.1868897 0.4437795 0.2078317 0.4282633 0.1868897 0.377381 0.06307637 0.4223945 0.03962504 0.377381 0.06307637 0.2467553 0.03518539 0.2437008 1.08746e-4 0.1328399 0.08990341 0.2437008 1.08746e-4 0.2467553 0.03518539 0.09227013 0.5310856 0.1466031 0.4841731 0.2351308 0.5319992 0.2409648 0.5975058 0.2351308 0.5319992 0.3779639 0.508306 0.4145852 0.5575529 0.3779639 0.508306 0.4451041 0.42838 0.5048397 0.4391092 0.4451041 0.42838 0.4528688 0.373602 0.4678747 0.3577751 0.4528688 0.373602 0.4251608 0.3711258 0.3580443 0.2863832 0.4437795 0.2078317 0.5048397 0.2594549 0.5048397 0.4391092 0.4678747 0.3577751 0.5048397 0.2594549 0.3580443 0.2863832 0.3662019 0.3301922 0.3291155 0.310865 0.3123854 0.2881222 0.336224 0.2639858 0.3580443 0.2863832 0.2996705 0.2542335 0.336224 0.2639858 0.3034335 0.2728744 0.336224 0.2639858 0.3123854 0.2881222 0.3054811 0.2795619 0.336224 0.2639858 0.2996705 0.2542335 0.2993701 0.2320167 0.2993701 0.2320167 0.3129808 0.2165672 0.336224 0.2639858 0.1221591 0.3280543 0.1936525 0.3522955 0.1565058 0.4246254 0.1936525 0.3522955 0.1221591 0.3280543 0.1645923 0.3179299 0.1221591 0.3280543 0.08222627 0.4139305 1.08746e-4 0.4052821 0.1360232 0.2482293 0.1626272 0.2449974 0.1645923 0.3179299 0.2279185 0.2772327 0.2288425 0.2767644 0.2296214 0.2781193 0.2657138 0.2837275 0.2656315 0.2833772 0.2659282 0.28332 0.2655745 0.2832106 0.2656315 0.2833772 0.2655831 0.2833487 0.2672725 0.2831146 0.2657138 0.2837275 0.2659282 0.28332 0.2640985 0.2832428 0.2657138 0.2837275 0.2664762 0.2865786 0.2593699 0.2826272 0.2673838 0.2899071 0.2693127 0.2973279 0.2623244 0.2833784 0.2664762 0.2865786 0.2673838 0.2899071 0.2735776 0.2812463 0.2673838 0.2899071 0.2695302 0.2824513 0.2695302 0.2824513 0.2664762 0.2865786 0.2672725 0.2831146 0.2593699 0.2826272 0.2636927 0.2771713 0.2623244 0.2833784 0.2623244 0.2833784 0.2653444 0.281211 0.2640985 0.2832428 0.2735776 0.2812463 0.2636927 0.2771713 0.2628383 0.2731136 0.2695302 0.2824513 0.2653444 0.281211 0.2636927 0.2771713 0.265524 0.2833924 0.2656315 0.2833772 0.2656012 0.2834164 0.2656315 0.2833772 0.265524 0.2833924 0.2655831 0.2833487 0.2655745 0.2832106 0.265524 0.2833924 0.2652651 0.2833914 0.2657138 0.2837275 0.265524 0.2833924 0.2656012 0.2834164 0.7374449 0.208958 0.7682292 0.2172194 0.7541666 0.2279607 0.62004 0.1541321 0.7624711 0.185495 0.7374449 0.208958 0.7970144 0.1826213 0.8117945 0.212323 0.7907158 0.207369 0.8749321 0.06184178 0.8410243 0.1913878 0.7970144 0.1826213 0.7119565 0.2417698 0.7309027 0.2310641 0.7295194 0.2393137 0.7295194 0.2393137 0.7486246 0.2397772 0.7425258 0.247323 0.7006502 0.288429 0.7009375 0.2843845 0.7028561 0.2864447 0.6970414 0.2852067 0.7022598 0.2754487 0.7009375 0.2843845 0.7295194 0.2393137 0.7406178 0.2500773 0.728594 0.2450751 0.7119565 0.2417698 0.728594 0.2450751 0.7174721 0.2485479 0.6493815 0.2069581 0.7374449 0.208958 0.7309027 0.2310641 0.7309027 0.2310641 0.7541666 0.2279607 0.7486246 0.2397772 0.7419145 0.256787 0.7423999 0.2572108 0.7413989 0.256851 0.7419319 0.2565273 0.7421667 0.2568132 0.7419145 0.256787 0.7423165 0.2565931 0.7417362 0.2555389 0.7431947 0.2562833 0.7413989 0.256851 0.7419319 0.2565273 0.7419145 0.256787 0.7444341 0.2556003 0.7428302 0.2589647 0.7426449 0.2576999 0.7502822 0.2620285 0.7503899 0.2618282 0.750473 0.2619544 0.7502051 0.2618051 0.7505646 0.2616543 0.7503899 0.2618282 0.730907 0.2570868 0.725136 0.2586997 0.7294428 0.2559854 0.7203478 0.2534199 0.7294428 0.2559854 0.725136 0.2586997 0.7174721 0.2485479 0.7226432 0.2500057 0.7203478 0.2534199 0.7409119 0.2656171 0.7414643 0.2657835 0.7411143 0.2660667 0.7284001 0.2717988 0.7273578 0.2724221 0.7286387 0.2697676 0.7394148 0.2665408 0.739467 0.2665728 0.7394218 0.2665744 0.7864143 0.2294106 0.7987452 0.2492506 0.783313 0.2492468 0.7773416 0.250348 0.7615066 0.2424402 0.7735734 0.234677 0.7864143 0.2294106 0.7682292 0.2172194 0.7907158 0.207369 0.7203821 0.2632412 0.7174721 0.2485479 0.7203478 0.2534199 0.7203821 0.2632412 0.7078109 0.2680322 0.7174721 0.2485479 0.696933 0.2573572 0.7078109 0.2680322 0.7022598 0.2754487 0.696933 0.2573572 0.7174721 0.2485479 0.7078109 0.2680322 0.664389 0.2401955 0.7119565 0.2417698 0.696933 0.2573572 0.730907 0.2570868 0.7294428 0.2559854 0.7321661 0.2556093 0.7321661 0.2556093 0.729081 0.2496887 0.728594 0.2450751 0.737035 0.2558586 0.7406178 0.2500773 0.7391717 0.2571787 0.7321661 0.2556093 0.7406178 0.2500773 0.737035 0.2558586 0.7380775 0.2604138 0.737035 0.2558586 0.7391717 0.2571787 0.736239 0.2616907 0.7380775 0.2604138 0.7386974 0.2624765 0.736239 0.2616907 0.737035 0.2558586 0.7380775 0.2604138 0.736239 0.2616907 0.730907 0.2570868 0.7321661 0.2556093 0.7343013 0.263809 0.730907 0.2570868 0.7352949 0.2629341 0.7302935 0.266459 0.7336915 0.2658778 0.7316246 0.2698035 0.7302935 0.266459 0.7286387 0.2697676 0.7257264 0.2671914 0.7343013 0.263809 0.7336915 0.2658778 0.7302935 0.266459 0.736194 0.2646131 0.7336915 0.2658778 0.7343013 0.263809 0.7349161 0.2686149 0.7336915 0.2658778 0.7354226 0.2665318 0.7373715 0.263572 0.7386974 0.2624765 0.7390787 0.2647936 0.7373715 0.263572 0.736239 0.2616907 0.7386974 0.2624765 0.736194 0.2646131 0.7352949 0.2629341 0.7373715 0.263572 0.7373715 0.263572 0.7377108 0.2658183 0.736194 0.2646131 0.736194 0.2646131 0.7369318 0.2670885 0.7354226 0.2665318 0.7377108 0.2658183 0.7383649 0.2668781 0.7369318 0.2670885 0.7390787 0.2647936 0.7386974 0.2624765 0.7402165 0.2628245 0.7412545 0.2637298 0.7390787 0.2647936 0.7402165 0.2628245 0.7399496 0.2654091 0.7392757 0.2659028 0.7390787 0.2647936 0.7405619 0.2662673 0.739688 0.2660605 0.7399496 0.2654091 0.7397211 0.2664581 0.7396298 0.2665376 0.7395414 0.2662981 0.7396298 0.2665376 0.7394558 0.2664145 0.7395414 0.2662981 0.7395109 0.2665708 0.7394464 0.2665099 0.7394558 0.2664145 0.7394464 0.2665099 0.7393866 0.266538 0.7394558 0.2664145 0.7394148 0.2665408 0.7394035 0.266575 0.7393866 0.266538 0.7393866 0.266538 0.7393802 0.2665758 0.7393683 0.2665538 0.7393683 0.2665538 0.7393597 0.2665764 0.7393546 0.2665585 0.7393546 0.2665585 0.7393319 0.2665771 0.7393374 0.2665542 0.7393374 0.2665542 0.739279 0.2665791 0.7392966 0.2665249 0.739279 0.2665791 0.7391912 0.2664984 0.7392966 0.2665249 0.7391636 0.2665823 0.7390249 0.2663822 0.7391912 0.2664984 0.7389222 0.2666184 0.738535 0.2663299 0.7390249 0.2663822 0.7390249 0.2663822 0.7392757 0.2659028 0.7393128 0.2662103 0.738535 0.2663299 0.7390787 0.2647936 0.7392757 0.2659028 0.739688 0.2660605 0.7393128 0.2662103 0.7392757 0.2659028 0.7395414 0.2662981 0.7393497 0.2663979 0.7393128 0.2662103 0.7394558 0.2664145 0.7393463 0.2665171 0.7393497 0.2663979 0.7393463 0.2665171 0.7393683 0.2665538 0.7393546 0.2665585 0.7393463 0.2665171 0.7393374 0.2665542 0.7392966 0.2665249 0.7392966 0.2665249 0.7393497 0.2663979 0.7393463 0.2665171 0.7393497 0.2663979 0.7390249 0.2663822 0.7393128 0.2662103 0.7405619 0.2662673 0.7409119 0.2656171 0.7411143 0.2660667 0.7399496 0.2654091 0.7413521 0.2651739 0.7409119 0.2656171 0.7421767 0.2655996 0.7413521 0.2651739 0.7412545 0.2637298 0.7412545 0.2637298 0.7428551 0.2648121 0.7421767 0.2655996 0.7438116 0.2645665 0.7443318 0.26389 0.7444739 0.2643148 0.7444948 0.2611905 0.7474225 0.2555469 0.7459225 0.2637103 0.7499229 0.2606497 0.748588 0.2627276 0.749472 0.2597716 0.7431947 0.2562833 0.7426449 0.2576999 0.7423999 0.2572108 0.7502051 0.2618051 0.7497923 0.2622209 0.7499229 0.2606497 0.7499229 0.2606497 0.7514392 0.2615818 0.7505646 0.2616543 0.7514392 0.2615818 0.7507392 0.2618513 0.7505646 0.2616543 0.7507404 0.2621132 0.750473 0.2619544 0.7507392 0.2618513 0.749472 0.2597716 0.7474225 0.2555469 0.7500841 0.2532328 0.7474225 0.2555469 0.7425258 0.247323 0.7500841 0.2532328 0.7425258 0.247323 0.7535801 0.2489588 0.7500841 0.2532328 0.7590094 0.2572377 0.7500841 0.2532328 0.7535801 0.2489588 0.7590094 0.2572377 0.7615066 0.2424402 0.7667444 0.2546274 0.7615066 0.2424402 0.7486246 0.2397772 0.7541666 0.2279607 0.7541666 0.2279607 0.7735734 0.234677 0.7615066 0.2424402 0.7428302 0.2589647 0.7419355 0.2628753 0.7402665 0.2609058 0.7419355 0.2628753 0.7402165 0.2628245 0.7402665 0.2609058 0.7386974 0.2624765 0.7402665 0.2609058 0.7402165 0.2628245 0.7402665 0.2609058 0.7391717 0.2571787 0.7428302 0.2589647 0.7203821 0.2632412 0.725136 0.2586997 0.7253205 0.2627071 0.7257264 0.2671914 0.7203821 0.2632412 0.7253205 0.2627071 0.7261704 0.2730509 0.7185007 0.2681039 0.7257264 0.2671914 0.7078109 0.2680322 0.7115322 0.2813027 0.7022598 0.2754487 0.7078109 0.2680322 0.720067 0.2761195 0.7115322 0.2813027 0.7042156 0.2851417 0.7028561 0.2864447 0.7009375 0.2843845 0.7022598 0.2754487 0.7042156 0.2851417 0.7009375 0.2843845 0.7257264 0.2671914 0.7273578 0.2724221 0.7261704 0.2730509 0.725136 0.2586997 0.7203821 0.2632412 0.7203478 0.2534199 0.7286387 0.2697676 0.7305366 0.2705579 0.729306 0.2713397 0.7286387 0.2697676 0.7316246 0.2698035 0.7305366 0.2705579 0.68609 0.2778636 0.6663157 0.311698 0.664389 0.2401955 0.6970414 0.2852067 0.7006502 0.288429 0.698184 0.290023 0.6970414 0.2852067 0.6884873 0.2989049 0.68609 0.2778636 0.696933 0.2573572 0.68609 0.2778636 0.664389 0.2401955 0.7444948 0.2611905 0.7442901 0.2629569 0.7419355 0.2628753 0.7442901 0.2629569 0.7435064 0.2639301 0.7419355 0.2628753 0.7435064 0.2639301 0.7428551 0.2648121 0.7419355 0.2628753 0.7442901 0.2629569 0.7459225 0.2637103 0.745078 0.2640588 0.7443318 0.26389 0.745078 0.2640588 0.7444739 0.2643148 0.749472 0.2597716 0.7459225 0.2637103 0.7474225 0.2555469 0.7499229 0.2606497 0.7523781 0.2613308 0.7514392 0.2615818 0.7423165 0.2565931 0.7423999 0.2572108 0.7421667 0.2568132 0.7391717 0.2571787 0.7411007 0.2541889 0.7407043 0.2570232 0.7407043 0.2570232 0.7417362 0.2555389 0.7413989 0.256851 0.7444341 0.2556003 0.7406178 0.2500773 0.7474225 0.2555469 0.7444341 0.2556003 0.7417362 0.2555389 0.7411007 0.2541889 0.7407043 0.2570232 0.7428302 0.2589647 0.7391717 0.2571787 0.7413989 0.256851 0.7426449 0.2576999 0.7407043 0.2570232 0.7225854 0.2492557 0.7245829 0.2488928 0.7226432 0.2500057 0.7174721 0.2485479 0.7243117 0.2482047 0.7225854 0.2492557 0.728594 0.2450751 0.7245829 0.2488928 0.7243117 0.2482047 0.729081 0.2496887 0.7226432 0.2500057 0.7245829 0.2488928 0.7731639 0.2757337 0.7832597 0.2887127 0.7689825 0.2915 0.7689825 0.2915 0.7913746 0.3121733 0.7644626 0.3181596 0.7977693 0.2878867 0.8044418 0.2740825 0.8112107 0.2824748 0.7977693 0.2878867 0.8198803 0.2967467 0.8078531 0.3070445 0.7498757 0.2871807 0.7465001 0.3054111 0.7429037 0.295566 0.7552245 0.2770449 0.757744 0.2879589 0.7498757 0.2871807 0.7006502 0.288429 0.7049418 0.2886539 0.7032852 0.2923457 0.7032852 0.2923457 0.7144041 0.2931644 0.7071273 0.3036674 0.7501449 0.2760664 0.7498757 0.2871807 0.7449175 0.2847997 0.7449175 0.2847997 0.7429037 0.295566 0.7380149 0.2902426 0.7465001 0.3054111 0.7689825 0.2915 0.7644626 0.3181596 0.7592347 0.2770876 0.7689825 0.2915 0.757744 0.2879589 0.7471917 0.2693361 0.7496932 0.2709128 0.7482087 0.2718262 0.7502822 0.2620285 0.7504965 0.2621027 0.7503765 0.262243 0.7507404 0.2621132 0.7503765 0.262243 0.7504965 0.2621027 0.7411143 0.2660667 0.7417662 0.2663893 0.7412836 0.2665943 0.729306 0.2713397 0.7284001 0.2717988 0.7286387 0.2697676 0.739467 0.2665728 0.7394171 0.2666077 0.7394218 0.2665744 0.7987452 0.2492506 0.7892678 0.2670179 0.783313 0.2492468 0.7791177 0.264807 0.7667444 0.2546274 0.7773416 0.250348 0.7892678 0.2670179 0.7826172 0.2761077 0.7791177 0.264807 0.7357812 0.2828411 0.7213675 0.2889459 0.7261065 0.2809344 0.7270041 0.2999989 0.7144041 0.2931644 0.7213675 0.2889459 0.7380149 0.2902426 0.7270041 0.2999989 0.7213675 0.2889459 0.7270041 0.2999989 0.7465001 0.3054111 0.7149068 0.3241511 0.7465001 0.3054111 0.7540451 0.3412235 0.7149068 0.3241511 0.7644626 0.3181596 0.7987399 0.3398514 0.7540451 0.3412235 0.7447507 0.2751885 0.7451577 0.2735214 0.7501449 0.2760664 0.7447507 0.2751885 0.7449175 0.2847997 0.7411911 0.2779496 0.7429688 0.2736213 0.7451577 0.2735214 0.7447507 0.2751885 0.741106 0.2719811 0.741509 0.2700576 0.7430794 0.2713725 0.7429688 0.2736213 0.7411911 0.2779496 0.7400761 0.2743391 0.7332641 0.2730209 0.7316246 0.2698035 0.7363584 0.2714152 0.7332641 0.2730209 0.7298654 0.2758234 0.7300696 0.2726681 0.737076 0.2742746 0.7383126 0.2720839 0.7396257 0.2719994 0.7363584 0.2714152 0.7383064 0.270169 0.7383126 0.2720839 0.7363584 0.2714152 0.7349161 0.2686149 0.7365505 0.2696526 0.7398454 0.270134 0.7403084 0.2681165 0.741509 0.2700576 0.741106 0.2719811 0.7398454 0.270134 0.741509 0.2700576 0.7396257 0.2719994 0.7383064 0.270169 0.7398454 0.270134 0.7398454 0.270134 0.7385736 0.2682814 0.7403084 0.2681165 0.7365505 0.2696526 0.7385736 0.2682814 0.7383064 0.270169 0.7385736 0.2682814 0.7383649 0.2668781 0.7387774 0.2671769 0.7403084 0.2681165 0.7424436 0.2688589 0.741509 0.2700576 0.7403084 0.2681165 0.742667 0.2674815 0.7424436 0.2688589 0.7396467 0.267256 0.7405493 0.2671502 0.7403084 0.2681165 0.7398965 0.2668633 0.7405619 0.2662673 0.7405493 0.2671502 0.7396298 0.2665376 0.7397211 0.2664581 0.739957 0.2664363 0.7396175 0.2667923 0.7395109 0.2665708 0.7396298 0.2665376 0.7394509 0.2666365 0.7395109 0.2665708 0.7394695 0.2667354 0.7393892 0.2666125 0.7394509 0.2666365 0.7394695 0.2667354 0.7394171 0.2666077 0.7394035 0.266575 0.7394218 0.2665744 0.7393892 0.2666125 0.7393802 0.2665758 0.7394035 0.266575 0.7393699 0.2665981 0.7393597 0.2665764 0.7393802 0.2665758 0.7393561 0.2665942 0.7393319 0.2665771 0.7393597 0.2665764 0.7393394 0.2665994 0.739279 0.2665791 0.7393319 0.2665771 0.7392101 0.2666857 0.739279 0.2665791 0.7393019 0.2666299 0.7390712 0.2668527 0.7391636 0.2665823 0.7392101 0.2666857 0.7390712 0.2668527 0.7383649 0.2668781 0.7389222 0.2666184 0.739489 0.2670056 0.7387774 0.2671769 0.7390712 0.2668527 0.7396467 0.267256 0.7385736 0.2682814 0.7387774 0.2671769 0.739489 0.2670056 0.7398965 0.2668633 0.7396467 0.267256 0.739489 0.2670056 0.7394695 0.2667354 0.7396175 0.2667923 0.739351 0.2666351 0.7394695 0.2667354 0.7393596 0.2667533 0.739351 0.2666351 0.7393699 0.2665981 0.7393892 0.2666125 0.739351 0.2666351 0.7393394 0.2665994 0.7393561 0.2665942 0.7393596 0.2667533 0.7393019 0.2666299 0.739351 0.2666351 0.7393596 0.2667533 0.7390712 0.2668527 0.7392101 0.2666857 0.7405619 0.2662673 0.7412836 0.2665943 0.7405493 0.2671502 0.7412836 0.2665943 0.742667 0.2674815 0.7405493 0.2671502 0.7417662 0.2663893 0.7421767 0.2655996 0.742667 0.2674815 0.7421767 0.2655996 0.7435281 0.2672726 0.742667 0.2674815 0.7438116 0.2645665 0.744662 0.2647132 0.7441536 0.2655298 0.7464202 0.2667835 0.7524269 0.2684451 0.7471917 0.2693361 0.748588 0.2627276 0.7509294 0.2632433 0.7515626 0.2651858 0.7497923 0.2622209 0.7503765 0.262243 0.7509294 0.2632433 0.7509294 0.2632433 0.7507404 0.2621132 0.7514392 0.2615818 0.7514392 0.2615818 0.7507404 0.2621132 0.7507392 0.2618513 0.7505646 0.2616543 0.750473 0.2619544 0.7503899 0.2618282 0.756568 0.2683898 0.7524269 0.2684451 0.7515626 0.2651858 0.7552245 0.2770449 0.7524269 0.2684451 0.756568 0.2683898 0.756568 0.2683898 0.7592347 0.2770876 0.7552245 0.2770449 0.7626352 0.2677605 0.7548226 0.2604271 0.7590094 0.2572377 0.7590094 0.2572377 0.7671583 0.2652666 0.7626352 0.2677605 0.7731639 0.2757337 0.7626352 0.2677605 0.7671583 0.2652666 0.7791177 0.264807 0.7731639 0.2757337 0.7671583 0.2652666 0.7440865 0.2695574 0.7464202 0.2667835 0.7471917 0.2693361 0.7424436 0.2688589 0.7435281 0.2672726 0.7440865 0.2695574 0.7424436 0.2688589 0.7430794 0.2713725 0.741509 0.2700576 0.7440865 0.2695574 0.7451577 0.2735214 0.7430794 0.2713725 0.7357812 0.2828411 0.7298654 0.2758234 0.7362897 0.2778858 0.7261065 0.2809344 0.7261704 0.2730509 0.7298654 0.2758234 0.7213675 0.2889459 0.7144041 0.2931644 0.7115322 0.2813027 0.7213675 0.2889459 0.720067 0.2761195 0.7261065 0.2809344 0.7042156 0.2851417 0.7049418 0.2886539 0.7028561 0.2864447 0.7049418 0.2886539 0.7115322 0.2813027 0.7144041 0.2931644 0.7298654 0.2758234 0.7273578 0.2724221 0.7300696 0.2726681 0.7300696 0.2726681 0.729306 0.2713397 0.7305366 0.2705579 0.7305366 0.2705579 0.7332641 0.2730209 0.7300696 0.2726681 0.8078531 0.3070445 0.7987399 0.3398514 0.7913746 0.3121733 0.6663157 0.311698 0.7071273 0.3036674 0.7149068 0.3241511 0.7032852 0.2923457 0.698184 0.290023 0.7006502 0.288429 0.7032852 0.2923457 0.6884873 0.2989049 0.698184 0.290023 0.7071273 0.3036674 0.7270041 0.2999989 0.7149068 0.3241511 0.7464202 0.2667835 0.7435281 0.2672726 0.7452895 0.2653599 0.7452895 0.2653599 0.7441536 0.2655298 0.744662 0.2647132 0.7441536 0.2655298 0.7428551 0.2648121 0.7438116 0.2645665 0.7459225 0.2637103 0.7452895 0.2653599 0.745078 0.2640588 0.745078 0.2640588 0.744662 0.2647132 0.7444739 0.2643148 0.7459225 0.2637103 0.7515626 0.2651858 0.7524269 0.2684451 0.7523781 0.2613308 0.7509294 0.2632433 0.7514392 0.2615818 0.7451577 0.2735214 0.748833 0.2746185 0.7501449 0.2760664 0.7482087 0.2718262 0.748833 0.2746185 0.7467406 0.2725071 0.7501449 0.2760664 0.7496932 0.2709128 0.7524269 0.2684451 0.7482087 0.2718262 0.7496932 0.2709128 0.748833 0.2746185 0.7471917 0.2693361 0.7467406 0.2725071 0.7451577 0.2735214 0.7369318 0.2670885 0.7365505 0.2696526 0.7349161 0.2686149 0.8276126 0.3047717 0.8078531 0.3070445 0.8198803 0.2967467 0.8024344 0.267526 0.7917165 0.2778022 0.7892678 0.2670179 0.783313 0.2492468 0.7791177 0.264807 0.7773416 0.250348 0.7913746 0.3121733 0.7977693 0.2878867 0.8078531 0.3070445 0.7832597 0.2887127 0.7917165 0.2778022 0.7977693 0.2878867 0.7984506 0.2274695 0.7907158 0.207369 0.8117945 0.212323 0.7735734 0.234677 0.783313 0.2492468 0.7773416 0.250348 0.7468677 0.03449767 0.7970144 0.1826213 0.7624711 0.185495 0.7624711 0.185495 0.7907158 0.207369 0.7682292 0.2172194 0.7411911 0.2779496 0.7357812 0.2828411 0.7362897 0.2778858 0.7369318 0.2670885 0.7349161 0.2686149 0.7354226 0.2665318 0.7449175 0.2847997 0.7380149 0.2902426 0.7357812 0.2828411 0.7400761 0.2743391 0.7362897 0.2778858 0.737076 0.2742746 0.7362897 0.2778858 0.7332641 0.2730209 0.737076 0.2742746 0.737076 0.2742746 0.7363584 0.2714152 0.7383126 0.2720839 0.7396257 0.2719994 0.7400761 0.2743391 0.737076 0.2742746 0.7430794 0.2713725 0.7451577 0.2735214 0.7429688 0.2736213 0.7429688 0.2736213 0.741106 0.2719811 0.7430794 0.2713725 0.7338174 0.4420043 0.6486789 0.4746813 0.6583876 0.4163013 0.9217748 0.363851 0.9413269 0.4199826 0.8952201 0.3999759 0.8952201 0.3999759 0.8755031 0.4983412 0.8360638 0.4387987 0.8360638 0.4387987 0.7354707 0.5215698 0.7338174 0.4420043 0.7987399 0.3398514 0.7494736 0.3737068 0.7540451 0.3412235 0.8166534 0.3732742 0.7338174 0.4420043 0.7494736 0.3737068 0.8237299 0.3222948 0.8166534 0.3732742 0.7987399 0.3398514 0.8516344 0.3559441 0.8360638 0.4387987 0.8166534 0.3732742 0.8639719 0.3237199 0.8237299 0.3222948 0.8276126 0.3047717 0.9217748 0.363851 0.8516344 0.3559441 0.8639719 0.3237199 0.7540451 0.3412235 0.6948059 0.3453897 0.7149068 0.3241511 0.7494736 0.3737068 0.6583876 0.4163013 0.6948059 0.3453897 0.8410243 0.1913878 0.9248165 0.1832274 0.8345819 0.2588118 0.8345819 0.2588118 0.9400284 0.2037588 0.8559742 0.2807699 0.9248165 0.1832274 0.9190629 0.0388503 0.9400284 0.2037588 0.8749321 0.06184178 0.743873 1.08746e-4 0.9190629 0.0388503 0.6351858 0.08814257 0.62004 0.1541321 0.5174169 0.185715 0.6351858 0.08814257 0.7468677 0.03449767 0.62004 0.1541321 0.5050572 0.3973371 0.5855646 0.4058161 0.5954114 0.5206739 0.5954114 0.5206739 0.5855646 0.4058161 0.6486789 0.4746813 0.5954114 0.5206739 0.7354707 0.5215698 0.7411904 0.5857919 0.7411904 0.5857919 0.8755031 0.4983412 0.9114064 0.5466226 0.9114064 0.5466226 0.9413269 0.4199826 0.9998912 0.4305014 0.9998912 0.4305014 0.9489394 0.3662787 0.9636511 0.3507621 0.9636511 0.3507621 0.8639719 0.3237199 0.9998912 0.2543697 0.9636511 0.3507621 0.9217748 0.363851 0.8639719 0.3237199 0.8559742 0.2807699 0.9998912 0.2543697 0.8639719 0.3237199 0.8559742 0.2807699 0.8276126 0.3047717 0.8198803 0.2967467 0.8112107 0.2824748 0.8559742 0.2807699 0.8198803 0.2967467 0.8024344 0.267526 0.8345819 0.2588118 0.8044418 0.2740825 0.8117945 0.212323 0.8410243 0.1913878 0.8345819 0.2588118 0.5855646 0.4058161 0.6583876 0.4163013 0.6486789 0.4746813 0.6247145 0.3216238 0.6583876 0.4163013 0.5855646 0.4058161 0.6948059 0.3453897 0.6663157 0.311698 0.7149068 0.3241511 0.664389 0.2401955 0.6383067 0.243364 0.6493815 0.2069581 0.6247145 0.3216238 0.5050572 0.3973371 0.5174169 0.185715 0.6493815 0.2069581 0.5174169 0.185715 0.62004 0.1541321 0.6383067 0.243364 0.6247145 0.3216238 0.5174169 0.185715 0.6383067 0.243364 0.6663157 0.311698 0.6247145 0.3216238 0.6493815 0.2069581 0.6383067 0.243364 0.5174169 0.185715 0.7284001 0.2717988 0.7300696 0.2726681 0.7273578 0.2724221 0.7374449 0.208958 0.7624711 0.185495 0.7682292 0.2172194 0.62004 0.1541321 0.7468677 0.03449767 0.7624711 0.185495 0.7970144 0.1826213 0.8410243 0.1913878 0.8117945 0.212323 0.8749321 0.06184178 0.9248165 0.1832274 0.8410243 0.1913878 0.7119565 0.2417698 0.6493815 0.2069581 0.7309027 0.2310641 0.7295194 0.2393137 0.7309027 0.2310641 0.7486246 0.2397772 0.7006502 0.288429 0.6970414 0.2852067 0.7009375 0.2843845 0.6970414 0.2852067 0.68609 0.2778636 0.7022598 0.2754487 0.7295194 0.2393137 0.7425258 0.247323 0.7406178 0.2500773 0.7119565 0.2417698 0.7295194 0.2393137 0.728594 0.2450751 0.6493815 0.2069581 0.62004 0.1541321 0.7374449 0.208958 0.7309027 0.2310641 0.7374449 0.208958 0.7541666 0.2279607 0.7419145 0.256787 0.7421667 0.2568132 0.7423999 0.2572108 0.7419319 0.2565273 0.7423165 0.2565931 0.7421667 0.2568132 0.7423165 0.2565931 0.7419319 0.2565273 0.7417362 0.2555389 0.7413989 0.256851 0.7417362 0.2555389 0.7419319 0.2565273 0.7444341 0.2556003 0.7474225 0.2555469 0.7428302 0.2589647 0.7502822 0.2620285 0.7502051 0.2618051 0.7503899 0.2618282 0.7502051 0.2618051 0.7499229 0.2606497 0.7505646 0.2616543 0.730907 0.2570868 0.7253205 0.2627071 0.725136 0.2586997 0.7203478 0.2534199 0.729081 0.2496887 0.7294428 0.2559854 0.7174721 0.2485479 0.7225854 0.2492557 0.7226432 0.2500057 0.7409119 0.2656171 0.7413521 0.2651739 0.7414643 0.2657835 0.7394148 0.2665408 0.7394464 0.2665099 0.739467 0.2665728 0.7864143 0.2294106 0.7984506 0.2274695 0.7987452 0.2492506 0.7773416 0.250348 0.7667444 0.2546274 0.7615066 0.2424402 0.7864143 0.2294106 0.7735734 0.234677 0.7682292 0.2172194 0.7203821 0.2632412 0.7185007 0.2681039 0.7078109 0.2680322 0.696933 0.2573572 0.7119565 0.2417698 0.7174721 0.2485479 0.664389 0.2401955 0.6493815 0.2069581 0.7119565 0.2417698 0.7321661 0.2556093 0.7294428 0.2559854 0.729081 0.2496887 0.7321661 0.2556093 0.728594 0.2450751 0.7406178 0.2500773 0.736239 0.2616907 0.7321661 0.2556093 0.737035 0.2558586 0.736239 0.2616907 0.7352949 0.2629341 0.730907 0.2570868 0.7343013 0.263809 0.7253205 0.2627071 0.730907 0.2570868 0.7302935 0.266459 0.7257264 0.2671914 0.7253205 0.2627071 0.7253205 0.2627071 0.7343013 0.263809 0.7302935 0.266459 0.736194 0.2646131 0.7354226 0.2665318 0.7336915 0.2658778 0.7349161 0.2686149 0.7316246 0.2698035 0.7336915 0.2658778 0.7373715 0.263572 0.7352949 0.2629341 0.736239 0.2616907 0.736194 0.2646131 0.7343013 0.263809 0.7352949 0.2629341 0.7373715 0.263572 0.7390787 0.2647936 0.7377108 0.2658183 0.736194 0.2646131 0.7377108 0.2658183 0.7369318 0.2670885 0.7377108 0.2658183 0.738535 0.2663299 0.7383649 0.2668781 0.7412545 0.2637298 0.7399496 0.2654091 0.7390787 0.2647936 0.7399496 0.2654091 0.739688 0.2660605 0.7392757 0.2659028 0.7405619 0.2662673 0.739957 0.2664363 0.739688 0.2660605 0.7395414 0.2662981 0.739688 0.2660605 0.739957 0.2664363 0.739957 0.2664363 0.7397211 0.2664581 0.7395414 0.2662981 0.7396298 0.2665376 0.7395109 0.2665708 0.7394558 0.2664145 0.7395109 0.2665708 0.739467 0.2665728 0.7394464 0.2665099 0.7394464 0.2665099 0.7394148 0.2665408 0.7393866 0.266538 0.7394148 0.2665408 0.7394218 0.2665744 0.7394035 0.266575 0.7393866 0.266538 0.7394035 0.266575 0.7393802 0.2665758 0.7393683 0.2665538 0.7393802 0.2665758 0.7393597 0.2665764 0.7393546 0.2665585 0.7393597 0.2665764 0.7393319 0.2665771 0.7393374 0.2665542 0.7393319 0.2665771 0.739279 0.2665791 0.739279 0.2665791 0.7391636 0.2665823 0.7391912 0.2664984 0.7391636 0.2665823 0.7389222 0.2666184 0.7390249 0.2663822 0.7389222 0.2666184 0.7383649 0.2668781 0.738535 0.2663299 0.7390249 0.2663822 0.738535 0.2663299 0.7392757 0.2659028 0.738535 0.2663299 0.7377108 0.2658183 0.7390787 0.2647936 0.739688 0.2660605 0.7395414 0.2662981 0.7393128 0.2662103 0.7395414 0.2662981 0.7394558 0.2664145 0.7393497 0.2663979 0.7394558 0.2664145 0.7393866 0.266538 0.7393463 0.2665171 0.7393463 0.2665171 0.7393866 0.266538 0.7393683 0.2665538 0.7393463 0.2665171 0.7393546 0.2665585 0.7393374 0.2665542 0.7392966 0.2665249 0.7391912 0.2664984 0.7393497 0.2663979 0.7393497 0.2663979 0.7391912 0.2664984 0.7390249 0.2663822 0.7405619 0.2662673 0.7399496 0.2654091 0.7409119 0.2656171 0.7399496 0.2654091 0.7412545 0.2637298 0.7413521 0.2651739 0.7421767 0.2655996 0.7414643 0.2657835 0.7413521 0.2651739 0.7412545 0.2637298 0.7419355 0.2628753 0.7428551 0.2648121 0.7438116 0.2645665 0.7435064 0.2639301 0.7443318 0.26389 0.7444948 0.2611905 0.7428302 0.2589647 0.7474225 0.2555469 0.7499229 0.2606497 0.7497923 0.2622209 0.748588 0.2627276 0.7431947 0.2562833 0.7444341 0.2556003 0.7426449 0.2576999 0.7502051 0.2618051 0.7502822 0.2620285 0.7497923 0.2622209 0.7507404 0.2621132 0.7504965 0.2621027 0.750473 0.2619544 0.7500841 0.2532328 0.7548226 0.2604271 0.749472 0.2597716 0.7548226 0.2604271 0.7523781 0.2613308 0.749472 0.2597716 0.7474225 0.2555469 0.7406178 0.2500773 0.7425258 0.247323 0.7425258 0.247323 0.7486246 0.2397772 0.7535801 0.2489588 0.7590094 0.2572377 0.7548226 0.2604271 0.7500841 0.2532328 0.7590094 0.2572377 0.7535801 0.2489588 0.7615066 0.2424402 0.7615066 0.2424402 0.7535801 0.2489588 0.7486246 0.2397772 0.7541666 0.2279607 0.7682292 0.2172194 0.7735734 0.234677 0.7428302 0.2589647 0.7444948 0.2611905 0.7419355 0.2628753 0.7419355 0.2628753 0.7412545 0.2637298 0.7402165 0.2628245 0.7386974 0.2624765 0.7380775 0.2604138 0.7402665 0.2609058 0.7402665 0.2609058 0.7380775 0.2604138 0.7391717 0.2571787 0.7257264 0.2671914 0.7185007 0.2681039 0.7203821 0.2632412 0.7261704 0.2730509 0.720067 0.2761195 0.7185007 0.2681039 0.7078109 0.2680322 0.7185007 0.2681039 0.720067 0.2761195 0.7022598 0.2754487 0.7115322 0.2813027 0.7042156 0.2851417 0.7257264 0.2671914 0.7286387 0.2697676 0.7273578 0.2724221 0.7286387 0.2697676 0.7302935 0.266459 0.7316246 0.2698035 0.68609 0.2778636 0.6884873 0.2989049 0.6663157 0.311698 0.6970414 0.2852067 0.698184 0.290023 0.6884873 0.2989049 0.696933 0.2573572 0.7022598 0.2754487 0.68609 0.2778636 0.7442901 0.2629569 0.7443318 0.26389 0.7435064 0.2639301 0.7435064 0.2639301 0.7438116 0.2645665 0.7428551 0.2648121 0.7442901 0.2629569 0.7444948 0.2611905 0.7459225 0.2637103 0.7443318 0.26389 0.7442901 0.2629569 0.745078 0.2640588 0.749472 0.2597716 0.748588 0.2627276 0.7459225 0.2637103 0.7499229 0.2606497 0.749472 0.2597716 0.7523781 0.2613308 0.7423165 0.2565931 0.7431947 0.2562833 0.7423999 0.2572108 0.7391717 0.2571787 0.7406178 0.2500773 0.7411007 0.2541889 0.7407043 0.2570232 0.7411007 0.2541889 0.7417362 0.2555389 0.7444341 0.2556003 0.7411007 0.2541889 0.7406178 0.2500773 0.7444341 0.2556003 0.7431947 0.2562833 0.7417362 0.2555389 0.7407043 0.2570232 0.7426449 0.2576999 0.7428302 0.2589647 0.7413989 0.256851 0.7423999 0.2572108 0.7426449 0.2576999 0.7225854 0.2492557 0.7243117 0.2482047 0.7245829 0.2488928 0.7174721 0.2485479 0.728594 0.2450751 0.7243117 0.2482047 0.728594 0.2450751 0.729081 0.2496887 0.7245829 0.2488928 0.729081 0.2496887 0.7203478 0.2534199 0.7226432 0.2500057 0.7731639 0.2757337 0.7826172 0.2761077 0.7832597 0.2887127 0.7689825 0.2915 0.7832597 0.2887127 0.7913746 0.3121733 0.7977693 0.2878867 0.7917165 0.2778022 0.8044418 0.2740825 0.7977693 0.2878867 0.8112107 0.2824748 0.8198803 0.2967467 0.7498757 0.2871807 0.757744 0.2879589 0.7465001 0.3054111 0.7552245 0.2770449 0.7592347 0.2770876 0.757744 0.2879589 0.7006502 0.288429 0.7028561 0.2864447 0.7049418 0.2886539 0.7032852 0.2923457 0.7049418 0.2886539 0.7144041 0.2931644 0.7501449 0.2760664 0.7552245 0.2770449 0.7498757 0.2871807 0.7449175 0.2847997 0.7498757 0.2871807 0.7429037 0.295566 0.7465001 0.3054111 0.757744 0.2879589 0.7689825 0.2915 0.7650921 0.2756991 0.7656645 0.2777668 0.7653177 0.2776595 0.7471917 0.2693361 0.7524269 0.2684451 0.7496932 0.2709128 0.7502822 0.2620285 0.750473 0.2619544 0.7504965 0.2621027 0.7507404 0.2621132 0.7509294 0.2632433 0.7503765 0.262243 0.7411143 0.2660667 0.7414643 0.2657835 0.7417662 0.2663893 0.739467 0.2665728 0.7394509 0.2666365 0.7394171 0.2666077 0.7987452 0.2492506 0.8024344 0.267526 0.7892678 0.2670179 0.7791177 0.264807 0.7671583 0.2652666 0.7667444 0.2546274 0.7892678 0.2670179 0.7917165 0.2778022 0.7826172 0.2761077 0.7357812 0.2828411 0.7380149 0.2902426 0.7213675 0.2889459 0.7380149 0.2902426 0.7429037 0.295566 0.7270041 0.2999989 0.7270041 0.2999989 0.7429037 0.295566 0.7465001 0.3054111 0.7465001 0.3054111 0.7644626 0.3181596 0.7540451 0.3412235 0.7644626 0.3181596 0.7913746 0.3121733 0.7987399 0.3398514 0.7447507 0.2751885 0.7501449 0.2760664 0.7449175 0.2847997 0.7429688 0.2736213 0.7447507 0.2751885 0.7411911 0.2779496 0.7363584 0.2714152 0.7365505 0.2696526 0.7383064 0.270169 0.7363584 0.2714152 0.7316246 0.2698035 0.7349161 0.2686149 0.741106 0.2719811 0.7396257 0.2719994 0.7398454 0.270134 0.7396257 0.2719994 0.7383126 0.2720839 0.7383064 0.270169 0.7398454 0.270134 0.7383064 0.270169 0.7385736 0.2682814 0.7365505 0.2696526 0.7369318 0.2670885 0.7385736 0.2682814 0.7385736 0.2682814 0.7369318 0.2670885 0.7383649 0.2668781 0.7403084 0.2681165 0.7405493 0.2671502 0.742667 0.2674815 0.7396467 0.267256 0.7398965 0.2668633 0.7405493 0.2671502 0.7398965 0.2668633 0.739957 0.2664363 0.7405619 0.2662673 0.739957 0.2664363 0.7398965 0.2668633 0.7396175 0.2667923 0.7396175 0.2667923 0.7396298 0.2665376 0.739957 0.2664363 0.7396175 0.2667923 0.7394695 0.2667354 0.7395109 0.2665708 0.7394509 0.2666365 0.739467 0.2665728 0.7395109 0.2665708 0.7393892 0.2666125 0.7394171 0.2666077 0.7394509 0.2666365 0.7394171 0.2666077 0.7393892 0.2666125 0.7394035 0.266575 0.7393892 0.2666125 0.7393699 0.2665981 0.7393802 0.2665758 0.7393699 0.2665981 0.7393561 0.2665942 0.7393597 0.2665764 0.7393561 0.2665942 0.7393394 0.2665994 0.7393319 0.2665771 0.7393394 0.2665994 0.7393019 0.2666299 0.739279 0.2665791 0.7392101 0.2666857 0.7391636 0.2665823 0.739279 0.2665791 0.7390712 0.2668527 0.7389222 0.2666184 0.7391636 0.2665823 0.7390712 0.2668527 0.7387774 0.2671769 0.7383649 0.2668781 0.739489 0.2670056 0.7396467 0.267256 0.7387774 0.2671769 0.7396467 0.267256 0.7403084 0.2681165 0.7385736 0.2682814 0.739489 0.2670056 0.7396175 0.2667923 0.7398965 0.2668633 0.739489 0.2670056 0.7393596 0.2667533 0.7394695 0.2667354 0.739351 0.2666351 0.7393892 0.2666125 0.7394695 0.2667354 0.739351 0.2666351 0.7393561 0.2665942 0.7393699 0.2665981 0.739351 0.2666351 0.7393019 0.2666299 0.7393394 0.2665994 0.7393596 0.2667533 0.7392101 0.2666857 0.7393019 0.2666299 0.7393596 0.2667533 0.739489 0.2670056 0.7390712 0.2668527 0.7405619 0.2662673 0.7411143 0.2660667 0.7412836 0.2665943 0.7412836 0.2665943 0.7417662 0.2663893 0.742667 0.2674815 0.7417662 0.2663893 0.7414643 0.2657835 0.7421767 0.2655996 0.7421767 0.2655996 0.7428551 0.2648121 0.7435281 0.2672726 0.7438116 0.2645665 0.7444739 0.2643148 0.744662 0.2647132 0.7464202 0.2667835 0.7459225 0.2637103 0.7524269 0.2684451 0.748588 0.2627276 0.7497923 0.2622209 0.7509294 0.2632433 0.7497923 0.2622209 0.7502822 0.2620285 0.7503765 0.262243 0.7505646 0.2616543 0.7507392 0.2618513 0.750473 0.2619544 0.7523781 0.2613308 0.7548226 0.2604271 0.7515626 0.2651858 0.7548226 0.2604271 0.756568 0.2683898 0.7515626 0.2651858 0.7552245 0.2770449 0.7501449 0.2760664 0.7524269 0.2684451 0.756568 0.2683898 0.7626352 0.2677605 0.7592347 0.2770876 0.7626352 0.2677605 0.756568 0.2683898 0.7548226 0.2604271 0.7590094 0.2572377 0.7667444 0.2546274 0.7671583 0.2652666 0.7638707 0.2776911 0.7653177 0.2776595 0.7650144 0.2778367 0.7791177 0.264807 0.7826172 0.2761077 0.7731639 0.2757337 0.7440865 0.2695574 0.7435281 0.2672726 0.7464202 0.2667835 0.7424436 0.2688589 0.742667 0.2674815 0.7435281 0.2672726 0.7424436 0.2688589 0.7440865 0.2695574 0.7430794 0.2713725 0.7440865 0.2695574 0.7471917 0.2693361 0.7451577 0.2735214 0.7357812 0.2828411 0.7261065 0.2809344 0.7298654 0.2758234 0.7261065 0.2809344 0.720067 0.2761195 0.7261704 0.2730509 0.7213675 0.2889459 0.7115322 0.2813027 0.720067 0.2761195 0.7049418 0.2886539 0.7042156 0.2851417 0.7115322 0.2813027 0.7298654 0.2758234 0.7261704 0.2730509 0.7273578 0.2724221 0.7305366 0.2705579 0.7316246 0.2698035 0.7332641 0.2730209 0.8078531 0.3070445 0.8237299 0.3222948 0.7987399 0.3398514 0.6663157 0.311698 0.6884873 0.2989049 0.7071273 0.3036674 0.7032852 0.2923457 0.7071273 0.3036674 0.6884873 0.2989049 0.7071273 0.3036674 0.7144041 0.2931644 0.7270041 0.2999989 0.7452895 0.2653599 0.7435281 0.2672726 0.7441536 0.2655298 0.7441536 0.2655298 0.7435281 0.2672726 0.7428551 0.2648121 0.7459225 0.2637103 0.7464202 0.2667835 0.7452895 0.2653599 0.745078 0.2640588 0.7452895 0.2653599 0.744662 0.2647132 0.7459225 0.2637103 0.748588 0.2627276 0.7515626 0.2651858 0.7523781 0.2613308 0.7515626 0.2651858 0.7509294 0.2632433 0.7451577 0.2735214 0.7467406 0.2725071 0.748833 0.2746185 0.7501449 0.2760664 0.748833 0.2746185 0.7496932 0.2709128 0.7471917 0.2693361 0.7482087 0.2718262 0.7467406 0.2725071 0.8276126 0.3047717 0.8237299 0.3222948 0.8078531 0.3070445 0.8024344 0.267526 0.8044418 0.2740825 0.7917165 0.2778022 0.783313 0.2492468 0.7892678 0.2670179 0.7791177 0.264807 0.7913746 0.3121733 0.7832597 0.2887127 0.7977693 0.2878867 0.7832597 0.2887127 0.7826172 0.2761077 0.7917165 0.2778022 0.7984506 0.2274695 0.7864143 0.2294106 0.7907158 0.207369 0.7735734 0.234677 0.7864143 0.2294106 0.783313 0.2492468 0.7468677 0.03449767 0.8749321 0.06184178 0.7970144 0.1826213 0.7624711 0.185495 0.7970144 0.1826213 0.7907158 0.207369 0.7411911 0.2779496 0.7449175 0.2847997 0.7357812 0.2828411 0.7400761 0.2743391 0.7411911 0.2779496 0.7362897 0.2778858 0.7362897 0.2778858 0.7298654 0.2758234 0.7332641 0.2730209 0.737076 0.2742746 0.7332641 0.2730209 0.7363584 0.2714152 0.7396257 0.2719994 0.741106 0.2719811 0.7400761 0.2743391 0.7429688 0.2736213 0.7400761 0.2743391 0.741106 0.2719811 0.7338174 0.4420043 0.7354707 0.5215698 0.6486789 0.4746813 0.9217748 0.363851 0.9489394 0.3662787 0.9413269 0.4199826 0.8952201 0.3999759 0.9413269 0.4199826 0.8755031 0.4983412 0.8360638 0.4387987 0.8755031 0.4983412 0.7354707 0.5215698 0.7987399 0.3398514 0.8166534 0.3732742 0.7494736 0.3737068 0.8166534 0.3732742 0.8360638 0.4387987 0.7338174 0.4420043 0.8237299 0.3222948 0.8516344 0.3559441 0.8166534 0.3732742 0.8516344 0.3559441 0.8952201 0.3999759 0.8360638 0.4387987 0.8639719 0.3237199 0.8516344 0.3559441 0.8237299 0.3222948 0.9217748 0.363851 0.8952201 0.3999759 0.8516344 0.3559441 0.7540451 0.3412235 0.7494736 0.3737068 0.6948059 0.3453897 0.7494736 0.3737068 0.7338174 0.4420043 0.6583876 0.4163013 0.8345819 0.2588118 0.9248165 0.1832274 0.9400284 0.2037588 0.9248165 0.1832274 0.8749321 0.06184178 0.9190629 0.0388503 0.8749321 0.06184178 0.7468677 0.03449767 0.743873 1.08746e-4 0.6351858 0.08814257 0.743873 1.08746e-4 0.7468677 0.03449767 0.5954114 0.5206739 0.6486789 0.4746813 0.7354707 0.5215698 0.7411904 0.5857919 0.7354707 0.5215698 0.8755031 0.4983412 0.9114064 0.5466226 0.8755031 0.4983412 0.9413269 0.4199826 0.9998912 0.4305014 0.9413269 0.4199826 0.9489394 0.3662787 0.9636511 0.3507621 0.9489394 0.3662787 0.9217748 0.363851 0.8559742 0.2807699 0.9400284 0.2037588 0.9998912 0.2543697 0.9998912 0.4305014 0.9636511 0.3507621 0.9998912 0.2543697 0.8559742 0.2807699 0.8639719 0.3237199 0.8276126 0.3047717 0.8112107 0.2824748 0.8345819 0.2588118 0.8559742 0.2807699 0.7987452 0.2492506 0.8345819 0.2588118 0.8024344 0.267526 0.8345819 0.2588118 0.8112107 0.2824748 0.8044418 0.2740825 0.8345819 0.2588118 0.7987452 0.2492506 0.7984506 0.2274695 0.7984506 0.2274695 0.8117945 0.212323 0.8345819 0.2588118 0.6247145 0.3216238 0.6948059 0.3453897 0.6583876 0.4163013 0.6948059 0.3453897 0.6247145 0.3216238 0.6663157 0.311698 0.6247145 0.3216238 0.5855646 0.4058161 0.5050572 0.3973371 0.6383067 0.243364 0.664389 0.2401955 0.6663157 0.311698 0.7284001 0.2717988 0.729306 0.2713397 0.7300696 0.2726681 0.7654543 0.2781663 0.7653736 0.2778229 0.7656645 0.2777668 0.7653177 0.2776595 0.7653736 0.2778229 0.7653261 0.2777949 0.7669824 0.2775654 0.7654543 0.2781663 0.7656645 0.2777668 0.7638707 0.2776911 0.7654543 0.2781663 0.7662017 0.2809615 0.7592347 0.2770876 0.7670915 0.2842247 0.7689825 0.2915 0.7621313 0.277824 0.7662017 0.2809615 0.7670915 0.2842247 0.7731639 0.2757337 0.7670915 0.2842247 0.7691959 0.2769151 0.7691959 0.2769151 0.7662017 0.2809615 0.7669824 0.2775654 0.7592347 0.2770876 0.7634728 0.2717386 0.7621313 0.277824 0.7621313 0.277824 0.7650921 0.2756991 0.7638707 0.2776911 0.7731639 0.2757337 0.7634728 0.2717386 0.7626352 0.2677605 0.7691959 0.2769151 0.7650921 0.2756991 0.7634728 0.2717386 0.7652683 0.2778378 0.7653736 0.2778229 0.7653439 0.2778613 0.7653736 0.2778229 0.7652683 0.2778378 0.7653261 0.2777949 0.7653177 0.2776595 0.7652683 0.2778378 0.7650144 0.2778367 0.7654543 0.2781663 0.7652683 0.2778378 0.7653439 0.2778613 0.5048397 0.4391092 0.9114064 0.5466226 0.4145852 0.5575529 0.4145852 0.5575529 0.7411904 0.5857919 0.2409648 0.5975058 0.2409648 0.5975058 0.5954114 0.5206739 0.09227013 0.5310856 0.5954114 0.5206739 1.08746e-4 0.4052821 0.09227013 0.5310856 0.5050572 0.3973371 0.01271545 0.1894273 1.08746e-4 0.4052821 0.5174169 0.185715 0.1328399 0.08990341 0.01271545 0.1894273 0.6351858 0.08814257 0.2437008 1.08746e-4 0.1328399 0.08990341 0.743873 1.08746e-4 0.4223945 0.03962504 0.2437008 1.08746e-4 0.9190629 0.0388503 0.4437795 0.2078317 0.4223945 0.03962504 0.4437795 0.2078317 0.9998912 0.2543697 0.5048397 0.2594549 0.5048397 0.2594549 0.9998912 0.4305014 0.5048397 0.4391092 0.2653444 0.281211 0.2672725 0.2831146 0.2659282 0.28332 0.2640985 0.2832428 0.2653444 0.281211 0.2655745 0.2832106 0.2657138 0.2837275 0.2656012 0.2834164 0.2656315 0.2833772 0.2655745 0.2832106 0.2659282 0.28332 0.2656315 0.2833772 0.2672725 0.2831146 0.2664762 0.2865786 0.2657138 0.2837275 0.2640985 0.2832428 0.2652651 0.2833914 0.2657138 0.2837275 0.2593699 0.2826272 0.2623244 0.2833784 0.2673838 0.2899071 0.2623244 0.2833784 0.2640985 0.2832428 0.2664762 0.2865786 0.2735776 0.2812463 0.2693127 0.2973279 0.2673838 0.2899071 0.2695302 0.2824513 0.2673838 0.2899071 0.2664762 0.2865786 0.2593699 0.2826272 0.2628383 0.2731136 0.2636927 0.2771713 0.2623244 0.2833784 0.2636927 0.2771713 0.2653444 0.281211 0.2735776 0.2812463 0.2695302 0.2824513 0.2636927 0.2771713 0.2695302 0.2824513 0.2672725 0.2831146 0.2653444 0.281211 0.2655745 0.2832106 0.2655831 0.2833487 0.265524 0.2833924 0.2657138 0.2837275 0.2652651 0.2833914 0.265524 0.2833924 0.7650921 0.2756991 0.7669824 0.2775654 0.7656645 0.2777668 0.7638707 0.2776911 0.7650921 0.2756991 0.7653177 0.2776595 0.7654543 0.2781663 0.7653439 0.2778613 0.7653736 0.2778229 0.7653177 0.2776595 0.7656645 0.2777668 0.7653736 0.2778229 0.7669824 0.2775654 0.7662017 0.2809615 0.7654543 0.2781663 0.7638707 0.2776911 0.7650144 0.2778367 0.7654543 0.2781663 0.7592347 0.2770876 0.7621313 0.277824 0.7670915 0.2842247 0.7621313 0.277824 0.7638707 0.2776911 0.7662017 0.2809615 0.7731639 0.2757337 0.7689825 0.2915 0.7670915 0.2842247 0.7691959 0.2769151 0.7670915 0.2842247 0.7662017 0.2809615 0.7592347 0.2770876 0.7626352 0.2677605 0.7634728 0.2717386 0.7621313 0.277824 0.7634728 0.2717386 0.7650921 0.2756991 0.7731639 0.2757337 0.7691959 0.2769151 0.7634728 0.2717386 0.7691959 0.2769151 0.7669824 0.2775654 0.7650921 0.2756991 0.7653177 0.2776595 0.7653261 0.2777949 0.7652683 0.2778378 0.7654543 0.2781663 0.7650144 0.2778367 0.7652683 0.2778378 0.5048397 0.4391092 0.9998912 0.4305014 0.9114064 0.5466226 0.4145852 0.5575529 0.9114064 0.5466226 0.7411904 0.5857919 0.2409648 0.5975058 0.7411904 0.5857919 0.5954114 0.5206739 0.5954114 0.5206739 0.5050572 0.3973371 1.08746e-4 0.4052821 0.5050572 0.3973371 0.5174169 0.185715 0.01271545 0.1894273 0.5174169 0.185715 0.6351858 0.08814257 0.1328399 0.08990341 0.6351858 0.08814257 0.743873 1.08746e-4 0.2437008 1.08746e-4 0.743873 1.08746e-4 0.9190629 0.0388503 0.4223945 0.03962504 0.9190629 0.0388503 0.9400284 0.2037588 0.4437795 0.2078317 0.4437795 0.2078317 0.9400284 0.2037588 0.9998912 0.2543697 0.5048397 0.2594549 0.9998912 0.2543697 0.9998912 0.4305014</float_array>
          <technique_common>
            <accessor source="#Circle-mesh-map-0-array" count="3708" stride="2">
              <param name="S" type="float"/>
              <param name="T" type="float"/>
            </accessor>
          </technique_common>
        </source>
        <vertices id="Circle-mesh-vertices">
          <input semantic="POSITION" source="#Circle-mesh-positions"/>
        </vertices>
        <triangles material="Default_OBJ-material" count="629">
          <input semantic="VERTEX" source="#Circle-mesh-vertices" offset="0"/>
          <input semantic="NORMAL" source="#Circle-mesh-normals" offset="1"/>
          <input semantic="TEXCOORD" source="#Circle-mesh-map-0" offset="2" set="0"/>
          <p>0 0 0 1 0 1 2 0 2 3 1 3 4 1 4 0 1 5 5 2 6 6 2 7 7 2 8 8 3 9 9 3 10 5 3 11 10 4 12 11 4 13 12 4 14 12 5 15 13 5 16 14 5 17 15 6 18 16 6 19 17 6 20 18 7 21 19 7 22 16 7 23 12 8 24 20 8 25 21 8 26 10 9 27 21 9 28 22 9 29 23 10 30 0 10 31 11 10 32 11 11 33 2 11 34 13 11 35 24 12 36 25 12 37 26 12 38 27 13 39 28 14 40 24 15 41 29 16 42 30 16 43 31 16 44 26 17 45 27 17 46 24 17 47 32 18 48 33 18 49 34 18 50 35 19 51 36 19 52 37 19 53 38 20 54 39 20 55 36 20 56 40 21 57 41 22 58 42 23 59 43 24 60 42 24 61 41 24 62 22 25 63 44 26 64 43 27 65 45 28 66 46 28 67 47 28 68 48 29 69 49 29 70 50 29 71 51 30 72 52 30 73 53 30 74 54 31 75 55 31 76 56 31 77 57 32 78 58 32 79 59 32 80 54 33 81 1 33 82 7 33 83 60 34 84 22 34 85 43 34 86 60 35 87 61 35 88 22 35 89 62 36 90 61 36 91 19 36 92 62 37 93 22 37 94 61 37 95 63 38 96 10 38 97 62 38 98 40 39 99 42 39 100 64 39 101 64 40 102 65 40 103 21 40 104 66 41 105 20 41 106 67 41 107 64 42 108 20 42 109 66 42 110 68 43 111 66 43 112 67 43 113 69 44 114 68 44 115 70 44 116 69 45 117 66 45 118 68 45 119 69 46 120 40 46 121 64 46 122 71 47 123 40 47 124 72 47 125 73 48 126 74 48 127 75 48 128 73 49 129 50 49 130 76 49 131 71 50 132 74 50 133 73 50 134 77 51 135 74 51 136 71 51 137 78 52 138 74 52 139 79 52 140 80 53 141 70 53 142 81 53 143 80 54 144 69 54 145 70 54 146 77 55 147 72 55 148 80 55 149 80 56 150 82 56 151 77 56 152 77 57 153 83 57 154 79 57 155 82 58 156 84 58 157 83 58 158 81 59 159 70 59 160 85 59 161 86 60 162 81 60 163 85 60 164 87 61 165 88 61 166 81 61 167 89 62 168 90 62 169 87 62 170 91 63 171 92 63 172 93 63 173 92 64 174 94 64 175 93 64 176 95 65 177 96 66 178 94 67 179 96 68 180 97 68 181 94 68 182 51 69 183 98 69 184 97 69 185 97 70 186 99 70 187 100 70 188 100 71 189 101 71 190 102 71 191 102 72 192 103 72 193 104 72 194 104 73 195 105 73 196 106 73 197 105 74 198 107 74 199 106 74 200 108 75 201 109 75 202 107 75 203 110 76 204 111 76 205 109 76 206 109 77 207 88 78 208 112 79 209 111 80 210 81 80 211 88 80 212 90 81 213 112 81 214 88 81 215 93 82 216 113 82 217 112 82 218 94 83 219 114 83 220 113 83 221 114 84 222 100 84 223 102 84 224 114 85 225 104 85 226 106 85 227 106 86 228 113 86 229 114 86 230 113 87 231 109 87 232 112 87 233 89 88 234 45 88 235 47 88 236 87 89 237 115 89 238 45 89 239 116 90 240 115 90 241 86 90 242 86 91 243 117 91 244 116 91 245 118 92 246 119 92 247 120 92 248 121 93 249 122 94 250 123 95 251 124 96 252 125 96 253 126 96 254 31 97 255 34 97 256 25 97 257 38 98 258 127 98 259 124 98 260 124 99 261 128 99 262 39 99 263 128 100 264 129 100 265 39 100 266 130 101 267 37 101 268 129 101 269 126 102 270 122 102 271 131 102 272 122 103 273 14 103 274 131 103 275 14 104 276 132 104 277 131 104 278 133 105 279 131 105 280 132 105 281 133 106 282 58 106 283 134 106 284 58 107 285 13 107 286 2 107 287 2 108 288 59 108 289 58 108 290 33 109 291 135 109 292 136 109 293 135 110 294 85 110 295 136 110 296 70 111 297 136 111 298 85 111 299 136 112 300 67 112 301 33 112 302 60 113 303 41 113 304 137 113 305 76 114 306 60 114 307 137 114 308 138 115 309 139 115 310 76 115 311 61 116 312 140 116 313 19 116 314 61 117 315 141 117 316 140 117 317 142 118 318 17 118 319 16 118 320 19 119 321 142 119 322 16 119 323 76 120 324 49 121 325 138 122 326 41 123 327 60 123 328 43 123 329 50 124 330 143 124 331 144 124 332 50 125 333 75 125 334 143 125 335 145 126 336 146 126 337 63 126 338 18 127 339 15 127 340 147 127 341 18 128 342 148 129 343 145 130 344 62 131 345 145 131 346 63 131 347 121 132 348 149 132 349 135 132 350 149 133 351 150 133 352 135 133 353 150 134 354 117 134 355 135 134 356 149 135 357 123 135 358 151 135 359 119 136 360 151 136 361 120 136 362 126 137 363 123 137 364 122 137 365 124 138 366 152 138 367 128 138 368 29 139 369 25 139 370 28 139 371 67 140 372 153 140 373 154 140 374 154 141 375 30 141 376 26 141 377 32 142 378 20 142 379 122 142 380 32 143 381 30 143 382 153 143 383 154 144 384 33 144 385 67 144 386 26 145 387 34 145 388 154 145 389 155 146 390 156 146 391 44 146 392 22 147 393 157 148 394 155 149 395 21 150 396 156 150 397 157 150 398 65 151 399 44 152 400 156 153 401 158 154 402 159 154 403 160 154 404 160 155 405 161 155 406 162 155 407 163 156 408 164 156 409 165 156 410 163 157 411 166 157 412 167 157 413 168 158 414 169 158 415 170 158 416 171 159 417 172 159 418 168 159 419 15 160 420 173 160 421 174 160 422 174 161 423 175 162 424 176 163 425 177 164 426 168 164 427 178 164 428 178 165 429 170 165 430 179 165 431 169 166 432 160 166 433 162 166 434 180 167 435 160 167 436 172 167 437 181 168 438 182 168 439 183 168 440 35 169 441 184 169 442 185 169 443 130 170 444 185 170 445 184 170 446 47 171 447 186 171 448 187 171 449 144 172 450 48 172 451 50 172 452 52 173 453 188 173 454 53 173 455 55 174 456 189 174 457 56 174 458 190 175 459 134 175 460 57 175 461 189 176 462 191 176 463 190 176 464 192 177 465 193 177 466 194 177 467 195 178 468 175 178 469 193 178 470 179 179 471 195 179 472 193 179 473 195 180 474 169 180 475 196 180 476 169 181 477 197 181 478 196 181 479 162 182 480 198 182 481 197 182 482 199 183 483 200 183 484 177 183 485 199 184 486 178 184 487 201 184 488 202 185 489 200 185 490 199 185 491 203 186 492 204 186 493 205 186 494 202 187 495 201 187 496 206 187 497 207 188 498 75 188 499 208 188 500 207 189 501 209 189 502 210 189 503 211 190 504 212 190 505 213 190 506 208 191 507 214 191 508 212 191 509 208 192 510 78 192 511 215 192 512 216 193 513 217 193 514 204 193 515 203 194 516 216 194 517 204 194 518 213 195 519 214 195 520 216 195 521 216 196 522 218 196 523 217 196 524 215 197 525 218 197 526 214 197 527 218 198 528 84 198 529 219 198 530 217 199 531 220 199 532 204 199 533 217 200 534 221 200 535 220 200 536 222 201 537 223 201 538 217 201 539 224 202 540 89 202 541 223 202 542 92 203 543 91 203 544 225 203 545 226 204 546 95 204 547 92 204 548 227 205 549 95 206 550 228 207 551 229 208 552 227 208 553 228 208 554 188 209 555 98 209 556 53 209 557 229 210 558 99 210 559 98 210 560 230 211 561 101 211 562 99 211 563 231 212 564 103 212 565 101 212 566 232 213 567 105 213 568 103 213 569 233 214 570 105 214 571 234 214 572 235 215 573 108 215 574 233 215 575 235 216 576 84 216 577 110 216 578 236 217 579 219 217 580 235 217 581 222 218 582 218 218 583 219 218 584 236 219 585 224 219 586 222 219 587 236 220 588 228 220 589 226 220 590 237 221 591 228 222 592 238 223 593 237 224 594 230 225 595 229 226 596 237 227 597 232 227 598 231 227 599 238 228 600 234 228 601 237 228 602 238 229 603 235 229 604 233 229 605 89 230 606 187 230 607 223 230 608 187 231 609 221 231 610 223 231 611 186 232 612 116 232 613 221 232 614 116 233 615 239 233 616 221 233 617 118 234 618 240 234 619 241 234 620 242 235 621 243 235 622 181 235 623 125 236 624 244 237 625 245 238 626 127 239 627 185 239 628 244 239 629 244 240 630 130 240 631 128 240 632 128 241 633 130 241 634 129 241 635 39 242 636 37 242 637 36 242 638 246 243 639 243 243 640 245 243 641 171 244 642 243 244 643 246 244 644 246 245 645 180 245 646 171 245 647 247 246 648 248 246 649 133 246 650 133 247 651 249 247 652 247 247 653 158 248 654 247 248 655 249 248 656 190 249 657 158 250 658 249 251 659 250 252 660 242 252 661 181 252 662 220 253 663 239 253 664 250 253 665 220 254 666 205 254 667 204 254 668 250 255 669 200 255 670 205 255 671 192 256 672 209 256 673 251 256 674 194 257 675 138 257 676 209 257 677 193 258 678 175 258 679 140 258 680 193 259 681 141 259 682 194 259 683 142 260 684 173 260 685 17 260 686 173 261 687 140 261 688 175 261 689 209 262 690 49 262 691 210 262 692 210 263 693 144 263 694 143 263 695 143 264 696 207 264 697 210 264 698 167 265 699 198 265 700 161 265 701 146 266 702 176 266 703 196 266 704 174 267 705 147 267 706 15 267 707 174 268 708 148 268 709 147 268 710 176 269 711 195 269 712 196 269 713 242 270 714 239 270 715 252 270 716 252 271 717 241 271 718 240 271 719 241 272 720 117 272 721 118 272 722 123 273 723 252 273 724 151 273 725 151 274 726 240 274 727 120 274 728 123 275 729 245 276 730 243 277 731 152 278 732 244 278 733 128 278 734 200 279 735 253 279 736 177 279 737 183 280 738 253 280 739 254 280 740 177 281 741 182 281 742 243 281 743 183 282 744 182 282 745 253 282 746 181 283 747 254 283 748 200 283 749 83 284 750 215 285 751 78 286 752 255 287 753 167 287 754 166 287 755 256 288 756 257 288 757 189 288 758 56 289 759 190 289 760 57 289 761 161 290 762 163 290 763 167 290 764 159 291 765 257 291 766 163 291 767 258 292 768 7 292 769 6 292 770 59 293 771 56 293 772 57 293 773 259 294 774 5 294 775 4 294 776 4 295 777 7 295 778 1 295 779 201 296 780 192 296 781 251 296 782 83 297 783 78 297 784 79 297 785 178 298 786 179 298 787 192 298 788 206 299 789 251 299 790 211 299 791 251 300 792 207 300 793 211 300 794 211 301 795 208 301 796 212 301 797 213 302 798 206 302 799 211 302 800 205 303 801 200 303 802 202 303 803 202 304 804 203 304 805 205 304 806 260 305 807 261 305 808 262 305 809 263 306 810 264 306 811 265 306 812 265 307 813 266 307 814 267 307 815 267 308 816 268 308 817 260 308 818 198 309 819 269 309 820 197 309 821 270 310 822 260 310 823 269 310 824 271 311 825 270 312 826 198 313 827 272 314 828 267 314 829 270 314 830 273 315 831 271 315 832 255 315 833 263 316 834 272 316 835 273 316 836 197 317 837 274 317 838 196 317 839 269 318 840 262 318 841 274 318 842 9 319 843 275 319 844 276 319 845 276 320 846 277 321 847 278 322 848 275 323 849 279 323 850 277 323 851 8 324 852 280 324 853 279 324 854 281 325 855 3 325 856 282 325 857 281 326 858 259 326 859 3 326 860 283 327 861 284 327 862 285 327 863 285 328 864 284 328 865 261 328 866 285 329 867 268 329 868 286 329 869 286 330 870 266 330 871 287 330 872 287 331 873 264 331 874 288 331 875 288 332 876 289 332 877 290 332 878 290 333 879 273 333 880 291 333 881 290 334 882 263 334 883 273 334 884 278 335 885 291 335 886 273 335 887 278 336 888 255 336 889 166 336 890 165 337 891 278 337 892 166 337 893 256 338 894 276 338 895 164 338 896 6 339 897 9 339 898 276 339 899 284 340 900 262 340 901 261 340 902 292 341 903 262 341 904 284 341 905 274 342 906 146 342 907 196 342 908 63 343 909 293 343 910 23 343 911 292 344 912 283 345 913 282 346 914 23 347 915 282 347 916 3 347 917 293 348 918 292 348 919 282 348 920 293 349 921 146 349 922 292 349 923 23 350 924 293 350 925 282 350 926 48 351 927 210 351 928 49 351 929 0 352 930 4 352 931 1 352 932 3 353 933 259 353 934 4 353 935 5 354 936 9 354 937 6 354 938 8 355 939 275 355 940 9 355 941 10 356 942 23 356 943 11 356 944 12 357 945 11 357 946 13 357 947 15 358 948 18 358 949 16 358 950 18 359 951 145 359 952 19 359 953 12 360 954 14 360 955 20 360 956 10 361 957 12 361 958 21 361 959 23 362 960 3 362 961 0 362 962 11 363 963 0 363 964 2 363 965 24 364 966 28 364 967 25 364 968 27 13 969 29 365 970 28 14 971 29 366 972 27 366 973 30 366 974 26 367 975 30 367 976 27 367 977 32 368 978 122 368 979 33 368 980 35 369 981 38 369 982 36 369 983 38 370 984 124 370 985 39 370 986 40 21 987 137 371 988 41 22 989 43 372 990 65 372 991 42 372 992 22 25 993 155 373 994 44 26 995 45 374 996 115 374 997 46 374 998 51 375 999 96 375 1000 52 375 1001 54 376 1002 258 376 1003 55 376 1004 57 377 1005 134 377 1006 58 377 1007 54 378 1008 59 378 1009 1 378 1010 60 379 1011 139 379 1012 61 379 1013 62 380 1014 10 380 1015 22 380 1016 63 381 1017 23 381 1018 10 381 1019 64 382 1020 42 382 1021 65 382 1022 64 383 1023 21 383 1024 20 383 1025 69 384 1026 64 384 1027 66 384 1028 69 385 1029 72 385 1030 40 385 1031 71 386 1032 137 386 1033 40 386 1034 73 387 1035 76 387 1036 137 387 1037 137 388 1038 71 388 1039 73 388 1040 77 389 1041 79 389 1042 74 389 1043 78 390 1044 75 390 1045 74 390 1046 80 391 1047 72 391 1048 69 391 1049 77 392 1050 71 392 1051 72 392 1052 80 393 1053 81 393 1054 82 393 1055 77 394 1056 82 394 1057 83 394 1058 82 395 1059 111 395 1060 84 395 1061 86 396 1062 87 396 1063 81 396 1064 87 397 1065 90 397 1066 88 397 1067 89 398 1068 225 398 1069 90 398 1070 93 399 1071 90 399 1072 225 399 1073 225 400 1074 91 400 1075 93 400 1076 92 401 1077 95 401 1078 94 401 1079 95 65 1080 52 402 1081 96 66 1082 96 403 1083 51 403 1084 97 403 1085 51 404 1086 53 404 1087 98 404 1088 97 405 1089 98 405 1090 99 405 1091 100 406 1092 99 406 1093 101 406 1094 102 407 1095 101 407 1096 103 407 1097 104 408 1098 103 408 1099 105 408 1100 105 409 1101 108 409 1102 107 409 1103 108 410 1104 110 410 1105 109 410 1106 110 411 1107 84 411 1108 111 411 1109 109 77 1110 111 412 1111 88 78 1112 111 413 1113 82 413 1114 81 413 1115 90 414 1116 93 414 1117 112 414 1118 93 415 1119 94 415 1120 113 415 1121 94 416 1122 97 417 1123 114 418 1124 114 418 1125 97 417 1126 100 419 1127 114 420 1128 102 420 1129 104 420 1130 106 421 1131 107 421 1132 113 421 1133 113 422 1134 107 422 1135 109 422 1136 89 423 1137 87 423 1138 45 423 1139 87 424 1140 86 424 1141 115 424 1142 116 425 1143 46 425 1144 115 425 1145 86 426 1146 135 426 1147 117 426 1148 118 427 1149 150 427 1150 119 427 1151 121 428 1152 33 428 1153 122 428 1154 124 429 1155 127 429 1156 125 429 1157 31 430 1158 32 430 1159 34 430 1160 38 431 1161 35 431 1162 127 431 1163 130 432 1164 184 432 1165 37 432 1166 131 433 1167 248 433 1168 126 433 1169 248 434 1170 152 434 1171 126 434 1172 122 435 1173 20 435 1174 14 435 1175 14 436 1176 13 436 1177 132 436 1178 133 437 1179 248 437 1180 131 437 1181 133 438 1182 132 438 1183 58 438 1184 58 439 1185 132 439 1186 13 439 1187 2 440 1188 1 440 1189 59 440 1190 33 441 1191 121 441 1192 135 441 1193 135 442 1194 86 442 1195 85 442 1196 70 443 1197 68 443 1198 136 443 1199 136 444 1200 68 444 1201 67 444 1202 76 445 1203 139 445 1204 60 445 1205 138 446 1206 141 446 1207 139 446 1208 61 447 1209 139 447 1210 141 447 1211 19 448 1212 140 448 1213 142 448 1214 76 120 1215 50 449 1216 49 121 1217 50 450 1218 73 450 1219 75 450 1220 145 451 1221 148 451 1222 146 451 1223 18 128 1224 147 452 1225 148 129 1226 62 453 1227 19 453 1228 145 453 1229 149 454 1230 119 454 1231 150 454 1232 150 455 1233 118 455 1234 117 455 1235 149 456 1236 121 93 1237 123 95 1238 119 457 1239 149 457 1240 151 457 1241 126 458 1242 125 458 1243 123 458 1244 124 459 1245 126 459 1246 152 459 1247 29 460 1248 31 460 1249 25 460 1250 67 461 1251 20 461 1252 153 461 1253 154 462 1254 153 462 1255 30 462 1256 32 463 1257 153 463 1258 20 463 1259 32 464 1260 31 464 1261 30 464 1262 154 465 1263 34 465 1264 33 465 1265 26 466 1266 25 466 1267 34 466 1268 155 467 1269 157 467 1270 156 467 1271 22 147 1272 21 468 1273 157 148 1274 21 469 1275 65 469 1276 156 469 1277 65 151 1278 43 470 1279 44 152 1280 158 471 1281 191 471 1282 159 471 1283 160 472 1284 159 472 1285 161 472 1286 163 473 1287 257 473 1288 164 473 1289 163 474 1290 165 474 1291 166 474 1292 168 475 1293 172 475 1294 169 475 1295 171 476 1296 180 476 1297 172 476 1298 15 477 1299 17 477 1300 173 477 1301 174 478 1302 173 478 1303 175 478 1304 177 479 1305 171 479 1306 168 479 1307 178 480 1308 168 480 1309 170 480 1310 169 481 1311 172 481 1312 160 481 1313 294 482 1314 296 483 1315 297 484 1316 181 485 1317 243 485 1318 182 485 1319 35 486 1320 37 486 1321 184 486 1322 130 487 1323 244 487 1324 185 487 1325 47 488 1326 46 488 1327 186 488 1328 52 489 1329 227 489 1330 188 489 1331 55 490 1332 256 490 1333 189 490 1334 190 491 1335 249 491 1336 134 491 1337 189 492 1338 257 492 1339 191 492 1340 192 493 1341 179 493 1342 193 493 1343 179 494 1344 170 494 1345 195 494 1346 195 495 1347 170 495 1348 169 495 1349 169 496 1350 162 496 1351 197 496 1352 162 497 1353 161 497 1354 198 497 1355 199 498 1356 177 498 1357 178 498 1358 202 499 1359 199 499 1360 201 499 1361 208 500 1362 215 500 1363 214 500 1364 208 501 1365 75 501 1366 78 501 1367 203 502 1368 213 502 1369 216 502 1370 213 503 1371 212 503 1372 214 503 1373 216 504 1374 214 504 1375 218 504 1376 215 285 1377 83 284 1378 218 505 1379 218 506 1380 83 506 1381 84 506 1382 217 507 1383 223 507 1384 221 507 1385 222 508 1386 224 508 1387 223 508 1388 224 509 1389 225 509 1390 89 509 1391 225 510 1392 224 510 1393 226 510 1394 226 511 1395 92 511 1396 225 511 1397 226 512 1398 228 512 1399 95 512 1400 227 205 1401 52 513 1402 95 206 1403 229 514 1404 188 514 1405 227 514 1406 188 515 1407 229 515 1408 98 515 1409 229 516 1410 230 516 1411 99 516 1412 230 517 1413 231 517 1414 101 517 1415 231 518 1416 232 518 1417 103 518 1418 232 519 1419 234 519 1420 105 519 1421 233 520 1422 108 520 1423 105 520 1424 235 521 1425 110 521 1426 108 521 1427 235 522 1428 219 522 1429 84 522 1430 236 523 1431 222 523 1432 219 523 1433 222 524 1434 217 524 1435 218 524 1436 236 525 1437 226 525 1438 224 525 1439 236 526 1440 238 223 1441 228 222 1442 237 224 1443 229 226 1444 228 527 1445 237 528 1446 231 528 1447 230 528 1448 237 529 1449 234 529 1450 232 529 1451 238 530 1452 233 530 1453 234 530 1454 238 531 1455 236 531 1456 235 531 1457 89 532 1458 47 532 1459 187 532 1460 187 533 1461 186 533 1462 221 533 1463 186 534 1464 46 534 1465 116 534 1466 116 535 1467 117 535 1468 239 535 1469 118 536 1470 120 536 1471 240 536 1472 242 537 1473 123 537 1474 243 537 1475 125 236 1476 127 538 1477 244 237 1478 127 539 1479 35 539 1480 185 539 1481 39 540 1482 129 540 1483 37 540 1484 152 541 1485 248 541 1486 245 541 1487 248 542 1488 246 542 1489 245 542 1490 171 543 1491 177 543 1492 243 543 1493 246 544 1494 247 544 1495 180 544 1496 247 545 1497 246 545 1498 248 545 1499 133 546 1500 134 546 1501 249 546 1502 298 547 1503 297 548 1504 299 549 1505 190 249 1506 191 550 1507 158 250 1508 250 551 1509 239 551 1510 242 551 1511 220 552 1512 221 552 1513 239 552 1514 220 553 1515 250 553 1516 205 553 1517 250 554 1518 181 554 1519 200 554 1520 192 555 1521 194 555 1522 209 555 1523 194 556 1524 141 556 1525 138 556 1526 193 557 1527 140 557 1528 141 557 1529 173 558 1530 142 558 1531 140 558 1532 209 559 1533 138 559 1534 49 559 1535 143 560 1536 75 560 1537 207 560 1538 167 561 1539 271 311 1540 198 313 1541 146 562 1542 148 562 1543 176 562 1544 174 563 1545 176 563 1546 148 563 1547 176 163 1548 175 162 1549 195 564 1550 252 565 1551 239 565 1552 241 565 1553 241 566 1554 239 566 1555 117 566 1556 123 567 1557 242 567 1558 252 567 1559 151 568 1560 252 568 1561 240 568 1562 123 275 1563 125 569 1564 245 276 1565 152 570 1566 245 570 1567 244 570 1568 200 571 1569 254 571 1570 253 571 1571 177 572 1572 253 572 1573 182 572 1574 181 573 1575 183 573 1576 254 573 1577 255 574 1578 271 574 1579 167 574 1580 256 575 1581 164 575 1582 257 575 1583 56 576 1584 189 576 1585 190 576 1586 161 577 1587 159 577 1588 163 577 1589 159 578 1590 191 578 1591 257 578 1592 258 579 1593 54 579 1594 7 579 1595 59 580 1596 54 580 1597 56 580 1598 259 581 1599 8 581 1600 5 581 1601 4 582 1602 5 582 1603 7 582 1604 201 583 1605 178 583 1606 192 583 1607 206 584 1608 201 584 1609 251 584 1610 251 585 1611 209 585 1612 207 585 1613 211 586 1614 207 586 1615 208 586 1616 213 587 1617 203 587 1618 206 587 1619 202 588 1620 206 588 1621 203 588 1622 260 589 1623 268 589 1624 261 589 1625 263 590 1626 289 590 1627 264 590 1628 265 591 1629 264 591 1630 266 591 1631 267 592 1632 266 592 1633 268 592 1634 198 593 1635 270 593 1636 269 593 1637 270 594 1638 267 594 1639 260 594 1640 271 595 1641 272 595 1642 270 595 1643 272 596 1644 265 596 1645 267 596 1646 273 597 1647 272 597 1648 271 597 1649 263 598 1650 265 598 1651 272 598 1652 197 599 1653 269 599 1654 274 599 1655 269 600 1656 260 600 1657 262 600 1658 276 320 1659 275 601 1660 277 321 1661 275 602 1662 8 602 1663 279 602 1664 8 603 1665 259 603 1666 280 603 1667 281 604 1668 280 604 1669 259 604 1670 285 605 1671 261 605 1672 268 605 1673 286 606 1674 268 606 1675 266 606 1676 287 607 1677 266 607 1678 264 607 1679 288 608 1680 264 608 1681 289 608 1682 290 609 1683 289 609 1684 263 609 1685 278 610 1686 277 610 1687 291 610 1688 288 611 1689 290 611 1690 291 611 1691 278 612 1692 273 612 1693 255 612 1694 165 613 1695 276 613 1696 278 613 1697 55 614 1698 276 615 1699 256 616 1700 276 617 1701 165 617 1702 164 617 1703 276 615 1704 55 614 1705 258 618 1706 258 619 1707 6 619 1708 276 619 1709 292 620 1710 274 620 1711 262 620 1712 274 621 1713 292 621 1714 146 621 1715 292 344 1716 284 622 1717 283 345 1718 293 623 1719 63 623 1720 146 623 1721 48 624 1722 144 624 1723 210 624 1724 300 625 1725 302 626 1726 296 627 1727 297 628 1728 302 629 1729 303 630 1730 295 631 1731 300 632 1732 296 633 1733 298 634 1734 300 635 1735 304 636 1736 180 637 1737 306 638 1738 160 639 1739 305 640 1740 304 641 1741 306 642 1742 158 643 1743 306 644 1744 307 645 1745 307 646 1746 304 647 1747 295 648 1748 180 649 1749 308 650 1750 305 651 1751 305 652 1752 294 653 1753 298 654 1754 158 655 1755 308 656 1756 247 657 1757 307 658 1758 294 659 1759 308 660 1760 309 661 1761 302 661 1762 301 661 1763 302 662 1764 309 662 1765 303 662 1766 297 663 1767 309 664 1768 299 665 1769 300 666 1770 309 667 1771 301 668 1772 288 1337 3546 597 1338 3547 287 1339 3548 287 1339 3549 596 1340 3550 286 1341 3551 286 1341 3552 595 1342 3553 285 1343 3554 595 1342 3555 283 1344 3556 285 1343 3557 593 1345 3558 282 1346 3559 283 1344 3560 592 1347 3561 281 1348 3562 282 1346 3563 591 1349 3564 280 1350 3565 281 1348 3566 590 1351 3567 279 1352 3568 280 1350 3569 589 1353 3570 277 1354 3571 279 1352 3572 277 1354 3573 601 1355 3574 291 1356 3575 291 1356 3576 598 1357 3577 288 1337 3578 294 482 3579 295 1358 3580 296 483 3581 298 547 3582 294 1359 3583 297 548 3584 300 625 3585 301 1360 3586 302 626 3587 297 628 3588 296 1361 3589 302 629 3590 295 631 3591 304 1362 3592 300 632 3593 298 634 3594 299 1363 3595 300 635 3596 180 637 3597 305 1364 3598 306 638 3599 305 640 3600 298 1365 3601 304 641 3602 158 643 3603 160 1366 3604 306 644 3605 307 646 3606 306 1367 3607 304 647 3608 180 649 3609 247 1368 3610 308 650 3611 305 652 3612 308 1369 3613 294 653 3614 158 655 3615 307 1370 3616 308 656 3617 307 658 3618 295 1371 3619 294 659 3620 297 663 3621 303 1372 3622 309 664 3623 300 666 3624 299 1373 3625 309 667 3626 288 1337 3675 598 1357 3676 597 1338 3677 287 1339 3678 597 1338 3679 596 1340 3680 286 1341 3681 596 1340 3682 595 1342 3683 595 1342 3684 593 1345 3685 283 1344 3686 593 1345 3687 592 1347 3688 282 1346 3689 592 1347 3690 591 1349 3691 281 1348 3692 591 1349 3693 590 1351 3694 280 1350 3695 590 1351 3696 589 1353 3697 279 1352 3698 589 1353 3699 587 1390 3700 277 1354 3701 277 1354 3702 587 1390 3703 601 1355 3704 291 1356 3705 601 1355 3706 598 1357 3707</p>
        </triangles>
        <triangles material="Default_OBJ_001-material" count="607">
          <input semantic="VERTEX" source="#Circle-mesh-vertices" offset="0"/>
          <input semantic="NORMAL" source="#Circle-mesh-normals" offset="1"/>
          <input semantic="TEXCOORD" source="#Circle-mesh-map-0" offset="2" set="0"/>
          <p>310 669 1773 311 669 1774 312 669 1775 313 670 1776 314 670 1777 310 670 1778 315 671 1779 316 671 1780 317 671 1781 318 672 1782 319 672 1783 315 672 1784 320 673 1785 321 673 1786 322 673 1787 322 674 1788 323 674 1789 324 674 1790 325 675 1791 326 675 1792 327 675 1793 328 676 1794 329 676 1795 326 676 1796 322 677 1797 330 677 1798 331 677 1799 320 678 1800 331 678 1801 332 678 1802 333 679 1803 310 679 1804 321 679 1805 321 680 1806 312 680 1807 323 680 1808 334 681 1809 335 681 1810 336 681 1811 337 682 1812 338 683 1813 334 684 1814 339 685 1815 340 685 1816 341 685 1817 336 686 1818 337 686 1819 334 686 1820 342 687 1821 343 687 1822 344 687 1823 345 688 1824 346 688 1825 347 688 1826 348 689 1827 349 689 1828 346 689 1829 350 690 1830 351 691 1831 352 692 1832 353 693 1833 352 693 1834 351 693 1835 332 694 1836 354 695 1837 353 696 1838 355 697 1839 356 697 1840 357 697 1841 358 698 1842 359 698 1843 360 698 1844 361 699 1845 362 699 1846 363 699 1847 364 700 1848 365 700 1849 366 700 1850 367 701 1851 368 701 1852 369 701 1853 364 702 1854 311 702 1855 317 702 1856 370 703 1857 332 703 1858 353 703 1859 370 704 1860 371 704 1861 332 704 1862 372 705 1863 371 705 1864 329 705 1865 372 706 1866 332 706 1867 371 706 1868 373 707 1869 320 707 1870 372 707 1871 350 708 1872 352 708 1873 374 708 1874 374 709 1875 375 709 1876 331 709 1877 376 710 1878 330 710 1879 377 710 1880 374 711 1881 330 711 1882 376 711 1883 378 712 1884 376 712 1885 377 712 1886 379 713 1887 378 713 1888 380 713 1889 379 714 1890 376 714 1891 378 714 1892 379 715 1893 350 715 1894 374 715 1895 381 716 1896 350 716 1897 382 716 1898 383 717 1899 384 717 1900 385 717 1901 383 718 1902 360 718 1903 386 718 1904 381 719 1905 384 719 1906 383 719 1907 387 720 1908 384 720 1909 381 720 1910 388 721 1911 384 721 1912 389 721 1913 390 722 1914 380 722 1915 391 722 1916 390 723 1917 379 723 1918 380 723 1919 387 724 1920 382 724 1921 390 724 1922 390 725 1923 392 725 1924 387 725 1925 387 726 1926 393 726 1927 389 726 1928 392 727 1929 394 727 1930 393 727 1931 391 728 1932 380 728 1933 395 728 1934 396 729 1935 391 729 1936 395 729 1937 397 730 1938 398 730 1939 391 730 1940 399 731 1941 400 731 1942 397 731 1943 401 732 1944 402 732 1945 403 732 1946 402 733 1947 404 733 1948 403 733 1949 405 734 1950 406 735 1951 404 736 1952 406 737 1953 407 737 1954 404 737 1955 361 738 1956 408 738 1957 407 738 1958 407 739 1959 409 739 1960 410 739 1961 410 740 1962 411 740 1963 412 740 1964 412 741 1965 413 741 1966 414 741 1967 414 742 1968 415 742 1969 416 742 1970 415 743 1971 417 743 1972 416 743 1973 418 744 1974 419 744 1975 417 744 1976 420 745 1977 421 745 1978 419 745 1979 419 746 1980 398 747 1981 422 748 1982 421 749 1983 391 749 1984 398 749 1985 400 750 1986 422 750 1987 398 750 1988 403 751 1989 423 751 1990 422 751 1991 404 752 1992 424 752 1993 423 752 1994 424 753 1995 410 753 1996 412 753 1997 424 754 1998 414 754 1999 416 754 2000 416 755 2001 423 755 2002 424 755 2003 423 756 2004 419 756 2005 422 756 2006 399 757 2007 355 757 2008 357 757 2009 397 758 2010 425 758 2011 355 758 2012 426 759 2013 425 759 2014 396 759 2015 396 760 2016 427 760 2017 426 760 2018 428 761 2019 429 761 2020 430 761 2021 431 762 2022 432 763 2023 433 764 2024 434 765 2025 435 765 2026 436 765 2027 341 766 2028 344 766 2029 335 766 2030 348 767 2031 437 767 2032 434 767 2033 434 768 2034 438 768 2035 349 768 2036 438 769 2037 439 769 2038 349 769 2039 440 770 2040 347 770 2041 439 770 2042 436 771 2043 432 771 2044 441 771 2045 432 772 2046 324 772 2047 441 772 2048 324 773 2049 442 773 2050 441 773 2051 443 774 2052 441 774 2053 442 774 2054 443 775 2055 368 775 2056 444 775 2057 368 776 2058 323 776 2059 312 776 2060 312 777 2061 369 777 2062 368 777 2063 343 778 2064 445 778 2065 446 778 2066 445 779 2067 395 779 2068 446 779 2069 380 780 2070 446 780 2071 395 780 2072 446 781 2073 377 781 2074 343 781 2075 370 782 2076 351 782 2077 447 782 2078 386 783 2079 370 783 2080 447 783 2081 448 784 2082 449 784 2083 386 784 2084 371 785 2085 450 785 2086 329 785 2087 371 786 2088 451 786 2089 450 786 2090 452 787 2091 327 787 2092 326 787 2093 329 788 2094 452 788 2095 326 788 2096 386 789 2097 359 790 2098 448 791 2099 351 792 2100 370 792 2101 353 792 2102 360 793 2103 453 793 2104 454 793 2105 360 794 2106 385 794 2107 453 794 2108 455 795 2109 456 795 2110 373 795 2111 328 796 2112 325 796 2113 457 796 2114 328 797 2115 458 798 2116 455 799 2117 372 800 2118 455 800 2119 373 800 2120 431 801 2121 459 801 2122 445 801 2123 459 802 2124 460 802 2125 445 802 2126 460 803 2127 427 803 2128 445 803 2129 459 804 2130 433 804 2131 461 804 2132 429 805 2133 461 805 2134 430 805 2135 436 806 2136 433 806 2137 432 806 2138 434 807 2139 462 807 2140 438 807 2141 339 808 2142 335 808 2143 338 808 2144 377 809 2145 463 809 2146 464 809 2147 464 810 2148 340 810 2149 336 810 2150 342 811 2151 330 811 2152 432 811 2153 342 812 2154 340 812 2155 463 812 2156 464 813 2157 343 813 2158 377 813 2159 336 814 2160 344 814 2161 464 814 2162 465 815 2163 466 815 2164 354 815 2165 332 816 2166 467 817 2167 465 818 2168 331 819 2169 466 819 2170 467 819 2171 375 820 2172 354 821 2173 466 822 2174 468 823 2175 469 823 2176 470 823 2177 470 824 2178 471 824 2179 472 824 2180 473 825 2181 474 825 2182 475 825 2183 473 826 2184 476 826 2185 477 826 2186 478 827 2187 479 827 2188 480 827 2189 481 828 2190 482 828 2191 478 828 2192 325 829 2193 483 829 2194 484 829 2195 484 830 2196 485 831 2197 486 832 2198 487 833 2199 478 833 2200 488 833 2201 488 834 2202 480 834 2203 489 834 2204 479 835 2205 470 835 2206 472 835 2207 490 836 2208 470 836 2209 482 836 2210 491 837 2211 492 837 2212 493 837 2213 345 838 2214 494 838 2215 495 838 2216 440 839 2217 495 839 2218 494 839 2219 357 840 2220 496 840 2221 497 840 2222 454 841 2223 358 841 2224 360 841 2225 362 842 2226 498 842 2227 363 842 2228 365 843 2229 499 843 2230 366 843 2231 500 844 2232 444 844 2233 367 844 2234 499 845 2235 501 845 2236 500 845 2237 502 846 2238 503 846 2239 504 846 2240 505 847 2241 485 847 2242 503 847 2243 489 848 2244 505 848 2245 503 848 2246 505 849 2247 479 849 2248 506 849 2249 479 850 2250 507 850 2251 506 850 2252 472 851 2253 508 851 2254 507 851 2255 509 852 2256 510 852 2257 487 852 2258 509 853 2259 488 853 2260 511 853 2261 512 854 2262 510 854 2263 509 854 2264 513 855 2265 514 855 2266 515 855 2267 512 856 2268 511 856 2269 516 856 2270 517 857 2271 385 857 2272 518 857 2273 517 858 2274 519 858 2275 520 858 2276 521 859 2277 522 859 2278 523 859 2279 518 860 2280 524 860 2281 522 860 2282 518 861 2283 388 861 2284 525 861 2285 526 862 2286 527 862 2287 514 862 2288 513 863 2289 526 863 2290 514 863 2291 523 864 2292 524 864 2293 526 864 2294 526 865 2295 528 865 2296 527 865 2297 525 866 2298 528 866 2299 524 866 2300 528 867 2301 394 867 2302 529 867 2303 527 868 2304 530 868 2305 514 868 2306 527 869 2307 531 869 2308 530 869 2309 532 870 2310 533 870 2311 527 870 2312 534 871 2313 399 871 2314 533 871 2315 402 872 2316 401 872 2317 535 872 2318 536 873 2319 405 873 2320 402 873 2321 537 874 2322 405 875 2323 538 876 2324 539 877 2325 537 877 2326 538 877 2327 498 878 2328 408 878 2329 363 878 2330 539 879 2331 409 879 2332 408 879 2333 540 880 2334 411 880 2335 409 880 2336 541 881 2337 413 881 2338 411 881 2339 542 882 2340 415 882 2341 413 882 2342 543 883 2343 415 883 2344 544 883 2345 545 884 2346 418 884 2347 543 884 2348 545 885 2349 394 885 2350 420 885 2351 546 886 2352 529 886 2353 545 886 2354 532 887 2355 528 887 2356 529 887 2357 546 888 2358 534 888 2359 532 888 2360 546 889 2361 538 889 2362 536 889 2363 547 890 2364 538 891 2365 548 892 2366 547 893 2367 540 894 2368 539 895 2369 547 896 2370 542 896 2371 541 896 2372 548 897 2373 544 897 2374 547 897 2375 548 898 2376 545 898 2377 543 898 2378 399 899 2379 497 899 2380 533 899 2381 497 900 2382 531 900 2383 533 900 2384 496 901 2385 426 901 2386 531 901 2387 426 902 2388 549 902 2389 531 902 2390 428 903 2391 550 903 2392 551 903 2393 552 904 2394 553 904 2395 491 904 2396 435 905 2397 554 906 2398 555 907 2399 437 908 2400 495 908 2401 554 908 2402 554 909 2403 440 909 2404 438 909 2405 438 910 2406 440 910 2407 439 910 2408 349 911 2409 347 911 2410 346 911 2411 556 912 2412 553 912 2413 555 912 2414 481 913 2415 553 913 2416 556 913 2417 556 914 2418 490 914 2419 481 914 2420 557 915 2421 558 915 2422 443 915 2423 443 916 2424 559 916 2425 557 916 2426 468 917 2427 557 917 2428 559 917 2429 500 918 2430 468 919 2431 559 920 2432 560 921 2433 552 921 2434 491 921 2435 530 922 2436 549 922 2437 560 922 2438 530 923 2439 515 923 2440 514 923 2441 560 924 2442 510 924 2443 515 924 2444 502 925 2445 519 925 2446 561 925 2447 504 926 2448 448 926 2449 519 926 2450 503 927 2451 485 927 2452 450 927 2453 503 928 2454 451 928 2455 504 928 2456 452 929 2457 483 929 2458 327 929 2459 483 930 2460 450 930 2461 485 930 2462 519 931 2463 359 931 2464 520 931 2465 520 932 2466 454 932 2467 453 932 2468 453 933 2469 517 933 2470 520 933 2471 477 934 2472 508 934 2473 471 934 2474 456 935 2475 486 935 2476 506 935 2477 484 936 2478 457 936 2479 325 936 2480 484 937 2481 458 937 2482 457 937 2483 486 938 2484 505 938 2485 506 938 2486 552 939 2487 549 939 2488 562 939 2489 562 940 2490 551 940 2491 550 940 2492 551 941 2493 427 941 2494 428 941 2495 433 942 2496 562 942 2497 461 942 2498 461 943 2499 550 943 2500 430 943 2501 433 944 2502 555 945 2503 553 946 2504 462 947 2505 554 947 2506 438 947 2507 510 948 2508 563 948 2509 487 948 2510 493 949 2511 563 949 2512 564 949 2513 487 950 2514 492 950 2515 553 950 2516 493 951 2517 492 951 2518 563 951 2519 491 952 2520 564 952 2521 510 952 2522 393 953 2523 525 954 2524 388 955 2525 565 956 2526 477 956 2527 476 956 2528 566 957 2529 567 957 2530 499 957 2531 366 958 2532 500 958 2533 367 958 2534 471 959 2535 473 959 2536 477 959 2537 469 960 2538 567 960 2539 473 960 2540 568 961 2541 317 961 2542 316 961 2543 369 962 2544 366 962 2545 367 962 2546 569 963 2547 315 963 2548 314 963 2549 314 964 2550 317 964 2551 311 964 2552 511 965 2553 502 965 2554 561 965 2555 393 966 2556 388 966 2557 389 966 2558 488 967 2559 489 967 2560 502 967 2561 516 968 2562 561 968 2563 521 968 2564 561 969 2565 517 969 2566 521 969 2567 521 970 2568 518 970 2569 522 970 2570 523 971 2571 516 971 2572 521 971 2573 515 972 2574 510 972 2575 512 972 2576 512 973 2577 513 973 2578 515 973 2579 570 974 2580 571 974 2581 572 974 2582 573 975 2583 574 975 2584 575 975 2585 575 976 2586 576 976 2587 577 976 2588 577 977 2589 578 977 2590 570 977 2591 508 978 2592 579 978 2593 507 978 2594 580 979 2595 570 979 2596 579 979 2597 581 980 2598 580 981 2599 508 982 2600 582 983 2601 577 983 2602 580 983 2603 583 984 2604 581 984 2605 565 984 2606 573 985 2607 582 985 2608 583 985 2609 507 986 2610 584 986 2611 506 986 2612 579 987 2613 572 987 2614 584 987 2615 319 988 2616 585 988 2617 586 988 2618 586 989 2619 587 990 2620 588 991 2621 585 992 2622 589 992 2623 587 992 2624 318 993 2625 590 993 2626 589 993 2627 591 994 2628 313 994 2629 592 994 2630 591 995 2631 569 995 2632 313 995 2633 593 996 2634 594 996 2635 595 996 2636 595 997 2637 594 997 2638 571 997 2639 595 998 2640 578 998 2641 596 998 2642 596 999 2643 576 999 2644 597 999 2645 597 1000 2646 574 1000 2647 598 1000 2648 598 1001 2649 599 1001 2650 600 1001 2651 600 1002 2652 583 1002 2653 601 1002 2654 600 1003 2655 573 1003 2656 583 1003 2657 588 1004 2658 601 1004 2659 583 1004 2660 588 1005 2661 565 1005 2662 476 1005 2663 475 1006 2664 588 1006 2665 476 1006 2666 566 1007 2667 586 1007 2668 474 1007 2669 316 1008 2670 319 1008 2671 586 1008 2672 594 1009 2673 572 1009 2674 571 1009 2675 602 1010 2676 572 1010 2677 594 1010 2678 584 1011 2679 456 1011 2680 506 1011 2681 373 1012 2682 603 1012 2683 333 1012 2684 602 1013 2685 593 1014 2686 592 1015 2687 333 1016 2688 592 1016 2689 313 1016 2690 603 1017 2691 602 1017 2692 592 1017 2693 603 1018 2694 456 1018 2695 602 1018 2696 333 1019 2697 603 1019 2698 592 1019 2699 358 1020 2700 520 1020 2701 359 1020 2702 310 1021 2703 314 1021 2704 311 1021 2705 313 1022 2706 569 1022 2707 314 1022 2708 315 1023 2709 319 1023 2710 316 1023 2711 318 1024 2712 585 1024 2713 319 1024 2714 320 1025 2715 333 1025 2716 321 1025 2717 322 1026 2718 321 1026 2719 323 1026 2720 325 1027 2721 328 1027 2722 326 1027 2723 328 1028 2724 455 1028 2725 329 1028 2726 322 1029 2727 324 1029 2728 330 1029 2729 320 1030 2730 322 1030 2731 331 1030 2732 333 1031 2733 313 1031 2734 310 1031 2735 321 1032 2736 310 1032 2737 312 1032 2738 334 1033 2739 338 1033 2740 335 1033 2741 337 682 2742 339 1034 2743 338 683 2744 339 1035 2745 337 1035 2746 340 1035 2747 336 1036 2748 340 1036 2749 337 1036 2750 342 1037 2751 432 1037 2752 343 1037 2753 345 1038 2754 348 1038 2755 346 1038 2756 348 1039 2757 434 1039 2758 349 1039 2759 350 690 2760 447 1040 2761 351 691 2762 353 1041 2763 375 1041 2764 352 1041 2765 332 694 2766 465 1042 2767 354 695 2768 355 1043 2769 425 1043 2770 356 1043 2771 361 1044 2772 406 1044 2773 362 1044 2774 364 1045 2775 568 1045 2776 365 1045 2777 367 1046 2778 444 1046 2779 368 1046 2780 364 1047 2781 369 1047 2782 311 1047 2783 370 1048 2784 449 1048 2785 371 1048 2786 372 1049 2787 320 1049 2788 332 1049 2789 373 1050 2790 333 1050 2791 320 1050 2792 374 1051 2793 352 1051 2794 375 1051 2795 374 1052 2796 331 1052 2797 330 1052 2798 379 1053 2799 374 1053 2800 376 1053 2801 379 1054 2802 382 1054 2803 350 1054 2804 381 1055 2805 447 1055 2806 350 1055 2807 383 1056 2808 386 1056 2809 447 1056 2810 447 1057 2811 381 1057 2812 383 1057 2813 387 1058 2814 389 1058 2815 384 1058 2816 388 1059 2817 385 1059 2818 384 1059 2819 390 1060 2820 382 1060 2821 379 1060 2822 387 1061 2823 381 1061 2824 382 1061 2825 390 1062 2826 391 1062 2827 392 1062 2828 387 1063 2829 392 1063 2830 393 1063 2831 392 1064 2832 421 1064 2833 394 1064 2834 396 1065 2835 397 1065 2836 391 1065 2837 397 1066 2838 400 1066 2839 398 1066 2840 399 1067 2841 535 1067 2842 400 1067 2843 403 1068 2844 400 1068 2845 535 1068 2846 535 1069 2847 401 1069 2848 403 1069 2849 402 1070 2850 405 1070 2851 404 1070 2852 405 734 2853 362 1071 2854 406 735 2855 406 1072 2856 361 1072 2857 407 1072 2858 361 1073 2859 363 1073 2860 408 1073 2861 407 1074 2862 408 1074 2863 409 1074 2864 410 1075 2865 409 1075 2866 411 1075 2867 412 1076 2868 411 1076 2869 413 1076 2870 414 1077 2871 413 1077 2872 415 1077 2873 415 1078 2874 418 1078 2875 417 1078 2876 418 1079 2877 420 1079 2878 419 1079 2879 420 1080 2880 394 1080 2881 421 1080 2882 419 746 2883 421 1081 2884 398 747 2885 421 1082 2886 392 1082 2887 391 1082 2888 400 1083 2889 403 1083 2890 422 1083 2891 403 1084 2892 404 1084 2893 423 1084 2894 404 1085 2895 407 1086 2896 424 1087 2897 424 1087 2898 407 1086 2899 410 1088 2900 424 1089 2901 412 1089 2902 414 1089 2903 416 1090 2904 417 1090 2905 423 1090 2906 423 1091 2907 417 1091 2908 419 1091 2909 399 1092 2910 397 1092 2911 355 1092 2912 397 1093 2913 396 1093 2914 425 1093 2915 426 1094 2916 356 1094 2917 425 1094 2918 396 1095 2919 445 1095 2920 427 1095 2921 428 1096 2922 460 1096 2923 429 1096 2924 431 1097 2925 343 1097 2926 432 1097 2927 434 1098 2928 437 1098 2929 435 1098 2930 341 1099 2931 342 1099 2932 344 1099 2933 348 1100 2934 345 1100 2935 437 1100 2936 440 1101 2937 494 1101 2938 347 1101 2939 441 1102 2940 558 1102 2941 436 1102 2942 558 1103 2943 462 1103 2944 436 1103 2945 432 1104 2946 330 1104 2947 324 1104 2948 324 1105 2949 323 1105 2950 442 1105 2951 443 1106 2952 558 1106 2953 441 1106 2954 443 1107 2955 442 1107 2956 368 1107 2957 368 1108 2958 442 1108 2959 323 1108 2960 312 1109 2961 311 1109 2962 369 1109 2963 343 1110 2964 431 1110 2965 445 1110 2966 445 1111 2967 396 1111 2968 395 1111 2969 380 1112 2970 378 1112 2971 446 1112 2972 446 1113 2973 378 1113 2974 377 1113 2975 386 1114 2976 449 1114 2977 370 1114 2978 448 1115 2979 451 1115 2980 449 1115 2981 371 1116 2982 449 1116 2983 451 1116 2984 329 1117 2985 450 1117 2986 452 1117 2987 386 789 2988 360 1118 2989 359 790 2990 360 1119 2991 383 1119 2992 385 1119 2993 455 1120 2994 458 1120 2995 456 1120 2996 328 797 2997 457 1121 2998 458 798 2999 372 1122 3000 329 1122 3001 455 1122 3002 459 1123 3003 429 1123 3004 460 1123 3005 460 1124 3006 428 1124 3007 427 1124 3008 459 1125 3009 431 762 3010 433 764 3011 429 1126 3012 459 1126 3013 461 1126 3014 436 1127 3015 435 1127 3016 433 1127 3017 434 1128 3018 436 1128 3019 462 1128 3020 339 1129 3021 341 1129 3022 335 1129 3023 377 1130 3024 330 1130 3025 463 1130 3026 464 1131 3027 463 1131 3028 340 1131 3029 342 1132 3030 463 1132 3031 330 1132 3032 342 1133 3033 341 1133 3034 340 1133 3035 464 1134 3036 344 1134 3037 343 1134 3038 336 1135 3039 335 1135 3040 344 1135 3041 465 1136 3042 467 1136 3043 466 1136 3044 332 816 3045 331 1137 3046 467 817 3047 331 1138 3048 375 1138 3049 466 1138 3050 375 820 3051 353 1139 3052 354 821 3053 468 1140 3054 501 1140 3055 469 1140 3056 470 1141 3057 469 1141 3058 471 1141 3059 473 1142 3060 567 1142 3061 474 1142 3062 473 1143 3063 475 1143 3064 476 1143 3065 478 1144 3066 482 1144 3067 479 1144 3068 481 1145 3069 490 1145 3070 482 1145 3071 325 1146 3072 327 1146 3073 483 1146 3074 484 1147 3075 483 1147 3076 485 1147 3077 487 1148 3078 481 1148 3079 478 1148 3080 488 1149 3081 478 1149 3082 480 1149 3083 479 1150 3084 482 1150 3085 470 1150 3086 604 1151 3087 606 1152 3088 607 1153 3089 491 1154 3090 553 1154 3091 492 1154 3092 345 1155 3093 347 1155 3094 494 1155 3095 440 1156 3096 554 1156 3097 495 1156 3098 357 1157 3099 356 1157 3100 496 1157 3101 362 1158 3102 537 1158 3103 498 1158 3104 365 1159 3105 566 1159 3106 499 1159 3107 500 1160 3108 559 1160 3109 444 1160 3110 499 1161 3111 567 1161 3112 501 1161 3113 502 1162 3114 489 1162 3115 503 1162 3116 489 1163 3117 480 1163 3118 505 1163 3119 505 1164 3120 480 1164 3121 479 1164 3122 479 1165 3123 472 1165 3124 507 1165 3125 472 1166 3126 471 1166 3127 508 1166 3128 509 1167 3129 487 1167 3130 488 1167 3131 512 1168 3132 509 1168 3133 511 1168 3134 518 1169 3135 525 1169 3136 524 1169 3137 518 1170 3138 385 1170 3139 388 1170 3140 513 1171 3141 523 1171 3142 526 1171 3143 523 1172 3144 522 1172 3145 524 1172 3146 526 1173 3147 524 1173 3148 528 1173 3149 525 954 3150 393 953 3151 528 1174 3152 528 1175 3153 393 1175 3154 394 1175 3155 527 1176 3156 533 1176 3157 531 1176 3158 532 1177 3159 534 1177 3160 533 1177 3161 534 1178 3162 535 1178 3163 399 1178 3164 535 1179 3165 534 1179 3166 536 1179 3167 536 1180 3168 402 1180 3169 535 1180 3170 536 1181 3171 538 1181 3172 405 1181 3173 537 874 3174 362 1182 3175 405 875 3176 539 1183 3177 498 1183 3178 537 1183 3179 498 1184 3180 539 1184 3181 408 1184 3182 539 1185 3183 540 1185 3184 409 1185 3185 540 1186 3186 541 1186 3187 411 1186 3188 541 1187 3189 542 1187 3190 413 1187 3191 542 1188 3192 544 1188 3193 415 1188 3194 543 1189 3195 418 1189 3196 415 1189 3197 545 1190 3198 420 1190 3199 418 1190 3200 545 1191 3201 529 1191 3202 394 1191 3203 546 1192 3204 532 1192 3205 529 1192 3206 532 1193 3207 527 1193 3208 528 1193 3209 546 1194 3210 536 1194 3211 534 1194 3212 546 1195 3213 548 892 3214 538 891 3215 547 893 3216 539 895 3217 538 1196 3218 547 1197 3219 541 1197 3220 540 1197 3221 547 1198 3222 544 1198 3223 542 1198 3224 548 1199 3225 543 1199 3226 544 1199 3227 548 1200 3228 546 1200 3229 545 1200 3230 399 1201 3231 357 1201 3232 497 1201 3233 497 1202 3234 496 1202 3235 531 1202 3236 496 1203 3237 356 1203 3238 426 1203 3239 426 1204 3240 427 1204 3241 549 1204 3242 428 1205 3243 430 1205 3244 550 1205 3245 552 1206 3246 433 1206 3247 553 1206 3248 435 905 3249 437 1207 3250 554 906 3251 437 1208 3252 345 1208 3253 495 1208 3254 349 1209 3255 439 1209 3256 347 1209 3257 462 1210 3258 558 1210 3259 555 1210 3260 558 1211 3261 556 1211 3262 555 1211 3263 481 1212 3264 487 1212 3265 553 1212 3266 556 1213 3267 557 1213 3268 490 1213 3269 557 1214 3270 556 1214 3271 558 1214 3272 443 1215 3273 444 1215 3274 559 1215 3275 608 1216 3276 607 1217 3277 609 1218 3278 500 918 3279 501 1219 3280 468 919 3281 560 1220 3282 549 1220 3283 552 1220 3284 530 1221 3285 531 1221 3286 549 1221 3287 530 1222 3288 560 1222 3289 515 1222 3290 560 1223 3291 491 1223 3292 510 1223 3293 502 1224 3294 504 1224 3295 519 1224 3296 504 1225 3297 451 1225 3298 448 1225 3299 503 1226 3300 450 1226 3301 451 1226 3302 483 1227 3303 452 1227 3304 450 1227 3305 519 1228 3306 448 1228 3307 359 1228 3308 453 1229 3309 385 1229 3310 517 1229 3311 477 1230 3312 581 980 3313 508 982 3314 456 1231 3315 458 1231 3316 486 1231 3317 484 1232 3318 486 1232 3319 458 1232 3320 486 832 3321 485 831 3322 505 1233 3323 562 1234 3324 549 1234 3325 551 1234 3326 551 1235 3327 549 1235 3328 427 1235 3329 433 1236 3330 552 1236 3331 562 1236 3332 461 1237 3333 562 1237 3334 550 1237 3335 433 944 3336 435 1238 3337 555 945 3338 462 1239 3339 555 1239 3340 554 1239 3341 510 1240 3342 564 1240 3343 563 1240 3344 487 1241 3345 563 1241 3346 492 1241 3347 491 1242 3348 493 1242 3349 564 1242 3350 565 1243 3351 581 1243 3352 477 1243 3353 566 1244 3354 474 1244 3355 567 1244 3356 366 1245 3357 499 1245 3358 500 1245 3359 471 1246 3360 469 1246 3361 473 1246 3362 469 1247 3363 501 1247 3364 567 1247 3365 568 1248 3366 364 1248 3367 317 1248 3368 369 1249 3369 364 1249 3370 366 1249 3371 569 1250 3372 318 1250 3373 315 1250 3374 314 1251 3375 315 1251 3376 317 1251 3377 511 1252 3378 488 1252 3379 502 1252 3380 516 1253 3381 511 1253 3382 561 1253 3383 561 1254 3384 519 1254 3385 517 1254 3386 521 1255 3387 517 1255 3388 518 1255 3389 523 1256 3390 513 1256 3391 516 1256 3392 512 1257 3393 516 1257 3394 513 1257 3395 570 1258 3396 578 1258 3397 571 1258 3398 573 1259 3399 599 1259 3400 574 1259 3401 575 1260 3402 574 1260 3403 576 1260 3404 577 1261 3405 576 1261 3406 578 1261 3407 508 1262 3408 580 1262 3409 579 1262 3410 580 1263 3411 577 1263 3412 570 1263 3413 581 1264 3414 582 1264 3415 580 1264 3416 582 1265 3417 575 1265 3418 577 1265 3419 583 1266 3420 582 1266 3421 581 1266 3422 573 1267 3423 575 1267 3424 582 1267 3425 507 1268 3426 579 1268 3427 584 1268 3428 579 1269 3429 570 1269 3430 572 1269 3431 586 989 3432 585 1270 3433 587 990 3434 585 1271 3435 318 1271 3436 589 1271 3437 318 1272 3438 569 1272 3439 590 1272 3440 591 1273 3441 590 1273 3442 569 1273 3443 595 1274 3444 571 1274 3445 578 1274 3446 596 1275 3447 578 1275 3448 576 1275 3449 597 1276 3450 576 1276 3451 574 1276 3452 598 1277 3453 574 1277 3454 599 1277 3455 600 1278 3456 599 1278 3457 573 1278 3458 588 1279 3459 587 1279 3460 601 1279 3461 598 1280 3462 600 1280 3463 601 1280 3464 588 1281 3465 583 1281 3466 565 1281 3467 475 1282 3468 586 1282 3469 588 1282 3470 365 614 3471 586 1283 3472 566 1284 3473 586 1285 3474 475 1285 3475 474 1285 3476 586 1283 3477 365 614 3478 568 1286 3479 568 1287 3480 316 1287 3481 586 1287 3482 602 1288 3483 584 1288 3484 572 1288 3485 584 1289 3486 602 1289 3487 456 1289 3488 602 1013 3489 594 1290 3490 593 1014 3491 603 1291 3492 373 1291 3493 456 1291 3494 358 1292 3495 454 1292 3496 520 1292 3497 610 1293 3498 612 1294 3499 606 1295 3500 607 1296 3501 612 1297 3502 613 1298 3503 605 1299 3504 610 1300 3505 606 1301 3506 608 1302 3507 610 1303 3508 614 1304 3509 490 1305 3510 616 1306 3511 470 1307 3512 615 1308 3513 614 1309 3514 616 1310 3515 468 1311 3516 616 1312 3517 617 1313 3518 617 1314 3519 614 1315 3520 605 1316 3521 490 1317 3522 618 1318 3523 615 1319 3524 615 1320 3525 604 1321 3526 608 1322 3527 468 1323 3528 618 1324 3529 557 1325 3530 617 1326 3531 604 1327 3532 618 1328 3533 619 1329 3534 612 1329 3535 611 1329 3536 612 1330 3537 619 1330 3538 613 1330 3539 607 1331 3540 619 1332 3541 609 1333 3542 610 1334 3543 619 1335 3544 611 1336 3545 604 1151 3627 605 1374 3628 606 1152 3629 608 1216 3630 604 1375 3631 607 1217 3632 610 1293 3633 611 1376 3634 612 1294 3635 607 1296 3636 606 1377 3637 612 1297 3638 605 1299 3639 614 1378 3640 610 1300 3641 608 1302 3642 609 1379 3643 610 1303 3644 490 1305 3645 615 1380 3646 616 1306 3647 615 1308 3648 608 1381 3649 614 1309 3650 468 1311 3651 470 1382 3652 616 1312 3653 617 1314 3654 616 1383 3655 614 1315 3656 490 1317 3657 557 1384 3658 618 1318 3659 615 1320 3660 618 1385 3661 604 1321 3662 468 1323 3663 617 1386 3664 618 1324 3665 617 1326 3666 605 1387 3667 604 1327 3668 607 1331 3669 613 1388 3670 619 1332 3671 610 1334 3672 609 1389 3673 619 1335 3674</p>
        </triangles>
      </mesh>
    </geometry>
  </library_geometries>
  <library_visual_scenes>
    <visual_scene id="Scene" name="Scene">
      <node id="Shell" name="Shell" type="NODE">
        <matrix sid="transform">1.02 0 0 0 0 1.02 0 0 0 0 1.02 -0.02 0 0 0 1</matrix>
        <instance_geometry url="#Circle-mesh" name="Shell">
          <bind_material>
            <technique_common>
              <instance_material symbol="Default_OBJ-material" target="#Default_OBJ-material">
                <bind_vertex_input semantic="UVMap" input_semantic="TEXCOORD" input_set="0"/>
              </instance_material>
              <instance_material symbol="Default_OBJ_001-material" target="#Default_OBJ_001-material">
                <bind_vertex_input semantic="UVMap" input_semantic="TEXCOORD" input_set="0"/>
              </instance_material>
            </technique_common>
          </bind_material>
        </instance_geometry>
      </node>
    </visual_scene>
  </library_visual_scenes>
  <scene>
    <instance_visual_scene url="#Scene"/>
  </scene>
</COLLADA>