<?xml version="1.0" encoding="utf-8"?>
<COLLADA xmlns="http://www.collada.org/2005/11/COLLADASchema" version="1.4.1" xmlns:xsi="http://www.w3.org/2001/XMLSchema-instance">
  <asset>
    <contributor>
      <author>Blender User</author>
      <authoring_tool>Blender 2.83.5</authoring_tool>
    </contributor>
    <created>2025-12-31T12:19:52</created>
    <modified>2025-12-31T12:19:52</modified>
    <unit name="meter" meter="1"/>
    <up_axis>Z_UP</up_axis>
  </asset>
  <library_images/>
  <library_geometries>
    <geometry id="Icosphere-mesh" name="Icosphere">
      <mesh>
        <source id="Icosphere-mesh-positions">
          <float_array id="Icosphere-mesh-positions-array" count="1926">0 -0.002424359 -1.056469 0.7308768 -0.5362417 -0.4698464 -0.2716679 -0.8212491 -0.4594767 -0.8674257 0.008035898 -0.4616398 -0.276388 0.8506492 -0.4472199 0.7236073 0.5257253 -0.4472195 0.2676334 -0.8157869 0.4447164 -0.6772643 -0.4969687 0.4290252 -0.7310524 0.5067046 0.4562805 0.2665352 0.8250132 0.4355297 0.8578954 0.006244182 0.4374248 3.93163e-4 -0.001302182 1.264264 -0.1570721 -0.4811162 -0.88499 0.4282499 -0.3152418 -0.9163604 0.2623623 -0.7992641 -0.5485751 0.8191161 0.003150045 -0.5268862 0.4253227 0.3090114 -0.8506542 -0.5344423 -2.13996e-4 -0.8901228 -0.6647948 -0.4783859 -0.5343471 -0.162374 0.50168 -0.8560804 -0.6881802 0.5000342 -0.5257415 0.2628688 0.8090116 -0.5257377 0.9028183 -0.2933518 -0.002139687 0.9181449 0.2980291 -9.37731e-4 -1.0449e-4 -0.9466647 -0.003765285 0.5613612 -0.7742197 3.21621e-5 -0.9036473 -0.2937852 -7.27933e-4 -0.5599902 -0.7721276 -0.00183314 -0.5536268 0.7631158 0.002807438 -0.9186683 0.2977779 -0.002102553 0.5532528 0.7625254 0.003337025 -8.92666e-4 0.9185648 0.002984464 0.6485679 -0.4788655 0.5098801 -0.2517179 -0.7675685 0.5257785 -0.8434253 -5.37038e-5 0.6220422 -0.2546405 0.7816758 0.5301339 0.6665784 0.4870032 0.5464926 0.1696151 -0.5152508 0.9242029 0.5437012 0.007423281 0.9285578 -0.4336587 -0.3180615 0.9005019 -0.4264057 0.3123538 0.9475594 0.1661652 0.508836 0.9093276 -0.08039414 -0.2419074 -1.021237 0.5946893 -0.4297242 -0.7301335 -0.02685493 -0.8305821 -0.528127 0.7756123 -0.2811051 -0.4983311 0.5760148 0.4212458 -0.6565283 -0.2681198 0.005215942 -1.021951 -0.7886672 -0.2289214 -0.4980366 -0.08091276 0.2640594 -1.017206 -0.4822866 0.6753825 -0.4865404 0.4932466 0.6677885 -0.4869379 0.8382055 -0.4173224 -0.2238879 0.9141764 0.1449447 0.2370242 -0.144098 -0.9200592 -0.257104 0.4126135 -0.817284 0.2390522 -0.9073303 -0.1435365 -0.2484686 -0.6502597 -0.6439775 0.241967 -0.4320868 0.829833 -0.2236099 -0.8199456 0.4165273 0.2372182 0.6587582 0.6702421 -0.2255224 0.1400767 0.8771864 0.2465248 0.4568322 -0.6773226 0.4917138 -0.511377 -0.6487179 0.4851481 -0.8000385 0.2633103 0.5030137 0.007464885 0.8565144 0.5385968 0.802851 0.2500376 0.5014747 0.2272085 -0.6937001 0.7413196 0.2835848 0.01941865 1.084433 -0.5752795 -0.4213674 0.6377265 -0.5905876 0.430033 0.6964194 0.2293357 0.7200593 0.7886226 -0.2258248 -0.6833275 -0.6761096 0.2227758 -0.1553637 -1.041808 0.4987967 -0.6805218 -0.5066302 0.7919205 0.2613915 -0.4971846 0.2154197 0.152701 -1.026615 -0.7175729 0.005288124 -0.6587409 -0.4865857 -0.6860737 -0.5016022 -0.2194218 0.6753222 -0.6489371 -0.7947209 0.2485643 -0.493991 -0.006759583 0.8298304 -0.4864788 0.8910191 -0.1380802 0.2371765 0.8395552 0.4235696 -0.2259775 0.1444715 -0.894518 0.2384746 0.6571356 -0.6677091 -0.225043 -0.8008588 -0.4120991 0.2397835 -0.421307 -0.8282692 -0.2444259 -0.6439751 0.6082242 0.1960893 -0.9316419 0.1581655 -0.2303251 0.396386 0.7932974 0.2431786 -0.138194 0.9253246 -0.2236099 0.7803953 -0.223972 0.4825409 0.02830594 -0.8255253 0.5283155 -0.7595973 -0.2769817 0.4803062 -0.5060627 0.650813 0.5007333 0.4616678 0.7036382 0.6026578 0.08524596 -0.2579041 1.32182 0.7017161 0.003357768 0.6580138 -0.2361764 -0.1467698 1.180533 -0.2338129 0.1653047 1.046043 0.08130949 0.2607015 1.073299 0.3466746 0.2529509 0.9106329 0.6166138 0.2601844 0.7810602 0.4452634 0.5246843 0.8279163 -0.1391142 0.4239794 0.9601598 -0.05036276 0.6716174 0.7711505 -0.3701063 0.5931626 0.8170857 -0.4408917 0.001169025 0.9782996 -0.6393352 0.1435534 0.7415795 -0.6554884 -0.1574695 0.7368624 -0.140929 -0.4362654 1.036824 -0.3453182 -0.5572186 0.6978816 -0.05397772 -0.6923446 0.8294337 0.3589979 -0.2570419 0.9510054 0.4253772 -0.4973433 0.6963216 0.6278654 -0.2595604 0.7472835 0.8120566 0.407096 0.2608557 0.7585542 0.5477133 0.0153231 0.6243279 0.6314024 0.2628333 -0.1368929 0.8728131 0.2636675 -0.2869801 0.8775158 0.009869992 -0.4047976 0.7854302 0.2588279 -0.9169278 0.1516271 0.2764464 -0.9318467 5.94824e-5 0.01139396 -0.8854271 -0.1428667 0.2582128 -0.4112871 -0.7968288 0.2587271 -0.2947275 -0.905364 1.03431e-4 -0.1366467 -0.8862486 0.2599407 0.6301339 -0.639692 0.2583847 0.780785 -0.5665292 0.00415939 0.7953529 -0.4022775 0.2559836 0.2878939 0.88582 -0.003301918 0.4253272 0.8090142 -0.2628688 0.1314344 0.9045058 -0.2628688 -0.7584908 0.5469747 -0.005643188 -0.6428251 0.659226 -0.2681252 -0.8228237 0.4104152 -0.2674232 -0.7809178 -0.5667976 -0.001734673 -0.8224344 -0.4064663 -0.2648783 -0.6403762 -0.6553935 -0.2644417 0.2947275 -0.905364 1.03431e-4 0.1373932 -0.9112795 -0.2788238 0.4230008 -0.8162977 -0.2684741 0.9295263 -7.19376e-4 -0.008500635 0.8967097 -0.1469783 -0.2707088 0.910399 0.1585416 -0.2716466 0.3440377 0.5631848 -0.6970227 0.1311604 0.4150022 -0.9194458 0.0502066 0.6545035 -0.6881961 -0.4321931 0.5066962 -0.7238448 -0.3488321 0.2559606 -0.8672617 -0.5991228 0.2531355 -0.6979548 -0.6369364 -0.2553818 -0.7898366 -0.3429877 -0.2506811 -0.8590415 -0.4393408 -0.5069323 -0.7856127 0.6325151 0.1477615 -0.7036126 0.6567649 -0.1519995 -0.7435134 0.4399364 0.002196252 -0.9494023 0.05652344 -0.6487858 -0.7433692 0.1351719 -0.4176549 -0.9240482 0.3435125 -0.5746163 -0.768277 -0.04138851 -0.1293149 -1.059418 0.6606884 -0.4798622 -0.5689633 -0.1628772 -0.8400461 -0.5028477 0.750248 -0.4126579 -0.4822323 0.6491341 0.4718358 -0.5481607 -0.1358221 0.002319633 -0.9991959 -0.8359603 -0.1056468 -0.4835075 -0.04325181 0.1237078 -1.043612 -0.3793384 0.7629862 -0.4668489 0.6102879 0.5984484 -0.4698197 0.7912997 -0.4754847 -0.3461811 0.8846098 0.07036161 0.3496311 -0.2129137 -0.8842359 -0.3792617 0.3296951 -0.8162425 0.3500753 -0.8871529 -0.06184262 -0.3571185 -0.6744295 -0.5684672 0.347552 -0.3542374 0.8402411 -0.3354149 -0.7834612 0.4494933 0.3381486 0.6919075 0.5970713 -0.3382411 0.2053063 0.8568207 0.3539946 0.3524715 -0.7553197 0.4679746 -0.6191029 -0.5827393 0.4602367 -0.76631 0.4016436 0.4843223 0.1443111 0.848569 0.4805817 0.8459178 0.1270115 0.4733985 0.2512813 -0.7658242 0.5656581 0.1430382 0.01339024 1.261637 -0.648826 -0.4715901 0.5266216 -0.6627805 0.477806 0.5637789 0.2520461 0.7704263 0.5492757 -0.1920202 -0.5911216 -0.7943112 0.3196094 -0.2326599 -0.8914068 0.3782324 -0.7382862 -0.5064635 0.8259653 0.1387007 -0.5231853 0.3301728 0.2459467 -0.9527958 -0.630319 -0.001343429 -0.7850471 -0.5740879 -0.5891671 -0.5257841 -0.1909387 0.5876588 -0.7497958 -0.7437961 0.3782272 -0.5172053 0.1280546 0.8194211 -0.5061082 0.9050554 -0.2170766 0.1207188 0.9059451 0.3752229 -0.1236668 0.07324683 -0.9192377 0.1169507 0.6320325 -0.7548037 -0.128098 -0.8576717 -0.3569855 0.1212373 -0.5123011 -0.8205888 -0.1123839 -0.5974648 0.6641712 0.08256196 -0.9384776 0.2315009 -0.1189154 0.4728369 0.7756747 0.1261997 -0.07243341 0.9310984 -0.115969 0.7163277 -0.3483223 0.4957359 -0.1119656 -0.8076087 0.5372118 -0.8052506 -0.1431229 0.5135004 -0.3824909 0.7259636 0.5182994 0.5622202 0.5873007 0.5298813 0.1317194 -0.4072979 1.102692 0.611822 0.001927733 0.7954996 -0.33704 -0.2355179 0.9947791 -0.3222077 0.2336543 0.9175229 0.1276366 0.391021 0.9938452 0.2630475 0.3802018 0.9219821 0.6464264 0.3800769 0.6725008 0.5609395 0.4995749 0.6812124 -0.2834354 0.3623374 0.9227118 -0.1618068 0.7326595 0.6612357 -0.3021672 0.6902061 0.6662774 -0.4315506 -0.16197 0.923252 -0.7428033 0.06720399 0.7222911 -0.7410539 -0.07328766 0.714796 0.01650071 -0.4802844 0.9882758 -0.298471 -0.6705005 0.6344162 -0.1598591 -0.7263355 0.6700735 0.4427106 -0.1377827 0.9392164 0.5408814 -0.4865904 0.6061249 0.6308523 -0.3715365 0.6103551 0.7547864 0.4508216 0.3960816 0.6591908 0.6618553 0.01122725 0.589896 0.6949508 0.1334878 -0.1991313 0.8411452 0.3974263 -0.4234247 0.8244174 0.009103417 -0.4780763 0.7720037 0.1298781 -0.8692185 0.0703783 0.4775458 -0.9264329 -0.1485044 0.005018889 -0.903968 -0.2201607 0.130338 -0.3321608 -0.7903947 0.3900972 -0.1446008 -0.9350826 7.20937e-4 -0.06992214 -0.9169564 0.1250825 0.6440678 -0.5613205 0.3852873 0.8458867 -0.429166 0.006854176 0.8555009 -0.3525242 0.1282963 0.1428112 0.911997 -0.002190232 0.344098 0.8090129 -0.3943032 0.1971516 0.8567587 -0.3943032 -0.8600285 0.4309725 -0.007077574 -0.6632229 0.5772778 -0.3945558 -0.7561792 0.4547795 -0.3991782 -0.6725398 -0.6785453 -0.006301999 -0.7791677 -0.4662218 -0.4387384 -0.669129 -0.5808284 -0.4032062 0.4410247 -0.8638331 0.001714348 0.2035819 -0.8567796 -0.414244 0.3493023 -0.8180973 -0.407375 0.927979 0.1491177 -0.007059514 0.8686107 -0.0699566 -0.4012047 0.8866712 0.07809823 -0.4039036 0.3034823 0.6840116 -0.6069668 -0.01543945 0.452518 -0.8510608 -0.05612444 0.5772494 -0.7694253 -0.5614978 0.5009052 -0.6200926 -0.4508407 0.1338015 -0.9147968 -0.5657353 0.1280038 -0.7936959 -0.6455414 -0.3752756 -0.6486886 -0.2582429 -0.3810998 -0.9105895 -0.2966481 -0.4962023 -0.83929 0.5262342 0.2262912 -0.7837485 0.5510975 -0.2361546 -0.8576495 0.4356713 -0.1600187 -0.9291001 0.1611482 -0.7261356 -0.6508547 0.2841968 -0.3713477 -0.909583 0.3855689 -0.4449099 -0.8530959 -0.121167 -0.3660994 -0.9600623 0.5254899 -0.3803971 -0.8652473 0.1159144 -0.820221 -0.540574 0.8043063 -0.138873 -0.5124814 0.4995236 0.3633245 -0.7502269 -0.4038244 0.005993187 -0.9765018 -0.735422 -0.3555923 -0.5205489 -0.1212517 0.3811852 -0.9581175 -0.5901564 0.5931537 -0.5176058 0.3780534 0.7381901 -0.5061081 0.8957953 -0.3660316 -0.1142686 0.9150037 0.2182364 0.1207538 -0.06869375 -0.9735653 -0.1185199 0.4866001 -0.7972299 0.122507 -0.9129862 -0.219709 -0.1301964 -0.6024409 -0.7059944 0.1224393 -0.5036835 0.8138821 -0.1141458 -0.8850535 0.3622431 0.1220981 0.6078292 0.7126532 -0.1168189 0.07164025 0.8992842 0.1268539 0.5587371 -0.5862253 0.5057973 -0.3818603 -0.7098964 0.5043249 -0.8194195 0.1313661 0.5073357 -0.1316708 0.8379454 0.5405135 0.7615774 0.3860241 0.5487664 0.2040759 -0.6089959 0.8341491 0.4027211 2.2232e-4 0.988954 -0.5047513 -0.3690447 0.7702671 -0.511927 0.3737227 0.8273178 0.19573 0.6049808 0.8381607 -0.2537124 -0.7700717 -0.5781822 0.1122593 -0.07311975 -1.051723 0.6234878 -0.5962483 -0.4918549 0.7593846 0.3973332 -0.4763853 0.11034 0.07734858 -0.9885759 -0.8025344 0.008122324 -0.5508853 -0.383045 -0.7648192 -0.4722175 -0.2479048 0.7629857 -0.5480785 -0.8537845 0.1325863 -0.485374 -0.1415738 0.8402398 -0.4668493 0.8760573 -0.06186473 0.3476507 0.7812177 0.4726097 -0.3364834 0.2131702 -0.8712781 0.3559762 0.6902183 -0.5975766 -0.3362673 -0.7347461 -0.4590215 0.3469651 -0.3412472 -0.8369245 -0.360017 -0.692101 0.550507 0.2996196 -0.9144589 0.07553583 -0.3404305 0.329994 0.8409199 0.4481755 -0.207291 0.8879869 -0.3354149 0.8426068 -0.1082721 0.4716217 0.1629591 -0.8320333 0.4899145 -0.717204 -0.399278 0.4540362 -0.6216151 0.5499123 0.4333546 0.3635813 0.7843943 0.5651667 0.04618722 -0.1247919 1.325377 0.790423 0.006301462 0.5430476 -0.1145099 -0.06616556 1.209273 -0.1225828 0.08594453 1.136008 0.04323601 0.1389515 1.145921 0.4429001 0.1306152 0.9191879 0.5707921 0.1288082 0.8482066 0.303937 0.518079 0.914601 0.01687055 0.4686551 0.9366741 0.05427497 0.5859281 0.7992609 -0.3921491 0.4525229 0.9446259 -0.4312664 0.16037 0.9157609 -0.5333505 0.2264197 0.8362035 -0.5501074 -0.2371734 0.8561304 -0.2927858 -0.3743007 0.9477215 -0.3876017 -0.4410603 0.7924831 0.0548104 -0.5985844 0.8988718 0.2720001 -0.3943157 0.9536426 0.3055205 -0.5065314 0.8002337 0.5805151 -0.1278688 0.8240082 0.8843935 0.3587096 0.1303793 0.8625206 0.4322654 0.008623898 0.6520878 0.5654086 0.3989117 -0.07060325 0.8979237 0.1321697 -0.144118 0.9115558 0.006447911 -0.3321936 0.7970494 0.392319 -0.9147569 0.2214324 0.131076 -0.9315354 0.1501708 0.00745362 -0.8624815 -0.07158046 0.4748493 -0.4882434 -0.791372 0.1279959 -0.4410247 -0.8638331 0.001714348 -0.1984969 -0.8575864 0.3992217 0.6006057 -0.7096498 0.1287297 0.6749801 -0.6808273 0.003808557 0.7219886 -0.4413667 0.3809548 0.4236521 0.827461 -0.002354204 0.5065564 0.8090155 -0.1314344 0.06688177 0.9403929 -0.129189 -0.6590284 0.6299233 -0.04268431 -0.6045941 0.7157298 -0.1273291 -0.896996 0.3673936 -0.143931 -0.8450683 -0.42901 -0.003678143 -0.887984 -0.360126 -0.1351057 -0.6224113 -0.7464008 -0.1489983 0.1442362 -0.935356 -0.01104533 0.06532227 -0.963669 -0.1391601 0.50892 -0.8093743 -0.1318063 0.9239505 -0.1481698 -0.01243472 0.9155355 -0.22394 -0.1417476 0.9263389 0.2315899 -0.1346476 0.3910081 0.4345387 -0.7916232 0.2843457 0.3548368 -0.8809418 0.1565377 0.7317575 -0.6069669 -0.2939123 0.5071363 -0.7851561 -0.260835 0.375088 -0.9027992 -0.6492446 0.377592 -0.6096428 -0.5860573 -0.1264839 -0.8528882 -0.4483936 -0.1276736 -0.9317128 -0.561993 -0.493577 -0.6536064 0.7337607 0.07383096 -0.6193902 0.7349646 -0.07153803 -0.6263368 0.4381667 0.1638541 -0.9003579 -0.05070245 -0.5710805 -0.829757 -0.01744043 -0.4607032 -0.9461989 0.2984362 -0.686882 -0.6500058 0.4273274 -0.6271615 -0.6411185 0.4764989 -0.5082911 -0.772241 0.5500745 -0.5542847 -0.62047 0.2005421 -0.6159657 -0.7535374 0.09520941 -0.5417154 -0.8466069 0.2416198 -0.4988091 -0.8473021 -0.1230753 -0.7614055 -0.6132619 -0.08709818 -0.6700288 -0.7195192 0.01650547 -0.7457852 -0.6361862 0.3242842 0.07721233 -1.005893 0.3335602 -0.07531374 -1.008902 0.2129395 0.004304528 -1.007154 0.5359715 0.08107811 -0.7979815 0.6472885 -0.006574988 -0.7187135 0.5513073 -0.07816028 -0.8677278 0.6854054 0.3440953 -0.5831703 0.7127693 0.2084269 -0.5877414 0.6080276 0.2861497 -0.6803339 -0.4632825 -0.5979237 -0.6368086 -0.3320254 -0.5979736 -0.7282202 -0.3598415 -0.6869761 -0.6037755 -0.5475141 -0.399038 -0.7877472 -0.4967703 -0.2541672 -0.8766107 -0.3959559 -0.3933281 -0.8906657 -0.7628328 -0.1282716 -0.6011173 -0.6665108 -0.1231487 -0.6999363 -0.7032546 -0.2530343 -0.5963867 -0.7022966 0.2475987 -0.5952763 -0.6649491 0.1282219 -0.6887679 -0.7580717 0.1316101 -0.5875526 -0.5154115 0.3775618 -0.695834 -0.3872665 0.3736642 -0.7757175 -0.480549 0.2545566 -0.7928875 -0.3508552 0.6753227 -0.5677075 -0.3223614 0.5878807 -0.669019 -0.4533785 0.5936376 -0.5984101 0.0217235 0.7421669 -0.5873374 -0.08460754 0.6649128 -0.6685666 -0.1130907 0.7525764 -0.5677079 0.1971512 0.6067575 -0.688196 0.2373271 0.4869825 -0.7820341 0.09082007 0.5295034 -0.7694252 0.541199 0.5498672 -0.5946611 0.4664053 0.491203 -0.6964128 0.4180126 0.6147041 -0.5890702 0.876304 0.2854831 -0.2518959 0.8449373 0.2083156 -0.3760135 0.8262406 0.3441976 -0.3735835 0.9255099 0.07590109 -0.1337875 0.9198128 -0.07446825 -0.1400375 0.9036768 0.001108884 -0.2656921 0.9041905 0.00245881 0.2336228 0.9159138 -0.07154911 0.1146975 0.9283026 0.07248073 0.1142459 0.5580351 -0.7574642 -0.2625685 0.4590628 -0.7441381 -0.3862944 0.5903669 -0.6869222 -0.3862993 0.3717049 -0.8835648 -0.1453046 0.2150911 -0.9271405 -0.1512971 0.2832313 -0.8759257 -0.2771197 0.2851404 -0.8775787 0.2236099 0.2160641 -0.9147198 0.1117933 0.3629898 -0.8671707 0.1118049 -0.5529648 -0.7626644 -0.2638472 -0.572677 -0.6859946 -0.4098259 -0.4577935 -0.7617509 -0.3720889 -0.7079665 -0.6069241 -0.1366258 -0.8018859 -0.4844843 -0.1344001 -0.7345664 -0.5355158 -0.267609 -0.7281086 -0.5327519 0.2362856 -0.7967069 -0.4909294 0.1170253 -0.7083292 -0.608856 0.1194767 -0.8777883 0.2790701 -0.2511524 -0.8180416 0.33034 -0.3917644 -0.8588503 0.2028892 -0.3580049 -0.7948651 0.482087 -0.1319065 -0.70034 0.6010822 -0.1327934 -0.7288056 0.5295058 -0.2628681 -0.7470591 0.5211955 0.2231072 -0.7094144 0.5755379 0.07633125 -0.7999482 0.4865339 0.1158397 -0.003379762 0.9149152 -0.2432394 0.06233739 0.8671681 -0.3746738 -0.0724768 0.8775775 -0.3550443 0.2125419 0.9022296 -0.1315831 0.35961 0.8567613 -0.1314344 0.2783808 0.85676 -0.2628688 0.2729828 0.8475167 0.239364 0.3451237 0.8375952 0.1212483 0.211411 0.8797987 0.121758 0.7930824 -0.3182764 0.3713206 0.8679493 -0.2761732 0.2495972 0.8570335 -0.2022938 0.3550475 0.7178535 -0.524558 0.2592524 0.7051681 -0.607224 0.1323967 0.7911061 -0.485163 0.1330582 0.4420577 -0.7488768 0.3649153 0.5263416 -0.7363182 0.250494 0.5608398 -0.6701973 0.3832585 -0.0628305 -0.8703121 0.3931463 0.003876566 -0.8966462 0.2516179 0.07449215 -0.8734369 0.3739147 -0.2780985 -0.8558214 0.2629304 -0.35961 -0.8567613 0.1314344 -0.2126684 -0.90446 0.1314305 -0.5844189 -0.669613 0.3673698 -0.5421909 -0.7281783 0.2504853 -0.466915 -0.7276281 0.377547 -0.8439897 -0.2086862 0.3746724 -0.868648 -0.2835163 0.2467815 -0.7919823 -0.3409306 0.3593438 -0.8983606 0.001307785 0.2666168 -0.9256833 0.07453602 0.1388864 -0.9141207 -0.07271093 0.1354494 -0.8203202 0.3423815 0.3641765 -0.8727591 0.2853049 0.2533892 -0.8495702 0.2118405 0.3848316 -0.4589595 0.7294499 0.3811917 -0.5287915 0.7157937 0.2486249 -0.5796976 0.6315714 0.3231344 -0.2737317 0.8393559 0.2638788 -0.211548 0.8759901 0.1354771 -0.3475772 0.8322301 0.1349859 0.0727846 0.8744891 0.3782855 0.002293527 0.8839982 0.2572053 -0.06417232 0.8704199 0.3959516 0.5461709 0.6612268 0.3873469 0.5131027 0.7187973 0.2537453 0.4385605 0.7683218 0.4679961 0.7291826 0.5299055 0.2601808 0.7947777 0.4822295 0.1372249 0.7041967 0.6053698 0.1410117 0.8660404 0.2073435 0.3703323 0.8736028 0.2787386 0.2511458 0.8134627 0.3287168 0.3839131 0.6713551 -0.1238848 0.7034062 0.6997762 -0.2416983 0.606029 0.7566062 -0.11504 0.5796108 0.4944872 -0.2635457 0.8750365 0.3961809 -0.3907689 0.8448279 0.5169047 -0.3766978 0.6911332 0.1833348 -0.1137312 1.31498 0.2446951 -0.2600703 1.260728 0.3291051 -0.123121 1.04198 0.09402883 -0.7027673 0.7899002 -0.01637583 -0.7661449 0.68535 0.126899 -0.7689585 0.6366564 -0.09372293 -0.5484127 0.8870506 -0.249321 -0.4913836 0.8234224 -0.2129591 -0.6256681 0.7890802 -0.07385575 -0.2080202 1.324375 -0.198383 -0.3004404 1.182397 -0.02128517 -0.3606036 1.18888 -0.6182713 -0.2948788 0.6985946 -0.711505 -0.2160865 0.6068063 -0.6738177 -0.3473761 0.5685928 -0.5584744 -0.08006781 0.8630827 -0.5351741 0.07746225 0.7855874 -0.6480506 -0.003804624 0.8185245 -0.2295699 0.02449887 1.126187 -0.3198069 0.0828709 0.9296988 -0.3391073 -0.07576096 1.01378 -0.4758929 0.5095186 0.76012 -0.4336443 0.637741 0.6549142 -0.5492231 0.5501582 0.6084684 -0.2511959 0.4968262 0.9067739 -0.09085571 0.5454354 0.8366582 -0.2048873 0.6343567 0.818075 -0.06701505 0.2163224 1.099061 -0.01816123 0.3411625 1.020411 -0.1901645 0.2920773 1.01882 0.3472163 0.6192122 0.7811125 0.4673165 0.6068878 0.6555934 0.3636885 0.7182585 0.7111523 0.3880066 0.3832582 0.9460432 0.4899101 0.2564566 0.8841195 0.5354084 0.3889843 0.8114538 0.1949257 0.1380174 1.084299 0.306303 0.1267902 0.9030128 0.2315266 0.2610567 0.9858416 0.6551623 0.1284878 0.7270387 0.7464543 0.1272146 0.5941896 0.6946531 0.2559137 0.639216 0.08716404 0.68559 0.7280273 0.1176379 0.7732368 0.6054208 -0.01936525 0.7590646 0.6338554 -0.6228972 0.2894771 0.7367762 -0.6972818 0.3453854 0.6061536 -0.7246346 0.207166 0.6316463 -0.4655119 -0.4945827 0.682481 -0.5484641 -0.5435831 0.5705526 -0.4347491 -0.6110309 0.6025429 0.3267655 -0.5867328 0.6929785 0.345847 -0.6815173 0.5951295 0.4446235 -0.5882844 0.602492 0.8057925 0.4900934 -0.11064 0.7465146 0.54237 -0.2236098 0.7080625 0.6059662 -0.1091139 -0.2158727 0.9108585 -0.111137 -0.2851404 0.8775787 -0.2236099 -0.3629875 0.8671753 -0.1118024 -0.9352927 0.07692837 -0.1114753 -0.923184 3.09915e-4 -0.2245936 -0.9256881 -0.07272505 -0.1164519 -0.3733098 -0.8875454 -0.1184614 -0.2855399 -0.8872668 -0.2435615 -0.2202839 -0.9439561 -0.1324819 0.7191932 -0.6136046 -0.1184843 0.7518016 -0.5485631 -0.2275043 0.8108612 -0.4909647 -0.1145547 0.5405239 0.7383177 -0.2433019 0.5752215 0.6692507 -0.3582482 0.4592826 0.7381914 -0.3746737 -0.5350382 0.7421852 -0.2432465 -0.4571878 0.752578 -0.355044 -0.5603548 0.665601 -0.3759415 -0.9053854 -0.2972714 -0.2852396 -0.8628119 -0.1996294 -0.3785758 -0.8176428 -0.3263545 -0.3989956 -0.003104388 -0.9268936 -0.2677152 -0.07824027 -0.8879494 -0.4004014 0.05973583 -0.8773916 -0.4099699 0.9012477 -0.3038988 -0.282679 0.8239712 -0.3499414 -0.3763007 0.8474531 -0.2158729 -0.3918372 0.1796612 0.2998605 -0.9851737 0.06524497 0.2076897 -1.0385 0.02553755 0.3357788 -0.9725453 -0.2228493 0.2709623 -1.000743 -0.1735489 0.1171317 -1.002839 -0.309228 0.1279674 -1.012155 -0.3186379 -0.1321355 -0.9977855 -0.1764936 -0.1199459 -1.046892 -0.228854 -0.2643929 -0.9835513 0.7212162 -0.2139331 -0.6079881 0.6922578 -0.3518474 -0.6107326 0.6383351 -0.2941144 -0.7682279 0.02636539 -0.3351732 -0.9919344 0.06199091 -0.208436 -1.039816 0.1766235 -0.2859448 -0.9665864</float_array>
          <technique_common>
            <accessor source="#Icosphere-mesh-positions-array" count="642" stride="3">
              <param name="X" type="float"/>
              <param name="Y" type="float"/>
              <param name="Z" type="float"/>
            </accessor>
          </technique_common>
        </source>
        <source id="Icosphere-mesh-normals">
          <float_array id="Icosphere-mesh-normals-array" count="3834">0.04716151 0.007828772 -0.9988567 0.7509715 -0.181347 -0.6349449 -0.3801199 0.1452122 -0.9134672 -0.3894189 -0.03973513 -0.9202033 0.3880021 0.2241765 -0.8939796 0.9158065 -0.1795533 -0.3592483 -0.3176496 -0.8447646 -0.4306641 -0.9304481 -0.1982567 -0.3081569 -0.574602 0.7487835 -0.3303875 0.5552239 0.7606096 -0.3364516 0.7664569 -0.6394569 -0.06032365 -0.3694099 -0.8428779 -0.3912712 -0.9470553 -0.1540201 -0.2817164 -0.306569 0.9435216 -0.1256289 0.8051062 0.5757057 -0.1427132 0.4605341 -0.7966936 0.3913924 -0.8288269 -0.4331588 0.3541462 -0.7242094 0.394078 0.5658829 0.3242535 0.836075 0.4425364 0.840236 -0.07656317 0.5367884 0.3528422 0.3545714 0.8658994 0.4441794 0.4234982 0.7895278 0.5991008 0.6904891 0.4053431 -0.008806943 0.5847768 0.8111466 -0.09137874 0.7696123 0.6319391 -0.3956791 0.8202894 0.4129933 0.1234213 -0.2070026 0.9705242 -0.6614296 -0.1332678 0.7380722 -0.7477003 -0.516308 0.4175768 -0.4328346 -0.4102058 0.8027363 -0.4622409 -0.6765347 0.5732662 -0.2812809 -0.8604151 0.424932 0.5943187 -0.626049 0.5048248 0.5557789 -0.6084334 0.5664967 0.7833117 -0.3509975 0.5130532 0.9672574 0.2000721 0.1561547 0.9235842 0.3782515 0.06259471 0.5361413 0.8014054 0.265145 -0.003622293 0.9877708 0.1558709 -0.04521155 0.9899792 0.1337807 -0.698964 0.6102487 0.3728886 -0.9653267 0.2132321 0.1505879 -0.9924138 0.09180426 0.08177381 -0.9279099 -0.3259986 0.1808547 -0.5917947 -0.777779 0.2117519 -0.599972 -0.7699053 0.2174383 -0.002854108 -0.9747679 0.2232028 0.5880027 -0.7805038 0.2122892 0.6192116 -0.7611237 0.1930488 0.9258924 -0.3282866 0.1869524 0.4332112 0.8812029 0.1892345 0.4371837 0.8860595 0.1541729 0.02474659 0.9435216 -0.3303858 -0.7993546 0.5497071 0.2425996 -0.7960768 0.5978363 0.09409201 -0.866519 0.3723484 -0.3324181 -0.9078708 -0.3962738 0.1368857 -0.9131761 -0.3975443 0.08982181 -0.6627607 -0.5793389 -0.4744627 0.08552783 -0.9815448 0.1710402 0.08529198 -0.9826613 0.1646277 0.5378013 -0.7263416 -0.4280159 0.9879412 -0.1389599 0.06828176 0.9895827 -0.1426786 0.01920467 0.8841128 -0.03194522 -0.4661804 0.5673064 0.4723191 -0.6745949 0.3295142 0.474054 -0.8165128 -0.03262966 0.7727433 -0.6338794 -0.3197791 0.6927831 -0.646369 -0.3740467 0.5629255 -0.7370237 -0.7042313 0.3088819 -0.6392576 -0.7353204 0.1030523 -0.669839 -0.496554 -0.05251479 -0.8664159 -0.1940656 -0.5865305 -0.7863336 0.7278964 -0.01806455 -0.6854491 0.7486469 0.0378291 -0.6618888 -0.2706772 -0.06588274 -0.9604132 -0.1099237 -0.6111868 -0.783816 -0.2091155 -0.6791859 -0.7035462 0.14173 -0.4713553 -0.8704808 0.3806489 -0.7387647 -0.5561774 0.3598873 -0.7544063 -0.5489557 0.6331704 -0.6267047 -0.4542429 0.1092022 -0.6983508 -0.7073762 0.1128752 -0.7105027 -0.6945828 0.2334619 -0.4887323 -0.8406167 -0.1341899 -0.7225086 -0.6782141 -0.140782 -0.726585 -0.672499 0.03423374 -0.7473434 -0.6635556 0.5502722 0.2479212 -0.7973303 0.4621524 0.04557603 -0.8856286 0.248385 0.2200435 -0.9433376 0.651634 0.1171506 -0.7494324 0.6432065 0.1353084 -0.7536425 0.7487941 -0.0431838 -0.6613945 0.7230624 0.2703183 -0.6356955 0.6934319 0.1635063 -0.701725 0.6904814 0.2371314 -0.683377 -0.5939545 -0.6402837 -0.4870883 -0.3676486 -0.7658941 -0.5274853 -0.3467797 -0.6509048 -0.6753271 -0.7548795 -0.4764491 -0.4507253 -0.4965404 -0.3208143 -0.8065519 -0.1613246 0.2703275 -0.9491562 -0.7855565 -7.68543e-4 -0.6187895 -0.7132784 -0.05958467 -0.6983435 -0.9046745 -0.2959608 -0.3065476 -0.6955767 0.2078688 -0.6877235 -0.6791735 0.3089415 -0.6657916 -0.7805389 0.09770673 -0.6174241 -0.6149471 0.2328705 -0.7533999 -0.5194898 0.1524019 -0.8407759 -0.3976057 0.601607 -0.6928049 -0.4089456 0.6284252 -0.6616988 -0.4076704 0.6314175 -0.6596338 -0.4751688 0.6835579 -0.5540425 -0.0385304 0.7487794 -0.6616985 -0.03853088 0.7487793 -0.6616986 -0.03853064 0.7487792 -0.6616987 0.13793 0.6212365 -0.7713887 0.1444389 0.6398212 -0.7548285 -0.08929914 0.7800188 -0.6193516 0.6135483 0.4709578 -0.6338433 0.5532873 0.4779281 -0.6822449 0.4741767 0.6229081 -0.6222074 0.9214146 0.2880597 -0.2608007 0.8664243 0.2953501 -0.4025884 0.8649083 0.2715877 -0.4221064 0.9996169 0.01056945 -0.02558183 0.9979208 -0.03557443 -0.05374711 0.9720569 -0.03788518 -0.2316683 0.9775068 -0.08675247 0.1922358 0.9844086 -0.08841484 0.152061 0.9999398 0.01028954 0.003832995 0.398456 -0.8939356 -0.2052124 0.3813969 -0.8357208 -0.3951042 0.5367533 -0.7158896 -0.4465401 0.273086 -0.9619897 3.48708e-4 0.2681417 -0.9633764 -0.002475082 0.2301251 -0.9365449 -0.2644356 0.1310096 -0.9843232 0.1180867 0.1404867 -0.962311 0.2328543 0.2678813 -0.9498904 0.1610836 -0.7240575 -0.5919712 -0.3539928 -0.7552866 -0.6166864 -0.2219012 -0.5019136 -0.7907339 -0.3504607 -0.7096486 -0.6808409 -0.1812584 -0.7718694 -0.5876652 -0.2426257 -0.8266443 -0.5625892 -0.01235687 -0.8172413 -0.5010299 0.2847556 -0.8148862 -0.4998602 0.2934286 -0.7021856 -0.688436 0.1816352 -0.8589899 0.3088839 -0.4083224 -0.902352 0.3457312 -0.2573535 -0.8666033 0.4214863 -0.2671108 -0.7461457 0.6546106 -0.1214566 -0.7799378 0.6188564 -0.09334826 -0.8182093 0.5336523 -0.2138898 -0.6156741 0.7744425 0.1455479 -0.6200918 0.7740895 0.12756 -0.7510293 0.656512 0.07033467 0.03976494 0.9696818 -0.2411139 0.02474665 0.9435213 -0.3303865 0.02474665 0.9435213 -0.3303865 0.1776794 0.9838539 0.02148604 0.2950298 0.9541126 -0.0512523 0.3035308 0.9341714 -0.1875978 0.4030271 0.9115752 -0.0812385 0.392576 0.9050249 0.1637502 0.1765697 0.9720416 0.154785 0.8246349 -0.4493999 0.3435362 0.8202201 -0.4546034 0.3472386 0.9694052 -0.1200464 0.2141082 0.7633835 -0.5837007 0.2766574 0.7572664 -0.5792285 0.3017318 0.8845825 -0.423088 0.1962405 0.4492075 -0.8248665 0.3432319 0.531776 -0.7900573 0.3049978 0.7604716 -0.5865154 0.2787165 -0.08481031 -0.9827131 0.1645671 -0.06387925 -0.9861012 0.1533747 0.03765565 -0.9842625 0.1726544 -0.3960291 -0.8740748 0.2813437 -0.3984439 -0.8815262 0.2532867 -0.1931111 -0.9728757 0.1273623 -0.7453655 -0.6111075 0.266417 -0.6142596 -0.771714 0.1647503 -0.4256983 -0.8543009 0.2982465 -0.9460753 -0.2643797 0.1872031 -0.955156 -0.1353526 0.2633567 -0.8375449 -0.4399074 0.3240376 -0.9751298 -0.1320844 0.1779768 -0.9821924 -0.1301783 0.1354688 -0.9922055 -0.04120206 0.1176044 -0.9078133 0.3633001 0.2094948 -0.8943222 0.3875043 0.2236701 -0.8705389 0.3485727 0.3473604 -0.4750432 0.8606256 0.1834605 -0.4930993 0.8528217 0.1718959 -0.5991633 0.7846922 0.158939 -0.2356525 0.9645596 0.1187124 -0.2342054 0.9589037 0.1601608 -0.3588198 0.9197449 0.1591156 0.1488416 0.9841744 0.09616166 0.05299401 0.9974652 0.04748547 -0.208742 0.9689832 0.132281 0.6398898 0.7345729 0.2257074 0.5972533 0.7796736 0.1881425 0.5573813 0.8301651 -0.01233643 0.8167956 0.5521072 0.1673997 0.808197 0.5465892 0.2192211 0.7535831 0.6568932 0.02457457 0.9490797 0.08271855 0.3039825 0.9403288 0.2622801 0.2167741 0.8832256 0.4000398 0.2447054 0.7982071 -0.06208622 0.5991753 0.8890779 -0.1445208 0.4343435 0.7442973 -0.3463142 0.5710412 0.4655627 -0.2426638 0.8510968 0.4063743 -0.4961861 0.7672414 0.5840861 -0.4130674 0.6987265 0.07594037 -0.004363656 0.9971028 0.3487083 -0.1937424 0.9169877 0.6024764 -0.3520982 0.7162744 0.1411287 -0.6897134 0.7101959 0.06291097 -0.8815199 0.4679368 0.072636 -0.9096974 0.4088701 -0.04349261 -0.8062394 0.5899887 -0.4611572 -0.7738733 0.4341132 -0.6467351 -0.558477 0.5194585 -0.4828949 0.4641296 0.7425606 -0.6878663 -0.1605879 0.7078499 -0.08758366 -0.8626502 0.4981603 -0.8056198 -0.3510954 0.4771885 -0.7907427 -0.3533771 0.4998508 -0.7962852 -0.3775519 0.4726358 -0.5576521 -0.2938792 0.7763113 -0.7679463 0.3705865 0.5224217 -0.4628514 0.4316534 0.7742376 -0.3383792 0.4577614 0.8221643 -0.8539978 0.2376872 0.4628094 -0.5088098 -0.301252 0.8064489 -0.6883951 0.543494 0.48034 -0.6909821 0.580794 0.4303743 -0.7204255 0.6267467 0.2969442 -0.320774 0.186932 0.928526 0.1053115 0.6881409 0.7178938 -0.04722875 0.8521628 0.5211411 -0.004532754 0.5133126 0.8581898 -0.01415532 0.5369446 0.8434987 -0.4109736 0.4985095 0.7632751 0.3573784 0.6850162 0.6348492 0.5170134 0.7449813 0.4215449 0.509737 0.7838035 0.3547115 -0.1802725 -0.2042843 0.9621693 0.1803476 -0.3107985 0.9332091 0.7464848 0.3349701 0.5749396 0.6696011 0.5011842 0.5481323 0.7288468 0.5453223 0.4140121 0.5383687 0.2830129 0.793765 0.8368884 0.009459078 0.5472919 0.824123 -0.005820989 0.566381 0.7866652 0.02422314 0.6169046 -0.4401856 0.4603931 0.7708923 -0.3917133 0.7917839 0.4686565 -0.08488273 0.7083504 0.7007387 -0.7355551 0.3377079 0.5872921 -0.7493404 0.3360725 0.5705649 -0.8265734 0.1392759 0.5453245 -0.6069719 -0.5740438 0.5495988 -0.5875667 -0.484948 0.6477583 -0.4270002 -0.7419448 0.5169032 0.7178841 -0.4158292 0.5583265 0.7207214 -0.4223728 0.5496926 0.4993731 -0.6475949 0.5755409 0.7340571 0.658724 -0.1650545 0.7798593 0.6132603 -0.125425 0.7243299 0.6857018 0.07182937 -0.1386076 0.9898436 0.03158384 -0.3077428 0.9471346 -0.09072166 -0.3512835 0.9315363 -0.09402161 -0.998669 -0.0228039 -0.04626417 -0.9960662 -0.05586713 -0.0687837 -0.9923393 -0.07669728 -0.096852 -0.4294189 -0.8691334 -0.2453705 -0.3822781 -0.8836684 -0.2701739 -0.1592783 -0.9470006 -0.2789627 0.8346099 -0.499365 -0.2325102 0.7741749 -0.6179443 -0.1371068 0.8152521 -0.5538509 -0.1691551 0.5074888 0.8562594 -0.09630751 0.5080695 0.7973483 -0.3257316 0.531733 0.7805525 -0.3286304 -0.59178 0.7571077 -0.2767387 -0.5744982 0.7488396 -0.3304408 -0.5227854 0.7985342 -0.2983936 -0.9988256 -0.001049757 -0.04844111 -0.9337657 0.07203584 -0.3505605 -0.8277458 -0.2595233 -0.4974783 -0.07022219 -0.9428241 -0.325809 -0.06543648 -0.9668731 -0.2467281 0.03291481 -0.9207041 -0.388871 0.8192896 -0.5460442 -0.17493 0.7437173 -0.5829562 -0.3271799 0.8658198 -0.2194085 -0.4496843 0.3091409 0.3266418 -0.8931612 0.1866242 0.3080579 -0.9328836 0.05710697 0.4652871 -0.8833158 -0.08379662 0.425674 -0.9009882 -0.1163156 -0.02374935 -0.9929284 -0.317587 -0.0307185 -0.9477316 -0.3174394 -0.0498569 -0.946967 -0.322503 -0.04771268 -0.9453652 -0.1706944 -0.3897329 -0.9049707 0.8146259 -0.2178208 -0.5375301 0.839192 -0.1659022 -0.5179126 0.7534462 -0.3909925 -0.5286244 -0.1096633 -0.410012 -0.9054636 -0.04187756 -0.342791 -0.9384779 0.5396493 -0.555269 -0.6328153 0.1996379 -0.3574846 -0.9123319 0.4662862 -0.003123819 -0.8846284 -0.1069594 0.1560035 -0.9819484 0.2716472 -0.3721385 -0.8875364 0.280057 -0.4071711 -0.869356 0.166581 -0.5357308 -0.8277943 -0.3014124 -0.4533963 -0.8387983 -0.14239 -0.2945947 -0.9449546 0.242345 -0.4056656 -0.8813083 0.7239262 0.02600747 -0.689387 0.685649 -0.08363533 -0.7231118 0.4479072 -0.0324546 -0.8934909 0.8953697 -0.03896713 -0.4436157 0.9075949 -0.183052 -0.3778407 0.8218435 -0.3829902 -0.4217724 0.8057471 -0.142331 -0.574903 0.8017041 -0.151898 -0.5780982 0.8661149 -0.1452532 -0.4782746 -0.7310724 -0.2197311 -0.64595 -0.2549121 -0.4656245 -0.8474748 -0.2530929 -0.4721431 -0.8444081 -0.6618682 -0.5085833 -0.5507027 -0.2893956 -0.2944818 -0.9107857 -0.1830523 -0.3383979 -0.9230269 -0.5458 -0.09689551 -0.8322942 -0.4529724 -0.1437837 -0.8798535 -0.3508904 -0.6806334 -0.6431284 -0.4291024 0.6155471 -0.6610394 -0.5509188 0.1897071 -0.8127114 -0.5476934 0.1917174 -0.8144179 -0.6731185 0.4532434 -0.5843645 0.07134741 0.03644686 -0.9967855 0.07644295 0.1047355 -0.9915578 -0.3299941 0.5419163 -0.7729365 -0.3209628 0.5841456 -0.745491 -0.7041215 0.3330373 -0.6271357 -0.1564254 0.685284 -0.7112784 0.1640974 0.7383454 -0.6541546 0.2492583 0.6739731 -0.6954357 0.04864084 0.510544 -0.8584747 0.03626114 0.4663476 -0.883858 0.05293256 0.4700664 -0.8810424 0.3514464 0.6141737 -0.7065948 0.3701002 0.6151366 -0.6961558 0.4047372 0.5759394 -0.7102688 0.942781 -0.1556306 -0.2948613 0.8940623 -0.1565793 -0.4196852 0.8920258 -0.1367144 -0.4308122 0.9130448 0.05721014 -0.4038269 0.8019731 -0.2054657 -0.5609127 0.8649848 -0.204598 -0.4581932 0.9908245 -0.1329823 0.02413856 0.9897492 -0.1413919 -0.02012079 0.9917896 0.03799635 -0.1221059 0.125284 -0.9400805 -0.3171005 0.1223986 -0.9274548 -0.3533359 0.1141011 -0.930368 -0.3484199 0.08248627 -0.9519813 -0.294835 0.05134189 -0.9500285 -0.3079122 0.04283237 -0.9177038 -0.3949496 0.09870159 -0.9803465 0.1708183 0.02635455 -0.9573034 -0.2878814 0.08037114 -0.9461959 -0.3134549 -0.9620087 -0.2178838 -0.1645177 -0.8342128 -0.07421362 -0.5464261 -0.6326955 -0.2829032 -0.7208761 -0.6989205 -0.602733 -0.3849977 -0.8001533 -0.1937339 -0.567646 -0.8514045 -0.2273018 -0.4726991 -0.9842823 -0.1742547 -0.02870213 -0.9834808 -0.1765171 0.04009127 -0.7694726 -0.6159957 -0.1687045 -0.5601041 0.7334929 -0.3850606 -0.6015841 0.7553961 -0.2597568 -0.6457575 0.7053166 -0.2924481 -0.5189492 0.779479 -0.3508622 -0.5696818 0.75419 -0.3265884 -0.5671741 0.7529399 -0.3337591 -0.6980366 0.7159498 0.01268714 -0.6618487 0.7119657 -0.2346507 -0.5775961 0.7996624 -0.1640819 0.5345762 0.7778643 -0.3303866 0.5345758 0.7778645 -0.3303871 0.5345762 0.7778639 -0.3303879 0.5337868 0.7782116 -0.3308452 0.5172609 0.7934929 -0.3206407 0.5159659 0.7872713 -0.3376141 0.6883944 0.7252429 0.01165735 0.68837 0.689097 -0.2264776 0.5338445 0.7785584 -0.3299349 0.9031364 -0.4271847 -0.04310494 0.8260011 -0.5616557 0.0475946 0.9109933 -0.3697816 0.1826275 0.7916051 -0.5861629 -0.1725531 0.7974348 -0.5923666 -0.1148902 0.8268662 -0.5400528 -0.1569564 0.6143666 -0.7564896 0.2242259 0.8502386 -0.5260825 0.01821017 0.729772 -0.6752154 -0.1073176 -0.1919329 -0.9659678 0.1734017 -0.2045303 -0.962112 0.1803002 -0.0687859 -0.9613826 0.2664808 -0.3379729 -0.9374791 0.08311116 -0.3549718 -0.9005374 -0.2510526 -0.2429986 -0.9143571 -0.3238871 -0.609986 -0.7881218 0.08234828 -0.4354072 -0.897645 -0.06822061 -0.2725429 -0.9614647 0.03614139 -0.9989857 -0.03519839 -0.02808403 -0.9951367 -0.0807181 -0.05645704 -0.9878832 -0.1542656 -0.01700508 -0.9979022 -0.06365013 -0.01183342 -0.9959863 -0.06176728 -0.06477832 -0.9916805 -0.09485262 -0.08702284 -0.9889905 0.0936309 0.1145909 -0.9989053 -0.01851397 0.04296046 -0.9995512 0.002855181 0.02982038 -0.3594783 0.9216237 0.1462368 -0.3523787 0.9236751 0.1505109 -0.4251914 0.8823994 0.2014533 -0.2837296 0.9540708 0.09615951 -0.2825343 0.9531549 -0.1080285 -0.3065674 0.9435182 -0.1256577 -0.04527926 0.9902719 0.1315727 -0.1367364 0.9875646 0.07758533 -0.2267276 0.9648848 0.1326355 0.7542223 0.6566179 0.001348793 0.7294088 0.6837457 -0.02132689 0.6883532 0.7252827 0.01161921 0.7643336 0.6447676 -0.008301198 0.7598053 0.6421754 -0.1015223 0.8242025 0.5650804 -0.03707295 0.9180375 0.3703212 0.1416674 0.7510878 0.6591271 -0.03766381 0.7419852 0.6698253 -0.02814567 0.5481298 -0.5415983 0.6373579 0.5488568 -0.5422438 0.6361823 0.5905045 -0.5176378 0.6191571 0.4952625 -0.570849 0.6548639 0.4936526 -0.5745592 0.6528314 0.5459135 -0.6226451 0.5606172 0.6302938 -0.4047302 0.6625128 0.6876124 -0.5095659 0.5172349 0.5412957 -0.6184462 0.5696695 -0.4144729 -0.5692166 0.7100738 -0.4415931 -0.7401033 0.507191 -0.4186071 -0.7592767 0.498264 -0.3969015 -0.5884238 0.7044336 -0.51838 -0.5728176 0.6349506 -0.5344804 -0.638437 0.5538311 -0.5125398 -0.6669117 0.5408622 -0.487964 -0.5974867 0.6363182 -0.4233689 -0.6597592 0.6208677 -0.507972 0.5137261 0.6914116 -0.8333757 0.3725812 0.4082502 -0.754915 0.504077 0.4195352 -0.7548429 0.106336 0.6472286 -0.7874767 0.2589908 0.559289 -0.7794962 0.2594165 0.5701657 -0.768197 0.1492805 0.6225663 -0.688607 0.1430324 0.7108883 -0.7059156 0.1025887 0.7008271 -0.0557838 0.8477915 0.5273878 -0.01406908 0.7553088 0.6552181 -0.3854581 0.7409217 0.549961 0.08775705 0.8310959 0.5491616 0.03828996 0.8083879 0.5874036 0.0792762 0.6855745 0.7236733 -0.2840965 0.6253408 0.7267999 -0.2847706 0.6178382 0.7329269 0.2061703 0.5230542 0.8269875 0.8594875 0.2087594 0.4665842 0.7260102 0.09958696 0.680435 0.5891239 0.5671954 0.5755194 0.8753576 0.05940532 0.4798128 0.8174422 0.1329373 0.5604605 0.7844217 0.101672 0.6118378 0.8873388 0.09994399 0.4501566 0.8203654 0.02802455 0.5711526 0.8206459 0.005819618 0.5714074 0.4745442 0.32906 0.8164114 0.4639523 0.3200007 0.8260435 0.4517298 0.417774 0.7882925 0.4413966 0.4769179 0.760078 0.8458405 0.1564692 0.5099719 0.5230293 -0.2171517 0.8241878 -0.05340224 0.6534415 0.7550911 0.2502812 0.756161 0.6046321 0.3473986 0.3978542 0.8491326 0.7428669 0.4313802 0.5119178 0.7056277 0.4658711 0.5339043 0.714119 0.4732661 0.5158036 0.6288491 0.3324747 0.7028581 0.6603192 0.1738846 0.7305769 0.6136534 0.2070972 0.7619319 -0.04258519 0.06599771 0.9969107 -0.1905221 0.1087319 0.9756428 0.4489049 0.4587575 0.7668287 0.1377711 0.9665211 0.2164627 -0.1703489 0.8975255 0.40673 -0.1705037 0.8966529 0.4085856 0.446808 0.4653769 0.7640595 0.6975432 0.3323727 0.6347929 0.7143048 0.3675485 0.5955476 -0.07103663 0.6074673 0.7911621 0.1655558 0.7594999 0.6290876 0.3118919 0.2973711 0.9023824 -0.662973 0.3682361 0.6518198 -0.6451369 0.1642917 0.7461947 0.2044817 -0.1008718 0.9736592 -0.3738182 0.3159654 0.8720241 -0.1707009 0.572171 0.802173 -0.1354314 0.4459014 0.884777 -0.2552941 0.6678808 0.6991139 -0.161766 0.3322716 0.929208 -0.3865215 0.400211 0.8309227 -0.2177723 0.8624604 0.4568778 -0.2405527 0.8508055 0.467188 -0.2375116 0.8426576 0.4832354 -0.1471072 0.5706067 0.8079404 0.2292296 0.47188 0.851342 0.173286 0.409417 0.8957397 0.1790401 -0.02317208 0.9835689 0.2422752 0.05670207 0.9685493 -0.0128318 0.6728142 0.7397002 -0.5932162 0.5984886 0.5384291 -0.5872789 0.7724547 0.2416968 -0.2620708 0.877215 0.4022594 -0.6640017 0.5769181 0.4756757 -0.6449681 0.6004198 0.4727707 -0.6510324 0.6669844 0.3623377 -0.7489596 0.1962866 0.6328753 -0.7592727 0.4391377 0.480274 -0.6542233 0.4677075 0.5943414 -0.8620083 -0.07085186 0.501918 -0.6480234 -0.09821534 0.7552613 -0.6492119 -0.101105 0.7538579 -0.7880313 0.2136104 0.5773885 -0.8075333 0.3499202 0.4748113 0.04215997 0.4638972 0.8848853 -0.5544371 0.3370712 0.760909 -0.3086395 0.3994128 0.8632562 -0.3984475 0.2913346 0.8696919 -0.5553501 -0.3691406 0.745199 -0.7284235 -0.0455411 0.6836119 -0.6890095 -0.0471633 0.7232162 -0.6341292 -0.3387024 0.6950978 -0.06226587 0.4479617 0.8918819 -0.07750171 0.4650672 0.8818764 -0.4277487 -0.1247047 0.8952541 -0.4607646 -0.06371212 0.8852327 -0.770053 -0.06907725 0.6342293 -0.6999462 -0.3509971 0.6219939 -0.8279179 -0.3217885 0.459352 -0.8305197 -0.4301431 0.3538561 -0.7162282 -0.4849352 0.5018517 -0.7914981 -0.369009 0.4871992 -0.7962344 -0.3682697 0.4799879 -0.6068786 -0.5696286 0.5542757 -0.6721671 -0.5522751 0.4931367 -0.6714759 -0.4940155 0.5523303 0.07314616 -0.816746 0.5723424 0.02957272 -0.8559417 0.5162262 0.02315455 -0.8532562 0.5209779 -0.2046678 -0.6884219 0.6958351 -0.2590574 -0.6896985 0.6761696 -0.2781146 -0.7546122 0.5943172 -0.5183999 0.2170923 0.8271231 -0.3671998 0.5203442 0.7709775 0.008459031 -0.0242334 0.9996706 -0.4401619 -0.772758 0.4572777 -0.4310716 -0.7745587 0.4628564 -0.4312188 -0.7570482 0.4908446 -0.3880697 -0.432871 0.8136489 -0.4591847 -0.334776 0.8228455 -0.6473228 -0.3486295 0.6778131 0.2154258 -0.5434112 0.8113545 -0.2719576 -0.634708 0.7233151 -0.2099649 -0.4127725 0.8863034 0.2487914 -0.883521 0.3968548 0.2702206 -0.8586772 0.4354934 0.3062694 -0.8644999 0.398546 0.2151451 -0.8788828 0.4257674 0.1235883 -0.9010617 0.4157088 0.1107413 -0.9187749 0.3789318 0.2790668 -0.6099146 0.7417048 0.2646217 -0.6476958 0.7144687 0.2946831 -0.6681922 0.6831407 0.6216036 -0.03456258 0.7825691 0.6634811 -0.07600057 0.7443231 0.3941166 -0.2084024 0.8951205 0.8752322 0.141772 0.4624602 0.8680232 0.1946163 0.4567937 0.9379254 -0.02561318 0.3458901 -0.02822762 0.4349389 0.9000175 0.03753119 0.3967553 0.9171569 0.6901137 0.4549363 0.5628287 0.4386419 -0.6909534 0.5746101 0.5318861 -0.4424754 0.7220199 0.5995032 -0.4920147 0.6312824 0.4979074 -0.7102162 0.4976758 0.649474 -0.6097312 0.4543253 0.6990537 -0.5087249 0.5025166 0.6106634 -0.3734574 0.6982979 0.6417574 -0.1221635 0.7571153 0.6845758 -0.1672202 0.7095022 0.7916389 -0.03685075 0.609877 0.7828167 -0.03089451 0.6214851 0.8417609 0.04818737 0.5376958 0.8233872 0.005964636 0.5674488 0.8057861 -0.2495235 0.5370725 0.824294 -0.2655565 0.5000194 0.8825715 -0.1126103 0.4564939 0.7982454 -0.06091815 0.599244 0.8369842 -0.004498839 0.5472086 0.9511431 0.2099589 0.2263715 0.8980615 0.4178625 0.137392 0.702102 0.6661864 0.2514926 0.8838723 0.347905 0.3126209 0.894048 0.3570165 0.270587 0.8809039 0.4036945 0.2470608 0.9552956 0.006699442 0.2955764 0.9615981 0.09123611 0.2588537 0.9034346 0.2343243 0.3590238 0.5922239 0.7743592 0.2227981 0.6061573 0.784447 0.1312112 0.6697078 0.7192429 0.1848812 0.6688987 0.6833837 0.292509 0.792325 0.5767062 0.1990761 0.8042486 0.5892139 0.07753211 0.7205607 0.6391628 0.2688184 0.7261156 0.6448913 0.238477 0.6839852 0.70137 0.2006101 0.5411756 0.7904774 0.2868355 0.5053125 0.8248699 0.2534739 -0.3022759 0.8214054 0.4836555 0.756855 0.630302 0.1728875 0.739533 0.6651066 0.1035579 0.5384979 0.8425943 -0.00741285 0.6312353 0.7089033 0.3146399 0.6203982 0.7225869 0.3049168 0.8000401 0.5646417 0.2027702 -0.1284197 0.9787437 0.1599039 -0.2091894 0.9704437 0.120328 -0.4212368 0.8802909 0.2182833 -0.0160036 0.9943467 0.1049692 -0.01813858 0.9958868 0.08877241 -0.07716822 0.9951853 0.06042629 0.2505718 0.9507005 0.1827082 0.1558378 0.9779765 0.1388405 0.1249713 0.9790602 0.1606965 -0.4192816 0.89621 0.1449512 -0.4172061 0.8873577 0.1963048 -0.4256612 0.8844482 0.191217 -0.3806216 0.9093807 0.1677917 -0.3043463 0.9446985 0.1221399 -0.3011587 0.934003 0.1922027 -0.3118308 0.9089037 0.2768675 -0.3159765 0.9344879 0.1639857 -0.3815798 0.9154509 0.1278545 -0.7116925 0.6661903 0.2228998 -0.597432 0.7361071 0.3181533 -0.3289999 0.927493 0.1775267 -0.6735685 0.7109159 0.2022479 -0.6830017 0.6700505 0.2907595 -0.719032 0.6506541 0.2442175 -0.4030737 0.85651 0.3223698 -0.4704812 0.8355792 0.2836456 -0.525569 0.7909872 0.3132359 -0.9334471 0.1478183 0.3268432 -0.7835326 0.4130521 0.4641819 -0.7996532 0.4710698 0.3723548 -0.9267681 0.2517675 0.2787724 -0.9182746 0.2538374 0.3038726 -0.8706649 0.3476899 0.3479288 -0.9040227 0.3634508 0.2250478 -0.903023 0.3655718 0.2256252 -0.9218161 0.2632077 0.2845646 -0.9796274 -0.07392483 0.1867226 -0.9880986 -0.07273405 0.1355395 -0.9837207 -0.1576944 0.0861755 -0.9800242 -0.09800231 0.173056 -0.9831516 -0.08102661 0.1638524 -0.9922682 -0.08013051 0.09477883 -0.9871338 -0.04973334 0.1519659 -0.9870268 -0.04974186 0.1526564 -0.9859881 -0.09638696 0.1361504 -0.8257101 -0.3764652 0.4200915 -0.8173476 -0.435671 0.3770063 -0.8204184 -0.4314686 0.3751649 -0.8273138 -0.3739436 0.4191877 -0.8437655 -0.3761968 0.3827999 -0.8269617 -0.4540251 0.3316559 -0.8157376 -0.4716706 0.3348119 -0.8054602 -0.4166106 0.4215087 -0.8263579 -0.3839856 0.4119318 -0.4387472 -0.8014382 0.4064453 -0.4178897 -0.8182302 0.3948008 -0.4260448 -0.8163569 0.3899326 -0.4320406 -0.8030608 0.4104077 -0.44511 -0.8546195 0.2673999 -0.4599607 -0.8439055 0.2761514 -0.8291772 -0.4341315 0.3521295 -0.742697 -0.6044866 0.2880925 -0.5387516 -0.706187 0.4593983 -0.07755404 -0.9797271 0.1847166 -0.07728821 -0.9789132 0.1890918 -0.0727427 -0.9797612 0.1864848 -0.1984432 -0.9472607 0.2516295 -0.3028553 -0.9329986 0.1944028 -0.302781 -0.93277 0.195612 -0.4341737 -0.810232 0.3937224 -0.4483957 -0.8579348 0.2507778 -0.2068735 -0.9723626 0.1082336 0.04174095 -0.9506403 0.3074748 0.05353438 -0.9526839 0.2992116 0.2961201 -0.8809401 0.3691306 0.02059477 -0.9531117 0.3019171 0.003476202 -0.9828243 0.1845113 0.03072947 -0.9851013 0.1692076 -0.2779612 -0.8341279 0.4764119 -0.06966477 -0.923164 0.3780412 -0.09458065 -0.9242066 0.3699956 0.5470671 -0.6861079 0.4795558 0.7254084 -0.561927 0.397518 0.7042502 -0.6034857 0.3739477 0.4646691 -0.7932479 0.3934975 0.5001407 -0.8199672 0.2784116 0.6612612 -0.7257893 0.1896405 0.488493 -0.8100907 0.3242343 0.4502109 -0.8257683 0.3397305 0.4958271 -0.7797654 0.3822587 0.8745155 -0.4155923 0.2500114 0.884787 -0.4224973 0.1965913 0.9137697 -0.3722717 0.1626002 0.806455 -0.5027995 0.3111644 0.7837166 -0.5533112 0.2821967 0.7827416 -0.5526461 0.286178 0.8026974 -0.5102727 0.3087052 0.7997339 -0.5079392 0.3200368 0.8052377 -0.5019063 0.3157256 0.8145277 -0.3981496 0.421926 0.968884 -0.1198467 0.2165658 0.9690868 -0.05775022 0.2398659 0.8167487 -0.3907811 0.4245135 0.83396 -0.4076498 0.3719309 0.9689706 -0.1437929 0.2010461 0.8422276 -0.3977349 0.3639502 0.8090175 -0.4364538 0.3936991 0.8251957 -0.3808971 0.4170964 0.140985 0.9848232 0.101226 0.1421934 0.974352 0.1744117 0.04979151 0.9908965 0.1250805 0.2230594 0.9635493 0.1477069 0.2997369 0.9484016 0.1034045 0.2940816 0.9290205 0.2245818 -0.3042027 0.7876928 0.5357247 0.1294934 0.9915722 -0.004029393 0.2202063 0.9741222 0.05094242 0.3035309 0.9341716 -0.1875961 0.3035308 0.9341714 -0.1875978 0.3035309 0.9341715 -0.187597 0.3044211 0.9369118 -0.171826 0.2907291 0.939782 -0.1796849 0.3035311 0.9341714 -0.187597 0.05160802 0.9807303 0.1884273 0.2539125 0.9651088 0.06398111 0.2489415 0.9587554 -0.1371718 0.02474671 0.9435219 -0.3303846 0.02474677 0.943521 -0.3303872 0.02474623 0.943521 -0.3303872 0.02474665 0.943521 -0.3303876 0.02474677 0.943522 -0.3303846 -0.05307871 0.9892645 0.136156 -0.08157992 0.9822073 -0.169156 0.0633344 0.9937432 -0.09199637 -0.8054215 0.5611076 0.1909309 -0.8133196 0.5640809 0.1425628 -0.9140534 0.4038302 0.03778374 -0.7904928 0.5778376 0.2030395 -0.6758578 0.7306004 0.09715634 -0.6623749 0.7359537 0.1401131 -0.7409839 0.6715137 0.003520607 -0.6800408 0.6991971 0.2206082 -0.8095636 0.5777583 0.1039337 -0.768369 0.6135665 -0.1820589 -0.7816398 0.5996183 -0.171748 -0.7761943 0.596691 -0.2036719 -0.7708694 0.6149331 -0.1661862 -0.7725077 0.6123982 -0.1679297 -0.8298671 0.5452483 -0.1184269 -0.9128297 0.4040771 0.05885303 -0.7363819 0.6673765 -0.1111324 -0.7208239 0.6630437 -0.2019554 -0.865924 0.3257241 -0.379578 -0.9021871 0.3614547 -0.2353913 -0.9261536 0.02979207 -0.3759683 -0.8668708 0.3203163 -0.3820113 -0.9248262 0.2125623 -0.3154584 -0.9107413 0.1952143 -0.3639256 -0.9565891 0.2914234 -0.00312829 -0.9145132 0.2162128 -0.3419324 -0.8930172 0.3487827 -0.2843784 -0.6735864 -0.7309139 0.1097557 -0.6642882 -0.7177602 0.2086662 -0.6327212 -0.7521672 0.184143 -0.8039389 -0.5512982 0.2230528 -0.7782852 -0.5781789 0.2449109 -0.7743946 -0.574861 0.2642874 -0.8163158 -0.4479238 0.3646817 -0.8464884 -0.4651185 0.2590796 -0.8058209 -0.5532228 0.2111806 -0.7728962 -0.6117329 -0.1685661 -0.7014017 -0.7053152 -0.1027918 -0.5193479 -0.6650333 -0.5366643 -0.7717186 -0.6110139 -0.1763873 -0.7837817 -0.5981785 -0.16694 -0.8118278 -0.548527 -0.2001343 -0.6365041 -0.7589542 0.1373001 -0.853302 -0.5187062 -0.05310344 -0.8340312 -0.4889177 -0.2556397 -0.4987436 -0.8188594 -0.28412 -0.4852814 -0.8065701 -0.3375597 -0.3784056 -0.8363988 -0.3965428 -0.3787012 -0.8607121 -0.3402356 -0.4205256 -0.8253765 -0.376712 -0.4149158 -0.8227446 -0.3885051 -0.5793623 -0.8083528 0.1044278 -0.5055835 -0.8423961 -0.1864247 -0.406881 -0.8843227 -0.2289571 0.4765091 -0.865657 0.1535485 0.4512174 -0.8424932 0.2942925 0.5857764 -0.7826521 0.2105275 0.399948 -0.8955285 0.1951162 0.3054866 -0.9439781 0.124834 0.3050385 -0.9425961 0.1358828 0.4214969 -0.8623403 0.2805521 0.4222916 -0.8650694 0.2707855 0.3798314 -0.8777895 0.2919138 0.3949697 -0.8971168 -0.1979404 0.2586352 -0.9247031 -0.2793422 0.2585397 -0.9237989 -0.2824059 0.3891198 -0.8669515 -0.3114174 0.2688944 -0.9341577 -0.2346176 0.2305079 -0.9384741 -0.2571624 0.5968931 -0.8019742 -0.02357977 0.4810848 -0.8697324 -0.1101043 0.478998 -0.8388488 -0.258638 0.7086542 -0.6725453 -0.2132886 0.7155742 -0.6248676 -0.3122406 0.5100506 -0.8299657 -0.225844 0.6986964 -0.6845957 -0.2077308 0.3685208 -0.845746 -0.3858837 0.3767114 -0.8645392 -0.3326566 0.401721 -0.9119583 0.08338063 0.4018708 -0.8928022 -0.2034805 0.6966161 -0.6139574 -0.3711906 0.9941655 0.0879184 0.06249338 0.9946663 0.08837872 0.0531823 0.9957607 0.06300526 0.06701564 0.9850293 -0.07276445 0.1562777 0.9851559 -0.08426964 0.1495549 0.9944933 -0.08535093 0.0608139 0.9670337 -0.06623053 0.2458848 0.9768035 -0.06622922 0.2036387 0.9754701 -0.07331949 0.207563 0.9878089 -0.04778176 -0.1481571 0.9745179 -0.1223045 -0.1880336 0.8988585 -0.1173444 -0.4222367 0.9894511 -0.04742598 -0.1368846 0.9888062 -0.03139889 -0.1458645 0.9875664 -0.04132485 -0.151674 0.9974849 0.06468194 0.02898758 0.9998517 -0.005413651 -0.01635247 0.993639 -0.005912244 -0.1124578 0.8744444 0.3899649 -0.2885731 0.8493739 0.3979628 -0.3466838 0.8945778 0.3201216 -0.311854 0.9259012 0.2915075 -0.2402717 0.9375473 0.1347362 -0.3207045 0.9280984 0.133915 -0.3474193 0.9899234 0.1412833 -0.009538114 0.9323429 0.1572687 -0.3255816 0.8581649 0.3057836 -0.4123704 0.4706394 0.5918994 -0.6543346 0.4618029 0.5927421 -0.6598446 0.4713005 0.5831224 -0.6616979 0.3433271 0.705741 -0.6197227 0.3337251 0.6894909 -0.6428296 0.4059274 0.6849411 -0.6050444 0.4931565 0.5621185 -0.6639425 0.6303698 0.5390498 -0.5586228 0.4866543 0.68878 -0.5373544 0.1875941 0.577345 -0.794658 0.1884946 0.5801171 -0.7924228 0.2219551 0.5836223 -0.7811024 0.1875942 0.5773452 -0.7946578 0.1192594 0.6367987 -0.7617511 0.184939 0.8045607 -0.5643399 0.1875936 0.5773459 -0.7946575 0.1875942 0.5773455 -0.7946576 0.187594 0.5773459 -0.7946574 -0.03852975 0.7487791 -0.6616989 -0.03853094 0.7487794 -0.6616984 -0.03853029 0.7487788 -0.6616991 -0.03853046 0.7487791 -0.6616988 -0.03852999 0.7487788 -0.6616992 -0.03853082 0.7487785 -0.6616995 -0.03853029 0.7487785 -0.6616995 -0.03853046 0.7487789 -0.6616989 -0.03853088 0.7487792 -0.6616987 -0.3623481 0.7054589 -0.6091237 -0.3994937 0.6230216 -0.6724947 -0.4914426 0.5745096 -0.6545404 -0.375243 0.6995463 -0.6081346 -0.3308306 0.6663796 -0.6681987 -0.2780629 0.7668409 -0.5784774 -0.4089456 0.6284248 -0.6616992 -0.4089462 0.628425 -0.6616986 -0.4084038 0.6286932 -0.6617789 -0.5774921 0.3932961 -0.7154167 -0.6593056 0.4476568 -0.6040858 -0.695928 0.315351 -0.645165 -0.5758437 0.3995723 -0.7132644 -0.4574185 0.4673044 -0.756568 -0.4410736 0.4568026 -0.7725191 -0.5638045 0.3373044 -0.7538902 -0.5165336 0.2995781 -0.8021509 -0.5063228 0.3540444 -0.7863141 -0.6936485 0.3047596 -0.6526665 -0.7282449 0.05948591 -0.6827304 -0.8085649 -0.02348095 -0.5879383 -0.7042493 0.295669 -0.6454555 -0.6988139 0.2925707 -0.6527339 -0.725546 0.1463374 -0.6724347 -0.6742481 0.2593988 -0.6914491 -0.6840106 0.201677 -0.7010392 -0.727565 0.1666015 -0.6655021 -0.7629863 -0.2121993 -0.6105928 -0.8200518 -0.1509838 -0.5520136 -0.7798527 -0.3938795 -0.4865067 -0.7432924 -0.3759281 -0.5533486 -0.6639189 -0.3422536 -0.6648866 -0.9458856 0.008980393 -0.3243762 -0.8038363 -0.1100383 -0.5845844 -0.8527237 -0.05697965 -0.5192455 -0.8405984 -0.2669374 -0.471316 -0.2389 -0.608525 -0.7567195 -0.07938796 -0.5056585 -0.8590734 -0.2322898 -0.4550041 -0.8596585 -0.4763305 -0.4919797 -0.7287423 -0.5277147 -0.3021204 -0.793877 0.1077599 0.1768743 -0.9783166 -0.697301 -0.4699589 -0.5412116 -0.7430754 -0.5066073 -0.4372505 -0.606275 -0.6177505 -0.5008144 -0.421077 -0.7461214 -0.5157492 -0.4494488 -0.731817 -0.5122887 -0.3731803 -0.8301015 -0.4143284 -0.442097 -0.7146159 -0.5421019 -0.4107096 -0.6956858 -0.5893547 -0.3027142 -0.7419102 -0.5982754 -0.6548776 -0.5741898 -0.4913668 -0.5749027 -0.6282376 -0.524218 -0.5677328 -0.6414039 -0.5160239 0.6522995 0.2787721 -0.7048344 0.6575011 0.2974979 -0.6922337 0.6845225 0.2963551 -0.6660351 0.6629031 0.2794782 -0.6945872 0.7199174 0.1678963 -0.6734462 0.7362027 0.236907 -0.6339405 0.6628765 0.3366373 -0.6687827 0.6688847 0.3670859 -0.6464065 0.6826205 0.367017 -0.6319239 0.5298996 -0.119022 -0.8396667 0.4986259 -0.05584049 -0.8650168 0.4781577 -0.09452527 -0.8731726 0.7033874 0.3409265 -0.6237109 0.7081388 0.3393888 -0.6191566 0.7961714 0.1517686 -0.5857283 0.6825456 0.2900865 -0.6708066 0.7626425 0.1135523 -0.6367749 0.7818182 0.1888366 -0.5942232 -0.2598227 -0.1212958 -0.9580081 0.1088222 0.3858573 -0.9161179 0.2737019 0.3751651 -0.8856288 0.09695583 -0.1310122 -0.9866283 -0.001532912 0.01962888 -0.9998062 0.1298363 0.2179384 -0.9672877 0.5943449 0.3070944 -0.7432679 0.5612305 0.2305532 -0.7948998 0.3568477 0.269053 -0.8945783 0.003392279 -0.7873518 -0.6164947 0.03953588 -0.7681118 -0.6390941 0.07637405 -0.7737861 -0.628826 -0.01424127 -0.7838328 -0.6208087 -0.02341693 -0.7540598 -0.6563882 -0.001875281 -0.7411022 -0.6713896 -0.3132064 -0.8539489 -0.4155395 -0.1093418 -0.7905935 -0.6025003 -0.05410826 -0.8040112 -0.5921471 0.1848978 -0.579155 -0.7939726 0.1418827 -0.4724355 -0.8698701 0.1427174 -0.4715508 -0.8702136 0.1081906 -0.6440342 -0.7573077 0.1878935 -0.653041 -0.733644 0.1600377 -0.559283 -0.8133822 0.2019011 -0.6911358 -0.6939505 0.205936 -0.7055928 -0.6780334 0.1483656 -0.7448716 -0.6505028 0.5201701 -0.6787585 -0.5183725 0.6281634 -0.5592126 -0.5410103 0.4641422 -0.5875195 -0.6628673 0.4960467 -0.6839231 -0.5349644 0.5083574 -0.7242214 -0.4659144 0.5974977 -0.6396967 -0.4835129 0.5375764 -0.6535007 -0.5328681 0.393006 -0.7744191 -0.4958035 0.3720254 -0.7779427 -0.5063618 0.2698816 -0.5867593 -0.7634642 0.2248202 -0.6279485 -0.7450749 0.5927706 -0.6097149 -0.526185 0.0599597 -0.7039985 -0.7076659 0.06965607 -0.7338499 -0.675731 0.2734502 -0.5711885 -0.7739308 -0.1245052 -0.7647575 -0.6321744 -0.06645482 -0.7315346 -0.678558 -9.01476e-4 -0.7440376 -0.6681373 0.5488548 -0.1180037 -0.8275468 0.1193352 -0.6008173 -0.7904288 0.5674633 -0.5243679 -0.6348415 0.6902627 0.1356141 -0.7107364 0.7380988 0.03830152 -0.6736047 0.7688602 0.1558547 -0.6201317 0.6110305 0.322734 -0.722831 0.5972916 0.2706754 -0.7549688 0.7232293 0.2629505 -0.6385894 -0.2102019 -0.6865547 -0.69603 -0.2959282 -0.6554565 -0.6948405 -0.2663583 -0.7215704 -0.6390535 -0.5139545 -0.2046262 -0.833054 -0.4896087 -0.1840255 -0.8523016 0.1120141 -0.4325486 -0.8946254 -0.8174871 -0.1463348 -0.5570467 -0.883917 -0.06130743 -0.4636079 -0.8776327 0.1193347 -0.4642413 -0.6892411 0.3152336 -0.6523607 -0.6923978 0.3018999 -0.655318 -0.8002463 0.2049022 -0.5635789 -0.3964903 0.2141883 -0.8927031 -0.6492728 0.4087647 -0.6413707 -0.6778278 0.3005309 -0.6709923 -0.4059115 0.629923 -0.6621428 -0.3616045 0.7216506 -0.5903074 -0.2655011 0.7598944 -0.5933547 -0.038531 0.7487793 -0.6616986 -0.03853005 0.7487796 -0.6616982 -0.03853058 0.7487794 -0.6616985 0.1647544 0.6226626 -0.7649493 0.1669543 0.6281946 -0.7599328 0.4134716 0.6353067 -0.6522474 0.5419285 0.4413302 -0.7152212 0.5575138 0.4405013 -0.7036597 0.3763816 0.6341164 -0.6754505 0.8588954 0.3544504 -0.3696807 0.8953353 0.3468068 -0.2794635 0.9134929 0.309455 -0.2641372 0.9979164 -0.03631317 -0.0533328 0.9984275 -0.02801674 -0.04855692 0.986794 -0.0264104 -0.1598133 0.9842317 -0.06665897 0.1638432 0.9920578 -0.06968873 0.1047135 0.9954057 -0.03996258 0.08700954 0.5723099 -0.7656236 -0.293738 0.5621406 -0.7165334 -0.4130107 0.409434 -0.8554747 -0.3170601 0.1924589 -0.9804978 0.03979551 0.241436 -0.9682201 0.06525784 0.2107961 -0.9460455 -0.2460954 0.03753477 -0.9833107 0.1780201 0.0365073 -0.9887924 0.1447652 0.1914204 -0.9800912 0.05272036 -0.7281883 -0.6551862 -0.2011792 -0.6632561 -0.5784049 -0.4749097 -0.5616203 -0.6384439 -0.5262814 -0.8995099 -0.420464 -0.1187104 -0.8217323 -0.5690864 -0.02994704 -0.8038437 -0.5577061 -0.2068802 -0.8823804 -0.4089359 0.2327585 -0.8984009 -0.4135568 0.1478064 -0.8975937 -0.4158334 0.1463153 -0.8618215 0.4107023 -0.2976364 -0.8473783 0.400484 -0.3486583 -0.8704625 0.2679442 -0.4129176 -0.6308311 0.774825 0.04121524 -0.7625463 0.6297702 0.1480298 -0.76543 0.6416014 -0.04964518 -0.6200174 0.7741591 0.1274998 -0.6212275 0.7781425 0.09257918 -0.6160639 0.7817723 0.09642386 0.02474611 0.9435211 -0.3303871 0.02474635 0.9435216 -0.3303857 0.3948248 0.9186695 0.01264232 0.3084143 0.9492005 0.06244349 0.3035311 0.9341716 -0.1875968 0.427129 0.8925393 0.1446878 0.4217209 0.8854351 0.195336 0.3880104 0.9054102 0.17228 0.8511773 -0.4791606 0.2142486 0.9349229 -0.3355996 0.115292 0.9666214 -0.14232 0.2130451 0.6780776 -0.7002201 0.2233889 0.6748491 -0.6975485 0.2408418 0.7168547 -0.6642381 0.211913 0.5525252 -0.8060689 0.2120587 0.5916783 -0.7836504 0.1892322 0.6516677 -0.7195834 0.239852 -0.06104391 -0.979338 0.192797 -0.006510972 -0.9867398 0.1621803 0.03182554 -0.9829153 0.1812861 -0.4461773 -0.8658062 0.2265075 -0.436159 -0.8412021 0.3196003 -0.2643601 -0.9396606 0.2171444 -0.6147418 -0.7732912 0.1552851 -0.5970181 -0.7891622 0.1441956 -0.4628824 -0.8541976 0.2368256 -0.966225 -0.1331988 0.2206068 -0.9394896 -0.3250755 0.108098 -0.8627893 -0.465589 0.1970317 -0.9969353 0.07528555 0.02126258 -0.9928849 0.07860851 0.08944457 -0.998919 0.003287732 0.04636991 -0.8686603 0.3876308 0.3084992 -0.9527212 0.2146812 0.2150214 -0.9315657 0.3329789 0.1459814 -0.4925425 0.848957 0.1915046 -0.6811289 0.7301167 0.05470794 -0.6970204 0.7139801 0.06629592 -0.1502401 0.9823032 0.1118414 -0.1465624 0.9705978 0.1909433 -0.2259105 0.9629372 0.1473652 0.06026327 0.9871762 0.1478228 -0.005252659 0.9935001 0.1137104 -0.07216596 0.9857639 0.1518603 0.590838 0.7751932 0.2235758 0.5493996 0.8137969 0.1894591 0.5125448 0.8327048 0.2095248 0.793529 0.5629069 0.231187 0.7983205 0.5681225 0.1998034 0.740247 0.6588544 0.1339608 0.9470239 0.2686076 0.1760562 0.9573875 0.1939595 0.2139835 0.8597759 0.3870542 0.3331284 0.8266718 -0.4266105 0.3669022 0.7732669 -0.3939302 0.4968675 0.8030568 -0.363658 0.4720728 0.6163886 -0.3773618 0.6911319 0.5218244 -0.6301631 0.5749728 0.5338811 -0.6337471 0.559764 0.2118508 -0.7859984 0.5807975 0.4832564 -0.7855942 0.3864 0.8098918 -0.5076246 0.2939261 -0.2846754 -0.8813261 0.3771266 -0.2837693 -0.8601273 0.4238587 -0.09928715 -0.9397575 0.3271054 -0.5533656 -0.694159 0.4603586 -0.3913275 -0.734232 0.5547669 -0.3849411 -0.6630204 0.6420471 -0.8198162 -0.1950947 0.5383672 -0.796474 -0.4059335 0.4481596 -0.5493103 -0.7080193 0.4438096 -0.6615613 -0.534587 0.5258836 -0.7785964 -0.4729841 0.4124 -0.7841078 -0.387619 0.4846921 -0.8279521 0.2477012 0.5031297 -0.6857036 -0.2266445 0.6916956 -0.5150775 -0.2701135 0.8134703 -0.8149949 0.03373718 0.5784853 -0.06928569 0.07919919 0.9944482 0.1315084 0.3555555 0.9253572 -0.3710873 0.8479654 0.3784823 -0.3690544 0.8376209 0.4027283 -0.5255235 0.7907617 0.3138808 -0.1072285 0.729503 0.6755201 -0.04869747 0.7662532 0.6406907 0.111059 0.429605 0.8961615 -0.02541959 0.5269677 0.8495051 -0.03885018 0.5559984 0.8302749 -0.03387218 0.5551473 0.8310621 0.6434183 0.6556653 0.3951151 0.6473619 0.6570099 0.3863426 0.7759148 0.337058 0.533243 0.1733699 0.2037483 0.9635505 0.4850153 0.06190252 0.8723121 0.6180313 0.1760421 0.7661896 0.5043039 0.713977 0.4857103 -0.1157883 0.4960929 0.8605143 -0.1169393 -0.02254903 0.992883 0.7910214 0.02917534 0.6110926 0.7719217 0.0118612 0.635607 0.7660856 0.1242632 0.6306121 0.1099595 0.9704802 0.2146564 0.241893 0.8070394 0.5386792 0.2747837 0.7961382 0.5391269 -0.7534351 0.3701935 0.5434081 -0.7219812 0.3743211 0.5819166 -0.7805182 0.2667012 0.5653867 -0.6168692 -0.4787232 0.6247371 -0.6261378 -0.51637 0.5842205 -0.5225899 -0.6410024 0.5621528 0.5462222 -0.7459164 0.3811167 0.5114326 -0.7313728 0.4511437 0.4604377 -0.7571199 0.4634294 0.7782847 0.6123011 -0.1391415 0.8083552 0.5785136 -0.1090141 0.8191237 0.560312 -0.1228293 -0.306569 0.9435216 -0.125629 -0.3065689 0.9435217 -0.1256276 -0.3065686 0.9435217 -0.125629 -0.9920728 -0.05721753 -0.1118829 -0.9681935 -0.1701606 -0.1834308 -0.9703721 -0.06848967 -0.2317053 -0.3892235 -0.8986567 -0.2022901 -0.3660966 -0.9051257 -0.2161496 -0.236802 -0.9601913 -0.1481809 0.7713758 -0.6161738 -0.1590889 0.7569191 -0.6381127 -0.141017 0.834508 -0.5477673 -0.05956101 0.5359789 0.7713664 -0.3431044 0.5371817 0.7783081 -0.3250732 0.5158452 0.7873829 -0.3375383 -0.5746015 0.7487838 -0.3303875 -0.5746021 0.7487835 -0.3303873 -0.5743073 0.7491135 -0.330152 -0.953983 -0.1261649 -0.2720277 -0.9339289 -0.1121282 -0.3394172 -0.8462808 -0.2705799 -0.4589067 -0.06538629 -0.9668816 -0.2467075 -0.08288013 -0.9272664 -0.3651135 -0.0136674 -0.9100615 -0.4142478 0.9307489 -0.2942872 -0.2170286 0.855901 -0.3201714 -0.4061083 0.8570259 -0.2221357 -0.4649327 -0.06467598 -0.3763699 -0.9242093 0.2519497 -0.2689014 -0.9296309 -0.08020651 0.1634788 -0.983281 -0.3016985 0.09748375 -0.9484066 -0.2905011 -0.1255606 -0.948601 0.1699851 0.02459406 -0.9851397 0.1677725 0.3093406 -0.9360347 -0.05925059 0.3798344 -0.923155 -0.1080847 -0.2854789 -0.9522708 0.8448674 -0.2224358 -0.4865405 0.7742554 -0.3606299 -0.5200718 0.8242508 -0.3487998 -0.4460374 -0.05257064 -0.30432 -0.9511181 0.09406179 -0.1218867 -0.9880769 0.01889681 -0.09460234 -0.9953359</float_array>
          <technique_common>
            <accessor source="#Icosphere-mesh-normals-array" count="1278" stride="3">
              <param name="X" type="float"/>
              <param name="Y" type="float"/>
              <param name="Z" type="float"/>
            </accessor>
          </technique_common>
        </source>
        <source id="Icosphere-mesh-map-0">
          <float_array id="Icosphere-mesh-map-0-array" count="7680">0.818181 0 0.8068174 0.01968258 0.8295446 0.01968258 0.727272 0.157461 0.7159084 0.1377784 0.7045448 0.157461 0.090909 0 0.07954537 0.01968258 0.1022726 0.01968258 0.272727 0 0.2613634 0.01968258 0.2840906 0.01968258 0.454545 0 0.4431813 0.01968258 0.4659087 0.01968258 0.727272 0.157461 0.7045448 0.157461 0.7159084 0.1771435 0.90909 0.157461 0.8863627 0.157461 0.8977264 0.1771435 0.181818 0.157461 0.1590907 0.157461 0.1704543 0.1771435 0.363636 0.157461 0.3409087 0.157461 0.3522724 0.1771435 0.545454 0.157461 0.5227268 0.157461 0.5340904 0.1771435 0.727272 0.157461 0.7159084 0.1771435 0.7386356 0.1771435 0.90909 0.157461 0.8977264 0.1771435 0.9204538 0.1771435 0.181818 0.157461 0.1704543 0.1771435 0.1931816 0.1771435 0.363636 0.157461 0.3522724 0.1771435 0.3749996 0.1771435 0.545454 0.157461 0.5340904 0.1771435 0.5568177 0.1771435 0.818181 0.314921 0.7954538 0.314921 0.8068174 0.3346036 1 0.314921 0.9772726 0.314921 0.9886363 0.3346036 0.272727 0.314921 0.2499997 0.314921 0.2613634 0.3346036 0.454545 0.314921 0.4318178 0.314921 0.4431813 0.3346036 0.636363 0.314921 0.6136358 0.314921 0.6249994 0.3346036 0.5909085 0.3936515 0.5681813 0.3936515 0.5795449 0.4133341 0.5909085 0.3936515 0.5795449 0.3739688 0.5681813 0.3936515 0.545454 0.314921 0.5227268 0.314921 0.5340904 0.3346036 0.4090905 0.3936515 0.3863633 0.3936515 0.3977268 0.4133341 0.4090905 0.3936515 0.3977269 0.3739688 0.3863633 0.3936515 0.363636 0.314921 0.3409088 0.314921 0.3522724 0.3346036 0.2272725 0.3936515 0.2045452 0.3936515 0.2159088 0.4133341 0.2272725 0.3936515 0.2159088 0.3739688 0.2045452 0.3936515 0.181818 0.314921 0.1590907 0.314921 0.1704543 0.3346036 0.954545 0.3936515 0.9318177 0.3936515 0.9431813 0.4133341 0.954545 0.3936515 0.9431814 0.3739688 0.9318177 0.3936515 0.9090905 0.314921 0.8863632 0.314921 0.8977268 0.3346036 0.7727265 0.3936515 0.7499993 0.3936515 0.7613629 0.4133341 0.7727265 0.3936515 0.7613629 0.3739688 0.7499993 0.3936515 0.727272 0.314921 0.7045448 0.314921 0.7159084 0.3346036 0.5909085 0.236191 0.5795449 0.2558735 0.6022722 0.2558735 0.5909085 0.236191 0.5681813 0.236191 0.5795449 0.2558735 0.4999995 0.236191 0.4886359 0.2558735 0.5113632 0.2558735 0.4090905 0.236191 0.3977269 0.2558735 0.4204541 0.2558735 0.4090905 0.236191 0.3863633 0.236191 0.3977269 0.2558735 0.3181815 0.236191 0.3068179 0.2558735 0.3295451 0.2558735 0.2272725 0.236191 0.2159088 0.2558735 0.2386361 0.2558735 0.2272725 0.236191 0.2045452 0.236191 0.2159088 0.2558735 0.1363635 0.236191 0.1249998 0.2558735 0.1477271 0.2558735 0.954545 0.236191 0.9431814 0.2558735 0.9659088 0.2558735 0.954545 0.236191 0.9318177 0.236191 0.9431814 0.2558735 0.8636355 0.236191 0.8522719 0.2558735 0.8749993 0.2558735 0.7727265 0.236191 0.7613629 0.2558735 0.7840901 0.2558735 0.7727265 0.236191 0.7499993 0.236191 0.7613629 0.2558735 0.6818175 0.236191 0.6704539 0.2558735 0.6931812 0.2558735 0.4999995 0.236191 0.4772723 0.236191 0.4886359 0.2558735 0.4999995 0.236191 0.4886359 0.2165085 0.4772723 0.236191 0.454545 0.157461 0.4318178 0.157461 0.4431814 0.1771435 0.3181815 0.236191 0.2954543 0.236191 0.3068179 0.2558735 0.3181815 0.236191 0.3068179 0.2165085 0.2954543 0.236191 0.272727 0.157461 0.2499997 0.157461 0.2613633 0.1771435 0.1363635 0.236191 0.1136362 0.236191 0.1249998 0.2558735 0.1363635 0.236191 0.1249998 0.2165085 0.1136362 0.236191 0.090909 0.157461 0.06818175 0.157461 0.07954537 0.1771435 0.8636355 0.236191 0.8409082 0.236191 0.8522719 0.2558735 0.8636355 0.236191 0.8522719 0.2165085 0.8409082 0.236191 0.818181 0.157461 0.7954537 0.157461 0.8068174 0.1771435 0.6818175 0.236191 0.6590903 0.236191 0.6704539 0.2558735 0.6818175 0.236191 0.6704539 0.2165085 0.6590903 0.236191 0.636363 0.157461 0.6136358 0.157461 0.6249994 0.1771435 0.4999995 0.07873046 0.4886359 0.0984131 0.5113632 0.0984131 0.4999995 0.07873046 0.4772723 0.07873046 0.4886359 0.0984131 0.4090905 0.07873046 0.3977268 0.0984131 0.4204542 0.0984131 0.3181815 0.07873046 0.3068179 0.0984131 0.3295451 0.0984131 0.3181815 0.07873046 0.2954543 0.07873046 0.3068179 0.0984131 0.2272725 0.07873046 0.2159088 0.0984131 0.2386361 0.0984131 0.1363635 0.07873046 0.1249998 0.0984131 0.1477271 0.0984131 0.1363635 0.07873046 0.1136362 0.07873046 0.1249998 0.0984131 0.0454545 0.07873046 0.03409087 0.0984131 0.05681806 0.0984131 0.636363 0.157461 0.6249994 0.1377784 0.6136358 0.157461 0.636363 0.157461 0.6477267 0.1377784 0.6249994 0.1377784 0.6818175 0.07873046 0.6704539 0.05904787 0.6590903 0.07873046 0.8636355 0.07873046 0.8522719 0.0984131 0.8749991 0.0984131 0.8636355 0.07873046 0.8409082 0.07873046 0.8522719 0.0984131 0.7727265 0.07873046 0.7613629 0.0984131 0.7840901 0.0984131 0.7954537 0.1180957 0.7840901 0.1377784 0.8068174 0.1377784 0.7954537 0.1180957 0.7727265 0.1180957 0.7840901 0.1377784 0.7499992 0.1180957 0.7386356 0.1377784 0.7613629 0.1377784 0.8409082 0.1180957 0.818181 0.1180957 0.8295446 0.1377784 0.8409082 0.1180957 0.8295446 0.0984131 0.818181 0.1180957 0.818181 0.07873046 0.7954537 0.07873046 0.8068174 0.0984131 0.8863627 0.1180957 0.8749991 0.1377784 0.8977264 0.1377784 0.8863627 0.1180957 0.8636355 0.1180957 0.8749991 0.1377784 0.8409082 0.1180957 0.8295446 0.1377784 0.8522719 0.1377784 0.636363 0.07873046 0.6249994 0.05904787 0.6136358 0.07873046 0.636363 0.07873046 0.6477267 0.05904787 0.6249994 0.05904787 0.6590903 0.03936523 0.6477267 0.01968258 0.636363 0.03936523 0.6136358 0.1180957 0.6249994 0.0984131 0.6022722 0.0984131 0.6136358 0.1180957 0.636363 0.1180957 0.6249994 0.0984131 0.6590903 0.1180957 0.6704539 0.0984131 0.6477267 0.0984131 0.5909085 0.157461 0.5795449 0.1377784 0.5681813 0.157461 0.5909085 0.157461 0.6022722 0.1377784 0.5795449 0.1377784 0.6136358 0.1180957 0.6022722 0.0984131 0.5909085 0.1180957 0.06818175 0.1180957 0.05681806 0.1377784 0.07954537 0.1377784 0.06818175 0.1180957 0.0454545 0.1180957 0.05681806 0.1377784 0.02272725 0.1180957 0.01136362 0.1377784 0.03409087 0.1377784 0.1136362 0.1180957 0.09090894 0.1180957 0.1022726 0.1377784 0.1136362 0.1180957 0.1022726 0.0984131 0.09090894 0.1180957 0.090909 0.07873046 0.06818175 0.07873046 0.07954537 0.0984131 0.1590907 0.1180957 0.1477271 0.1377784 0.1704543 0.1377784 0.1590907 0.1180957 0.1363635 0.1180957 0.1477271 0.1377784 0.1136362 0.1180957 0.1022726 0.1377784 0.1249998 0.1377784 0.2499997 0.1180957 0.2386361 0.1377784 0.2613633 0.1377784 0.2499997 0.1180957 0.2272725 0.1180957 0.2386361 0.1377784 0.2045452 0.1180957 0.1931816 0.1377784 0.2159088 0.1377784 0.2954543 0.1180957 0.272727 0.1180957 0.2840906 0.1377784 0.2954543 0.1180957 0.2840906 0.0984131 0.272727 0.1180957 0.272727 0.07873046 0.2499997 0.07873046 0.2613634 0.0984131 0.3409088 0.1180957 0.3295451 0.1377784 0.3522724 0.1377784 0.3409088 0.1180957 0.3181815 0.1180957 0.3295451 0.1377784 0.2954543 0.1180957 0.2840906 0.1377784 0.3068179 0.1377784 0.4318178 0.1180957 0.4204542 0.1377784 0.4431814 0.1377784 0.4318178 0.1180957 0.4090905 0.1180957 0.4204542 0.1377784 0.3863632 0.1180957 0.3749996 0.1377784 0.3977269 0.1377784 0.4772723 0.1180957 0.454545 0.1180957 0.4659087 0.1377784 0.4772723 0.1180957 0.4659087 0.0984131 0.454545 0.1180957 0.454545 0.07873046 0.4318178 0.07873046 0.4431814 0.0984131 0.5227268 0.1180957 0.5113632 0.1377784 0.5340904 0.1377784 0.5227268 0.1180957 0.4999995 0.1180957 0.5113632 0.1377784 0.4772723 0.1180957 0.4659087 0.1377784 0.4886359 0.1377784 0.6136358 0.196826 0.5909085 0.196826 0.6022722 0.2165085 0.6136358 0.196826 0.6022722 0.1771435 0.5909085 0.196826 0.5909085 0.157461 0.5681813 0.157461 0.5795449 0.1771435 0.636363 0.236191 0.6249994 0.2165085 0.6136358 0.236191 0.636363 0.236191 0.6477267 0.2165085 0.6249994 0.2165085 0.6590903 0.196826 0.6477267 0.1771435 0.636363 0.196826 0.6590903 0.275556 0.636363 0.275556 0.6477267 0.2952385 0.6590903 0.275556 0.6477267 0.2558735 0.636363 0.275556 0.636363 0.236191 0.6136358 0.236191 0.6249994 0.2558735 0.7954537 0.196826 0.7727265 0.196826 0.7840901 0.2165085 0.7954537 0.196826 0.7840901 0.1771435 0.7727265 0.196826 0.7727265 0.157461 0.7499992 0.157461 0.7613629 0.1771435 0.818181 0.236191 0.8068174 0.2165085 0.7954537 0.236191 0.818181 0.236191 0.8295446 0.2165085 0.8068174 0.2165085 0.8409082 0.196826 0.8295446 0.1771435 0.818181 0.196826 0.8409082 0.275556 0.818181 0.275556 0.8295446 0.2952385 0.8409082 0.275556 0.8295446 0.2558735 0.818181 0.275556 0.818181 0.236191 0.7954537 0.236191 0.8068174 0.2558735 0.06818175 0.196826 0.0454545 0.196826 0.05681806 0.2165085 0.06818175 0.196826 0.05681806 0.1771435 0.0454545 0.196826 0.0454545 0.157461 0.02272725 0.157461 0.03409087 0.1771435 0.090909 0.236191 0.07954537 0.2165085 0.06818175 0.236191 0.090909 0.236191 0.1022726 0.2165085 0.07954537 0.2165085 0.1136362 0.196826 0.1022726 0.1771435 0.09090894 0.196826 0.1136362 0.275556 0.09090894 0.275556 0.1022726 0.2952385 0.1136362 0.275556 0.1022726 0.2558735 0.09090894 0.275556 0.090909 0.236191 0.06818175 0.236191 0.07954537 0.2558735 0.2499997 0.196826 0.2272725 0.196826 0.2386361 0.2165085 0.2499997 0.196826 0.2386361 0.1771435 0.2272725 0.196826 0.2272725 0.157461 0.2045452 0.157461 0.2159088 0.1771435 0.272727 0.236191 0.2613634 0.2165085 0.2499997 0.236191 0.272727 0.236191 0.2840906 0.2165085 0.2613634 0.2165085 0.2954543 0.196826 0.2840906 0.1771435 0.272727 0.196826 0.2954543 0.275556 0.272727 0.275556 0.2840906 0.2952385 0.2954543 0.275556 0.2840906 0.2558735 0.272727 0.275556 0.272727 0.236191 0.2499997 0.236191 0.2613634 0.2558735 0.4318178 0.196826 0.4090905 0.196826 0.4204542 0.2165085 0.4318178 0.196826 0.4204542 0.1771435 0.4090905 0.196826 0.4090905 0.157461 0.3863633 0.157461 0.3977269 0.1771435 0.454545 0.236191 0.4431814 0.2165085 0.4318178 0.236191 0.454545 0.236191 0.4659087 0.2165085 0.4431814 0.2165085 0.4772723 0.196826 0.4659087 0.1771435 0.454545 0.196826 0.4772723 0.275556 0.454545 0.275556 0.4659087 0.2952385 0.4772723 0.275556 0.4659087 0.2558735 0.454545 0.275556 0.454545 0.236191 0.4318178 0.236191 0.4431814 0.2558735 0.7045448 0.275556 0.6931812 0.2952385 0.7159084 0.2952385 0.7045448 0.275556 0.6818175 0.275556 0.6931812 0.2952385 0.6590903 0.275556 0.6477267 0.2952385 0.6704539 0.2952385 0.7499993 0.275556 0.727272 0.275556 0.7386357 0.2952385 0.7499993 0.275556 0.7386357 0.2558735 0.727272 0.275556 0.727272 0.236191 0.7045448 0.236191 0.7159084 0.2558735 0.7954537 0.275556 0.7840902 0.2952385 0.8068174 0.2952385 0.7954537 0.275556 0.7727265 0.275556 0.7840902 0.2952385 0.7499993 0.275556 0.7386357 0.2952385 0.7613629 0.2952385 0.886363 0.275556 0.8749994 0.2952385 0.8977268 0.2952385 0.886363 0.275556 0.8636357 0.275556 0.8749994 0.2952385 0.8409082 0.275556 0.8295446 0.2952385 0.852272 0.2952385 0.9318178 0.275556 0.9090904 0.275556 0.9204542 0.2952385 0.9318178 0.275556 0.920454 0.2558735 0.9090904 0.275556 0.9090903 0.236191 0.8863629 0.236191 0.8977267 0.2558735 0.9772725 0.275556 0.9659089 0.2952385 0.9886363 0.2952385 0.9772725 0.275556 0.9545451 0.275556 0.9659089 0.2952385 0.9318178 0.275556 0.9204542 0.2952385 0.9431815 0.2952385 0.1590907 0.275556 0.1477271 0.2952385 0.1704543 0.2952385 0.1590907 0.275556 0.1363635 0.275556 0.1477271 0.2952385 0.1136362 0.275556 0.1022726 0.2952385 0.1249998 0.2952385 0.2045452 0.275556 0.181818 0.275556 0.1931816 0.2952385 0.2045452 0.275556 0.1931816 0.2558735 0.181818 0.275556 0.181818 0.236191 0.1590907 0.236191 0.1704543 0.2558735 0.2499997 0.275556 0.2386361 0.2952385 0.2613634 0.2952385 0.2499997 0.275556 0.2272725 0.275556 0.2386361 0.2952385 0.2045452 0.275556 0.1931816 0.2952385 0.2159088 0.2952385 0.3409088 0.275556 0.3295451 0.2952385 0.3522724 0.2952385 0.3409088 0.275556 0.3181815 0.275556 0.3295451 0.2952385 0.2954543 0.275556 0.2840906 0.2952385 0.3068179 0.2952385 0.3863633 0.275556 0.363636 0.275556 0.3749997 0.2952385 0.3863633 0.275556 0.3749997 0.2558735 0.363636 0.275556 0.363636 0.236191 0.3409088 0.236191 0.3522724 0.2558735 0.4318177 0.275556 0.4204542 0.2952385 0.4431813 0.2952385 0.4318177 0.275556 0.4090905 0.275556 0.4204542 0.2952385 0.3863633 0.275556 0.3749997 0.2952385 0.3977269 0.2952385 0.5227268 0.275556 0.5113632 0.2952385 0.5340904 0.2952385 0.5227268 0.275556 0.4999995 0.275556 0.5113632 0.2952385 0.4772723 0.275556 0.4659087 0.2952385 0.4886359 0.2952385 0.5681813 0.275556 0.545454 0.275556 0.5568177 0.2952385 0.5681813 0.275556 0.5568177 0.2558735 0.545454 0.275556 0.545454 0.236191 0.5227268 0.236191 0.5340904 0.2558735 0.6136358 0.275556 0.6022722 0.2952385 0.6249994 0.2952385 0.6136358 0.275556 0.5909085 0.275556 0.6022722 0.2952385 0.5681813 0.275556 0.5568177 0.2952385 0.5795449 0.2952385 0.7045448 0.3542863 0.6818175 0.3542863 0.6931812 0.3739688 0.7045448 0.3542863 0.6931812 0.3346036 0.6818175 0.3542863 0.6818175 0.314921 0.6590903 0.314921 0.6704539 0.3346036 0.727272 0.3936515 0.7159084 0.3739688 0.7045448 0.3936515 0.727272 0.3936515 0.7386357 0.3739688 0.7159084 0.3739688 0.7499993 0.3542863 0.7386357 0.3346036 0.727272 0.3542863 0.7499992 0.4330167 0.727272 0.4330167 0.7386356 0.4526994 0.7499992 0.4330167 0.7386357 0.4133341 0.727272 0.4330167 0.727272 0.3936515 0.7045448 0.3936515 0.7159084 0.4133341 0.886363 0.3542863 0.8636357 0.3542863 0.8749993 0.3739688 0.886363 0.3542863 0.8749994 0.3346036 0.8636357 0.3542863 0.8636358 0.314921 0.8409084 0.314921 0.852272 0.3346036 0.9090903 0.3936515 0.8977267 0.3739688 0.8863629 0.3936515 0.9090903 0.3936515 0.920454 0.3739688 0.8977267 0.3739688 0.9318178 0.3542863 0.9204542 0.3346036 0.9090904 0.3542863 0.9318175 0.4330167 0.9090902 0.4330167 0.9204538 0.4526994 0.9318175 0.4330167 0.9204539 0.4133341 0.9090902 0.4330167 0.9090903 0.3936515 0.8863629 0.3936515 0.8977265 0.4133341 0.1590907 0.3542863 0.1363635 0.3542863 0.1477271 0.3739688 0.1590907 0.3542863 0.1477271 0.3346036 0.1363635 0.3542863 0.1363635 0.314921 0.1136362 0.314921 0.1249998 0.3346036 0.181818 0.3936515 0.1704543 0.3739688 0.1590907 0.3936515 0.181818 0.3936515 0.1931816 0.3739688 0.1704543 0.3739688 0.2045452 0.3542863 0.1931816 0.3346036 0.181818 0.3542863 0.2045452 0.4330167 0.181818 0.4330167 0.1931816 0.4526994 0.2045452 0.4330167 0.1931816 0.4133341 0.181818 0.4330167 0.181818 0.3936515 0.1590907 0.3936515 0.1704543 0.4133341 0.3409088 0.3542863 0.3181815 0.3542863 0.3295451 0.3739688 0.3409088 0.3542863 0.3295451 0.3346036 0.3181815 0.3542863 0.3181815 0.314921 0.2954543 0.314921 0.3068179 0.3346036 0.363636 0.3936515 0.3522724 0.3739688 0.3409088 0.3936515 0.363636 0.3936515 0.3749997 0.3739688 0.3522724 0.3739688 0.3863633 0.3542863 0.3749997 0.3346036 0.363636 0.3542863 0.3863632 0.4330167 0.363636 0.4330167 0.3749996 0.4526994 0.3863632 0.4330167 0.3749997 0.4133341 0.363636 0.4330167 0.363636 0.3936515 0.3409088 0.3936515 0.3522724 0.4133341 0.5227268 0.3542863 0.4999995 0.3542863 0.5113632 0.3739688 0.5227268 0.3542863 0.5113632 0.3346036 0.4999995 0.3542863 0.4999995 0.314921 0.4772723 0.314921 0.4886359 0.3346036 0.545454 0.3936515 0.5340904 0.3739688 0.5227268 0.3936515 0.545454 0.3936515 0.5568177 0.3739688 0.5340904 0.3739688 0.5681813 0.3542863 0.5568177 0.3346036 0.545454 0.3542863 0.5681813 0.4330167 0.545454 0.4330167 0.5568177 0.4526994 0.5681813 0.4330167 0.5568177 0.4133341 0.545454 0.4330167 0.545454 0.3936515 0.5227268 0.3936515 0.5340904 0.4133341 0.6136358 0.3542863 0.5909085 0.3542863 0.6022722 0.3739688 0.6136358 0.3542863 0.6022722 0.3346036 0.5909085 0.3542863 0.5909085 0.314921 0.5681813 0.314921 0.5795449 0.3346036 0.4318177 0.3542863 0.4090905 0.3542863 0.4204541 0.3739688 0.4318177 0.3542863 0.4204542 0.3346036 0.4090905 0.3542863 0.4090905 0.314921 0.3863633 0.314921 0.3977269 0.3346036 0.2499997 0.3542863 0.2272725 0.3542863 0.2386361 0.3739688 0.2499997 0.3542863 0.2386361 0.3346036 0.2272725 0.3542863 0.2272725 0.314921 0.2045452 0.314921 0.2159088 0.3346036 0.9772725 0.3542863 0.9545451 0.3542863 0.9659088 0.3739688 0.9772725 0.3542863 0.9659089 0.3346036 0.9545451 0.3542863 0.9545453 0.314921 0.9318179 0.314921 0.9431815 0.3346036 0.7954537 0.3542863 0.7727265 0.3542863 0.7840901 0.3739688 0.7954537 0.3542863 0.7840902 0.3346036 0.7727265 0.3542863 0.7727265 0.314921 0.7499993 0.314921 0.7613629 0.3346036 0.5681813 0.196826 0.5568177 0.2165085 0.5795449 0.2165085 0.5681813 0.196826 0.545454 0.196826 0.5568177 0.2165085 0.5227268 0.196826 0.5113632 0.2165085 0.5340904 0.2165085 0.3863632 0.196826 0.3749997 0.2165085 0.3977268 0.2165085 0.3863632 0.196826 0.363636 0.196826 0.3749997 0.2165085 0.3409088 0.196826 0.3295451 0.2165085 0.3522724 0.2165085 0.2045452 0.196826 0.1931816 0.2165085 0.2159088 0.2165085 0.2045452 0.196826 0.181818 0.196826 0.1931816 0.2165085 0.1590907 0.196826 0.1477271 0.2165085 0.1704543 0.2165085 0.9318175 0.196826 0.9204539 0.2165085 0.9431813 0.2165085 0.9318175 0.196826 0.9090902 0.196826 0.9204539 0.2165085 0.8863627 0.196826 0.8749991 0.2165085 0.8977265 0.2165085 0.7499992 0.196826 0.7386357 0.2165085 0.7613629 0.2165085 0.7499992 0.196826 0.727272 0.196826 0.7386357 0.2165085 0.7045448 0.196826 0.6931812 0.2165085 0.7159084 0.2165085 0.5227268 0.196826 0.4999995 0.196826 0.5113632 0.2165085 0.5227268 0.196826 0.5113632 0.1771435 0.4999995 0.196826 0.4999995 0.157461 0.4772723 0.157461 0.4886359 0.1771435 0.3409088 0.196826 0.3181815 0.196826 0.3295451 0.2165085 0.3409088 0.196826 0.3295451 0.1771435 0.3181815 0.196826 0.3181815 0.157461 0.2954542 0.157461 0.3068179 0.1771435 0.1590907 0.196826 0.1363635 0.196826 0.1477271 0.2165085 0.1590907 0.196826 0.1477271 0.1771435 0.1363635 0.196826 0.1363635 0.157461 0.1136362 0.157461 0.1249998 0.1771435 0.8863627 0.196826 0.8636355 0.196826 0.8749991 0.2165085 0.8863627 0.196826 0.8749991 0.1771435 0.8636355 0.196826 0.8636355 0.157461 0.8409082 0.157461 0.8522719 0.1771435 0.7045448 0.196826 0.6818175 0.196826 0.6931812 0.2165085 0.7045448 0.196826 0.6931812 0.1771435 0.6818175 0.196826 0.6818175 0.157461 0.6590903 0.157461 0.6704539 0.1771435 0.4772723 0.03936523 0.4659087 0.05904787 0.4886359 0.05904787 0.4772723 0.03936523 0.454545 0.03936523 0.4659087 0.05904787 0.4318177 0.03936523 0.4204541 0.05904787 0.4431814 0.05904787 0.2954543 0.03936523 0.2840906 0.05904787 0.3068179 0.05904787 0.2954543 0.03936523 0.272727 0.03936523 0.2840906 0.05904787 0.2499997 0.03936523 0.2386361 0.05904787 0.2613634 0.05904787 0.1136362 0.03936523 0.1022726 0.05904787 0.1249998 0.05904787 0.1136362 0.03936523 0.09090894 0.03936523 0.1022726 0.05904787 0.06818175 0.03936523 0.05681806 0.05904787 0.07954537 0.05904787 0.6818175 0.157461 0.6704539 0.1377784 0.6590903 0.157461 0.6818175 0.157461 0.6931812 0.1377784 0.6704539 0.1377784 0.7045448 0.1180957 0.6931812 0.0984131 0.6818175 0.1180957 0.8409082 0.03936523 0.8295446 0.05904787 0.8522719 0.05904787 0.8409082 0.03936523 0.818181 0.03936523 0.8295446 0.05904787 0.7954537 0.03936523 0.7840901 0.05904787 0.8068174 0.05904787 0.8068174 0.05904787 0.7954537 0.07873046 0.818181 0.07873046 0.8068174 0.05904787 0.7840901 0.05904787 0.7954537 0.07873046 0.7840901 0.05904787 0.7727265 0.07873046 0.7954537 0.07873046 0.8295446 0.05904787 0.8068174 0.05904787 0.818181 0.07873046 0.8295446 0.05904787 0.818181 0.03936523 0.8068174 0.05904787 0.818181 0.03936523 0.7954537 0.03936523 0.8068174 0.05904787 0.8522719 0.05904787 0.8409082 0.07873046 0.8636355 0.07873046 0.8522719 0.05904787 0.8295446 0.05904787 0.8409082 0.07873046 0.8295446 0.05904787 0.818181 0.07873046 0.8409082 0.07873046 0.6818175 0.1180957 0.6704539 0.0984131 0.6590903 0.1180957 0.6818175 0.1180957 0.6931812 0.0984131 0.6704539 0.0984131 0.6931812 0.0984131 0.6818175 0.07873046 0.6704539 0.0984131 0.6704539 0.1377784 0.6818175 0.1180957 0.6590903 0.1180957 0.6704539 0.1377784 0.6931812 0.1377784 0.6818175 0.1180957 0.6931812 0.1377784 0.7045448 0.1180957 0.6818175 0.1180957 0.6590903 0.157461 0.6477267 0.1377784 0.636363 0.157461 0.6590903 0.157461 0.6704539 0.1377784 0.6477267 0.1377784 0.6704539 0.1377784 0.6590903 0.1180957 0.6477267 0.1377784 0.07954537 0.05904787 0.06818175 0.07873046 0.090909 0.07873046 0.07954537 0.05904787 0.05681806 0.05904787 0.06818175 0.07873046 0.05681806 0.05904787 0.0454545 0.07873046 0.06818175 0.07873046 0.1022726 0.05904787 0.07954537 0.05904787 0.090909 0.07873046 0.1022726 0.05904787 0.09090894 0.03936523 0.07954537 0.05904787 0.09090894 0.03936523 0.06818175 0.03936523 0.07954537 0.05904787 0.1249998 0.05904787 0.1136362 0.07873046 0.1363635 0.07873046 0.1249998 0.05904787 0.1022726 0.05904787 0.1136362 0.07873046 0.1022726 0.05904787 0.090909 0.07873046 0.1136362 0.07873046 0.2613634 0.05904787 0.2499997 0.07873046 0.272727 0.07873046 0.2613634 0.05904787 0.2386361 0.05904787 0.2499997 0.07873046 0.2386361 0.05904787 0.2272725 0.07873046 0.2499997 0.07873046 0.2840906 0.05904787 0.2613634 0.05904787 0.272727 0.07873046 0.2840906 0.05904787 0.272727 0.03936523 0.2613634 0.05904787 0.272727 0.03936523 0.2499997 0.03936523 0.2613634 0.05904787 0.3068179 0.05904787 0.2954543 0.07873046 0.3181815 0.07873046 0.3068179 0.05904787 0.2840906 0.05904787 0.2954543 0.07873046 0.2840906 0.05904787 0.272727 0.07873046 0.2954543 0.07873046 0.4431814 0.05904787 0.4318178 0.07873046 0.454545 0.07873046 0.4431814 0.05904787 0.4204541 0.05904787 0.4318178 0.07873046 0.4204541 0.05904787 0.4090905 0.07873046 0.4318178 0.07873046 0.4659087 0.05904787 0.4431814 0.05904787 0.454545 0.07873046 0.4659087 0.05904787 0.454545 0.03936523 0.4431814 0.05904787 0.454545 0.03936523 0.4318177 0.03936523 0.4431814 0.05904787 0.4886359 0.05904787 0.4772723 0.07873046 0.4999995 0.07873046 0.4886359 0.05904787 0.4659087 0.05904787 0.4772723 0.07873046 0.4659087 0.05904787 0.454545 0.07873046 0.4772723 0.07873046 0.6704539 0.1771435 0.6477267 0.1771435 0.6590903 0.196826 0.6704539 0.1771435 0.6590903 0.157461 0.6477267 0.1771435 0.6590903 0.157461 0.636363 0.157461 0.6477267 0.1771435 0.6818175 0.196826 0.6704539 0.1771435 0.6590903 0.196826 0.6818175 0.196826 0.6931812 0.1771435 0.6704539 0.1771435 0.6931812 0.1771435 0.6818175 0.157461 0.6704539 0.1771435 0.6931812 0.2165085 0.6704539 0.2165085 0.6818175 0.236191 0.6931812 0.2165085 0.6818175 0.196826 0.6704539 0.2165085 0.6818175 0.196826 0.6590903 0.196826 0.6704539 0.2165085 0.8522719 0.1771435 0.8295446 0.1771435 0.8409082 0.196826 0.8522719 0.1771435 0.8409082 0.157461 0.8295446 0.1771435 0.8409082 0.157461 0.818181 0.157461 0.8295446 0.1771435 0.8636355 0.196826 0.8522719 0.1771435 0.8409082 0.196826 0.8636355 0.196826 0.8749991 0.1771435 0.8522719 0.1771435 0.8749991 0.1771435 0.8636355 0.157461 0.8522719 0.1771435 0.8749991 0.2165085 0.8522719 0.2165085 0.8636355 0.236191 0.8749991 0.2165085 0.8636355 0.196826 0.8522719 0.2165085 0.8636355 0.196826 0.8409082 0.196826 0.8522719 0.2165085 0.1249998 0.1771435 0.1022726 0.1771435 0.1136362 0.196826 0.1249998 0.1771435 0.1136362 0.157461 0.1022726 0.1771435 0.1136362 0.157461 0.090909 0.157461 0.1022726 0.1771435 0.1363635 0.196826 0.1249998 0.1771435 0.1136362 0.196826 0.1363635 0.196826 0.1477271 0.1771435 0.1249998 0.1771435 0.1477271 0.1771435 0.1363635 0.157461 0.1249998 0.1771435 0.1477271 0.2165085 0.1249998 0.2165085 0.1363635 0.236191 0.1477271 0.2165085 0.1363635 0.196826 0.1249998 0.2165085 0.1363635 0.196826 0.1136362 0.196826 0.1249998 0.2165085 0.3068179 0.1771435 0.2840906 0.1771435 0.2954543 0.196826 0.3068179 0.1771435 0.2954542 0.157461 0.2840906 0.1771435 0.2954542 0.157461 0.272727 0.157461 0.2840906 0.1771435 0.3181815 0.196826 0.3068179 0.1771435 0.2954543 0.196826 0.3181815 0.196826 0.3295451 0.1771435 0.3068179 0.1771435 0.3295451 0.1771435 0.3181815 0.157461 0.3068179 0.1771435 0.3295451 0.2165085 0.3068179 0.2165085 0.3181815 0.236191 0.3295451 0.2165085 0.3181815 0.196826 0.3068179 0.2165085 0.3181815 0.196826 0.2954543 0.196826 0.3068179 0.2165085 0.4886359 0.1771435 0.4659087 0.1771435 0.4772723 0.196826 0.4886359 0.1771435 0.4772723 0.157461 0.4659087 0.1771435 0.4772723 0.157461 0.454545 0.157461 0.4659087 0.1771435 0.4999995 0.196826 0.4886359 0.1771435 0.4772723 0.196826 0.4999995 0.196826 0.5113632 0.1771435 0.4886359 0.1771435 0.5113632 0.1771435 0.4999995 0.157461 0.4886359 0.1771435 0.5113632 0.2165085 0.4886359 0.2165085 0.4999995 0.236191 0.5113632 0.2165085 0.4999995 0.196826 0.4886359 0.2165085 0.4999995 0.196826 0.4772723 0.196826 0.4886359 0.2165085 0.7159084 0.2165085 0.7045448 0.236191 0.727272 0.236191 0.7159084 0.2165085 0.6931812 0.2165085 0.7045448 0.236191 0.6931812 0.2165085 0.6818175 0.236191 0.7045448 0.236191 0.7386357 0.2165085 0.7159084 0.2165085 0.727272 0.236191 0.7386357 0.2165085 0.727272 0.196826 0.7159084 0.2165085 0.727272 0.196826 0.7045448 0.196826 0.7159084 0.2165085 0.7613629 0.2165085 0.7499993 0.236191 0.7727265 0.236191 0.7613629 0.2165085 0.7386357 0.2165085 0.7499993 0.236191 0.7386357 0.2165085 0.727272 0.236191 0.7499993 0.236191 0.8977265 0.2165085 0.8863629 0.236191 0.9090903 0.236191 0.8977265 0.2165085 0.8749991 0.2165085 0.8863629 0.236191 0.8749991 0.2165085 0.8636355 0.236191 0.8863629 0.236191 0.9204539 0.2165085 0.8977265 0.2165085 0.9090903 0.236191 0.9204539 0.2165085 0.9090902 0.196826 0.8977265 0.2165085 0.9090902 0.196826 0.8863627 0.196826 0.8977265 0.2165085 0.9431813 0.2165085 0.9318177 0.236191 0.954545 0.236191 0.9431813 0.2165085 0.9204539 0.2165085 0.9318177 0.236191 0.9204539 0.2165085 0.9090903 0.236191 0.9318177 0.236191 0.1704543 0.2165085 0.1590907 0.236191 0.181818 0.236191 0.1704543 0.2165085 0.1477271 0.2165085 0.1590907 0.236191 0.1477271 0.2165085 0.1363635 0.236191 0.1590907 0.236191 0.1931816 0.2165085 0.1704543 0.2165085 0.181818 0.236191 0.1931816 0.2165085 0.181818 0.196826 0.1704543 0.2165085 0.181818 0.196826 0.1590907 0.196826 0.1704543 0.2165085 0.2159088 0.2165085 0.2045452 0.236191 0.2272725 0.236191 0.2159088 0.2165085 0.1931816 0.2165085 0.2045452 0.236191 0.1931816 0.2165085 0.181818 0.236191 0.2045452 0.236191 0.3522724 0.2165085 0.3409088 0.236191 0.363636 0.236191 0.3522724 0.2165085 0.3295451 0.2165085 0.3409088 0.236191 0.3295451 0.2165085 0.3181815 0.236191 0.3409088 0.236191 0.3749997 0.2165085 0.3522724 0.2165085 0.363636 0.236191 0.3749997 0.2165085 0.363636 0.196826 0.3522724 0.2165085 0.363636 0.196826 0.3409088 0.196826 0.3522724 0.2165085 0.3977268 0.2165085 0.3863633 0.236191 0.4090905 0.236191 0.3977268 0.2165085 0.3749997 0.2165085 0.3863633 0.236191 0.3749997 0.2165085 0.363636 0.236191 0.3863633 0.236191 0.5340904 0.2165085 0.5227268 0.236191 0.545454 0.236191 0.5340904 0.2165085 0.5113632 0.2165085 0.5227268 0.236191 0.5113632 0.2165085 0.4999995 0.236191 0.5227268 0.236191 0.5568177 0.2165085 0.5340904 0.2165085 0.545454 0.236191 0.5568177 0.2165085 0.545454 0.196826 0.5340904 0.2165085 0.545454 0.196826 0.5227268 0.196826 0.5340904 0.2165085 0.5795449 0.2165085 0.5681813 0.236191 0.5909085 0.236191 0.5795449 0.2165085 0.5568177 0.2165085 0.5681813 0.236191 0.5568177 0.2165085 0.545454 0.236191 0.5681813 0.236191 0.7613629 0.3346036 0.7386357 0.3346036 0.7499993 0.3542863 0.7613629 0.3346036 0.7499993 0.314921 0.7386357 0.3346036 0.7499993 0.314921 0.727272 0.314921 0.7386357 0.3346036 0.7727265 0.3542863 0.7613629 0.3346036 0.7499993 0.3542863 0.7727265 0.3542863 0.7840902 0.3346036 0.7613629 0.3346036 0.7840902 0.3346036 0.7727265 0.314921 0.7613629 0.3346036 0.7840901 0.3739688 0.7613629 0.3739688 0.7727265 0.3936515 0.7840901 0.3739688 0.7727265 0.3542863 0.7613629 0.3739688 0.7727265 0.3542863 0.7499993 0.3542863 0.7613629 0.3739688 0.9431815 0.3346036 0.9204542 0.3346036 0.9318178 0.3542863 0.9431815 0.3346036 0.9318179 0.314921 0.9204542 0.3346036 0.9318179 0.314921 0.9090905 0.314921 0.9204542 0.3346036 0.9545451 0.3542863 0.9431815 0.3346036 0.9318178 0.3542863 0.9545451 0.3542863 0.9659089 0.3346036 0.9431815 0.3346036 0.9659089 0.3346036 0.9545453 0.314921 0.9431815 0.3346036 0.9659088 0.3739688 0.9431814 0.3739688 0.954545 0.3936515 0.9659088 0.3739688 0.9545451 0.3542863 0.9431814 0.3739688 0.9545451 0.3542863 0.9318178 0.3542863 0.9431814 0.3739688 0.2159088 0.3346036 0.1931816 0.3346036 0.2045452 0.3542863 0.2159088 0.3346036 0.2045452 0.314921 0.1931816 0.3346036 0.2045452 0.314921 0.181818 0.314921 0.1931816 0.3346036 0.2272725 0.3542863 0.2159088 0.3346036 0.2045452 0.3542863 0.2272725 0.3542863 0.2386361 0.3346036 0.2159088 0.3346036 0.2386361 0.3346036 0.2272725 0.314921 0.2159088 0.3346036 0.2386361 0.3739688 0.2159088 0.3739688 0.2272725 0.3936515 0.2386361 0.3739688 0.2272725 0.3542863 0.2159088 0.3739688 0.2272725 0.3542863 0.2045452 0.3542863 0.2159088 0.3739688 0.3977269 0.3346036 0.3749997 0.3346036 0.3863633 0.3542863 0.3977269 0.3346036 0.3863633 0.314921 0.3749997 0.3346036 0.3863633 0.314921 0.363636 0.314921 0.3749997 0.3346036 0.4090905 0.3542863 0.3977269 0.3346036 0.3863633 0.3542863 0.4090905 0.3542863 0.4204542 0.3346036 0.3977269 0.3346036 0.4204542 0.3346036 0.4090905 0.314921 0.3977269 0.3346036 0.4204541 0.3739688 0.3977269 0.3739688 0.4090905 0.3936515 0.4204541 0.3739688 0.4090905 0.3542863 0.3977269 0.3739688 0.4090905 0.3542863 0.3863633 0.3542863 0.3977269 0.3739688 0.5795449 0.3346036 0.5568177 0.3346036 0.5681813 0.3542863 0.5795449 0.3346036 0.5681813 0.314921 0.5568177 0.3346036 0.5681813 0.314921 0.545454 0.314921 0.5568177 0.3346036 0.5909085 0.3542863 0.5795449 0.3346036 0.5681813 0.3542863 0.5909085 0.3542863 0.6022722 0.3346036 0.5795449 0.3346036 0.6022722 0.3346036 0.5909085 0.314921 0.5795449 0.3346036 0.6022722 0.3739688 0.5795449 0.3739688 0.5909085 0.3936515 0.6022722 0.3739688 0.5909085 0.3542863 0.5795449 0.3739688 0.5909085 0.3542863 0.5681813 0.3542863 0.5795449 0.3739688 0.5340904 0.4133341 0.5113632 0.4133341 0.5227268 0.4330167 0.5340904 0.4133341 0.5227268 0.3936515 0.5113632 0.4133341 0.5227268 0.3936515 0.4999995 0.3936515 0.5113632 0.4133341 0.545454 0.4330167 0.5340904 0.4133341 0.5227268 0.4330167 0.545454 0.4330167 0.5568177 0.4133341 0.5340904 0.4133341 0.5568177 0.4133341 0.545454 0.3936515 0.5340904 0.4133341 0.5568177 0.4526994 0.5340904 0.4526994 0.545454 0.472382 0.5568177 0.4526994 0.545454 0.4330167 0.5340904 0.4526994 0.545454 0.4330167 0.5227268 0.4330167 0.5340904 0.4526994 0.545454 0.3542863 0.5340904 0.3346036 0.5227268 0.3542863 0.545454 0.3542863 0.5568177 0.3346036 0.5340904 0.3346036 0.5568177 0.3346036 0.545454 0.314921 0.5340904 0.3346036 0.5340904 0.3739688 0.545454 0.3542863 0.5227268 0.3542863 0.5340904 0.3739688 0.5568177 0.3739688 0.545454 0.3542863 0.5568177 0.3739688 0.5681813 0.3542863 0.545454 0.3542863 0.5227268 0.3936515 0.5113632 0.3739688 0.4999995 0.3936515 0.5227268 0.3936515 0.5340904 0.3739688 0.5113632 0.3739688 0.5340904 0.3739688 0.5227268 0.3542863 0.5113632 0.3739688 0.4886359 0.3346036 0.4659087 0.3346036 0.4772723 0.3542863 0.4886359 0.3346036 0.4772723 0.314921 0.4659087 0.3346036 0.4772723 0.314921 0.454545 0.314921 0.4659087 0.3346036 0.4999995 0.3542863 0.4886359 0.3346036 0.4772723 0.3542863 0.4999995 0.3542863 0.5113632 0.3346036 0.4886359 0.3346036 0.5113632 0.3346036 0.4999995 0.314921 0.4886359 0.3346036 0.5113632 0.3739688 0.4886359 0.3739688 0.4999995 0.3936515 0.5113632 0.3739688 0.4999995 0.3542863 0.4886359 0.3739688 0.4999995 0.3542863 0.4772723 0.3542863 0.4886359 0.3739688 0.3522724 0.4133341 0.3295451 0.4133341 0.3409088 0.4330167 0.3522724 0.4133341 0.3409088 0.3936515 0.3295451 0.4133341 0.3409088 0.3936515 0.3181815 0.3936515 0.3295451 0.4133341 0.363636 0.4330167 0.3522724 0.4133341 0.3409088 0.4330167 0.363636 0.4330167 0.3749997 0.4133341 0.3522724 0.4133341 0.3749997 0.4133341 0.363636 0.3936515 0.3522724 0.4133341 0.3749996 0.4526994 0.3522724 0.4526994 0.363636 0.472382 0.3749996 0.4526994 0.363636 0.4330167 0.3522724 0.4526994 0.363636 0.4330167 0.3409088 0.4330167 0.3522724 0.4526994 0.363636 0.3542863 0.3522724 0.3346036 0.3409088 0.3542863 0.363636 0.3542863 0.3749997 0.3346036 0.3522724 0.3346036 0.3749997 0.3346036 0.363636 0.314921 0.3522724 0.3346036 0.3522724 0.3739688 0.363636 0.3542863 0.3409088 0.3542863 0.3522724 0.3739688 0.3749997 0.3739688 0.363636 0.3542863 0.3749997 0.3739688 0.3863633 0.3542863 0.363636 0.3542863 0.3409088 0.3936515 0.3295451 0.3739688 0.3181815 0.3936515 0.3409088 0.3936515 0.3522724 0.3739688 0.3295451 0.3739688 0.3522724 0.3739688 0.3409088 0.3542863 0.3295451 0.3739688 0.3068179 0.3346036 0.2840906 0.3346036 0.2954543 0.3542863 0.3068179 0.3346036 0.2954543 0.314921 0.2840906 0.3346036 0.2954543 0.314921 0.272727 0.314921 0.2840906 0.3346036 0.3181815 0.3542863 0.3068179 0.3346036 0.2954543 0.3542863 0.3181815 0.3542863 0.3295451 0.3346036 0.3068179 0.3346036 0.3295451 0.3346036 0.3181815 0.314921 0.3068179 0.3346036 0.3295451 0.3739688 0.3068179 0.3739688 0.3181815 0.3936515 0.3295451 0.3739688 0.3181815 0.3542863 0.3068179 0.3739688 0.3181815 0.3542863 0.2954543 0.3542863 0.3068179 0.3739688 0.1704543 0.4133341 0.1477271 0.4133341 0.1590907 0.4330167 0.1704543 0.4133341 0.1590907 0.3936515 0.1477271 0.4133341 0.1590907 0.3936515 0.1363635 0.3936515 0.1477271 0.4133341 0.181818 0.4330167 0.1704543 0.4133341 0.1590907 0.4330167 0.181818 0.4330167 0.1931816 0.4133341 0.1704543 0.4133341 0.1931816 0.4133341 0.181818 0.3936515 0.1704543 0.4133341 0.1931816 0.4526994 0.1704543 0.4526994 0.181818 0.472382 0.1931816 0.4526994 0.181818 0.4330167 0.1704543 0.4526994 0.181818 0.4330167 0.1590907 0.4330167 0.1704543 0.4526994 0.181818 0.3542863 0.1704543 0.3346036 0.1590907 0.3542863 0.181818 0.3542863 0.1931816 0.3346036 0.1704543 0.3346036 0.1931816 0.3346036 0.181818 0.314921 0.1704543 0.3346036 0.1704543 0.3739688 0.181818 0.3542863 0.1590907 0.3542863 0.1704543 0.3739688 0.1931816 0.3739688 0.181818 0.3542863 0.1931816 0.3739688 0.2045452 0.3542863 0.181818 0.3542863 0.1590907 0.3936515 0.1477271 0.3739688 0.1363635 0.3936515 0.1590907 0.3936515 0.1704543 0.3739688 0.1477271 0.3739688 0.1704543 0.3739688 0.1590907 0.3542863 0.1477271 0.3739688 0.1249998 0.3346036 0.1022726 0.3346036 0.1136362 0.3542863 0.1249998 0.3346036 0.1136362 0.314921 0.1022726 0.3346036 0.1136362 0.314921 0.090909 0.314921 0.1022726 0.3346036 0.1363635 0.3542863 0.1249998 0.3346036 0.1136362 0.3542863 0.1363635 0.3542863 0.1477271 0.3346036 0.1249998 0.3346036 0.1477271 0.3346036 0.1363635 0.314921 0.1249998 0.3346036 0.1477271 0.3739688 0.1249998 0.3739688 0.1363635 0.3936515 0.1477271 0.3739688 0.1363635 0.3542863 0.1249998 0.3739688 0.1363635 0.3542863 0.1136362 0.3542863 0.1249998 0.3739688 0.8977265 0.4133341 0.8749991 0.4133341 0.8863627 0.4330167 0.8977265 0.4133341 0.8863629 0.3936515 0.8749991 0.4133341 0.8863629 0.3936515 0.8636355 0.3936515 0.8749991 0.4133341 0.9090902 0.4330167 0.8977265 0.4133341 0.8863627 0.4330167 0.9090902 0.4330167 0.9204539 0.4133341 0.8977265 0.4133341 0.9204539 0.4133341 0.9090903 0.3936515 0.8977265 0.4133341 0.9204538 0.4526994 0.8977264 0.4526994 0.90909 0.472382 0.9204538 0.4526994 0.9090902 0.4330167 0.8977264 0.4526994 0.9090902 0.4330167 0.8863627 0.4330167 0.8977264 0.4526994 0.9090904 0.3542863 0.8977268 0.3346036 0.886363 0.3542863 0.9090904 0.3542863 0.9204542 0.3346036 0.8977268 0.3346036 0.9204542 0.3346036 0.9090905 0.314921 0.8977268 0.3346036 0.8977267 0.3739688 0.9090904 0.3542863 0.886363 0.3542863 0.8977267 0.3739688 0.920454 0.3739688 0.9090904 0.3542863 0.920454 0.3739688 0.9318178 0.3542863 0.9090904 0.3542863 0.8863629 0.3936515 0.8749993 0.3739688 0.8636355 0.3936515 0.8863629 0.3936515 0.8977267 0.3739688 0.8749993 0.3739688 0.8977267 0.3739688 0.886363 0.3542863 0.8749993 0.3739688 0.852272 0.3346036 0.8295446 0.3346036 0.8409082 0.3542863 0.852272 0.3346036 0.8409084 0.314921 0.8295446 0.3346036 0.8409084 0.314921 0.818181 0.314921 0.8295446 0.3346036 0.8636357 0.3542863 0.852272 0.3346036 0.8409082 0.3542863 0.8636357 0.3542863 0.8749994 0.3346036 0.852272 0.3346036 0.8749994 0.3346036 0.8636358 0.314921 0.852272 0.3346036 0.8749993 0.3739688 0.8522719 0.3739688 0.8636355 0.3936515 0.8749993 0.3739688 0.8636357 0.3542863 0.8522719 0.3739688 0.8636357 0.3542863 0.8409082 0.3542863 0.8522719 0.3739688 0.7159084 0.4133341 0.6931812 0.4133341 0.7045448 0.4330167 0.7159084 0.4133341 0.7045448 0.3936515 0.6931812 0.4133341 0.7045448 0.3936515 0.6818175 0.3936515 0.6931812 0.4133341 0.727272 0.4330167 0.7159084 0.4133341 0.7045448 0.4330167 0.727272 0.4330167 0.7386357 0.4133341 0.7159084 0.4133341 0.7386357 0.4133341 0.727272 0.3936515 0.7159084 0.4133341 0.7386356 0.4526994 0.7159084 0.4526994 0.727272 0.472382 0.7386356 0.4526994 0.727272 0.4330167 0.7159084 0.4526994 0.727272 0.4330167 0.7045448 0.4330167 0.7159084 0.4526994 0.727272 0.3542863 0.7159084 0.3346036 0.7045448 0.3542863 0.727272 0.3542863 0.7386357 0.3346036 0.7159084 0.3346036 0.7386357 0.3346036 0.727272 0.314921 0.7159084 0.3346036 0.7159084 0.3739688 0.727272 0.3542863 0.7045448 0.3542863 0.7159084 0.3739688 0.7386357 0.3739688 0.727272 0.3542863 0.7386357 0.3739688 0.7499993 0.3542863 0.727272 0.3542863 0.7045448 0.3936515 0.6931812 0.3739688 0.6818175 0.3936515 0.7045448 0.3936515 0.7159084 0.3739688 0.6931812 0.3739688 0.7159084 0.3739688 0.7045448 0.3542863 0.6931812 0.3739688 0.6704539 0.3346036 0.6477267 0.3346036 0.6590903 0.3542863 0.6704539 0.3346036 0.6590903 0.314921 0.6477267 0.3346036 0.6590903 0.314921 0.636363 0.314921 0.6477267 0.3346036 0.6818175 0.3542863 0.6704539 0.3346036 0.6590903 0.3542863 0.6818175 0.3542863 0.6931812 0.3346036 0.6704539 0.3346036 0.6931812 0.3346036 0.6818175 0.314921 0.6704539 0.3346036 0.6931812 0.3739688 0.6704539 0.3739688 0.6818175 0.3936515 0.6931812 0.3739688 0.6818175 0.3542863 0.6704539 0.3739688 0.6818175 0.3542863 0.6590903 0.3542863 0.6704539 0.3739688 0.5795449 0.2952385 0.5681813 0.314921 0.5909085 0.314921 0.5795449 0.2952385 0.5568177 0.2952385 0.5681813 0.314921 0.5568177 0.2952385 0.545454 0.314921 0.5681813 0.314921 0.6022722 0.2952385 0.5795449 0.2952385 0.5909085 0.314921 0.6022722 0.2952385 0.5909085 0.275556 0.5795449 0.2952385 0.5909085 0.275556 0.5681813 0.275556 0.5795449 0.2952385 0.6249994 0.2952385 0.6136358 0.314921 0.636363 0.314921 0.6249994 0.2952385 0.6022722 0.2952385 0.6136358 0.314921 0.6022722 0.2952385 0.5909085 0.314921 0.6136358 0.314921 0.5340904 0.2558735 0.5113632 0.2558735 0.5227268 0.275556 0.5340904 0.2558735 0.5227268 0.236191 0.5113632 0.2558735 0.5227268 0.236191 0.4999995 0.236191 0.5113632 0.2558735 0.545454 0.275556 0.5340904 0.2558735 0.5227268 0.275556 0.545454 0.275556 0.5568177 0.2558735 0.5340904 0.2558735 0.5568177 0.2558735 0.545454 0.236191 0.5340904 0.2558735 0.5568177 0.2952385 0.5340904 0.2952385 0.545454 0.314921 0.5568177 0.2952385 0.545454 0.275556 0.5340904 0.2952385 0.545454 0.275556 0.5227268 0.275556 0.5340904 0.2952385 0.4886359 0.2952385 0.4772723 0.314921 0.4999995 0.314921 0.4886359 0.2952385 0.4659087 0.2952385 0.4772723 0.314921 0.4659087 0.2952385 0.454545 0.314921 0.4772723 0.314921 0.5113632 0.2952385 0.4886359 0.2952385 0.4999995 0.314921 0.5113632 0.2952385 0.4999995 0.275556 0.4886359 0.2952385 0.4999995 0.275556 0.4772723 0.275556 0.4886359 0.2952385 0.5340904 0.2952385 0.5227268 0.314921 0.545454 0.314921 0.5340904 0.2952385 0.5113632 0.2952385 0.5227268 0.314921 0.5113632 0.2952385 0.4999995 0.314921 0.5227268 0.314921 0.3977269 0.2952385 0.3863633 0.314921 0.4090905 0.314921 0.3977269 0.2952385 0.3749997 0.2952385 0.3863633 0.314921 0.3749997 0.2952385 0.363636 0.314921 0.3863633 0.314921 0.4204542 0.2952385 0.3977269 0.2952385 0.4090905 0.314921 0.4204542 0.2952385 0.4090905 0.275556 0.3977269 0.2952385 0.4090905 0.275556 0.3863633 0.275556 0.3977269 0.2952385 0.4431813 0.2952385 0.4318178 0.314921 0.454545 0.314921 0.4431813 0.2952385 0.4204542 0.2952385 0.4318178 0.314921 0.4204542 0.2952385 0.4090905 0.314921 0.4318178 0.314921 0.3522724 0.2558735 0.3295451 0.2558735 0.3409088 0.275556 0.3522724 0.2558735 0.3409088 0.236191 0.3295451 0.2558735 0.3409088 0.236191 0.3181815 0.236191 0.3295451 0.2558735 0.363636 0.275556 0.3522724 0.2558735 0.3409088 0.275556 0.363636 0.275556 0.3749997 0.2558735 0.3522724 0.2558735 0.3749997 0.2558735 0.363636 0.236191 0.3522724 0.2558735 0.3749997 0.2952385 0.3522724 0.2952385 0.363636 0.314921 0.3749997 0.2952385 0.363636 0.275556 0.3522724 0.2952385 0.363636 0.275556 0.3409088 0.275556 0.3522724 0.2952385 0.3068179 0.2952385 0.2954543 0.314921 0.3181815 0.314921 0.3068179 0.2952385 0.2840906 0.2952385 0.2954543 0.314921 0.2840906 0.2952385 0.272727 0.314921 0.2954543 0.314921 0.3295451 0.2952385 0.3068179 0.2952385 0.3181815 0.314921 0.3295451 0.2952385 0.3181815 0.275556 0.3068179 0.2952385 0.3181815 0.275556 0.2954543 0.275556 0.3068179 0.2952385 0.3522724 0.2952385 0.3409088 0.314921 0.363636 0.314921 0.3522724 0.2952385 0.3295451 0.2952385 0.3409088 0.314921 0.3295451 0.2952385 0.3181815 0.314921 0.3409088 0.314921 0.2159088 0.2952385 0.2045452 0.314921 0.2272725 0.314921 0.2159088 0.2952385 0.1931816 0.2952385 0.2045452 0.314921 0.1931816 0.2952385 0.181818 0.314921 0.2045452 0.314921 0.2386361 0.2952385 0.2159088 0.2952385 0.2272725 0.314921 0.2386361 0.2952385 0.2272725 0.275556 0.2159088 0.2952385 0.2272725 0.275556 0.2045452 0.275556 0.2159088 0.2952385 0.2613634 0.2952385 0.2499997 0.314921 0.272727 0.314921 0.2613634 0.2952385 0.2386361 0.2952385 0.2499997 0.314921 0.2386361 0.2952385 0.2272725 0.314921 0.2499997 0.314921 0.1704543 0.2558735 0.1477271 0.2558735 0.1590907 0.275556 0.1704543 0.2558735 0.1590907 0.236191 0.1477271 0.2558735 0.1590907 0.236191 0.1363635 0.236191 0.1477271 0.2558735 0.181818 0.275556 0.1704543 0.2558735 0.1590907 0.275556 0.181818 0.275556 0.1931816 0.2558735 0.1704543 0.2558735 0.1931816 0.2558735 0.181818 0.236191 0.1704543 0.2558735 0.1931816 0.2952385 0.1704543 0.2952385 0.181818 0.314921 0.1931816 0.2952385 0.181818 0.275556 0.1704543 0.2952385 0.181818 0.275556 0.1590907 0.275556 0.1704543 0.2952385 0.1249998 0.2952385 0.1136362 0.314921 0.1363635 0.314921 0.1249998 0.2952385 0.1022726 0.2952385 0.1136362 0.314921 0.1022726 0.2952385 0.090909 0.314921 0.1136362 0.314921 0.1477271 0.2952385 0.1249998 0.2952385 0.1363635 0.314921 0.1477271 0.2952385 0.1363635 0.275556 0.1249998 0.2952385 0.1363635 0.275556 0.1136362 0.275556 0.1249998 0.2952385 0.1704543 0.2952385 0.1590907 0.314921 0.181818 0.314921 0.1704543 0.2952385 0.1477271 0.2952385 0.1590907 0.314921 0.1477271 0.2952385 0.1363635 0.314921 0.1590907 0.314921 0.9431815 0.2952385 0.9318179 0.314921 0.9545453 0.314921 0.9431815 0.2952385 0.9204542 0.2952385 0.9318179 0.314921 0.9204542 0.2952385 0.9090905 0.314921 0.9318179 0.314921 0.9659089 0.2952385 0.9431815 0.2952385 0.9545453 0.314921 0.9659089 0.2952385 0.9545451 0.275556 0.9431815 0.2952385 0.9545451 0.275556 0.9318178 0.275556 0.9431815 0.2952385 0.9886363 0.2952385 0.9772726 0.314921 1 0.314921 0.9886363 0.2952385 0.9659089 0.2952385 0.9772726 0.314921 0.9659089 0.2952385 0.9545453 0.314921 0.9772726 0.314921 0.8977267 0.2558735 0.8749993 0.2558735 0.886363 0.275556 0.8977267 0.2558735 0.8863629 0.236191 0.8749993 0.2558735 0.8863629 0.236191 0.8636355 0.236191 0.8749993 0.2558735 0.9090904 0.275556 0.8977267 0.2558735 0.886363 0.275556 0.9090904 0.275556 0.920454 0.2558735 0.8977267 0.2558735 0.920454 0.2558735 0.9090903 0.236191 0.8977267 0.2558735 0.9204542 0.2952385 0.8977268 0.2952385 0.9090905 0.314921 0.9204542 0.2952385 0.9090904 0.275556 0.8977268 0.2952385 0.9090904 0.275556 0.886363 0.275556 0.8977268 0.2952385 0.852272 0.2952385 0.8409084 0.314921 0.8636358 0.314921 0.852272 0.2952385 0.8295446 0.2952385 0.8409084 0.314921 0.8295446 0.2952385 0.818181 0.314921 0.8409084 0.314921 0.8749994 0.2952385 0.852272 0.2952385 0.8636358 0.314921 0.8749994 0.2952385 0.8636357 0.275556 0.852272 0.2952385 0.8636357 0.275556 0.8409082 0.275556 0.852272 0.2952385 0.8977268 0.2952385 0.8863632 0.314921 0.9090905 0.314921 0.8977268 0.2952385 0.8749994 0.2952385 0.8863632 0.314921 0.8749994 0.2952385 0.8636358 0.314921 0.8863632 0.314921 0.7613629 0.2952385 0.7499993 0.314921 0.7727265 0.314921 0.7613629 0.2952385 0.7386357 0.2952385 0.7499993 0.314921 0.7386357 0.2952385 0.727272 0.314921 0.7499993 0.314921 0.7840902 0.2952385 0.7613629 0.2952385 0.7727265 0.314921 0.7840902 0.2952385 0.7727265 0.275556 0.7613629 0.2952385 0.7727265 0.275556 0.7499993 0.275556 0.7613629 0.2952385 0.8068174 0.2952385 0.7954538 0.314921 0.818181 0.314921 0.8068174 0.2952385 0.7840902 0.2952385 0.7954538 0.314921 0.7840902 0.2952385 0.7727265 0.314921 0.7954538 0.314921 0.7159084 0.2558735 0.6931812 0.2558735 0.7045448 0.275556 0.7159084 0.2558735 0.7045448 0.236191 0.6931812 0.2558735 0.7045448 0.236191 0.6818175 0.236191 0.6931812 0.2558735 0.727272 0.275556 0.7159084 0.2558735 0.7045448 0.275556 0.727272 0.275556 0.7386357 0.2558735 0.7159084 0.2558735 0.7386357 0.2558735 0.727272 0.236191 0.7159084 0.2558735 0.7386357 0.2952385 0.7159084 0.2952385 0.727272 0.314921 0.7386357 0.2952385 0.727272 0.275556 0.7159084 0.2952385 0.727272 0.275556 0.7045448 0.275556 0.7159084 0.2952385 0.6704539 0.2952385 0.6590903 0.314921 0.6818175 0.314921 0.6704539 0.2952385 0.6477267 0.2952385 0.6590903 0.314921 0.6477267 0.2952385 0.636363 0.314921 0.6590903 0.314921 0.6931812 0.2952385 0.6704539 0.2952385 0.6818175 0.314921 0.6931812 0.2952385 0.6818175 0.275556 0.6704539 0.2952385 0.6818175 0.275556 0.6590903 0.275556 0.6704539 0.2952385 0.7159084 0.2952385 0.7045448 0.314921 0.727272 0.314921 0.7159084 0.2952385 0.6931812 0.2952385 0.7045448 0.314921 0.6931812 0.2952385 0.6818175 0.314921 0.7045448 0.314921 0.4431814 0.2558735 0.4204541 0.2558735 0.4318177 0.275556 0.4431814 0.2558735 0.4318178 0.236191 0.4204541 0.2558735 0.4318178 0.236191 0.4090905 0.236191 0.4204541 0.2558735 0.454545 0.275556 0.4431814 0.2558735 0.4318177 0.275556 0.454545 0.275556 0.4659087 0.2558735 0.4431814 0.2558735 0.4659087 0.2558735 0.454545 0.236191 0.4431814 0.2558735 0.4659087 0.2952385 0.4431813 0.2952385 0.454545 0.314921 0.4659087 0.2952385 0.454545 0.275556 0.4431813 0.2952385 0.454545 0.275556 0.4318177 0.275556 0.4431813 0.2952385 0.454545 0.196826 0.4431814 0.1771435 0.4318178 0.196826 0.454545 0.196826 0.4659087 0.1771435 0.4431814 0.1771435 0.4659087 0.1771435 0.454545 0.157461 0.4431814 0.1771435 0.4431814 0.2165085 0.454545 0.196826 0.4318178 0.196826 0.4431814 0.2165085 0.4659087 0.2165085 0.454545 0.196826 0.4659087 0.2165085 0.4772723 0.196826 0.454545 0.196826 0.4318178 0.236191 0.4204542 0.2165085 0.4090905 0.236191 0.4318178 0.236191 0.4431814 0.2165085 0.4204542 0.2165085 0.4431814 0.2165085 0.4318178 0.196826 0.4204542 0.2165085 0.3977269 0.1771435 0.3749996 0.1771435 0.3863632 0.196826 0.3977269 0.1771435 0.3863633 0.157461 0.3749996 0.1771435 0.3863633 0.157461 0.363636 0.157461 0.3749996 0.1771435 0.4090905 0.196826 0.3977269 0.1771435 0.3863632 0.196826 0.4090905 0.196826 0.4204542 0.1771435 0.3977269 0.1771435 0.4204542 0.1771435 0.4090905 0.157461 0.3977269 0.1771435 0.4204542 0.2165085 0.3977268 0.2165085 0.4090905 0.236191 0.4204542 0.2165085 0.4090905 0.196826 0.3977268 0.2165085 0.4090905 0.196826 0.3863632 0.196826 0.3977268 0.2165085 0.2613634 0.2558735 0.2386361 0.2558735 0.2499997 0.275556 0.2613634 0.2558735 0.2499997 0.236191 0.2386361 0.2558735 0.2499997 0.236191 0.2272725 0.236191 0.2386361 0.2558735 0.272727 0.275556 0.2613634 0.2558735 0.2499997 0.275556 0.272727 0.275556 0.2840906 0.2558735 0.2613634 0.2558735 0.2840906 0.2558735 0.272727 0.236191 0.2613634 0.2558735 0.2840906 0.2952385 0.2613634 0.2952385 0.272727 0.314921 0.2840906 0.2952385 0.272727 0.275556 0.2613634 0.2952385 0.272727 0.275556 0.2499997 0.275556 0.2613634 0.2952385 0.272727 0.196826 0.2613633 0.1771435 0.2499997 0.196826 0.272727 0.196826 0.2840906 0.1771435 0.2613633 0.1771435 0.2840906 0.1771435 0.272727 0.157461 0.2613633 0.1771435 0.2613634 0.2165085 0.272727 0.196826 0.2499997 0.196826 0.2613634 0.2165085 0.2840906 0.2165085 0.272727 0.196826 0.2840906 0.2165085 0.2954543 0.196826 0.272727 0.196826 0.2499997 0.236191 0.2386361 0.2165085 0.2272725 0.236191 0.2499997 0.236191 0.2613634 0.2165085 0.2386361 0.2165085 0.2613634 0.2165085 0.2499997 0.196826 0.2386361 0.2165085 0.2159088 0.1771435 0.1931816 0.1771435 0.2045452 0.196826 0.2159088 0.1771435 0.2045452 0.157461 0.1931816 0.1771435 0.2045452 0.157461 0.181818 0.157461 0.1931816 0.1771435 0.2272725 0.196826 0.2159088 0.1771435 0.2045452 0.196826 0.2272725 0.196826 0.2386361 0.1771435 0.2159088 0.1771435 0.2386361 0.1771435 0.2272725 0.157461 0.2159088 0.1771435 0.2386361 0.2165085 0.2159088 0.2165085 0.2272725 0.236191 0.2386361 0.2165085 0.2272725 0.196826 0.2159088 0.2165085 0.2272725 0.196826 0.2045452 0.196826 0.2159088 0.2165085 0.07954537 0.2558735 0.05681806 0.2558735 0.06818175 0.275556 0.07954537 0.2558735 0.06818175 0.236191 0.05681806 0.2558735 0.06818175 0.236191 0.0454545 0.236191 0.05681806 0.2558735 0.09090894 0.275556 0.07954537 0.2558735 0.06818175 0.275556 0.09090894 0.275556 0.1022726 0.2558735 0.07954537 0.2558735 0.1022726 0.2558735 0.090909 0.236191 0.07954537 0.2558735 0.1022726 0.2952385 0.07954537 0.2952385 0.090909 0.314921 0.1022726 0.2952385 0.09090894 0.275556 0.07954537 0.2952385 0.09090894 0.275556 0.06818175 0.275556 0.07954537 0.2952385 0.09090894 0.196826 0.07954537 0.1771435 0.06818175 0.196826 0.09090894 0.196826 0.1022726 0.1771435 0.07954537 0.1771435 0.1022726 0.1771435 0.090909 0.157461 0.07954537 0.1771435 0.07954537 0.2165085 0.09090894 0.196826 0.06818175 0.196826 0.07954537 0.2165085 0.1022726 0.2165085 0.09090894 0.196826 0.1022726 0.2165085 0.1136362 0.196826 0.09090894 0.196826 0.06818175 0.236191 0.05681806 0.2165085 0.0454545 0.236191 0.06818175 0.236191 0.07954537 0.2165085 0.05681806 0.2165085 0.07954537 0.2165085 0.06818175 0.196826 0.05681806 0.2165085 0.03409087 0.1771435 0.01136362 0.1771435 0.02272725 0.196826 0.03409087 0.1771435 0.02272725 0.157461 0.01136362 0.1771435 0.02272725 0.157461 0 0.157461 0.01136362 0.1771435 0.0454545 0.196826 0.03409087 0.1771435 0.02272725 0.196826 0.0454545 0.196826 0.05681806 0.1771435 0.03409087 0.1771435 0.05681806 0.1771435 0.0454545 0.157461 0.03409087 0.1771435 0.05681806 0.2165085 0.03409087 0.2165085 0.0454545 0.236191 0.05681806 0.2165085 0.0454545 0.196826 0.03409087 0.2165085 0.0454545 0.196826 0.02272725 0.196826 0.03409087 0.2165085 0.8068174 0.2558735 0.7840901 0.2558735 0.7954537 0.275556 0.8068174 0.2558735 0.7954537 0.236191 0.7840901 0.2558735 0.7954537 0.236191 0.7727265 0.236191 0.7840901 0.2558735 0.818181 0.275556 0.8068174 0.2558735 0.7954537 0.275556 0.818181 0.275556 0.8295446 0.2558735 0.8068174 0.2558735 0.8295446 0.2558735 0.818181 0.236191 0.8068174 0.2558735 0.8295446 0.2952385 0.8068174 0.2952385 0.818181 0.314921 0.8295446 0.2952385 0.818181 0.275556 0.8068174 0.2952385 0.818181 0.275556 0.7954537 0.275556 0.8068174 0.2952385 0.818181 0.196826 0.8068174 0.1771435 0.7954537 0.196826 0.818181 0.196826 0.8295446 0.1771435 0.8068174 0.1771435 0.8295446 0.1771435 0.818181 0.157461 0.8068174 0.1771435 0.8068174 0.2165085 0.818181 0.196826 0.7954537 0.196826 0.8068174 0.2165085 0.8295446 0.2165085 0.818181 0.196826 0.8295446 0.2165085 0.8409082 0.196826 0.818181 0.196826 0.7954537 0.236191 0.7840901 0.2165085 0.7727265 0.236191 0.7954537 0.236191 0.8068174 0.2165085 0.7840901 0.2165085 0.8068174 0.2165085 0.7954537 0.196826 0.7840901 0.2165085 0.7613629 0.1771435 0.7386356 0.1771435 0.7499992 0.196826 0.7613629 0.1771435 0.7499992 0.157461 0.7386356 0.1771435 0.7499992 0.157461 0.727272 0.157461 0.7386356 0.1771435 0.7727265 0.196826 0.7613629 0.1771435 0.7499992 0.196826 0.7727265 0.196826 0.7840901 0.1771435 0.7613629 0.1771435 0.7840901 0.1771435 0.7727265 0.157461 0.7613629 0.1771435 0.7840901 0.2165085 0.7613629 0.2165085 0.7727265 0.236191 0.7840901 0.2165085 0.7727265 0.196826 0.7613629 0.2165085 0.7727265 0.196826 0.7499992 0.196826 0.7613629 0.2165085 0.6249994 0.2558735 0.6022722 0.2558735 0.6136358 0.275556 0.6249994 0.2558735 0.6136358 0.236191 0.6022722 0.2558735 0.6136358 0.236191 0.5909085 0.236191 0.6022722 0.2558735 0.636363 0.275556 0.6249994 0.2558735 0.6136358 0.275556 0.636363 0.275556 0.6477267 0.2558735 0.6249994 0.2558735 0.6477267 0.2558735 0.636363 0.236191 0.6249994 0.2558735 0.6477267 0.2952385 0.6249994 0.2952385 0.636363 0.314921 0.6477267 0.2952385 0.636363 0.275556 0.6249994 0.2952385 0.636363 0.275556 0.6136358 0.275556 0.6249994 0.2952385 0.636363 0.196826 0.6249994 0.1771435 0.6136358 0.196826 0.636363 0.196826 0.6477267 0.1771435 0.6249994 0.1771435 0.6477267 0.1771435 0.636363 0.157461 0.6249994 0.1771435 0.6249994 0.2165085 0.636363 0.196826 0.6136358 0.196826 0.6249994 0.2165085 0.6477267 0.2165085 0.636363 0.196826 0.6477267 0.2165085 0.6590903 0.196826 0.636363 0.196826 0.6136358 0.236191 0.6022722 0.2165085 0.5909085 0.236191 0.6136358 0.236191 0.6249994 0.2165085 0.6022722 0.2165085 0.6249994 0.2165085 0.6136358 0.196826 0.6022722 0.2165085 0.5795449 0.1771435 0.5568177 0.1771435 0.5681813 0.196826 0.5795449 0.1771435 0.5681813 0.157461 0.5568177 0.1771435 0.5681813 0.157461 0.545454 0.157461 0.5568177 0.1771435 0.5909085 0.196826 0.5795449 0.1771435 0.5681813 0.196826 0.5909085 0.196826 0.6022722 0.1771435 0.5795449 0.1771435 0.6022722 0.1771435 0.5909085 0.157461 0.5795449 0.1771435 0.6022722 0.2165085 0.5795449 0.2165085 0.5909085 0.236191 0.6022722 0.2165085 0.5909085 0.196826 0.5795449 0.2165085 0.5909085 0.196826 0.5681813 0.196826 0.5795449 0.2165085 0.4886359 0.1377784 0.4772723 0.157461 0.4999995 0.157461 0.4886359 0.1377784 0.4659087 0.1377784 0.4772723 0.157461 0.4659087 0.1377784 0.454545 0.157461 0.4772723 0.157461 0.5113632 0.1377784 0.4886359 0.1377784 0.4999995 0.157461 0.5113632 0.1377784 0.4999995 0.1180957 0.4886359 0.1377784 0.4999995 0.1180957 0.4772723 0.1180957 0.4886359 0.1377784 0.5340904 0.1377784 0.5227268 0.157461 0.545454 0.157461 0.5340904 0.1377784 0.5113632 0.1377784 0.5227268 0.157461 0.5113632 0.1377784 0.4999995 0.157461 0.5227268 0.157461 0.4431814 0.0984131 0.4204542 0.0984131 0.4318178 0.1180957 0.4431814 0.0984131 0.4318178 0.07873046 0.4204542 0.0984131 0.4318178 0.07873046 0.4090905 0.07873046 0.4204542 0.0984131 0.454545 0.1180957 0.4431814 0.0984131 0.4318178 0.1180957 0.454545 0.1180957 0.4659087 0.0984131 0.4431814 0.0984131 0.4659087 0.0984131 0.454545 0.07873046 0.4431814 0.0984131 0.4659087 0.1377784 0.4431814 0.1377784 0.454545 0.157461 0.4659087 0.1377784 0.454545 0.1180957 0.4431814 0.1377784 0.454545 0.1180957 0.4318178 0.1180957 0.4431814 0.1377784 0.3977269 0.1377784 0.3863633 0.157461 0.4090905 0.157461 0.3977269 0.1377784 0.3749996 0.1377784 0.3863633 0.157461 0.3749996 0.1377784 0.363636 0.157461 0.3863633 0.157461 0.4204542 0.1377784 0.3977269 0.1377784 0.4090905 0.157461 0.4204542 0.1377784 0.4090905 0.1180957 0.3977269 0.1377784 0.4090905 0.1180957 0.3863632 0.1180957 0.3977269 0.1377784 0.4431814 0.1377784 0.4318178 0.157461 0.454545 0.157461 0.4431814 0.1377784 0.4204542 0.1377784 0.4318178 0.157461 0.4204542 0.1377784 0.4090905 0.157461 0.4318178 0.157461 0.3068179 0.1377784 0.2954542 0.157461 0.3181815 0.157461 0.3068179 0.1377784 0.2840906 0.1377784 0.2954542 0.157461 0.2840906 0.1377784 0.272727 0.157461 0.2954542 0.157461 0.3295451 0.1377784 0.3068179 0.1377784 0.3181815 0.157461 0.3295451 0.1377784 0.3181815 0.1180957 0.3068179 0.1377784 0.3181815 0.1180957 0.2954543 0.1180957 0.3068179 0.1377784 0.3522724 0.1377784 0.3409087 0.157461 0.363636 0.157461 0.3522724 0.1377784 0.3295451 0.1377784 0.3409087 0.157461 0.3295451 0.1377784 0.3181815 0.157461 0.3409087 0.157461 0.2613634 0.0984131 0.2386361 0.0984131 0.2499997 0.1180957 0.2613634 0.0984131 0.2499997 0.07873046 0.2386361 0.0984131 0.2499997 0.07873046 0.2272725 0.07873046 0.2386361 0.0984131 0.272727 0.1180957 0.2613634 0.0984131 0.2499997 0.1180957 0.272727 0.1180957 0.2840906 0.0984131 0.2613634 0.0984131 0.2840906 0.0984131 0.272727 0.07873046 0.2613634 0.0984131 0.2840906 0.1377784 0.2613633 0.1377784 0.272727 0.157461 0.2840906 0.1377784 0.272727 0.1180957 0.2613633 0.1377784 0.272727 0.1180957 0.2499997 0.1180957 0.2613633 0.1377784 0.2159088 0.1377784 0.2045452 0.157461 0.2272725 0.157461 0.2159088 0.1377784 0.1931816 0.1377784 0.2045452 0.157461 0.1931816 0.1377784 0.181818 0.157461 0.2045452 0.157461 0.2386361 0.1377784 0.2159088 0.1377784 0.2272725 0.157461 0.2386361 0.1377784 0.2272725 0.1180957 0.2159088 0.1377784 0.2272725 0.1180957 0.2045452 0.1180957 0.2159088 0.1377784 0.2613633 0.1377784 0.2499997 0.157461 0.272727 0.157461 0.2613633 0.1377784 0.2386361 0.1377784 0.2499997 0.157461 0.2386361 0.1377784 0.2272725 0.157461 0.2499997 0.157461 0.1249998 0.1377784 0.1136362 0.157461 0.1363635 0.157461 0.1249998 0.1377784 0.1022726 0.1377784 0.1136362 0.157461 0.1022726 0.1377784 0.090909 0.157461 0.1136362 0.157461 0.1477271 0.1377784 0.1249998 0.1377784 0.1363635 0.157461 0.1477271 0.1377784 0.1363635 0.1180957 0.1249998 0.1377784 0.1363635 0.1180957 0.1136362 0.1180957 0.1249998 0.1377784 0.1704543 0.1377784 0.1590907 0.157461 0.181818 0.157461 0.1704543 0.1377784 0.1477271 0.1377784 0.1590907 0.157461 0.1477271 0.1377784 0.1363635 0.157461 0.1590907 0.157461 0.07954537 0.0984131 0.05681806 0.0984131 0.06818175 0.1180957 0.07954537 0.0984131 0.06818175 0.07873046 0.05681806 0.0984131 0.06818175 0.07873046 0.0454545 0.07873046 0.05681806 0.0984131 0.09090894 0.1180957 0.07954537 0.0984131 0.06818175 0.1180957 0.09090894 0.1180957 0.1022726 0.0984131 0.07954537 0.0984131 0.1022726 0.0984131 0.090909 0.07873046 0.07954537 0.0984131 0.1022726 0.1377784 0.07954537 0.1377784 0.090909 0.157461 0.1022726 0.1377784 0.09090894 0.1180957 0.07954537 0.1377784 0.09090894 0.1180957 0.06818175 0.1180957 0.07954537 0.1377784 0.03409087 0.1377784 0.02272725 0.157461 0.0454545 0.157461 0.03409087 0.1377784 0.01136362 0.1377784 0.02272725 0.157461 0.01136362 0.1377784 0 0.157461 0.02272725 0.157461 0.05681806 0.1377784 0.03409087 0.1377784 0.0454545 0.157461 0.05681806 0.1377784 0.0454545 0.1180957 0.03409087 0.1377784 0.0454545 0.1180957 0.02272725 0.1180957 0.03409087 0.1377784 0.07954537 0.1377784 0.06818175 0.157461 0.090909 0.157461 0.07954537 0.1377784 0.05681806 0.1377784 0.06818175 0.157461 0.05681806 0.1377784 0.0454545 0.157461 0.06818175 0.157461 0.5909085 0.1180957 0.5795449 0.0984131 0.5681813 0.1180957 0.5909085 0.1180957 0.6022722 0.0984131 0.5795449 0.0984131 0.6022722 0.0984131 0.5909085 0.07873046 0.5795449 0.0984131 0.5795449 0.1377784 0.5909085 0.1180957 0.5681813 0.1180957 0.5795449 0.1377784 0.6022722 0.1377784 0.5909085 0.1180957 0.6022722 0.1377784 0.6136358 0.1180957 0.5909085 0.1180957 0.5681813 0.157461 0.5568177 0.1377784 0.545454 0.157461 0.5681813 0.157461 0.5795449 0.1377784 0.5568177 0.1377784 0.5795449 0.1377784 0.5681813 0.1180957 0.5568177 0.1377784 0.6477267 0.0984131 0.6590903 0.07873046 0.636363 0.07873046 0.6477267 0.0984131 0.6704539 0.0984131 0.6590903 0.07873046 0.6704539 0.0984131 0.6818175 0.07873046 0.6590903 0.07873046 0.6249994 0.0984131 0.6477267 0.0984131 0.636363 0.07873046 0.6249994 0.0984131 0.636363 0.1180957 0.6477267 0.0984131 0.636363 0.1180957 0.6590903 0.1180957 0.6477267 0.0984131 0.6022722 0.0984131 0.6136358 0.07873046 0.5909085 0.07873046 0.6022722 0.0984131 0.6249994 0.0984131 0.6136358 0.07873046 0.6249994 0.0984131 0.636363 0.07873046 0.6136358 0.07873046 0.636363 0.03936523 0.6249994 0.01968258 0.6136358 0.03936523 0.636363 0.03936523 0.6477267 0.01968258 0.6249994 0.01968258 0.6477267 0.01968258 0.636363 0 0.6249994 0.01968258 0.6249994 0.05904787 0.636363 0.03936523 0.6136358 0.03936523 0.6249994 0.05904787 0.6477267 0.05904787 0.636363 0.03936523 0.6477267 0.05904787 0.6590903 0.03936523 0.636363 0.03936523 0.6136358 0.07873046 0.6022722 0.05904787 0.5909085 0.07873046 0.6136358 0.07873046 0.6249994 0.05904787 0.6022722 0.05904787 0.6249994 0.05904787 0.6136358 0.03936523 0.6022722 0.05904787 0.8522719 0.1377784 0.8409082 0.157461 0.8636355 0.157461 0.8522719 0.1377784 0.8295446 0.1377784 0.8409082 0.157461 0.8295446 0.1377784 0.818181 0.157461 0.8409082 0.157461 0.8749991 0.1377784 0.8522719 0.1377784 0.8636355 0.157461 0.8749991 0.1377784 0.8636355 0.1180957 0.8522719 0.1377784 0.8636355 0.1180957 0.8409082 0.1180957 0.8522719 0.1377784 0.8977264 0.1377784 0.8863627 0.157461 0.90909 0.157461 0.8977264 0.1377784 0.8749991 0.1377784 0.8863627 0.157461 0.8749991 0.1377784 0.8636355 0.157461 0.8863627 0.157461 0.8068174 0.0984131 0.7840901 0.0984131 0.7954537 0.1180957 0.8068174 0.0984131 0.7954537 0.07873046 0.7840901 0.0984131 0.7954537 0.07873046 0.7727265 0.07873046 0.7840901 0.0984131 0.818181 0.1180957 0.8068174 0.0984131 0.7954537 0.1180957 0.818181 0.1180957 0.8295446 0.0984131 0.8068174 0.0984131 0.8295446 0.0984131 0.818181 0.07873046 0.8068174 0.0984131 0.8295446 0.1377784 0.8068174 0.1377784 0.818181 0.157461 0.8295446 0.1377784 0.818181 0.1180957 0.8068174 0.1377784 0.818181 0.1180957 0.7954537 0.1180957 0.8068174 0.1377784 0.7613629 0.1377784 0.7499992 0.157461 0.7727265 0.157461 0.7613629 0.1377784 0.7386356 0.1377784 0.7499992 0.157461 0.7386356 0.1377784 0.727272 0.157461 0.7499992 0.157461 0.7840901 0.1377784 0.7613629 0.1377784 0.7727265 0.157461 0.7840901 0.1377784 0.7727265 0.1180957 0.7613629 0.1377784 0.7727265 0.1180957 0.7499992 0.1180957 0.7613629 0.1377784 0.8068174 0.1377784 0.7954537 0.157461 0.818181 0.157461 0.8068174 0.1377784 0.7840901 0.1377784 0.7954537 0.157461 0.7840901 0.1377784 0.7727265 0.157461 0.7954537 0.157461 0.7840901 0.0984131 0.7727265 0.1180957 0.7954537 0.1180957 0.7840901 0.0984131 0.7613629 0.0984131 0.7727265 0.1180957 0.7613629 0.0984131 0.7499992 0.1180957 0.7727265 0.1180957 0.8522719 0.0984131 0.8295446 0.0984131 0.8409082 0.1180957 0.8522719 0.0984131 0.8409082 0.07873046 0.8295446 0.0984131 0.8409082 0.07873046 0.818181 0.07873046 0.8295446 0.0984131 0.8749991 0.0984131 0.8636355 0.1180957 0.8863627 0.1180957 0.8749991 0.0984131 0.8522719 0.0984131 0.8636355 0.1180957 0.8522719 0.0984131 0.8409082 0.1180957 0.8636355 0.1180957 0.6590903 0.07873046 0.6477267 0.05904787 0.636363 0.07873046 0.6590903 0.07873046 0.6704539 0.05904787 0.6477267 0.05904787 0.6704539 0.05904787 0.6590903 0.03936523 0.6477267 0.05904787 0.6249994 0.1377784 0.636363 0.1180957 0.6136358 0.1180957 0.6249994 0.1377784 0.6477267 0.1377784 0.636363 0.1180957 0.6477267 0.1377784 0.6590903 0.1180957 0.636363 0.1180957 0.6136358 0.157461 0.6022722 0.1377784 0.5909085 0.157461 0.6136358 0.157461 0.6249994 0.1377784 0.6022722 0.1377784 0.6249994 0.1377784 0.6136358 0.1180957 0.6022722 0.1377784 0.05681806 0.0984131 0.0454545 0.1180957 0.06818175 0.1180957 0.05681806 0.0984131 0.03409087 0.0984131 0.0454545 0.1180957 0.03409087 0.0984131 0.02272725 0.1180957 0.0454545 0.1180957 0.1249998 0.0984131 0.1022726 0.0984131 0.1136362 0.1180957 0.1249998 0.0984131 0.1136362 0.07873046 0.1022726 0.0984131 0.1136362 0.07873046 0.090909 0.07873046 0.1022726 0.0984131 0.1477271 0.0984131 0.1363635 0.1180957 0.1590907 0.1180957 0.1477271 0.0984131 0.1249998 0.0984131 0.1363635 0.1180957 0.1249998 0.0984131 0.1136362 0.1180957 0.1363635 0.1180957 0.2386361 0.0984131 0.2272725 0.1180957 0.2499997 0.1180957 0.2386361 0.0984131 0.2159088 0.0984131 0.2272725 0.1180957 0.2159088 0.0984131 0.2045452 0.1180957 0.2272725 0.1180957 0.3068179 0.0984131 0.2840906 0.0984131 0.2954543 0.1180957 0.3068179 0.0984131 0.2954543 0.07873046 0.2840906 0.0984131 0.2954543 0.07873046 0.272727 0.07873046 0.2840906 0.0984131 0.3295451 0.0984131 0.3181815 0.1180957 0.3409088 0.1180957 0.3295451 0.0984131 0.3068179 0.0984131 0.3181815 0.1180957 0.3068179 0.0984131 0.2954543 0.1180957 0.3181815 0.1180957 0.4204542 0.0984131 0.4090905 0.1180957 0.4318178 0.1180957 0.4204542 0.0984131 0.3977268 0.0984131 0.4090905 0.1180957 0.3977268 0.0984131 0.3863632 0.1180957 0.4090905 0.1180957 0.4886359 0.0984131 0.4659087 0.0984131 0.4772723 0.1180957 0.4886359 0.0984131 0.4772723 0.07873046 0.4659087 0.0984131 0.4772723 0.07873046 0.454545 0.07873046 0.4659087 0.0984131 0.5113632 0.0984131 0.4999995 0.1180957 0.5227268 0.1180957 0.5113632 0.0984131 0.4886359 0.0984131 0.4999995 0.1180957 0.4886359 0.0984131 0.4772723 0.1180957 0.4999995 0.1180957 0.6249994 0.1771435 0.6022722 0.1771435 0.6136358 0.196826 0.6249994 0.1771435 0.6136358 0.157461 0.6022722 0.1771435 0.6136358 0.157461 0.5909085 0.157461 0.6022722 0.1771435 0.6590903 0.236191 0.6477267 0.2165085 0.636363 0.236191 0.6590903 0.236191 0.6704539 0.2165085 0.6477267 0.2165085 0.6704539 0.2165085 0.6590903 0.196826 0.6477267 0.2165085 0.6704539 0.2558735 0.6477267 0.2558735 0.6590903 0.275556 0.6704539 0.2558735 0.6590903 0.236191 0.6477267 0.2558735 0.6590903 0.236191 0.636363 0.236191 0.6477267 0.2558735 0.8068174 0.1771435 0.7840901 0.1771435 0.7954537 0.196826 0.8068174 0.1771435 0.7954537 0.157461 0.7840901 0.1771435 0.7954537 0.157461 0.7727265 0.157461 0.7840901 0.1771435 0.8409082 0.236191 0.8295446 0.2165085 0.818181 0.236191 0.8409082 0.236191 0.8522719 0.2165085 0.8295446 0.2165085 0.8522719 0.2165085 0.8409082 0.196826 0.8295446 0.2165085 0.8522719 0.2558735 0.8295446 0.2558735 0.8409082 0.275556 0.8522719 0.2558735 0.8409082 0.236191 0.8295446 0.2558735 0.8409082 0.236191 0.818181 0.236191 0.8295446 0.2558735 0.07954537 0.1771435 0.05681806 0.1771435 0.06818175 0.196826 0.07954537 0.1771435 0.06818175 0.157461 0.05681806 0.1771435 0.06818175 0.157461 0.0454545 0.157461 0.05681806 0.1771435 0.1136362 0.236191 0.1022726 0.2165085 0.090909 0.236191 0.1136362 0.236191 0.1249998 0.2165085 0.1022726 0.2165085 0.1249998 0.2165085 0.1136362 0.196826 0.1022726 0.2165085 0.1249998 0.2558735 0.1022726 0.2558735 0.1136362 0.275556 0.1249998 0.2558735 0.1136362 0.236191 0.1022726 0.2558735 0.1136362 0.236191 0.090909 0.236191 0.1022726 0.2558735 0.2613633 0.1771435 0.2386361 0.1771435 0.2499997 0.196826 0.2613633 0.1771435 0.2499997 0.157461 0.2386361 0.1771435 0.2499997 0.157461 0.2272725 0.157461 0.2386361 0.1771435 0.2954543 0.236191 0.2840906 0.2165085 0.272727 0.236191 0.2954543 0.236191 0.3068179 0.2165085 0.2840906 0.2165085 0.3068179 0.2165085 0.2954543 0.196826 0.2840906 0.2165085 0.3068179 0.2558735 0.2840906 0.2558735 0.2954543 0.275556 0.3068179 0.2558735 0.2954543 0.236191 0.2840906 0.2558735 0.2954543 0.236191 0.272727 0.236191 0.2840906 0.2558735 0.4431814 0.1771435 0.4204542 0.1771435 0.4318178 0.196826 0.4431814 0.1771435 0.4318178 0.157461 0.4204542 0.1771435 0.4318178 0.157461 0.4090905 0.157461 0.4204542 0.1771435 0.4772723 0.236191 0.4659087 0.2165085 0.454545 0.236191 0.4772723 0.236191 0.4886359 0.2165085 0.4659087 0.2165085 0.4886359 0.2165085 0.4772723 0.196826 0.4659087 0.2165085 0.4886359 0.2558735 0.4659087 0.2558735 0.4772723 0.275556 0.4886359 0.2558735 0.4772723 0.236191 0.4659087 0.2558735 0.4772723 0.236191 0.454545 0.236191 0.4659087 0.2558735 0.6931812 0.2558735 0.6818175 0.275556 0.7045448 0.275556 0.6931812 0.2558735 0.6704539 0.2558735 0.6818175 0.275556 0.6704539 0.2558735 0.6590903 0.275556 0.6818175 0.275556 0.7613629 0.2558735 0.7386357 0.2558735 0.7499993 0.275556 0.7613629 0.2558735 0.7499993 0.236191 0.7386357 0.2558735 0.7499993 0.236191 0.727272 0.236191 0.7386357 0.2558735 0.7840901 0.2558735 0.7727265 0.275556 0.7954537 0.275556 0.7840901 0.2558735 0.7613629 0.2558735 0.7727265 0.275556 0.7613629 0.2558735 0.7499993 0.275556 0.7727265 0.275556 0.8749993 0.2558735 0.8636357 0.275556 0.886363 0.275556 0.8749993 0.2558735 0.8522719 0.2558735 0.8636357 0.275556 0.8522719 0.2558735 0.8409082 0.275556 0.8636357 0.275556 0.9431814 0.2558735 0.920454 0.2558735 0.9318178 0.275556 0.9431814 0.2558735 0.9318177 0.236191 0.920454 0.2558735 0.9318177 0.236191 0.9090903 0.236191 0.920454 0.2558735 0.9659088 0.2558735 0.9545451 0.275556 0.9772725 0.275556 0.9659088 0.2558735 0.9431814 0.2558735 0.9545451 0.275556 0.9431814 0.2558735 0.9318178 0.275556 0.9545451 0.275556 0.1477271 0.2558735 0.1363635 0.275556 0.1590907 0.275556 0.1477271 0.2558735 0.1249998 0.2558735 0.1363635 0.275556 0.1249998 0.2558735 0.1136362 0.275556 0.1363635 0.275556 0.2159088 0.2558735 0.1931816 0.2558735 0.2045452 0.275556 0.2159088 0.2558735 0.2045452 0.236191 0.1931816 0.2558735 0.2045452 0.236191 0.181818 0.236191 0.1931816 0.2558735 0.2386361 0.2558735 0.2272725 0.275556 0.2499997 0.275556 0.2386361 0.2558735 0.2159088 0.2558735 0.2272725 0.275556 0.2159088 0.2558735 0.2045452 0.275556 0.2272725 0.275556 0.3295451 0.2558735 0.3181815 0.275556 0.3409088 0.275556 0.3295451 0.2558735 0.3068179 0.2558735 0.3181815 0.275556 0.3068179 0.2558735 0.2954543 0.275556 0.3181815 0.275556 0.3977269 0.2558735 0.3749997 0.2558735 0.3863633 0.275556 0.3977269 0.2558735 0.3863633 0.236191 0.3749997 0.2558735 0.3863633 0.236191 0.363636 0.236191 0.3749997 0.2558735 0.4204541 0.2558735 0.4090905 0.275556 0.4318177 0.275556 0.4204541 0.2558735 0.3977269 0.2558735 0.4090905 0.275556 0.3977269 0.2558735 0.3863633 0.275556 0.4090905 0.275556 0.5113632 0.2558735 0.4999995 0.275556 0.5227268 0.275556 0.5113632 0.2558735 0.4886359 0.2558735 0.4999995 0.275556 0.4886359 0.2558735 0.4772723 0.275556 0.4999995 0.275556 0.5795449 0.2558735 0.5568177 0.2558735 0.5681813 0.275556 0.5795449 0.2558735 0.5681813 0.236191 0.5568177 0.2558735 0.5681813 0.236191 0.545454 0.236191 0.5568177 0.2558735 0.6022722 0.2558735 0.5909085 0.275556 0.6136358 0.275556 0.6022722 0.2558735 0.5795449 0.2558735 0.5909085 0.275556 0.5795449 0.2558735 0.5681813 0.275556 0.5909085 0.275556 0.7159084 0.3346036 0.6931812 0.3346036 0.7045448 0.3542863 0.7159084 0.3346036 0.7045448 0.314921 0.6931812 0.3346036 0.7045448 0.314921 0.6818175 0.314921 0.6931812 0.3346036 0.7499993 0.3936515 0.7386357 0.3739688 0.727272 0.3936515 0.7499993 0.3936515 0.7613629 0.3739688 0.7386357 0.3739688 0.7613629 0.3739688 0.7499993 0.3542863 0.7386357 0.3739688 0.7613629 0.4133341 0.7386357 0.4133341 0.7499992 0.4330167 0.7613629 0.4133341 0.7499993 0.3936515 0.7386357 0.4133341 0.7499993 0.3936515 0.727272 0.3936515 0.7386357 0.4133341 0.8977268 0.3346036 0.8749994 0.3346036 0.886363 0.3542863 0.8977268 0.3346036 0.8863632 0.314921 0.8749994 0.3346036 0.8863632 0.314921 0.8636358 0.314921 0.8749994 0.3346036 0.9318177 0.3936515 0.920454 0.3739688 0.9090903 0.3936515 0.9318177 0.3936515 0.9431814 0.3739688 0.920454 0.3739688 0.9431814 0.3739688 0.9318178 0.3542863 0.920454 0.3739688 0.9431813 0.4133341 0.9204539 0.4133341 0.9318175 0.4330167 0.9431813 0.4133341 0.9318177 0.3936515 0.9204539 0.4133341 0.9318177 0.3936515 0.9090903 0.3936515 0.9204539 0.4133341 0.1704543 0.3346036 0.1477271 0.3346036 0.1590907 0.3542863 0.1704543 0.3346036 0.1590907 0.314921 0.1477271 0.3346036 0.1590907 0.314921 0.1363635 0.314921 0.1477271 0.3346036 0.2045452 0.3936515 0.1931816 0.3739688 0.181818 0.3936515 0.2045452 0.3936515 0.2159088 0.3739688 0.1931816 0.3739688 0.2159088 0.3739688 0.2045452 0.3542863 0.1931816 0.3739688 0.2159088 0.4133341 0.1931816 0.4133341 0.2045452 0.4330167 0.2159088 0.4133341 0.2045452 0.3936515 0.1931816 0.4133341 0.2045452 0.3936515 0.181818 0.3936515 0.1931816 0.4133341 0.3522724 0.3346036 0.3295451 0.3346036 0.3409088 0.3542863 0.3522724 0.3346036 0.3409088 0.314921 0.3295451 0.3346036 0.3409088 0.314921 0.3181815 0.314921 0.3295451 0.3346036 0.3863633 0.3936515 0.3749997 0.3739688 0.363636 0.3936515 0.3863633 0.3936515 0.3977269 0.3739688 0.3749997 0.3739688 0.3977269 0.3739688 0.3863633 0.3542863 0.3749997 0.3739688 0.3977268 0.4133341 0.3749997 0.4133341 0.3863632 0.4330167 0.3977268 0.4133341 0.3863633 0.3936515 0.3749997 0.4133341 0.3863633 0.3936515 0.363636 0.3936515 0.3749997 0.4133341 0.5340904 0.3346036 0.5113632 0.3346036 0.5227268 0.3542863 0.5340904 0.3346036 0.5227268 0.314921 0.5113632 0.3346036 0.5227268 0.314921 0.4999995 0.314921 0.5113632 0.3346036 0.5681813 0.3936515 0.5568177 0.3739688 0.545454 0.3936515 0.5681813 0.3936515 0.5795449 0.3739688 0.5568177 0.3739688 0.5795449 0.3739688 0.5681813 0.3542863 0.5568177 0.3739688 0.5795449 0.4133341 0.5568177 0.4133341 0.5681813 0.4330167 0.5795449 0.4133341 0.5681813 0.3936515 0.5568177 0.4133341 0.5681813 0.3936515 0.545454 0.3936515 0.5568177 0.4133341 0.6249994 0.3346036 0.6022722 0.3346036 0.6136358 0.3542863 0.6249994 0.3346036 0.6136358 0.314921 0.6022722 0.3346036 0.6136358 0.314921 0.5909085 0.314921 0.6022722 0.3346036 0.4431813 0.3346036 0.4204542 0.3346036 0.4318177 0.3542863 0.4431813 0.3346036 0.4318178 0.314921 0.4204542 0.3346036 0.4318178 0.314921 0.4090905 0.314921 0.4204542 0.3346036 0.2613634 0.3346036 0.2386361 0.3346036 0.2499997 0.3542863 0.2613634 0.3346036 0.2499997 0.314921 0.2386361 0.3346036 0.2499997 0.314921 0.2272725 0.314921 0.2386361 0.3346036 0.9886363 0.3346036 0.9659089 0.3346036 0.9772725 0.3542863 0.9886363 0.3346036 0.9772726 0.314921 0.9659089 0.3346036 0.9772726 0.314921 0.9545453 0.314921 0.9659089 0.3346036 0.8068174 0.3346036 0.7840902 0.3346036 0.7954537 0.3542863 0.8068174 0.3346036 0.7954538 0.314921 0.7840902 0.3346036 0.7954538 0.314921 0.7727265 0.314921 0.7840902 0.3346036 0.5568177 0.1771435 0.545454 0.196826 0.5681813 0.196826 0.5568177 0.1771435 0.5340904 0.1771435 0.545454 0.196826 0.5340904 0.1771435 0.5227268 0.196826 0.545454 0.196826 0.3749996 0.1771435 0.363636 0.196826 0.3863632 0.196826 0.3749996 0.1771435 0.3522724 0.1771435 0.363636 0.196826 0.3522724 0.1771435 0.3409088 0.196826 0.363636 0.196826 0.1931816 0.1771435 0.181818 0.196826 0.2045452 0.196826 0.1931816 0.1771435 0.1704543 0.1771435 0.181818 0.196826 0.1704543 0.1771435 0.1590907 0.196826 0.181818 0.196826 0.9204538 0.1771435 0.9090902 0.196826 0.9318175 0.196826 0.9204538 0.1771435 0.8977264 0.1771435 0.9090902 0.196826 0.8977264 0.1771435 0.8863627 0.196826 0.9090902 0.196826 0.7386356 0.1771435 0.727272 0.196826 0.7499992 0.196826 0.7386356 0.1771435 0.7159084 0.1771435 0.727272 0.196826 0.7159084 0.1771435 0.7045448 0.196826 0.727272 0.196826 0.5340904 0.1771435 0.5113632 0.1771435 0.5227268 0.196826 0.5340904 0.1771435 0.5227268 0.157461 0.5113632 0.1771435 0.5227268 0.157461 0.4999995 0.157461 0.5113632 0.1771435 0.3522724 0.1771435 0.3295451 0.1771435 0.3409088 0.196826 0.3522724 0.1771435 0.3409087 0.157461 0.3295451 0.1771435 0.3409087 0.157461 0.3181815 0.157461 0.3295451 0.1771435 0.1704543 0.1771435 0.1477271 0.1771435 0.1590907 0.196826 0.1704543 0.1771435 0.1590907 0.157461 0.1477271 0.1771435 0.1590907 0.157461 0.1363635 0.157461 0.1477271 0.1771435 0.8977264 0.1771435 0.8749991 0.1771435 0.8863627 0.196826 0.8977264 0.1771435 0.8863627 0.157461 0.8749991 0.1771435 0.8863627 0.157461 0.8636355 0.157461 0.8749991 0.1771435 0.7159084 0.1771435 0.6931812 0.1771435 0.7045448 0.196826 0.7159084 0.1771435 0.7045448 0.157461 0.6931812 0.1771435 0.7045448 0.157461 0.6818175 0.157461 0.6931812 0.1771435 0.4659087 0.01968258 0.454545 0.03936523 0.4772723 0.03936523 0.4659087 0.01968258 0.4431813 0.01968258 0.454545 0.03936523 0.4431813 0.01968258 0.4318177 0.03936523 0.454545 0.03936523 0.2840906 0.01968258 0.272727 0.03936523 0.2954543 0.03936523 0.2840906 0.01968258 0.2613634 0.01968258 0.272727 0.03936523 0.2613634 0.01968258 0.2499997 0.03936523 0.272727 0.03936523 0.1022726 0.01968258 0.09090894 0.03936523 0.1136362 0.03936523 0.1022726 0.01968258 0.07954537 0.01968258 0.09090894 0.03936523 0.07954537 0.01968258 0.06818175 0.03936523 0.09090894 0.03936523 0.7045448 0.157461 0.6931812 0.1377784 0.6818175 0.157461 0.7045448 0.157461 0.7159084 0.1377784 0.6931812 0.1377784 0.7159084 0.1377784 0.7045448 0.1180957 0.6931812 0.1377784 0.8295446 0.01968258 0.818181 0.03936523 0.8409082 0.03936523 0.8295446 0.01968258 0.8068174 0.01968258 0.818181 0.03936523 0.8068174 0.01968258 0.7954537 0.03936523 0.818181 0.03936523</float_array>
          <technique_common>
            <accessor source="#Icosphere-mesh-map-0-array" count="3840" stride="2">
              <param name="S" type="float"/>
              <param name="T" type="float"/>
            </accessor>
          </technique_common>
        </source>
        <vertices id="Icosphere-mesh-vertices">
          <input semantic="POSITION" source="#Icosphere-mesh-positions"/>
        </vertices>
        <triangles count="1280">
          <input semantic="VERTEX" source="#Icosphere-mesh-vertices" offset="0"/>
          <input semantic="NORMAL" source="#Icosphere-mesh-normals" offset="1"/>
          <input semantic="TEXCOORD" source="#Icosphere-mesh-map-0" offset="2" set="0"/>
          <p>0 0 0 313 0 1 162 0 2 1 1 3 163 1 4 165 1 5 0 2 6 162 2 7 167 2 8 0 3 9 167 3 10 169 3 11 0 4 12 169 4 13 316 4 14 1 5 15 165 5 16 172 5 17 2 6 18 164 6 19 174 6 20 3 7 21 168 7 22 176 7 23 4 8 24 170 8 25 178 8 26 5 9 27 171 9 28 180 9 29 1 10 30 172 10 31 325 10 32 2 11 33 174 11 34 327 11 35 3 12 36 176 12 37 329 12 38 4 13 39 178 13 40 331 13 41 5 14 42 180 14 43 323 14 44 6 15 45 182 15 46 187 15 47 7 16 48 183 16 49 189 16 50 8 17 51 184 17 52 190 17 53 9 18 54 185 18 55 191 18 56 10 19 57 186 19 58 338 19 59 38 20 60 342 20 61 308 20 62 38 21 63 343 21 64 342 21 65 36 22 66 216 22 67 224 22 68 41 23 69 345 23 70 221 23 71 41 24 72 346 24 73 345 24 74 35 25 75 215 25 76 227 25 77 40 26 78 348 26 79 220 26 80 40 27 81 349 27 82 348 27 83 34 28 84 214 28 85 230 28 86 39 29 87 351 29 88 219 29 89 39 30 90 352 30 91 351 30 92 33 31 93 213 31 94 233 31 95 37 32 96 354 32 97 217 32 98 37 33 99 355 33 100 354 33 101 32 34 102 212 34 103 236 34 104 23 35 105 357 35 106 293 35 107 23 36 108 358 36 109 357 36 110 30 37 111 210 37 112 239 37 113 31 38 114 360 38 115 301 38 116 31 39 117 361 39 118 360 39 119 28 40 120 208 40 121 242 40 122 29 41 123 363 41 124 299 41 125 29 42 126 364 42 127 363 42 128 26 43 129 206 43 130 245 43 131 27 44 132 366 44 133 297 44 134 27 45 135 367 45 136 366 45 137 24 46 138 204 46 139 248 46 140 25 47 141 369 47 142 295 47 143 25 48 144 370 48 145 369 48 146 22 49 147 202 49 148 251 49 149 30 50 150 372 50 151 210 50 152 30 51 153 373 51 154 372 51 155 21 52 156 201 52 157 254 52 158 28 53 159 375 53 160 208 53 161 28 54 162 376 54 163 375 54 164 20 55 165 200 55 166 257 55 167 26 56 168 378 56 169 206 56 170 26 57 171 379 57 172 378 57 173 18 58 174 198 58 175 260 58 176 24 59 177 381 59 178 204 59 179 24 60 180 382 60 181 381 60 182 14 61 183 194 61 184 263 61 185 22 62 186 384 62 187 202 62 188 22 63 189 385 63 190 384 63 191 15 64 192 195 64 193 266 64 194 16 65 195 387 65 196 286 65 197 16 66 198 388 66 199 387 66 200 19 67 201 199 67 202 269 67 203 19 68 204 390 68 205 199 68 206 19 69 207 391 69 208 390 69 209 17 70 210 197 70 211 272 70 212 17 71 213 393 71 214 197 71 215 17 72 216 394 72 217 393 72 218 12 73 219 192 73 220 275 73 221 15 74 222 396 74 223 195 74 224 15 75 225 397 75 226 396 75 227 13 76 228 193 76 229 278 76 230 12 77 231 399 77 232 192 77 233 12 78 234 400 78 235 399 78 236 13 79 237 283 79 238 281 79 239 161 80 240 402 80 241 401 80 242 161 81 243 403 81 244 402 81 245 43 82 246 163 82 247 404 82 248 159 83 249 405 83 250 279 83 251 159 84 252 406 84 253 405 84 254 160 85 255 280 85 256 407 85 257 72 86 258 408 86 259 312 86 260 72 87 261 409 87 262 408 87 263 159 88 264 279 88 265 410 88 266 158 89 267 411 89 268 398 89 269 158 90 270 412 90 271 411 90 272 73 91 273 313 91 274 413 91 275 156 92 276 414 92 277 276 92 278 156 93 279 415 93 280 414 93 281 157 94 282 277 94 283 416 94 284 75 95 285 417 95 286 315 95 287 75 96 288 418 96 289 417 96 290 156 97 291 276 97 292 419 97 293 155 98 294 420 98 295 395 98 296 155 99 297 421 99 298 420 99 299 72 100 300 312 100 301 422 100 302 153 101 303 423 101 304 273 101 305 153 102 306 424 102 307 423 102 308 154 103 309 274 103 310 425 103 311 77 104 312 426 104 313 317 104 314 77 105 315 427 105 316 426 105 317 153 106 318 273 106 319 428 106 320 152 107 321 429 107 322 392 107 323 152 108 324 430 108 325 429 108 326 77 109 327 317 109 328 431 109 329 150 110 330 432 110 331 270 110 332 150 111 333 433 111 334 432 111 335 151 112 336 271 112 337 434 112 338 79 113 339 435 113 340 319 113 341 79 114 342 436 114 343 435 114 344 150 115 345 270 115 346 437 115 347 149 116 348 438 116 349 389 116 350 149 117 351 439 117 352 438 117 353 79 118 354 319 118 355 440 118 356 147 119 357 441 119 358 267 119 359 147 120 360 442 120 361 441 120 362 148 121 363 268 121 364 443 121 365 46 122 366 444 122 367 166 122 368 46 123 369 445 123 370 444 123 371 147 124 372 267 124 373 446 124 374 146 125 375 447 125 376 386 125 377 146 126 378 448 126 379 447 126 380 75 127 381 315 127 382 449 127 383 144 128 384 450 128 385 264 128 386 144 129 387 451 129 388 450 129 389 145 130 390 265 130 391 452 130 392 82 131 393 453 131 394 322 131 395 82 132 396 454 132 397 453 132 398 144 133 399 264 133 400 455 133 401 143 134 402 456 134 403 383 134 404 143 135 405 457 135 406 456 135 407 74 136 408 314 136 409 458 136 410 141 137 411 459 137 412 261 137 413 141 138 414 460 138 415 459 138 416 142 139 417 262 139 418 461 139 419 84 140 420 462 140 421 324 140 422 84 141 423 463 141 424 462 141 425 141 142 426 261 142 427 464 142 428 140 143 429 465 143 430 380 143 431 140 144 432 466 144 433 465 144 434 78 145 435 318 145 436 467 145 437 138 146 438 468 146 439 258 146 440 138 147 441 469 147 442 468 147 443 139 148 444 259 148 445 470 148 446 86 149 447 471 149 448 326 149 449 86 150 450 472 150 451 471 150 452 138 151 453 258 151 454 473 151 455 137 152 456 474 152 457 377 152 458 137 153 459 475 153 460 474 153 461 80 154 462 320 154 463 476 154 464 135 155 465 477 155 466 255 155 467 135 156 468 478 156 469 477 156 470 136 157 471 256 157 472 479 157 473 88 158 474 480 158 475 328 158 476 88 159 477 481 159 478 480 159 479 135 160 480 255 160 481 482 160 482 134 161 483 483 161 484 374 161 485 134 162 486 484 162 487 483 162 488 81 163 489 321 163 490 485 163 491 132 164 492 486 164 493 252 164 494 132 165 495 487 165 496 486 165 497 133 166 498 253 166 499 488 166 500 90 167 501 489 167 502 330 167 503 90 168 504 490 168 505 489 168 506 132 169 507 252 169 508 491 169 509 131 170 510 492 170 511 371 170 512 131 171 513 493 171 514 492 171 515 82 172 516 322 172 517 494 172 518 129 173 519 495 173 520 249 173 521 129 174 522 496 174 523 495 174 524 130 175 525 250 175 526 497 175 527 55 176 528 498 176 529 175 176 530 55 177 531 499 177 532 498 177 533 129 178 534 249 178 535 500 178 536 128 179 537 501 179 538 368 179 539 128 180 540 502 180 541 501 180 542 84 181 543 324 181 544 503 181 545 126 182 546 504 182 547 246 182 548 126 183 549 505 183 550 504 183 551 127 184 552 247 184 553 506 184 554 57 185 555 507 185 556 177 185 557 57 186 558 508 186 559 507 186 560 126 187 561 246 187 562 509 187 563 125 188 564 510 188 565 365 188 566 125 189 567 511 189 568 510 189 569 86 190 570 326 190 571 512 190 572 123 191 573 513 191 574 243 191 575 123 192 576 514 192 577 513 192 578 124 193 579 244 193 580 515 193 581 59 194 582 516 194 583 179 194 584 59 195 585 517 195 586 516 195 587 123 196 588 243 196 589 518 196 590 122 197 591 519 197 592 362 197 593 122 198 594 520 198 595 519 198 596 88 199 597 328 199 598 521 199 599 120 200 600 522 200 601 240 200 602 120 201 603 523 201 604 522 201 605 121 202 606 241 202 607 524 202 608 61 203 609 525 203 610 181 203 611 61 204 612 526 204 613 525 204 614 120 205 615 240 205 616 527 205 617 119 206 618 528 206 619 359 206 620 119 207 621 529 207 622 528 207 623 90 208 624 330 208 625 530 208 626 117 209 627 531 209 628 237 209 629 117 210 630 532 210 631 531 210 632 118 211 633 238 211 634 533 211 635 53 212 636 534 212 637 173 212 638 53 213 639 535 213 640 534 213 641 117 214 642 237 214 643 536 214 644 116 215 645 537 215 646 356 215 647 116 216 648 538 216 649 537 216 650 92 217 651 332 217 652 539 217 653 114 218 654 540 218 655 234 218 656 114 219 657 541 219 658 540 219 659 115 220 660 235 220 661 542 220 662 97 221 663 543 221 664 337 221 665 97 222 666 544 222 667 543 222 668 114 223 669 234 223 670 545 223 671 113 224 672 546 224 673 353 224 674 113 225 675 547 225 676 546 225 677 93 226 678 333 226 679 548 226 680 111 227 681 549 227 682 231 227 683 111 228 684 550 228 685 549 228 686 112 229 687 232 229 688 551 229 689 99 230 690 552 230 691 339 230 692 99 231 693 553 231 694 552 231 695 111 232 696 231 232 697 554 232 698 110 233 699 555 233 700 350 233 701 110 234 702 556 234 703 555 234 704 94 235 705 334 235 706 557 235 707 108 236 708 558 236 709 228 236 710 108 237 711 559 237 712 558 237 713 109 238 714 229 238 715 560 238 716 100 239 717 561 239 718 340 239 719 100 240 720 562 240 721 561 240 722 108 241 723 228 241 724 563 241 725 107 242 726 564 242 727 347 242 728 107 243 729 565 243 730 564 243 731 95 244 732 335 244 733 566 244 734 105 245 735 567 245 736 225 245 737 105 246 738 568 246 739 567 246 740 106 247 741 226 247 742 569 247 743 101 248 744 570 248 745 341 248 746 101 249 747 571 249 748 570 249 749 105 250 750 225 250 751 572 250 752 104 251 753 573 251 754 344 251 755 104 252 756 574 252 757 573 252 758 96 253 759 336 253 760 575 253 761 102 254 762 576 254 763 222 254 764 102 255 765 577 255 766 576 255 767 103 256 768 223 256 769 578 256 770 68 257 771 579 257 772 188 257 773 68 258 774 580 258 775 579 258 776 102 259 777 222 259 778 581 259 779 98 260 780 582 260 781 218 260 782 98 261 783 583 261 784 582 261 785 66 262 786 306 262 787 584 262 788 71 263 789 585 263 790 311 263 791 71 264 792 586 264 793 585 264 794 65 265 795 305 265 796 587 265 797 70 266 798 588 266 799 310 266 800 70 267 801 589 267 802 588 267 803 64 268 804 304 268 805 590 268 806 69 269 807 591 269 808 309 269 809 69 270 810 592 270 811 591 270 812 63 271 813 303 271 814 593 271 815 67 272 816 594 272 817 307 272 818 67 273 819 595 273 820 594 273 821 62 274 822 302 274 823 596 274 824 83 275 825 597 275 826 203 275 827 83 276 828 598 276 829 597 276 830 60 277 831 300 277 832 599 277 833 91 278 834 600 278 835 211 278 836 91 279 837 601 279 838 600 279 839 58 280 840 298 280 841 602 280 842 89 281 843 603 281 844 209 281 845 89 282 846 604 282 847 603 282 848 56 283 849 296 283 850 605 283 851 87 284 852 606 284 853 207 284 854 87 285 855 607 285 856 606 285 857 54 286 858 294 286 859 608 286 860 85 287 861 609 287 862 205 287 863 85 288 864 610 288 865 609 288 866 52 289 867 292 289 868 611 289 869 60 290 870 612 290 871 300 290 872 60 291 873 613 291 874 612 291 875 51 292 876 291 292 877 614 292 878 58 293 879 615 293 880 298 293 881 58 294 882 616 294 883 615 294 884 50 295 885 290 295 886 617 295 887 56 296 888 618 296 889 296 296 890 56 297 891 619 297 892 618 297 893 48 298 894 288 298 895 620 298 896 54 299 897 621 299 898 294 299 899 54 300 900 622 300 901 621 300 902 44 301 903 284 301 904 623 301 905 52 302 906 624 302 907 292 302 908 52 303 909 625 303 910 624 303 911 45 304 912 285 304 913 626 304 914 76 305 915 627 305 916 196 305 917 76 306 918 628 306 919 627 306 920 49 307 921 289 307 922 629 307 923 49 308 924 630 308 925 289 308 926 49 309 927 631 309 928 630 309 929 47 310 930 287 310 931 632 310 932 47 311 933 633 311 934 287 311 935 47 312 936 634 312 937 633 312 938 42 313 939 282 313 940 635 313 941 45 314 942 636 314 943 285 314 944 45 315 945 637 315 946 636 315 947 43 316 948 283 316 949 638 316 950 42 317 951 639 317 952 282 317 953 42 318 954 640 318 955 639 318 956 73 319 957 193 319 958 641 319 959 641 320 960 280 320 961 160 320 962 641 321 963 193 321 964 280 321 965 193 322 966 13 322 967 280 322 968 639 323 969 641 323 970 160 323 971 639 324 972 640 324 973 641 324 974 640 325 975 73 325 976 641 325 977 282 326 978 400 326 979 12 326 980 282 327 981 639 327 982 400 327 983 639 328 984 160 328 985 400 328 986 638 329 987 277 329 988 157 329 989 638 330 990 283 330 991 277 330 992 283 331 993 13 331 994 277 331 995 636 332 996 638 332 997 157 332 998 636 333 999 637 333 1000 638 333 1001 637 334 1002 43 334 1003 638 334 1004 285 335 1005 397 335 1006 15 335 1007 285 336 1008 636 336 1009 397 336 1010 636 337 1011 157 337 1012 397 337 1013 635 338 1014 274 338 1015 154 338 1016 635 339 1017 282 339 1018 274 339 1019 282 340 1020 12 340 1021 274 340 1022 633 341 1023 635 341 1024 154 341 1025 633 342 1026 634 342 1027 635 342 1028 634 343 1029 42 343 1030 635 343 1031 287 344 1032 394 344 1033 17 344 1034 287 345 1035 633 345 1036 394 345 1037 633 346 1038 154 346 1039 394 346 1040 632 347 1041 271 347 1042 151 347 1043 632 348 1044 287 348 1045 271 348 1046 287 349 1047 17 349 1048 271 349 1049 630 350 1050 632 350 1051 151 350 1052 630 351 1053 631 351 1054 632 351 1055 631 352 1056 47 352 1057 632 352 1058 289 353 1059 391 353 1060 19 353 1061 289 354 1062 630 354 1063 391 354 1064 630 355 1065 151 355 1066 391 355 1067 629 356 1068 268 356 1069 148 356 1070 629 357 1071 289 357 1072 268 357 1073 289 358 1074 19 358 1075 268 358 1076 627 359 1077 629 359 1078 148 359 1079 627 360 1080 628 360 1081 629 360 1082 628 361 1083 49 361 1084 629 361 1085 196 362 1086 388 362 1087 16 362 1088 196 363 1089 627 363 1090 388 363 1091 627 364 1092 148 364 1093 388 364 1094 626 365 1095 265 365 1096 145 365 1097 626 366 1098 285 366 1099 265 366 1100 285 367 1101 15 367 1102 265 367 1103 624 368 1104 626 368 1105 145 368 1106 624 369 1107 625 369 1108 626 369 1109 625 370 1110 45 370 1111 626 370 1112 292 371 1113 385 371 1114 22 371 1115 292 372 1116 624 372 1117 385 372 1118 624 373 1119 145 373 1120 385 373 1121 623 374 1122 262 374 1123 142 374 1124 623 375 1125 284 375 1126 262 375 1127 284 376 1128 14 376 1129 262 376 1130 621 377 1131 623 377 1132 142 377 1133 621 378 1134 622 378 1135 623 378 1136 622 379 1137 44 379 1138 623 379 1139 294 380 1140 382 380 1141 24 380 1142 294 381 1143 621 381 1144 382 381 1145 621 382 1146 142 382 1147 382 382 1148 620 383 1149 259 383 1150 139 383 1151 620 384 1152 288 384 1153 259 384 1154 288 385 1155 18 385 1156 259 385 1157 618 386 1158 620 386 1159 139 386 1160 618 387 1161 619 387 1162 620 387 1163 619 388 1164 48 388 1165 620 388 1166 296 389 1167 379 389 1168 26 389 1169 296 390 1170 618 390 1171 379 390 1172 618 391 1173 139 391 1174 379 391 1175 617 392 1176 256 392 1177 136 392 1178 617 393 1179 290 393 1180 256 393 1181 290 394 1182 20 394 1183 256 394 1184 615 395 1185 617 395 1186 136 395 1187 615 396 1188 616 396 1189 617 396 1190 616 397 1191 50 397 1192 617 397 1193 298 398 1194 376 398 1195 28 398 1196 298 399 1197 615 399 1198 376 399 1199 615 400 1200 136 400 1201 376 400 1202 614 401 1203 253 401 1204 133 401 1205 614 402 1206 291 402 1207 253 402 1208 291 403 1209 21 403 1210 253 403 1211 612 404 1212 614 404 1213 133 404 1214 612 405 1215 613 405 1216 614 405 1217 613 406 1218 51 406 1219 614 406 1220 300 407 1221 373 407 1222 30 407 1223 300 408 1224 612 408 1225 373 408 1226 612 409 1227 133 409 1228 373 409 1229 611 410 1230 250 410 1231 130 410 1232 611 411 1233 292 411 1234 250 411 1235 292 412 1236 22 412 1237 250 412 1238 609 413 1239 611 413 1240 130 413 1241 609 414 1242 610 414 1243 611 414 1244 610 415 1245 52 415 1246 611 415 1247 205 416 1248 370 416 1249 25 416 1250 205 417 1251 609 417 1252 370 417 1253 609 418 1254 130 418 1255 370 418 1256 608 419 1257 247 419 1258 127 419 1259 608 420 1260 294 420 1261 247 420 1262 294 421 1263 24 421 1264 247 421 1265 606 422 1266 608 422 1267 127 422 1268 606 423 1269 607 423 1270 608 423 1271 607 424 1272 54 424 1273 608 424 1274 207 425 1275 367 425 1276 27 425 1277 207 426 1278 606 426 1279 367 426 1280 606 427 1281 127 427 1282 367 427 1283 605 428 1284 244 428 1285 124 428 1286 605 429 1287 296 429 1288 244 429 1289 296 430 1290 26 430 1291 244 430 1292 603 431 1293 605 431 1294 124 431 1295 603 432 1296 604 432 1297 605 432 1298 604 433 1299 56 433 1300 605 433 1301 209 434 1302 364 434 1303 29 434 1304 209 435 1305 603 435 1306 364 435 1307 603 436 1308 124 436 1309 364 436 1310 602 437 1311 241 437 1312 121 437 1313 602 438 1314 298 438 1315 241 438 1316 298 439 1317 28 439 1318 241 439 1319 600 440 1320 602 440 1321 121 440 1322 600 441 1323 601 441 1324 602 441 1325 601 442 1326 58 442 1327 602 442 1328 211 443 1329 361 443 1330 31 443 1331 211 444 1332 600 444 1333 361 444 1334 600 445 1335 121 445 1336 361 445 1337 599 446 1338 238 446 1339 118 446 1340 599 447 1341 300 447 1342 238 447 1343 300 448 1344 30 448 1345 238 448 1346 597 449 1347 599 449 1348 118 449 1349 597 450 1350 598 450 1351 599 450 1352 598 451 1353 60 451 1354 599 451 1355 203 452 1356 358 452 1357 23 452 1358 203 453 1359 597 453 1360 358 453 1361 597 454 1362 118 454 1363 358 454 1364 596 455 1365 235 455 1366 115 455 1367 596 456 1368 302 456 1369 235 456 1370 302 457 1371 32 457 1372 235 457 1373 594 458 1374 596 458 1375 115 458 1376 594 459 1377 595 459 1378 596 459 1379 595 460 1380 62 460 1381 596 460 1382 307 461 1383 355 461 1384 37 461 1385 307 462 1386 594 462 1387 355 462 1388 594 463 1389 115 463 1390 355 463 1391 593 464 1392 232 464 1393 112 464 1394 593 465 1395 303 465 1396 232 465 1397 303 466 1398 33 466 1399 232 466 1400 591 467 1401 593 467 1402 112 467 1403 591 468 1404 592 468 1405 593 468 1406 592 469 1407 63 469 1408 593 469 1409 309 470 1410 352 470 1411 39 470 1412 309 471 1413 591 471 1414 352 471 1415 591 472 1416 112 472 1417 352 472 1418 590 473 1419 229 473 1420 109 473 1421 590 474 1422 304 474 1423 229 474 1424 304 475 1425 34 475 1426 229 475 1427 588 476 1428 590 476 1429 109 476 1430 588 477 1431 589 477 1432 590 477 1433 589 478 1434 64 478 1435 590 478 1436 310 479 1437 349 479 1438 40 479 1439 310 480 1440 588 480 1441 349 480 1442 588 481 1443 109 481 1444 349 481 1445 587 482 1446 226 482 1447 106 482 1448 587 483 1449 305 483 1450 226 483 1451 305 484 1452 35 484 1453 226 484 1454 585 485 1455 587 485 1456 106 485 1457 585 486 1458 586 486 1459 587 486 1460 586 487 1461 65 487 1462 587 487 1463 311 488 1464 346 488 1465 41 488 1466 311 489 1467 585 489 1468 346 489 1469 585 490 1470 106 490 1471 346 490 1472 584 491 1473 223 491 1474 103 491 1475 584 492 1476 306 492 1477 223 492 1478 306 493 1479 36 493 1480 223 493 1481 582 494 1482 584 494 1483 103 494 1484 582 495 1485 583 495 1486 584 495 1487 583 496 1488 66 496 1489 584 496 1490 218 497 1491 343 497 1492 38 497 1493 218 498 1494 582 498 1495 343 498 1496 582 499 1497 103 499 1498 343 499 1499 581 500 1500 221 500 1501 101 500 1502 581 501 1503 222 501 1504 221 501 1505 222 502 1506 41 502 1507 221 502 1508 579 503 1509 581 503 1510 101 503 1511 579 504 1512 580 504 1513 581 504 1514 580 505 1515 102 505 1516 581 505 1517 188 506 1518 341 506 1519 11 506 1520 188 507 1521 579 507 1522 341 507 1523 579 508 1524 101 508 1525 341 508 1526 578 509 1527 224 509 1528 104 509 1529 578 510 1530 223 510 1531 224 510 1532 223 511 1533 36 511 1534 224 511 1535 576 512 1536 578 512 1537 104 512 1538 576 513 1539 577 513 1540 578 513 1541 577 514 1542 103 514 1543 578 514 1544 222 515 1545 344 515 1546 41 515 1547 222 516 1548 576 516 1549 344 516 1550 576 517 1551 104 517 1552 344 517 1553 575 518 1554 191 518 1555 71 518 1556 575 519 1557 336 519 1558 191 519 1559 336 520 1560 9 520 1561 191 520 1562 573 521 1563 575 521 1564 71 521 1565 573 522 1566 574 522 1567 575 522 1568 574 523 1569 96 523 1570 575 523 1571 344 524 1572 311 524 1573 41 524 1574 344 525 1575 573 525 1576 311 525 1577 573 526 1578 71 526 1579 311 526 1580 572 527 1581 220 527 1582 100 527 1583 572 528 1584 225 528 1585 220 528 1586 225 529 1587 40 529 1588 220 529 1589 570 530 1590 572 530 1591 100 530 1592 570 531 1593 571 531 1594 572 531 1595 571 532 1596 105 532 1597 572 532 1598 341 533 1599 340 533 1600 11 533 1601 341 534 1602 570 534 1603 340 534 1604 570 535 1605 100 535 1606 340 535 1607 569 536 1608 227 536 1609 107 536 1610 569 537 1611 226 537 1612 227 537 1613 226 538 1614 35 538 1615 227 538 1616 567 539 1617 569 539 1618 107 539 1619 567 540 1620 568 540 1621 569 540 1622 568 541 1623 106 541 1624 569 541 1625 225 542 1626 347 542 1627 40 542 1628 225 543 1629 567 543 1630 347 543 1631 567 544 1632 107 544 1633 347 544 1634 566 545 1635 190 545 1636 70 545 1637 566 546 1638 335 546 1639 190 546 1640 335 547 1641 8 547 1642 190 547 1643 564 548 1644 566 548 1645 70 548 1646 564 549 1647 565 549 1648 566 549 1649 565 550 1650 95 550 1651 566 550 1652 347 551 1653 310 551 1654 40 551 1655 347 552 1656 564 552 1657 310 552 1658 564 553 1659 70 553 1660 310 553 1661 563 554 1662 219 554 1663 99 554 1664 563 555 1665 228 555 1666 219 555 1667 228 556 1668 39 556 1669 219 556 1670 561 557 1671 563 557 1672 99 557 1673 561 558 1674 562 558 1675 563 558 1676 562 559 1677 108 559 1678 563 559 1679 340 560 1680 339 560 1681 11 560 1682 340 561 1683 561 561 1684 339 561 1685 561 562 1686 99 562 1687 339 562 1688 560 563 1689 230 563 1690 110 563 1691 560 564 1692 229 564 1693 230 564 1694 229 565 1695 34 565 1696 230 565 1697 558 566 1698 560 566 1699 110 566 1700 558 567 1701 559 567 1702 560 567 1703 559 568 1704 109 568 1705 560 568 1706 228 569 1707 350 569 1708 39 569 1709 228 570 1710 558 570 1711 350 570 1712 558 571 1713 110 571 1714 350 571 1715 557 572 1716 189 572 1717 69 572 1718 557 573 1719 334 573 1720 189 573 1721 334 574 1722 7 574 1723 189 574 1724 555 575 1725 557 575 1726 69 575 1727 555 576 1728 556 576 1729 557 576 1730 556 577 1731 94 577 1732 557 577 1733 350 578 1734 309 578 1735 39 578 1736 350 579 1737 555 579 1738 309 579 1739 555 580 1740 69 580 1741 309 580 1742 554 581 1743 217 581 1744 97 581 1745 554 582 1746 231 582 1747 217 582 1748 231 583 1749 37 583 1750 217 583 1751 552 584 1752 554 584 1753 97 584 1754 552 585 1755 553 585 1756 554 585 1757 553 586 1758 111 586 1759 554 586 1760 339 587 1761 337 587 1762 11 587 1763 339 588 1764 552 588 1765 337 588 1766 552 589 1767 97 589 1768 337 589 1769 551 590 1770 233 590 1771 113 590 1772 551 591 1773 232 591 1774 233 591 1775 232 592 1776 33 592 1777 233 592 1778 549 593 1779 551 593 1780 113 593 1781 549 594 1782 550 594 1783 551 594 1784 550 595 1785 112 595 1786 551 595 1787 231 596 1788 353 596 1789 37 596 1790 231 597 1791 549 597 1792 353 597 1793 549 598 1794 113 598 1795 353 598 1796 548 599 1797 187 599 1798 67 599 1799 548 600 1800 333 600 1801 187 600 1802 333 601 1803 6 601 1804 187 601 1805 546 602 1806 548 602 1807 67 602 1808 546 603 1809 547 603 1810 548 603 1811 547 604 1812 93 604 1813 548 604 1814 353 605 1815 307 605 1816 37 605 1817 353 606 1818 546 606 1819 307 606 1820 546 607 1821 67 607 1822 307 607 1823 545 608 1824 308 608 1825 68 608 1826 545 609 1827 234 609 1828 308 609 1829 234 610 1830 38 610 1831 308 610 1832 543 611 1833 545 611 1834 68 611 1835 543 612 1836 544 612 1837 545 612 1838 544 613 1839 114 613 1840 545 613 1841 337 614 1842 188 614 1843 11 614 1844 337 615 1845 543 615 1846 188 615 1847 543 616 1848 68 616 1849 188 616 1850 542 617 1851 236 617 1852 116 617 1853 542 618 1854 235 618 1855 236 618 1856 235 619 1857 32 619 1858 236 619 1859 540 620 1860 542 620 1861 116 620 1862 540 621 1863 541 621 1864 542 621 1865 541 622 1866 115 622 1867 542 622 1868 234 623 1869 356 623 1870 38 623 1871 234 624 1872 540 624 1873 356 624 1874 540 625 1875 116 625 1876 356 625 1877 539 626 1878 338 626 1879 98 626 1880 539 627 1881 332 627 1882 338 627 1883 332 628 1884 10 628 1885 338 628 1886 537 629 1887 539 629 1888 98 629 1889 537 630 1890 538 630 1891 539 630 1892 538 631 1893 92 631 1894 539 631 1895 356 632 1896 218 632 1897 38 632 1898 356 633 1899 537 633 1900 218 633 1901 537 634 1902 98 634 1903 218 634 1904 536 635 1905 306 635 1906 66 635 1907 536 636 1908 237 636 1909 306 636 1910 237 637 1911 36 637 1912 306 637 1913 534 638 1914 536 638 1915 66 638 1916 534 639 1917 535 639 1918 536 639 1919 535 640 1920 117 640 1921 536 640 1922 173 641 1923 186 641 1924 10 641 1925 173 642 1926 534 642 1927 186 642 1928 534 643 1929 66 643 1930 186 643 1931 533 644 1932 239 644 1933 119 644 1934 533 645 1935 238 645 1936 239 645 1937 238 646 1938 30 646 1939 239 646 1940 531 647 1941 533 647 1942 119 647 1943 531 648 1944 532 648 1945 533 648 1946 532 649 1947 118 649 1948 533 649 1949 237 650 1950 359 650 1951 36 650 1952 237 651 1953 531 651 1954 359 651 1955 531 652 1956 119 652 1957 359 652 1958 530 653 1959 336 653 1960 96 653 1961 530 654 1962 330 654 1963 336 654 1964 330 655 1965 9 655 1966 336 655 1967 528 656 1968 530 656 1969 96 656 1970 528 657 1971 529 657 1972 530 657 1973 529 658 1974 90 658 1975 530 658 1976 359 659 1977 216 659 1978 36 659 1979 359 660 1980 528 660 1981 216 660 1982 528 661 1983 96 661 1984 216 661 1985 527 662 1986 305 662 1987 65 662 1988 527 663 1989 240 663 1990 305 663 1991 240 664 1992 35 664 1993 305 664 1994 525 665 1995 527 665 1996 65 665 1997 525 666 1998 526 666 1999 527 666 2000 526 667 2001 120 667 2002 527 667 2003 181 668 2004 185 668 2005 9 668 2006 181 669 2007 525 669 2008 185 669 2009 525 670 2010 65 670 2011 185 670 2012 524 671 2013 242 671 2014 122 671 2015 524 672 2016 241 672 2017 242 672 2018 241 673 2019 28 673 2020 242 673 2021 522 674 2022 524 674 2023 122 674 2024 522 675 2025 523 675 2026 524 675 2027 523 676 2028 121 676 2029 524 676 2030 240 677 2031 362 677 2032 35 677 2033 240 678 2034 522 678 2035 362 678 2036 522 679 2037 122 679 2038 362 679 2039 521 680 2040 335 680 2041 95 680 2042 521 681 2043 328 681 2044 335 681 2045 328 682 2046 8 682 2047 335 682 2048 519 683 2049 521 683 2050 95 683 2051 519 684 2052 520 684 2053 521 684 2054 520 685 2055 88 685 2056 521 685 2057 362 686 2058 215 686 2059 35 686 2060 362 687 2061 519 687 2062 215 687 2063 519 688 2064 95 688 2065 215 688 2066 518 689 2067 304 689 2068 64 689 2069 518 690 2070 243 690 2071 304 690 2072 243 691 2073 34 691 2074 304 691 2075 516 692 2076 518 692 2077 64 692 2078 516 693 2079 517 693 2080 518 693 2081 517 694 2082 123 694 2083 518 694 2084 179 695 2085 184 695 2086 8 695 2087 179 696 2088 516 696 2089 184 696 2090 516 697 2091 64 697 2092 184 697 2093 515 698 2094 245 698 2095 125 698 2096 515 699 2097 244 699 2098 245 699 2099 244 700 2100 26 700 2101 245 700 2102 513 701 2103 515 701 2104 125 701 2105 513 702 2106 514 702 2107 515 702 2108 514 703 2109 124 703 2110 515 703 2111 243 704 2112 365 704 2113 34 704 2114 243 705 2115 513 705 2116 365 705 2117 513 706 2118 125 706 2119 365 706 2120 512 707 2121 334 707 2122 94 707 2123 512 708 2124 326 708 2125 334 708 2126 326 709 2127 7 709 2128 334 709 2129 510 710 2130 512 710 2131 94 710 2132 510 711 2133 511 711 2134 512 711 2135 511 712 2136 86 712 2137 512 712 2138 365 713 2139 214 713 2140 34 713 2141 365 714 2142 510 714 2143 214 714 2144 510 715 2145 94 715 2146 214 715 2147 509 716 2148 303 716 2149 63 716 2150 509 717 2151 246 717 2152 303 717 2153 246 718 2154 33 718 2155 303 718 2156 507 719 2157 509 719 2158 63 719 2159 507 720 2160 508 720 2161 509 720 2162 508 721 2163 126 721 2164 509 721 2165 177 722 2166 183 722 2167 7 722 2168 177 723 2169 507 723 2170 183 723 2171 507 724 2172 63 724 2173 183 724 2174 506 725 2175 248 725 2176 128 725 2177 506 726 2178 247 726 2179 248 726 2180 247 727 2181 24 727 2182 248 727 2183 504 728 2184 506 728 2185 128 728 2186 504 729 2187 505 729 2188 506 729 2189 505 730 2190 127 730 2191 506 730 2192 246 731 2193 368 731 2194 33 731 2195 246 732 2196 504 732 2197 368 732 2198 504 733 2199 128 733 2200 368 733 2201 503 734 2202 333 734 2203 93 734 2204 503 735 2205 324 735 2206 333 735 2207 324 736 2208 6 736 2209 333 736 2210 501 737 2211 503 737 2212 93 737 2213 501 738 2214 502 738 2215 503 738 2216 502 739 2217 84 739 2218 503 739 2219 368 740 2220 213 740 2221 33 740 2222 368 741 2223 501 741 2224 213 741 2225 501 742 2226 93 742 2227 213 742 2228 500 743 2229 302 743 2230 62 743 2231 500 744 2232 249 744 2233 302 744 2234 249 745 2235 32 745 2236 302 745 2237 498 746 2238 500 746 2239 62 746 2240 498 747 2241 499 747 2242 500 747 2243 499 748 2244 129 748 2245 500 748 2246 175 749 2247 182 749 2248 6 749 2249 175 750 2250 498 750 2251 182 750 2252 498 751 2253 62 751 2254 182 751 2255 497 752 2256 251 752 2257 131 752 2258 497 753 2259 250 753 2260 251 753 2261 250 754 2262 22 754 2263 251 754 2264 495 755 2265 497 755 2266 131 755 2267 495 756 2268 496 756 2269 497 756 2270 496 757 2271 130 757 2272 497 757 2273 249 758 2274 371 758 2275 32 758 2276 249 759 2277 495 759 2278 371 759 2279 495 760 2280 131 760 2281 371 760 2282 494 761 2283 332 761 2284 92 761 2285 494 762 2286 322 762 2287 332 762 2288 322 763 2289 10 763 2290 332 763 2291 492 764 2292 494 764 2293 92 764 2294 492 765 2295 493 765 2296 494 765 2297 493 766 2298 82 766 2299 494 766 2300 371 767 2301 212 767 2302 32 767 2303 371 768 2304 492 768 2305 212 768 2306 492 769 2307 92 769 2308 212 769 2309 491 770 2310 301 770 2311 61 770 2312 491 771 2313 252 771 2314 301 771 2315 252 772 2316 31 772 2317 301 772 2318 489 773 2319 491 773 2320 61 773 2321 489 774 2322 490 774 2323 491 774 2324 490 775 2325 132 775 2326 491 775 2327 330 776 2328 181 776 2329 9 776 2330 330 777 2331 489 777 2332 181 777 2333 489 778 2334 61 778 2335 181 778 2336 488 779 2337 254 779 2338 134 779 2339 488 780 2340 253 780 2341 254 780 2342 253 781 2343 21 781 2344 254 781 2345 486 782 2346 488 782 2347 134 782 2348 486 783 2349 487 783 2350 488 783 2351 487 784 2352 133 784 2353 488 784 2354 252 785 2355 374 785 2356 31 785 2357 252 786 2358 486 786 2359 374 786 2360 486 787 2361 134 787 2362 374 787 2363 485 788 2364 331 788 2365 91 788 2366 485 789 2367 321 789 2368 331 789 2369 321 52 2370 4 52 2371 331 52 2372 483 790 2373 485 790 2374 91 790 2375 483 791 2376 484 791 2377 485 791 2378 484 792 2379 81 792 2380 485 792 2381 374 793 2382 211 793 2383 31 793 2384 374 794 2385 483 794 2386 211 794 2387 483 795 2388 91 795 2389 211 795 2390 482 796 2391 299 796 2392 59 796 2393 482 797 2394 255 797 2395 299 797 2396 255 798 2397 29 798 2398 299 798 2399 480 799 2400 482 799 2401 59 799 2402 480 800 2403 481 800 2404 482 800 2405 481 801 2406 135 801 2407 482 801 2408 328 802 2409 179 802 2410 8 802 2411 328 803 2412 480 803 2413 179 803 2414 480 804 2415 59 804 2416 179 804 2417 479 805 2418 257 805 2419 137 805 2420 479 806 2421 256 806 2422 257 806 2423 256 807 2424 20 807 2425 257 807 2426 477 808 2427 479 808 2428 137 808 2429 477 809 2430 478 809 2431 479 809 2432 478 810 2433 136 810 2434 479 810 2435 255 811 2436 377 811 2437 29 811 2438 255 812 2439 477 812 2440 377 812 2441 477 813 2442 137 813 2443 377 813 2444 476 814 2445 329 814 2446 89 814 2447 476 815 2448 320 815 2449 329 815 2450 320 816 2451 3 816 2452 329 816 2453 474 817 2454 476 817 2455 89 817 2456 474 818 2457 475 818 2458 476 818 2459 475 819 2460 80 819 2461 476 819 2462 377 820 2463 209 820 2464 29 820 2465 377 821 2466 474 821 2467 209 821 2468 474 822 2469 89 822 2470 209 822 2471 473 823 2472 297 823 2473 57 823 2474 473 824 2475 258 824 2476 297 824 2477 258 825 2478 27 825 2479 297 825 2480 471 826 2481 473 826 2482 57 826 2483 471 827 2484 472 827 2485 473 827 2486 472 828 2487 138 828 2488 473 828 2489 326 829 2490 177 829 2491 7 829 2492 326 830 2493 471 830 2494 177 830 2495 471 831 2496 57 831 2497 177 831 2498 470 832 2499 260 832 2500 140 832 2501 470 833 2502 259 833 2503 260 833 2504 259 834 2505 18 834 2506 260 834 2507 468 835 2508 470 835 2509 140 835 2510 468 836 2511 469 836 2512 470 836 2513 469 837 2514 139 837 2515 470 837 2516 258 838 2517 380 838 2518 27 838 2519 258 839 2520 468 839 2521 380 839 2522 468 840 2523 140 840 2524 380 840 2525 467 841 2526 327 841 2527 87 841 2528 467 842 2529 318 842 2530 327 842 2531 318 843 2532 2 843 2533 327 843 2534 465 844 2535 467 844 2536 87 844 2537 465 845 2538 466 845 2539 467 845 2540 466 846 2541 78 846 2542 467 846 2543 380 847 2544 207 847 2545 27 847 2546 380 848 2547 465 848 2548 207 848 2549 465 849 2550 87 849 2551 207 849 2552 464 850 2553 295 850 2554 55 850 2555 464 851 2556 261 851 2557 295 851 2558 261 852 2559 25 852 2560 295 852 2561 462 853 2562 464 853 2563 55 853 2564 462 854 2565 463 854 2566 464 854 2567 463 855 2568 141 855 2569 464 855 2570 324 856 2571 175 856 2572 6 856 2573 324 857 2574 462 857 2575 175 857 2576 462 858 2577 55 858 2578 175 858 2579 461 859 2580 263 859 2581 143 859 2582 461 860 2583 262 860 2584 263 860 2585 262 861 2586 14 861 2587 263 861 2588 459 862 2589 461 862 2590 143 862 2591 459 863 2592 460 863 2593 461 863 2594 460 864 2595 142 864 2596 461 864 2597 261 865 2598 383 865 2599 25 865 2600 261 866 2601 459 866 2602 383 866 2603 459 867 2604 143 867 2605 383 867 2606 458 868 2607 325 868 2608 85 868 2609 458 869 2610 314 869 2611 325 869 2612 314 870 2613 1 870 2614 325 870 2615 456 871 2616 458 871 2617 85 871 2618 456 872 2619 457 872 2620 458 872 2621 457 873 2622 74 873 2623 458 873 2624 383 874 2625 205 874 2626 25 874 2627 383 875 2628 456 875 2629 205 875 2630 456 876 2631 85 876 2632 205 876 2633 455 877 2634 293 877 2635 53 877 2636 455 878 2637 264 878 2638 293 878 2639 264 879 2640 23 879 2641 293 879 2642 453 880 2643 455 880 2644 53 880 2645 453 881 2646 454 881 2647 455 881 2648 454 882 2649 144 882 2650 455 882 2651 322 883 2652 173 883 2653 10 883 2654 322 884 2655 453 884 2656 173 884 2657 453 885 2658 53 885 2659 173 885 2660 452 886 2661 266 886 2662 146 886 2663 452 887 2664 265 887 2665 266 887 2666 265 888 2667 15 888 2668 266 888 2669 450 889 2670 452 889 2671 146 889 2672 450 890 2673 451 890 2674 452 890 2675 451 891 2676 145 891 2677 452 891 2678 264 892 2679 386 892 2680 23 892 2681 264 893 2682 450 893 2683 386 893 2684 450 894 2685 146 894 2686 386 894 2687 449 895 2688 323 895 2689 83 895 2690 449 896 2691 315 896 2692 323 896 2693 315 897 2694 5 897 2695 323 897 2696 447 898 2697 449 898 2698 83 898 2699 447 899 2700 448 899 2701 449 899 2702 448 900 2703 75 900 2704 449 900 2705 386 901 2706 203 901 2707 23 901 2708 386 902 2709 447 902 2710 203 902 2711 447 903 2712 83 903 2713 203 903 2714 446 904 2715 291 904 2716 51 904 2717 446 905 2718 267 905 2719 291 905 2720 267 906 2721 21 906 2722 291 906 2723 444 907 2724 446 907 2725 51 907 2726 444 908 2727 445 908 2728 446 908 2729 445 909 2730 147 909 2731 446 909 2732 166 910 2733 171 910 2734 5 910 2735 166 911 2736 444 911 2737 171 911 2738 444 912 2739 51 912 2740 171 912 2741 443 913 2742 269 913 2743 149 913 2744 443 914 2745 268 914 2746 269 914 2747 268 915 2748 19 915 2749 269 915 2750 441 916 2751 443 916 2752 149 916 2753 441 917 2754 442 917 2755 443 917 2756 442 918 2757 148 918 2758 443 918 2759 267 919 2760 389 919 2761 21 919 2762 267 920 2763 441 920 2764 389 920 2765 441 921 2766 149 921 2767 389 921 2768 440 922 2769 321 922 2770 81 922 2771 440 923 2772 319 923 2773 321 923 2774 319 924 2775 4 924 2776 321 924 2777 438 925 2778 440 925 2779 81 925 2780 438 926 2781 439 926 2782 440 926 2783 439 927 2784 79 927 2785 440 927 2786 389 928 2787 201 928 2788 21 928 2789 389 929 2790 438 929 2791 201 929 2792 438 930 2793 81 930 2794 201 930 2795 437 931 2796 290 931 2797 50 931 2798 437 932 2799 270 932 2800 290 932 2801 270 933 2802 20 933 2803 290 933 2804 435 934 2805 437 934 2806 50 934 2807 435 935 2808 436 935 2809 437 935 2810 436 936 2811 150 936 2812 437 936 2813 319 937 2814 170 937 2815 4 937 2816 319 938 2817 435 938 2818 170 938 2819 435 939 2820 50 939 2821 170 939 2822 434 940 2823 272 940 2824 152 940 2825 434 941 2826 271 941 2827 272 941 2828 271 942 2829 17 942 2830 272 942 2831 432 943 2832 434 943 2833 152 943 2834 432 944 2835 433 944 2836 434 944 2837 433 945 2838 151 945 2839 434 945 2840 270 946 2841 392 946 2842 20 946 2843 270 947 2844 432 947 2845 392 947 2846 432 948 2847 152 948 2848 392 948 2849 431 949 2850 320 949 2851 80 949 2852 431 950 2853 317 950 2854 320 950 2855 317 951 2856 3 951 2857 320 951 2858 429 952 2859 431 952 2860 80 952 2861 429 953 2862 430 953 2863 431 953 2864 430 954 2865 77 954 2866 431 954 2867 392 955 2868 200 955 2869 20 955 2870 392 956 2871 429 956 2872 200 956 2873 429 957 2874 80 957 2875 200 957 2876 428 958 2877 288 958 2878 48 958 2879 428 959 2880 273 959 2881 288 959 2882 273 960 2883 18 960 2884 288 960 2885 426 961 2886 428 961 2887 48 961 2888 426 962 2889 427 962 2890 428 962 2891 427 963 2892 153 963 2893 428 963 2894 317 964 2895 168 964 2896 3 964 2897 317 965 2898 426 965 2899 168 965 2900 426 966 2901 48 966 2902 168 966 2903 425 967 2904 275 967 2905 155 967 2906 425 968 2907 274 968 2908 275 968 2909 274 969 2910 12 969 2911 275 969 2912 423 970 2913 425 970 2914 155 970 2915 423 971 2916 424 971 2917 425 971 2918 424 972 2919 154 972 2920 425 972 2921 273 973 2922 395 973 2923 18 973 2924 273 974 2925 423 974 2926 395 974 2927 423 975 2928 155 975 2929 395 975 2930 422 976 2931 318 976 2932 78 976 2933 422 977 2934 312 977 2935 318 977 2936 312 978 2937 2 978 2938 318 978 2939 420 979 2940 422 979 2941 78 979 2942 420 980 2943 421 980 2944 422 980 2945 421 981 2946 72 981 2947 422 981 2948 395 982 2949 198 982 2950 18 982 2951 395 983 2952 420 983 2953 198 983 2954 420 984 2955 78 984 2956 198 984 2957 419 985 2958 286 985 2959 46 985 2960 419 986 2961 276 986 2962 286 986 2963 276 987 2964 16 987 2965 286 987 2966 417 988 2967 419 988 2968 46 988 2969 417 989 2970 418 989 2971 419 989 2972 418 990 2973 156 990 2974 419 990 2975 315 991 2976 166 991 2977 5 991 2978 315 992 2979 417 992 2980 166 992 2981 417 993 2982 46 993 2983 166 993 2984 416 994 2985 278 994 2986 158 994 2987 416 995 2988 277 995 2989 278 995 2990 277 996 2991 13 996 2992 278 996 2993 414 997 2994 416 997 2995 158 997 2996 414 998 2997 415 998 2998 416 998 2999 415 999 3000 157 999 3001 416 999 3002 276 1000 3003 398 1000 3004 16 1000 3005 276 1001 3006 414 1001 3007 398 1001 3008 414 1002 3009 158 1002 3010 398 1002 3011 413 1003 3012 316 1003 3013 76 1003 3014 413 1004 3015 313 1004 3016 316 1004 3017 313 1005 3018 0 1005 3019 316 1005 3020 411 1006 3021 413 1006 3022 76 1006 3023 411 1007 3024 412 1007 3025 413 1007 3026 412 1008 3027 73 1008 3028 413 1008 3029 398 1009 3030 196 1009 3031 16 1009 3032 398 1010 3033 411 1010 3034 196 1010 3035 411 1011 3036 76 1011 3037 196 1011 3038 410 1012 3039 284 1012 3040 44 1012 3041 410 1013 3042 279 1013 3043 284 1013 3044 279 1014 3045 14 1014 3046 284 1014 3047 408 1015 3048 410 1015 3049 44 1015 3050 408 1016 3051 409 1016 3052 410 1016 3053 409 1017 3054 159 1017 3055 410 1017 3056 312 1018 3057 164 1018 3058 2 1018 3059 312 1019 3060 408 1019 3061 164 1019 3062 408 1020 3063 44 1020 3064 164 1020 3065 407 1021 3066 281 1021 3067 161 1021 3068 407 1022 3069 280 1022 3070 281 1022 3071 280 1023 3072 13 1023 3073 281 1023 3074 405 1024 3075 407 1024 3076 161 1024 3077 405 1025 3078 406 1025 3079 407 1025 3080 406 1026 3081 160 1026 3082 407 1026 3083 279 1027 3084 401 1027 3085 14 1027 3086 279 1028 3087 405 1028 3088 401 1028 3089 405 1029 3090 161 1029 3091 401 1029 3092 404 1030 3093 314 1030 3094 74 1030 3095 404 1031 3096 163 1031 3097 314 1031 3098 163 1032 3099 1 1032 3100 314 1032 3101 402 1033 3102 404 1033 3103 74 1033 3104 402 1034 3105 403 1034 3106 404 1034 3107 403 1035 3108 43 1035 3109 404 1035 3110 401 1036 3111 194 1036 3112 14 1036 3113 401 1037 3114 402 1037 3115 194 1037 3116 402 1038 3117 74 1038 3118 194 1038 3119 281 1039 3120 403 1039 3121 161 1039 3122 281 1040 3123 283 1040 3124 403 1040 3125 283 1041 3126 43 1041 3127 403 1041 3128 399 1042 3129 406 1042 3130 159 1042 3131 399 1043 3132 400 1043 3133 406 1043 3134 400 1044 3135 160 1044 3136 406 1044 3137 192 1045 3138 409 1045 3139 72 1045 3140 192 1046 3141 399 1046 3142 409 1046 3143 399 1047 3144 159 1047 3145 409 1047 3146 278 1048 3147 412 1048 3148 158 1048 3149 278 1049 3150 193 1049 3151 412 1049 3152 193 1050 3153 73 1050 3154 412 1050 3155 396 1051 3156 415 1051 3157 156 1051 3158 396 1052 3159 397 1052 3160 415 1052 3161 397 1053 3162 157 1053 3163 415 1053 3164 195 1054 3165 418 1054 3166 75 1054 3167 195 1055 3168 396 1055 3169 418 1055 3170 396 1056 3171 156 1056 3172 418 1056 3173 275 1057 3174 421 1057 3175 155 1057 3176 275 1058 3177 192 1058 3178 421 1058 3179 192 1059 3180 72 1059 3181 421 1059 3182 393 1060 3183 424 1060 3184 153 1060 3185 393 1061 3186 394 1061 3187 424 1061 3188 394 1062 3189 154 1062 3190 424 1062 3191 197 1063 3192 427 1063 3193 77 1063 3194 197 1064 3195 393 1064 3196 427 1064 3197 393 1065 3198 153 1065 3199 427 1065 3200 272 1066 3201 430 1066 3202 152 1066 3203 272 1067 3204 197 1067 3205 430 1067 3206 197 1068 3207 77 1068 3208 430 1068 3209 390 1069 3210 433 1069 3211 150 1069 3212 390 1070 3213 391 1070 3214 433 1070 3215 391 1071 3216 151 1071 3217 433 1071 3218 199 1072 3219 436 1072 3220 79 1072 3221 199 1073 3222 390 1073 3223 436 1073 3224 390 1074 3225 150 1074 3226 436 1074 3227 269 1075 3228 439 1075 3229 149 1075 3230 269 1076 3231 199 1076 3232 439 1076 3233 199 1077 3234 79 1077 3235 439 1077 3236 387 1078 3237 442 1078 3238 147 1078 3239 387 1079 3240 388 1079 3241 442 1079 3242 388 1080 3243 148 1080 3244 442 1080 3245 286 1081 3246 445 1081 3247 46 1081 3248 286 1082 3249 387 1082 3250 445 1082 3251 387 1083 3252 147 1083 3253 445 1083 3254 266 1084 3255 448 1084 3256 146 1084 3257 266 1085 3258 195 1085 3259 448 1085 3260 195 1086 3261 75 1086 3262 448 1086 3263 384 1087 3264 451 1087 3265 144 1087 3266 384 1088 3267 385 1088 3268 451 1088 3269 385 1089 3270 145 1089 3271 451 1089 3272 202 1090 3273 454 1090 3274 82 1090 3275 202 1091 3276 384 1091 3277 454 1091 3278 384 1092 3279 144 1092 3280 454 1092 3281 263 1093 3282 457 1093 3283 143 1093 3284 263 1094 3285 194 1094 3286 457 1094 3287 194 1095 3288 74 1095 3289 457 1095 3290 381 1096 3291 460 1096 3292 141 1096 3293 381 1097 3294 382 1097 3295 460 1097 3296 382 1098 3297 142 1098 3298 460 1098 3299 204 1099 3300 463 1099 3301 84 1099 3302 204 1100 3303 381 1100 3304 463 1100 3305 381 1101 3306 141 1101 3307 463 1101 3308 260 1102 3309 466 1102 3310 140 1102 3311 260 1103 3312 198 1103 3313 466 1103 3314 198 1104 3315 78 1104 3316 466 1104 3317 378 1105 3318 469 1105 3319 138 1105 3320 378 1106 3321 379 1106 3322 469 1106 3323 379 1107 3324 139 1107 3325 469 1107 3326 206 1108 3327 472 1108 3328 86 1108 3329 206 1109 3330 378 1109 3331 472 1109 3332 378 1110 3333 138 1110 3334 472 1110 3335 257 1111 3336 475 1111 3337 137 1111 3338 257 1112 3339 200 1112 3340 475 1112 3341 200 1113 3342 80 1113 3343 475 1113 3344 375 1114 3345 478 1114 3346 135 1114 3347 375 1115 3348 376 1115 3349 478 1115 3350 376 1116 3351 136 1116 3352 478 1116 3353 208 1117 3354 481 1117 3355 88 1117 3356 208 1118 3357 375 1118 3358 481 1118 3359 375 1119 3360 135 1119 3361 481 1119 3362 254 1120 3363 484 1120 3364 134 1120 3365 254 1121 3366 201 1121 3367 484 1121 3368 201 1121 3369 81 1121 3370 484 1121 3371 372 1122 3372 487 1122 3373 132 1122 3374 372 1123 3375 373 1123 3376 487 1123 3377 373 1124 3378 133 1124 3379 487 1124 3380 210 1125 3381 490 1125 3382 90 1125 3383 210 1126 3384 372 1126 3385 490 1126 3386 372 1127 3387 132 1127 3388 490 1127 3389 251 1128 3390 493 1128 3391 131 1128 3392 251 1129 3393 202 1129 3394 493 1129 3395 202 1130 3396 82 1130 3397 493 1130 3398 369 1131 3399 496 1131 3400 129 1131 3401 369 1132 3402 370 1132 3403 496 1132 3404 370 1133 3405 130 1133 3406 496 1133 3407 295 1134 3408 499 1134 3409 55 1134 3410 295 1135 3411 369 1135 3412 499 1135 3413 369 1136 3414 129 1136 3415 499 1136 3416 248 1137 3417 502 1137 3418 128 1137 3419 248 1138 3420 204 1138 3421 502 1138 3422 204 1139 3423 84 1139 3424 502 1139 3425 366 1140 3426 505 1140 3427 126 1140 3428 366 1141 3429 367 1141 3430 505 1141 3431 367 1142 3432 127 1142 3433 505 1142 3434 297 1143 3435 508 1143 3436 57 1143 3437 297 1144 3438 366 1144 3439 508 1144 3440 366 1145 3441 126 1145 3442 508 1145 3443 245 1146 3444 511 1146 3445 125 1146 3446 245 1147 3447 206 1147 3448 511 1147 3449 206 1148 3450 86 1148 3451 511 1148 3452 363 1149 3453 514 1149 3454 123 1149 3455 363 1150 3456 364 1150 3457 514 1150 3458 364 1151 3459 124 1151 3460 514 1151 3461 299 1152 3462 517 1152 3463 59 1152 3464 299 1153 3465 363 1153 3466 517 1153 3467 363 1154 3468 123 1154 3469 517 1154 3470 242 1155 3471 520 1155 3472 122 1155 3473 242 1156 3474 208 1156 3475 520 1156 3476 208 1157 3477 88 1157 3478 520 1157 3479 360 1158 3480 523 1158 3481 120 1158 3482 360 1159 3483 361 1159 3484 523 1159 3485 361 1160 3486 121 1160 3487 523 1160 3488 301 1161 3489 526 1161 3490 61 1161 3491 301 1162 3492 360 1162 3493 526 1162 3494 360 1163 3495 120 1163 3496 526 1163 3497 239 1164 3498 529 1164 3499 119 1164 3500 239 1165 3501 210 1165 3502 529 1165 3503 210 1166 3504 90 1166 3505 529 1166 3506 357 1167 3507 532 1167 3508 117 1167 3509 357 1168 3510 358 1168 3511 532 1168 3512 358 1169 3513 118 1169 3514 532 1169 3515 293 1170 3516 535 1170 3517 53 1170 3518 293 1171 3519 357 1171 3520 535 1171 3521 357 1172 3522 117 1172 3523 535 1172 3524 236 1173 3525 538 1173 3526 116 1173 3527 236 1174 3528 212 1174 3529 538 1174 3530 212 1175 3531 92 1175 3532 538 1175 3533 354 1176 3534 541 1176 3535 114 1176 3536 354 1177 3537 355 1177 3538 541 1177 3539 355 1178 3540 115 1178 3541 541 1178 3542 217 1179 3543 544 1179 3544 97 1179 3545 217 1180 3546 354 1180 3547 544 1180 3548 354 1181 3549 114 1181 3550 544 1181 3551 233 1182 3552 547 1182 3553 113 1182 3554 233 1183 3555 213 1183 3556 547 1183 3557 213 1184 3558 93 1184 3559 547 1184 3560 351 1185 3561 550 1185 3562 111 1185 3563 351 1186 3564 352 1186 3565 550 1186 3566 352 1187 3567 112 1187 3568 550 1187 3569 219 1188 3570 553 1188 3571 99 1188 3572 219 1189 3573 351 1189 3574 553 1189 3575 351 1190 3576 111 1190 3577 553 1190 3578 230 1191 3579 556 1191 3580 110 1191 3581 230 1192 3582 214 1192 3583 556 1192 3584 214 1193 3585 94 1193 3586 556 1193 3587 348 1194 3588 559 1194 3589 108 1194 3590 348 1195 3591 349 1195 3592 559 1195 3593 349 1196 3594 109 1196 3595 559 1196 3596 220 1197 3597 562 1197 3598 100 1197 3599 220 1198 3600 348 1198 3601 562 1198 3602 348 1199 3603 108 1199 3604 562 1199 3605 227 1200 3606 565 1200 3607 107 1200 3608 227 1201 3609 215 1201 3610 565 1201 3611 215 1202 3612 95 1202 3613 565 1202 3614 345 1203 3615 568 1203 3616 105 1203 3617 345 1204 3618 346 1204 3619 568 1204 3620 346 1205 3621 106 1205 3622 568 1205 3623 221 1206 3624 571 1206 3625 101 1206 3626 221 1207 3627 345 1207 3628 571 1207 3629 345 1208 3630 105 1208 3631 571 1208 3632 224 1209 3633 574 1209 3634 104 1209 3635 224 1210 3636 216 1210 3637 574 1210 3638 216 1211 3639 96 1211 3640 574 1211 3641 342 1212 3642 577 1212 3643 102 1212 3644 342 1213 3645 343 1213 3646 577 1213 3647 343 1214 3648 103 1214 3649 577 1214 3650 308 1215 3651 580 1215 3652 68 1215 3653 308 1216 3654 342 1216 3655 580 1216 3656 342 1217 3657 102 1217 3658 580 1217 3659 338 1218 3660 583 1218 3661 98 1218 3662 338 1219 3663 186 1219 3664 583 1219 3665 186 1220 3666 66 1220 3667 583 1220 3668 191 1221 3669 586 1221 3670 71 1221 3671 191 1222 3672 185 1222 3673 586 1222 3674 185 1223 3675 65 1223 3676 586 1223 3677 190 1224 3678 589 1224 3679 70 1224 3680 190 1225 3681 184 1225 3682 589 1225 3683 184 1226 3684 64 1226 3685 589 1226 3686 189 1227 3687 592 1227 3688 69 1227 3689 189 1228 3690 183 1228 3691 592 1228 3692 183 1229 3693 63 1229 3694 592 1229 3695 187 1230 3696 595 1230 3697 67 1230 3698 187 1231 3699 182 1231 3700 595 1231 3701 182 1232 3702 62 1232 3703 595 1232 3704 323 1233 3705 598 1233 3706 83 1233 3707 323 1234 3708 180 1234 3709 598 1234 3710 180 1235 3711 60 1235 3712 598 1235 3713 331 1236 3714 601 1236 3715 91 1236 3716 331 1237 3717 178 1237 3718 601 1237 3719 178 1238 3720 58 1238 3721 601 1238 3722 329 1239 3723 604 1239 3724 89 1239 3725 329 1240 3726 176 1240 3727 604 1240 3728 176 1241 3729 56 1241 3730 604 1241 3731 327 1242 3732 607 1242 3733 87 1242 3734 327 1243 3735 174 1243 3736 607 1243 3737 174 1244 3738 54 1244 3739 607 1244 3740 325 1245 3741 610 1245 3742 85 1245 3743 325 1246 3744 172 1246 3745 610 1246 3746 172 1247 3747 52 1247 3748 610 1247 3749 180 1248 3750 613 1248 3751 60 1248 3752 180 1249 3753 171 1249 3754 613 1249 3755 171 1250 3756 51 1250 3757 613 1250 3758 178 1251 3759 616 1251 3760 58 1251 3761 178 1252 3762 170 1252 3763 616 1252 3764 170 1253 3765 50 1253 3766 616 1253 3767 176 1254 3768 619 1254 3769 56 1254 3770 176 1255 3771 168 1255 3772 619 1255 3773 168 1256 3774 48 1256 3775 619 1256 3776 174 1257 3777 622 1257 3778 54 1257 3779 174 1258 3780 164 1258 3781 622 1258 3782 164 1259 3783 44 1259 3784 622 1259 3785 172 1260 3786 625 1260 3787 52 1260 3788 172 1261 3789 165 1261 3790 625 1261 3791 165 1262 3792 45 1262 3793 625 1262 3794 316 1263 3795 628 1263 3796 76 1263 3797 316 1264 3798 169 1264 3799 628 1264 3800 169 1265 3801 49 1265 3802 628 1265 3803 169 1266 3804 631 1266 3805 49 1266 3806 169 1267 3807 167 1267 3808 631 1267 3809 167 1268 3810 47 1268 3811 631 1268 3812 167 1269 3813 634 1269 3814 47 1269 3815 167 1270 3816 162 1270 3817 634 1270 3818 162 1271 3819 42 1271 3820 634 1271 3821 165 1272 3822 637 1272 3823 45 1272 3824 165 1273 3825 163 1273 3826 637 1273 3827 163 1274 3828 43 1274 3829 637 1274 3830 162 1275 3831 640 1275 3832 42 1275 3833 162 1276 3834 313 1276 3835 640 1276 3836 313 1277 3837 73 1277 3838 640 1277 3839</p>
        </triangles>
      </mesh>
    </geometry>
  </library_geometries>
  <library_controllers>
    <controller id="Armature_Icosphere-skin" name="Armature">
      <skin source="#Icosphere-mesh">
        <bind_shape_matrix>9.607409 0 0 0 0 9.607409 0 0 0 0 2.649076 0 0 0 0 1</bind_shape_matrix>
        <source id="Armature_Icosphere-skin-joints">
          <Name_array id="Armature_Icosphere-skin-joints-array" count="19">center top side_01 side_03 front_01 back_01 front_02 front_04 side_04 front_03 side_02 back_02 back_middle_01 back_middle_02 back_03 back_side_04 back_side_03 back_side_02 back_side_01</Name_array>
          <technique_common>
            <accessor source="#Armature_Icosphere-skin-joints-array" count="19" stride="1">
              <param name="JOINT" type="name"/>
            </accessor>
          </technique_common>
        </source>
        <source id="Armature_Icosphere-skin-bind_poses">
          <float_array id="Armature_Icosphere-skin-bind_poses-array" count="304">0.389774 0 0 0 0 0 0.389774 0 0 -0.389774 0 0 0 0 0 1 0.389774 0 0 0 0 0 0.389774 -2.560631 0 -0.389774 0 -1.729086 0 0 0 1 0.3271875 0 -0.2118302 -3.269387 0.2118302 0 0.3271875 -4.067759 0 -0.389774 0 -1.729086 0 0 0 1 0.3709052 0 0.1198045 3.38762 -0.1198045 0 0.3709052 -2.839612 0 -0.389774 0 -1.729086 0 0 0 1 0.389774 0 0 1.0621e-6 0 -0.2153571 0.324877 -4.60481 0 -0.324877 -0.2153571 -4.454788 0 0 0 1 0.389774 0 0 0 0 0.2964603 0.2530515 -2.436302 0 -0.2530515 0.2964603 -1.067829 0 0 0 1 0.3897739 0 1.67337e-6 5.49116e-7 0 -0.3897553 0.003811478 -8.368988 1.67345e-6 -0.003811478 -0.3897553 -0.127898 0 0 0 1 0.314675 -0.2299938 0.002491235 0.6607857 -0.2300072 -0.3146521 0.003811478 -8.35522 -2.37959e-4 -0.004547178 -0.3897474 -0.1235426 0 0 0 1 -0.01494204 0 0.3894875 -0.3663911 -0.3894875 2.53309e-7 -0.01494204 -8.058481 -2.41021e-7 -0.389774 0 -1.72909 0 0 0 1 0.3089237 0.237662 -0.002590775 -0.2910009 0.2376759 -0.3089002 0.003811478 -8.659612 2.70789e-4 -0.004600703 -0.3897467 -0.1288087 0 0 0 1 -0.02236163 0 -0.389132 0.4861024 0.3891319 -1.57214e-7 -0.02236163 -7.98633 -1.73793e-7 -0.3897739 0 -1.729081 0 0 0 1 0.389774 0 0 0 0 0.3387368 0.1928241 -6.234249 0 -0.1928241 0.3387368 1.733243 0 0 0 1 0.3540346 0.01472508 -0.1623776 -2.23284 0.1435867 0.1557398 0.3271875 -4.001383 0.077241 -0.3570043 0.1360351 1.721548 0 0 0 1 0.3567503 0.1336399 0.08242154 1.417609 -0.1363269 0.1621326 0.3271876 -3.919278 0.07789665 -0.3282943 0.1951376 2.321689 0 0 0 1 0.3897739 0 0 0 0 0.3895002 0.01460462 -7.952612 0 -0.01460468 0.3895002 0.3163943 0 0 0 1 -0.02044594 0.003721415 0.3892195 -0.3515404 -0.226814 0.3166322 -0.0149421 -8.20049 -0.3163244 -0.2272751 -0.01444363 0.5538938 0 0 0 1 -0.01677614 4.69512e-4 0.3894125 -0.3964323 -0.3416027 0.1871045 -0.01494204 -8.485667 -0.186949 -0.341929 -0.007641553 -0.6919949 0 0 0 1 -0.03074723 -0.005542933 -0.3885197 0.4780707 0.225372 0.317224 -0.02236169 -8.303288 0.3165214 -0.2264109 -0.02181911 0.4814637 0 0 0 1 -0.02668976 -0.001419484 -0.3888564 0.5758943 0.3135402 0.2304694 -0.02236169 -8.13982 0.2300084 -0.3143334 -0.01463943 -2.141491 0 0 0 1</float_array>
          <technique_common>
            <accessor source="#Armature_Icosphere-skin-bind_poses-array" count="19" stride="16">
              <param name="TRANSFORM" type="float4x4"/>
            </accessor>
          </technique_common>
        </source>
        <source id="Armature_Icosphere-skin-weights">
          <float_array id="Armature_Icosphere-skin-weights-array" count="2410">0.9414545 0.01390743 0.02965456 0.01498335 0.07238399 0.6189509 0.3086651 0.09462493 0.5363518 0.3690233 0.03119587 0.686374 0.2824301 0.3662968 0.6337031 0.03261458 0.3340442 0.6333411 0.2053153 0.4513779 0.3433067 0.1024226 0.6608318 0.2367456 0.07326459 0.1787366 0.7479987 0.08246964 0.01544356 0.3152158 0.586871 0.07218921 0.6140399 0.3137708 0.293894 0.706106 0.211981 0.1123429 0.3384386 0.1430854 0.1869013 0.007250607 0.1634653 0.426139 0.0636388 0.01775407 0.1878093 0.1411933 0.09209632 0.5376551 0.3702485 0.06376731 0.6487727 0.2874599 0.1593476 0.06250512 0.03345102 0.3728656 0.007915139 0.1597495 0.2041657 0.1355026 0.3622985 0.03269433 0.2186256 0.09257054 0.006023943 0.1522843 0.1048478 0.6407731 0.254379 0.1467152 0.1380967 0.01444852 0.2733185 0.1805863 0.215789 0.02005827 0.01098716 0.05260622 0.3036248 0.643769 0.009153425 0.3932075 0.5976391 0.05184864 0.9481514 0.002910196 0.9970899 1 0.001051425 0.9989486 0.06734335 0.9326567 0.01833659 0.9816634 0.9663641 0.03363591 0.06322222 0.9367778 0.9822173 0.01778274 1 0.2071191 0.5447716 0.2481092 0.01147401 0.2948537 0.3878335 0.3058387 0.06785804 0.6886101 0.01398307 0.2295486 0.1716461 0.04706156 0.2612679 0.5200244 0.175537 0.2696003 0.5548626 0.2247816 0.08471727 0.5489591 0.04208415 0.0994578 0.004112482 0.5755785 0.01537507 0.109964 0.172487 0.122483 0.0678749 0.7182812 0.03472626 0.1206347 0.05848294 0.01083236 0.8873787 0.01922076 0.08256804 0.08601367 0.460691 0.3196699 0.006241798 0.02612066 0.1012631 0.6587839 0.01995742 0.1076412 0.114157 0.03624743 0.06321299 0.04528903 0.2846677 0.003793299 0.4042243 0.2620255 0.07320386 0.8950923 0.03170382 0.08125483 0.09841376 0.8203314 0.04477608 0.001063466 0.005611479 0.1534538 0.2893524 0.5057427 0.5744868 0.1995175 0.013076 0.0599358 0.101399 0.001914143 0.04967063 0.05706608 0.07064884 0.8694086 0.00287646 0.5686978 0.01066571 0.06056064 0.05213308 0.1762174 0.06045955 0.06393057 0.003632962 0.003702044 0.01833254 0.004387676 0.9084746 0.06880515 0.01750713 0.003671765 0.9004827 0.07833826 0.05555856 0.2375231 0.7069184 0.004562079 0.2452213 0.7502165 0.03664773 0.8589611 0.1043911 0.08114123 0.2009729 0.7178858 0.964423 0.03557705 0.9488296 0.05117034 0.05969673 0.9403033 0.01080703 0.9891929 0.01792764 0.738546 0.2435263 0.05333542 0.7418293 0.2048352 0.05445021 0.09449326 0.06969505 0.7813614 0.04532122 0.0386846 0.01391088 0.9020832 9.75684e-4 0.1012601 0.05060291 0.8471613 0.1239449 0.827457 0.01135623 0.03724175 0.008127748 0.07024091 0.04538565 0.8762456 0.0535326 0.03001624 0.5057778 0.1924834 0.2181898 0.1656963 0.1464803 0.2523058 0.2346224 0.2008951 0.3084644 0.00995016 0.4856735 0.1959119 0.3149585 0.1823594 0.502682 0.2527555 0.1006662 0.1898799 0.4566984 0.05332559 0.03284609 0.2719783 0.3367756 0.3050744 0.629013 0.1875298 0.06546825 0.05826133 0.04879397 0.01093339 0.01913982 0.005228459 0.06071639 0.9096376 0.005277633 0.07598412 0.004203617 0.9198122 0.6473077 0.07747626 0.008906066 0.156502 8.98797e-4 0.04802417 0.06088471 0.03065961 0.1470763 9.29214e-4 0.543443 0.0265541 0.2513377 0.001066625 0.009376168 0.06865054 0.9209066 0.02878975 0.07894283 0.08352673 0.304706 0.5040345 0.005972981 0.1170293 0.005801022 9.57548e-4 0.8702391 0.9438614 0.04104232 0.01509624 0.948581 0.05141896 0.06027281 0.9397271 0.1065416 0.7825085 0.1109498 0.9410226 0.05897736 0.06325882 0.3210718 0.6156694 0.0504145 0.2212818 0.7283036 0.05860495 0.5505569 0.3908382 0.3006687 0.6993312 0.08189475 0.9181053 0.8138952 0.1861048 0.1392813 0.03019887 0.8305197 0.3245398 0.6626258 0.01283437 0.1152659 0.11461 0.7701241 0.1010383 0.7846583 0.1143034 0.01166981 0.09616124 0.01289689 0.8517112 0.02756071 0.8402178 0.0580939 0.06957775 0.03211039 0.2770355 0.4133015 0.07654643 0.2331165 0.01307511 0.507027 0.3275507 0.007377743 0.08927333 0.05569601 0.02600693 0.0571382 0.08091956 0.2532966 0.5826386 0.7060871 0.06570047 0.18777 0.04044246 0.03365743 0.06419539 0.8891789 0.01296824 0.08727204 0.05645239 0.3037773 0.05014461 0.5023536 0.04550403 0.5509854 0.308772 0.09473848 0.1659206 0.2487065 0.03349012 0.5128322 0.0390504 0.911355 0.08658516 0.002059876 0.1086235 0.2983274 0.02593034 0.5121174 0.05500125 0.04623752 0.572766 0.02817451 0.084203 0.2058777 0.06274121 0.1589244 0.2146248 0.2082532 0.4181975 0.3357047 0.05314028 0.5400071 0.01599645 0.05515134 0.4557652 0.1394315 0.3314305 0.07337278 0.07738804 0.1733656 0.2323552 0.06799012 0.4489009 0.9335224 0.06647771 0.2107483 0.6539819 0.06330436 0.008332729 0.06363272 0.0842173 0.2533519 0.1512762 0.01681143 0.4426953 0.05164772 0.6709776 0.08019119 0.2488312 0.005870938 0.05819356 0.9359355 0.03503274 0.3255696 0.6393976 0.07572615 0.6928296 0.2314444 0.06820374 0.7488877 0.1829085 0.01795375 0.3631328 0.6189134 0.06087577 0.9391242 0.3150406 0.6849594 0.7082496 0.2917504 0.9735051 0.02649486 0.08733487 0.1916629 0.7210023 0.07983249 0.5429378 0.3772298 0.1070289 0.7950732 0.09789794 0.01912707 0.9207676 0.0601052 0.05577689 0.6263681 0.317855 0.09504771 0.2349354 0.6700168 0.003642678 0.3769966 0.6193607 0.06270849 0.9372915 0.8371726 0.1628275 0.01269471 0.2386413 0.748664 0.01232391 0.7124331 0.2752431 0.01897668 0.9810233 0.0259552 0.7131583 0.2608865 0.03975963 0.2939423 0.666298 0.9754206 0.02457934 0.07958436 0.5317472 0.3886684 0.02996069 0.8671982 0.102841 0.03804552 0.1978485 0.764106 0.6618911 0.338109 0.9647103 0.0352897 0.2192102 0.7807897 0.06241339 0.05808514 0.1470649 0.1041041 0.5535897 0.07474255 0.2726935 0.1248479 0.2428417 0.06042724 0.1289546 0.02385634 0.1235178 0.02286064 0.05759865 0.1220597 0.04354983 0.02453774 0.5767526 0.06345814 0.1120432 0.05492627 0.1909351 0.04456663 0.5616684 0.1479034 0.2291513 0.08463966 0.03286403 0.395442 0.008631825 0.1210997 0.1281712 0.06205439 0.08635991 0.09113323 0.1551588 0.09671962 0.508574 0.05467581 0.236916 0.1659423 0.5128206 0.0296452 0.2568743 0.4258131 0.06091576 0.008718669 0.1455292 0.1021489 0.06549185 0.1569557 0.0649591 0.0575062 0.5775741 0.07751303 0.0735737 0.1333608 0.182092 0.1021168 0.04156386 0.4672926 0.06080371 0.2272549 0.06469655 0.5667246 0.08052021 0.2792553 0.3389848 0.0168761 0.1370499 0.1031661 0.006101131 0.1185666 0.076662 0.009587407 0.3854584 0.3795295 0.04775816 0.1010044 0.2930395 0.1179003 0.007295727 0.3216461 0.113977 0.01866799 0.1233316 0.004141688 0.07484102 0.1175554 0.1394836 0.135356 0.4964929 0.03627103 0.8355571 0.02090919 0.07672715 0.06122744 0.005578875 0.140377 0.5620861 0.2975369 0.08835506 0.7530943 0.1585506 0.1025342 0.3080192 0.5894466 0.0768609 0.3133323 0.6098068 0.8311224 0.1001138 0.06876379 0.02856683 0.8772175 0.09421563 0.862263 0.02638685 0.02501493 0.08633506 0.1042546 0.8957453 0.0478146 0.675389 0.2767964 0.06852436 0.4067342 0.5247415 0.04747092 0.4252334 0.5272956 0.06906932 0.7143301 0.2166005 0.1461447 0.337958 0.5158972 0.002070844 0.8468162 0.1511129 0.0537154 0.8143996 0.131885 0.1835822 0.8164178 0.02004629 0.07538473 0.904569 0.03025174 0.544765 0.4249832 0.07639586 0.5373672 0.3862369 0.0169174 0.1749953 0.2255983 0.582489 0.06157457 0.852755 0.08567041 0.05391561 0.05586802 0.8902164 0.1172788 0.6635139 0.2192073 0.05640655 0.2604224 0.02298754 0.6601835 0.006654858 0.003264009 0.3127132 0.3754703 0.3018974 0.02047055 0.2363294 0.08005797 0.5803572 0.08278477 0.1507907 0.6135079 0.2357013 0.1471534 0.20206 0.6507865 0.1369889 0.05478519 0.2558078 0.552418 0.1034938 0.0714094 0.3472006 0.225835 0.252061 0.3356722 0.3734095 0.07554233 0.01427757 0.1076043 0.09006881 0.003425121 0.01533353 0.06982541 0.2174451 0.6973959 0.03810793 0.2690516 0.6928405 0.3034094 0.07580637 0.02813059 0.004123628 0.3506864 0.01498275 0.1029881 0.1198725 0.07670515 0.2836192 0.02305388 0.350332 0.06313568 0.2031539 0.04880827 0.8837948 0.06739687 0.0820412 0.1681275 0.1611899 0.2489235 0.3291555 0.01056224 0.009079515 0.02553743 0.08603352 0.8793495 0.01006841 0.8029295 0.1870021 1 1 0.0349214 0.9414609 0.02361774 1 0.02298235 0.1695188 0.8074989 0.008689105 0.09892797 0.8923829 0.01960176 0.7654308 0.2149673 0.1514201 0.8485799 1 0.9306166 0.06938344 0.2445052 0.187422 0.5680727 0.3363109 0.5799178 0.08377122 0.07017254 0.8757427 0.05408483 0.06561201 0.06353026 0.06426632 0.8065913 0.1882199 0.6238573 0.1879228 0.5548642 0.09979557 0.2922467 0.05309343 0.5018877 0.2027952 0.1254001 0.1699169 0.1807584 0.7543341 0.02959394 0.03531354 0.04244661 0.06517452 0.8923788 0.2413352 0.2226346 0.4743303 0.04838877 0.01331102 0.06200671 0.06530529 0.8618704 0.01081752 0.01260262 0.2542013 0.12479 0.6084061 0.3981323 0.3308594 0.2710083 0.0211969 0.01283913 0.9659639 0.45999 0.06170195 0.260356 0.217952 0.1874262 0.1203791 0.1064217 0.585773 1 0.1240789 0.4747376 0.08323079 0.3179527 0.1591544 0.6895609 0.03163999 0.1196447 0.3340976 0.01439136 0.01726979 0.6298372 0.002869248 0.0015347 0.03737539 0.07114154 0.3496927 0.1640951 0.3776952 0.003647983 0.002906501 0.5980279 0.2608618 0.1345559 0.06835693 0.8699295 0.004419803 0.01426833 0.04302519 0.02159506 0.2593913 0.06112647 0.544856 0.1130311 0.458218 0.2515851 0.2901969 0.07425969 0.1435829 0.7821574 0.03440815 0.7151724 0.2504194 0.02536427 0.8583549 0.1162807 0.116836 0.5444537 0.3387103 0.06090527 0.9390947 1 0.04258555 0.5412676 0.01299661 0.4031503 0.9954019 0.004598021 1 0.003212749 0.163827 0.3024281 0.5305322 0.05291622 0.8473791 0.09970462 0.03107851 0.954162 0.01475942 0.09861457 0.7530469 0.1483384 0.05834263 0.2508049 0.6908525 0.05212146 0.124432 0.8234465 0.8047192 0.1952807 0.193951 0.806049 0.6463503 0.3536497 1 0.0358076 0.518792 0.4454003 0.00625509 0.1361865 0.8575583 0.9714927 0.02850729 0.06280255 0.5014521 0.4357453 0.02925091 0.8452877 0.1254612 0.05332487 0.1999439 0.7467312 0.06686848 0.7126689 0.2204625 0.06421715 0.3458252 0.5899576 0.237317 0.7626829 0.01451843 0.8338314 0.1516501 0.01796352 0.4222618 0.5597746 0.008206963 0.05920743 0.05926245 0.1975764 0.6681844 0.00756216 0.2263338 0.2215307 0.08585989 0.1335959 0.1750798 0.08922672 0.0683729 0.1008158 0.2315354 0.03826421 0.1023582 0.3335948 0.1350628 0.05836856 0.007482588 0.1259215 0.5381659 0.3284299 0.2002868 0.1937389 0.1024329 0.2618105 0.06580126 0.1759297 0.1043499 0.2285667 0.1636931 0.1470387 0.0557987 0.3005529 0.01884877 0.2387405 0.3526813 0.3897294 0.2509532 0.2705171 0.1404113 0.07190024 0.2116957 0.05452245 0.1302282 0.1594694 0.1622977 0.1083118 0.3983319 0.04136079 0.1194932 0.1037857 0.08749514 0.2671918 0.09414738 0.3278867 0.1079757 0.4339855 0.1299278 0.2903528 0.03775811 0.2319529 0.4326521 0.01603126 0.08288264 0.1565793 0.0242955 0.05560606 0.03186845 0.00772953 0.1816099 0.5767356 0.2020564 0.2406705 0.2936812 0.1497437 0.07090306 0.1802648 0.06473648 0.1215175 0.2910223 0.1056019 0.06924873 0.3260447 0.08656483 0.4317041 0.009055852 0.1315873 0.2098646 0.08703869 0.117824 0.003332734 0.009592473 0.08612447 0.376419 0.03285777 0.006667613 0.2933413 0.2045897 0.08541345 0.802752 0.1118346 0.05688118 0.8734218 0.06969696 0.09179538 0.03574895 0.02510344 0.3054517 0.2224779 0.3194226 0.2770423 0.3487724 0.02928864 0.1162015 0.1199424 0.0124135 0.0963391 0.1097869 0.2625429 0.6276702 0.2948449 0.1060269 0.04484957 0.2937803 0.107982 0.1178539 0.01909047 0.01557183 0.058878 0.6758266 0.2652954 0.001612186 0.1145671 0.8838208 0.0299288 0.1214565 0.8486146 0.1080889 0.8919111 0.9919897 0.008010327 0.02637958 0.09552323 0.8780971 1 1 1 1 0.8767672 0.1232328 0.9269273 0.07307261 0.1032339 0.03873687 0.7877861 0.070243 0.04497939 0.162006 0.1442908 0.6487237 0.05405259 0.3424637 0.04872757 0.5547562 0.1704403 0.6592861 0.1702736 0.0828796 0.07652556 0.8405947 0.1028259 0.06084293 0.5855928 0.09640967 0.1543286 0.04542815 0.07648986 0.5169525 0.0904203 0.02174586 0.1987909 0.05017238 0.02794736 0.5626952 0.02930706 0.2579336 0.1221167 0.006566405 0.6316762 0.1087121 0.2530453 0.01542127 0.4814305 0.2039095 0.08704936 0.2121893 0.003636062 0.1426741 0.5042909 0.3493989 0.8720316 0.08824491 0.02904248 0.01068097 0.05846887 0.8292402 0.1122908 0.01159262 0.1040351 0.8843722 0.8678708 0.05336225 0.07158064 0.007186233 0.07303988 0.6557779 0.2711822 0.06853663 0.2345852 0.6968781 0.02119535 0.02491158 0.338863 0.61503 0.02787369 0.3391555 0.6329708 0.7716761 0.2283239 0.04906231 0.7892603 0.1616774 0.005672037 0.1758505 0.8184775 0.1606794 0.6236341 0.2156865 0.04150813 0.7952007 0.1632911 0.09152328 0.5190543 0.3894225 0.07109916 0.3865691 0.5423317 0.07044082 0.3100476 0.6195115 0.006703436 0.5272024 0.4660942 0.05353534 0.01142466 0.1894304 0.7456096 0.6132049 0.3867952 0.07736384 0.8304431 0.09219294 0.265379 0.5900051 0.1446158 0.142084 0.3624088 0.495507 0.1283106 0.399913 0.4717763 0.05502951 0.05101293 0.1106792 0.7832784 0.8635038 0.003039062 0.1334571 0.1338597 0.5590854 0.03087806 0.2761768 0.02431011 0.5859108 0.0930798 0.2428634 0.0538358 0.02821761 0.1152742 0.04758954 0.681522 0.1273966 1 0.01320248 0.2383741 0.07515048 0.03475141 0.5219498 0.1165717 0.2556361 0.00808078 0.1028194 0.3537174 0.2797462 0.007016718 0.1669238 0.6071541 0.008104443 0.2108007 0.1795944 0.5531062 0.1480146 0.1192847 0.02189725 0.824061 0.06694465 0.01057767 0.05032289 0.02619642 0.03047549 0.7763335 0.1294682 0.06372272 0.1747645 0.03243297 0.0580697 0.6328333 0.1018996 0.1125851 0.08099752 0.5297853 0.01567655 0.2609555 0.7421618 0.08043479 0.1774033 0.2371681 0.4787274 0.1544544 0.12965 0.09780824 0.4369359 0.1283605 0.00261718 0.294777 0.03950124 0.09104359 0.8540376 0.04138559 0.01353317 0.3857707 0.2703588 0.2206431 0.1232273 0.166249 0.1828871 0.353338 0.05072325 0.2468026 0.8708972 0.1063467 0.007829606 0.01492637 1 0.04823505 0.9517649 0.1221473 0.4980158 0.3798369 0.003381371 0.9288494 0.06776922 0.009245336 0.7914862 0.1992684 0.07376891 0.01322793 0.1588337 0.7541694 0.1669391 0.8330609 0.3111411 0.6888589 0.03835994 0.8339887 0.1276513 0.03183209 0.1006405 0.8675273 0.05660778 0.2139178 0.7294744 0.1748907 0.637026 0.1880832 1 0.9395001 0.06049984 0.155399 0.3801889 0.4644121 0.06667912 0.9333209 1 0.9479519 0.05204814 0.02303665 0.6006102 0.3763532 0.8557242 0.1442759 1 0.03308826 0.3186714 0.6482403 0.009045958 0.1564316 0.8345224 1 0.05304062 0.843353 0.1036064 0.9966291 0.003370821 0.08287459 0.9171254 0.9848875 0.01511245 1 0.08919042 0.9108096 0.1113588 0.002734601 0.02312815 0.3351647 0.05705875 0.3184029 0.152152 0.238578 0.02120363 0.05361914 0.3650704 0.06567358 0.1627489 0.09310615 0.006260633 0.07402163 0.02547913 0.6342614 0.2599771 0.09334921 0.06680047 0.2976461 0.1071668 0.36528 0.06975728 0.1969702 0.02052855 0.05691516 0.3976397 0.07232594 0.1796594 0.07596087 0.004159569 0.008016884 0.02535152 0.1034564 0.1681441 0.6908712 0.08927911 0.3614825 0.08111751 0.3541755 0.0262326 0.0877127 0.1863191 0.4462756 0.08374232 0.1693968 0.05092263 0.06334322 0.01715177 0.146305 2.69523e-6 0.6894445 0.147096 0.02777796 0.1164278 0.4235031 0.03334343 0.3989477 0.01807945 0.1352245 0.001611113 0.6964363 0.1486486 0.2268647 0.1470035 0.08517765 0.2844979 0.07166773 0.1847883 0.1312834 0.002075612 0.03792059 0.4305381 0.238245 0.105889 0.05404806 0.2550026 0.03929054 0.05889534 0.3673974 0.1374104 0.08147889 0.06052476 0.03644859 0.05361187 0.1362883 0.2754106 0.4982405 0.02242523 0.07554459 0.06770145 0.1004236 0.7017967 0.03210836 0.0607711 0.1804259 0.05933672 0.05371588 0.5440517 0.1016985 0.009004235 0.1124235 0.01014822 0.01761615 0.7380979 0.1127098 0.085056 0.06757813 0.3183743 0.2743521 0.2546394 0.150755 0.06290048 0.4142565 0.2082245 0.0388835 0.1249799 0.1527149 0.1442825 0.2880295 0.1409654 0.2481085 0.02589905 0.01094877 0.1752031 0.6733907 0.1404574 0.06688725 0.008069157 0.3710096 0.4039586 0.1265276 0.02354782 0.01706117 0.1790971 0.6993384 0.04305404 0.06144928 0.5066395 0.1581364 0.0677514 0.1474457 0.03006368 0.08996307 0.4829714 0.251461 0.01282453 0.04233056 0.08891355 0.06344676 0.058052 0.7455748 0.1217349 0.02864521 0.07607716 0.02796781 0.14695 0.2813545 0.1716005 0.1316605 0.03193628 0.2364981 0.07538354 0.2865999 0.003137528 0.3728984 0.05224454 0.2097359 0.1340259 0.3923995 0.04860854 0.2662016 0.04952216 0.1092423 0.003317415 0.002035915 0.03608846 0.07139348 0.1127853 0.7743793 0.01635193 0.05944937 0.1350697 0.05726265 0.03230667 0.6995595 0.06056052 0.05781698 0.07082551 0.1438065 0.1079675 0.559023 0.01229995 0.0706821 0.04568552 0.06383651 0.7701151 0.03738063 0.06612825 0.08511924 0.1400759 0.1476127 0.5475605 0.01350331 0.01494997 0.03506022 0.1017984 0.1938822 0.6543092 0.06312936 0.3151651 0.01013666 0.3942016 0.2173672 0.1202809 0.4461572 0.007295668 0.1757209 0.2293816 0.02116358 0.1317822 0.3388929 0.07441794 0.04368901 0.3096391 0.1015787 0.08789318 0.03018867 0.7984611 0.08345693 0.0488491 0.203301 0.06662333 0.5818584 0.002787768 0.09658026 0.006630122 0.1381224 0.1380017 0.6997074 0.01753824 0.008655488 0.05416232 0.1076515 0.06843572 0.05754971 0.7035451 0.05641585 0.1385648 0.2295981 0.08231723 0.02967107 0.4634329 0.005556344 0.07816964 0.2913857 0.03538984 0.5894984 0.06644594 0.03718912 0.02214699 0.3057163 0.254024 0.3144775 0.1220434 0.03695678 0.002891302 0.003468692 0.4078626 0.03062486 0.2423824 0.1537698 0.1206758 0.09869891 0.06794482 0.3329764 0.1233155 0.2563885 0.002862036 0.06411218 0.1150818 0.7986549 0.01928895 0.04790645 0.05024486 0.1465174 0.115356 0.5833925 0.05658268 3.47314e-7 0.09184229 0.03464102 0.7634069 0.1101093 0.05571436 0.8085343 0.06019771 0.07555353 0.05127221 0.1148424 0.06423795 0.5593864 0.1760491 0.03421175 0.04937589 0.01278704 0.7294163 0.2084208 0.07509481 0.2037603 0.1151573 0.2899468 0.001305878 0.3064598 0.008274912 0.1403923 0.1084671 0.2919701 0.004384517 0.1392708 0.2570301 0.05848491 0.1363893 0.2420189 0.1190218 0.05833059 0.2539972 0.05391281 0.1363293 0.006626188 0.09268504 0.6499714 0.2507172 0.06158059 0.1833575 0.03162521 0.514348 0.2090886 0.008728325 0.002325296 0.07877838 0.06666547 0.7624456 0.08105671 0.02221363 0.9777864 0.1266072 0.8733927 0.008015513 0.9919846 0.4289086 0.5710914 0.8511325 0.1488675 0.004663228 0.6609951 0.3343416 0.02727574 0.6418055 0.3309187 0.844555 0.155445 0.0082134 0.4346509 0.5571357 1.26469e-4 0.9998735 0.01645052 0.1099296 0.8736199 0.9937455 0.006254494 0.06305956 0.3445855 0.5923548 0.06109368 0.728199 0.2107073 0.06480818 0.5572232 0.3779687 0.1165868 0.5138228 0.3695905 0.08955121 0.6922908 0.2181579 0.08405071 0.3415753 0.574374 0.0222792 0.9777208 1 0.02365487 0.1242421 0.8521029 0.8781983 0.1218016 0.03698843 0.4839636 0.4790479 0.03428614 0.7069624 0.2587514 0.05581218 0.7041949 0.2399929 0.05008673 0.5277048 0.4222084 0.007571578 0.8699582 0.1224702 0.07656413 0.9234358 0.02649366 0.9735064 0.1873597 0.8126403 0.110325 0.889675 0.0217877 0.4627709 0.5154413 0.01369297 0.2834394 0.7028676 0.03953891 0.1918057 0.7686553 0.03657656 0.3644556 0.5989677 0.09997665 0.9000234 1 0.9317944 0.06820559 0.9147862 0.08521378 0.6268691 0.3731309 0.1834294 0.8165705 0.3878055 0.6121945 0.04525494 0.354182 0.6005629 0.1925182 0.8074817 0.03043365 0.5828176 0.3867488 0.1112591 0.1095666 0.7791742 0.02740234 0.03896516 0.9336324 0.03218507 0.9678149 0.09256535 0.6071748 0.3002598 0.04200136 0.8006631 0.1573355 0.07609581 0.4162873 0.5076169 0.002622544 0.08190584 0.113709 0.8017626 0.00113362 0.02513611 0.9737302 0.01735788 0.001202762 0.9797816 0.001657664 0.1450445 0.8252528 0.02970266 0.06153261 0.9384673 0.1450116 0.8067278 0.04826062 0.1295496 0.5134126 0.3570378 0.0890901 0.3460851 0.5648248 0.09122377 0.7010222 0.207754 1 0.01042187 0.9895781 5.72592e-4 0.0651952 0.0810706 0.8531616 0.009765267 0.003066599 0.9871681 0.003017961 0.06758159 0.9294004 0.07706499 0.1827616 0.7401733 0.009857118 0.716211 0.2739319 0.5055473 0.4944527 0.8736974 0.1263026 0.01294386 0.9870561 0.07180488 0.9281951 0.001688897 0.1786521 0.01378649 0.8058725 0.0162478 0.9821243 0.001627802 0.001457631 0.9268787 0.07166361 0.07202285 0.6925728 0.2354043 0.07046484 0.340623 0.5889122 0.05308151 0.5713882 0.3755303 0.01712161 0.1754117 0.8074666 0.07292389 0.8318859 0.09519022 0.02852094 0.9714791 0.08566045 0.8373409 0.07699859 0.08246713 0.8164106 0.1011222 0.009550631 0.9658776 0.02457165 0.03443121 0.04766619 0.9179027 0.07203471 0.3152319 0.6127334 0.02373194 0.1613585 0.8149095 0.0590344 0.525065 0.4159005 0.1223061 0.8776939 0.02531051 0.9746895 0.008202075 0.9917979 0.5537553 0.3621284 0.011141 0.07297527 0.3615796 0.07157343 0.566847 0.2195979 0.6924352 0.08796685 0.03299289 0.8556455 0.05603742 0.05532407 0.1473199 0.5025917 0.1201525 0.1920365 0.03789919 0.04675251 0.5734367 0.04555326 0.2247589 0.1094985 0.002195179 0.6131051 0.1599444 0.1843317 0.04042357 0.5797449 0.255232 0.08418923 0.05553877 0.02529495 0.02762067 0.2246198 0.5778539 0.09076076 0.07914477 0.01365584 0.7891944 0.140024 0.05712562 0.7403209 0.2596791 0.5513124 0.3476373 0.1010502 0.1583681 0.0544905 0.6963735 0.03100985 0.05975788 0.1801025 0.2064487 0.3743643 0.04441022 0.1946741 0.07539528 0.07360953 0.5523952 0.1139526 0.1846473 0.912581 0.04547685 0.00925213 0.03268998 0.6009014 0.2483193 0.1110919 0.001312553 0.0383749 0.7438391 1.79452e-4 0.05342692 0.2025545 0.4827161 0.1762058 0.3410781 0.207324 0.08045119 0.6990284 0.01319628 0.2512314 0.2661176 0.4826509 0.6150623 0.2340154 0.08057516 0.07034701 0.3656422 0.175418 0.2755122 0.1834276 0.2851199 0.4414331 0.1043161 0.169131 0.1912152 0.1835588 0.1869484 0.2351531 0.2031244 0.0611822 0.07768666 0.2340561 0.1240665 0.009577333 0.4715803 0.02185064 0.02729302 0.1469369 0.6439698 0.06650072 0.1152994 0.01652485 0.489068 0.3191292 0.1752778 0.05500781 0.1668169 0.007156074 0.6987946 0.07222455 0.2333614 0.4826762 0.2839624 0.04426878 0.2036755 0.5976495 0.007793009 0.1466132 0.06297671 0.6630126 0.02231574 0.167194 0.02711749 0.05738329 0.4835099 0.182316 0.0990504 0.2351236 0.8433593 0.01250225 0.005147755 0.1389906 0.5415614 0.1733503 0.112713 0.1723753 0.2339451 0.0617839 0.7042709 0.1275675 0.2655035 0.05438017 0.5372146 0.01533412 0.02960044 0.2405429 0.6440001 0.08585649 0.08314901 0.1083315 0.08222275 0.7262967 0.9988761 0.001123845 0.09314656 0.006614267 0.009595394 0.6729061 0.02566343 0.1920742 0.01242798 0.5931671 0.1326844 0.2617205 0.01364177 0.06947749 0.0708087 0.5747212 0.2713508 0.05017453 0.05917656 0.1508281 0.2098129 0.5072192 0.02278858 0.005164206 0.2314112 0.02019923 0.7432253 0.1944373 0.1609844 0.1922983 0.4522798 0.1136479 0.2171533 0.09033972 0.5788591 0.06325513 0.06824982 0.1548641 0.02758014 0.6860508 0.6938359 0.03212279 0.1858366 0.08820462 0.2742102 0.008781194 0.5422908 0.1747177 0.3619157 0.5821699 0.03798347 0.01793092 0.0584895 0.07406699 0.2789062 0.0544992 0.5340381 0.002004206 0.04581528 0.1340423 0.06138342 0.7567548 0.06827265 0.1695911 0.1174913 0.6446449 0.04170626 0.25622 0.08456665 0.001811861 0.5486293 0.06706589 0.1279976 0.02830666 0.7628844 0.08081126 0.01267868 0.1025354 0.1143587 0.05849856 0.7088857 0.003042876 0.09132736 0.1169182 0.3477364 0.0841493 0.3598687 0.03829365 0.06128722 0.241567 0.1455435 0.5133085 0.04152554 0.124355 0.1319758 0.04633003 0.6317134 0.0241 0.001222968 0.1708191 0.8279579 0.02200281 0.3451035 0.6328938 0.03263843 0.5350869 0.4322746 0.005325615 0.6057241 0.3889502 0.3768612 0.6231389 0.1811763 0.8188238 0.4987046 0.5012955 0.713034 0.2869659 0.8673468 0.1326531 0.06724959 0.3590676 0.5736827 0.06934195 0.5658574 0.3648007 0.06285375 0.7342714 0.2028747 0.02379339 0.8085181 0.1676885 0.05463397 0.6268663 0.3184998 0.05926835 0.4126995 0.5280322 0.9599394 0.04006057 0.00713253 0.8557291 0.1371384 0.01351904 0.9864808 0.9535508 0.04644912 0.009463071 0.9905369 0.009858906 0.8511043 0.1390368 0.07525044 0.9247496 0.005511522 0.9944885 0.04734045 0.1514976 0.801162 1 0.02846854 0.9178792 0.05365222 0.02244371 0.9431809 0.03437542 0.005161046 0.06537884 0.92946 0.05645859 0.145556 0.7979853 0.004195153 0.008152246 0.9876525 0.4605938 0.01778173 0.06246113 0.2128508 0.03398299 0.0658549 0.09273874 0.05373573 0.7295514 0.004763662 0.03501594 0.09899806 0.07027471 0.03352946 0.02786648 0.4719616 0.1010124 0.1118628 0.1098724 0.09266513 0.05186921 0.06075632 0.350876 0.05733698 0.03204268 0.3502845 0.04358178 0.1007496 0.06512826 0.7147021 0.08764076 2.12897e-4 0.1440228 0.02701419 0.026407 0.4520003 0.1417759 0.05612248 0.2044743 0.05901682 0.08661013 0.3595736 0.3791282 0.02237957 0.0753495 0.08818864 0.04837727 0.02700304 0.6958481 0.1680585 0.04215818 0.04358959 0.02444791 0.02589762 0.4582312 0.2419415 0.09527325 0.03346681 0.1160097 0.05507737 0.008573055 0.1387933 0.07581239 0.7385486 0.03827255 0.01109248 0.1848941 0.2359733 0.56804 0.05662316 0.3281127 0.1737369 0.4304689 0.01105809 0.4927721 0.06910973 0.0572614 0.1987267 0.07541954 0.0496636 0.05704671 0.7271364 0.08382618 0.03633654 0.1010425 0.02133589 0.002225577 0.02809673 0.5089402 0.1708927 0.1435071 0.05713295 0.09127187 0.02825498</float_array>
          <technique_common>
            <accessor source="#Armature_Icosphere-skin-weights-array" count="2410" stride="1">
              <param name="WEIGHT" type="float"/>
            </accessor>
          </technique_common>
        </source>
        <joints>
          <input semantic="JOINT" source="#Armature_Icosphere-skin-joints"/>
          <input semantic="INV_BIND_MATRIX" source="#Armature_Icosphere-skin-bind_poses"/>
        </joints>
        <vertex_weights count="642">
          <input semantic="JOINT" source="#Armature_Icosphere-skin-joints" offset="0"/>
          <input semantic="WEIGHT" source="#Armature_Icosphere-skin-weights" offset="1"/>
          <vcount>4 3 3 3 2 3 3 3 3 4 3 2 6 6 3 3 7 7 3 8 3 3 2 2 1 2 2 2 2 2 2 1 3 4 4 4 3 5 6 5 4 6 6 5 3 3 6 7 4 9 4 4 3 3 3 3 2 2 2 2 3 3 4 4 4 4 4 5 5 4 3 4 5 6 5 3 7 6 4 5 5 3 2 2 3 2 3 3 3 2 2 2 3 3 3 3 5 4 4 6 5 4 4 5 4 5 3 5 6 4 5 4 5 2 5 6 3 3 3 3 3 3 2 2 2 2 3 3 3 3 3 3 3 2 2 3 3 2 3 3 2 3 3 3 2 2 2 6 8 7 5 7 6 5 6 6 6 5 7 6 8 6 5 3 3 3 3 3 3 4 2 3 3 3 3 3 3 3 2 3 3 3 4 3 3 3 4 5 5 3 3 4 5 7 4 3 8 6 3 6 4 3 1 1 3 1 3 3 3 2 1 2 3 3 3 4 3 4 4 4 3 5 4 4 3 3 4 4 1 4 4 6 5 5 5 5 3 3 3 3 3 2 1 4 2 1 4 3 3 3 3 3 2 2 2 1 3 3 2 3 3 3 3 3 2 3 3 6 7 7 4 6 6 4 6 6 6 5 7 5 6 6 8 6 3 3 6 7 3 8 3 3 3 2 2 3 1 1 1 1 2 2 4 4 4 3 3 5 7 5 4 5 4 4 3 3 4 3 3 4 3 2 3 3 3 3 3 3 3 3 4 2 3 3 3 3 4 3 4 5 5 1 6 5 5 4 6 4 5 5 3 4 6 4 4 5 4 1 2 3 3 3 4 2 2 3 3 3 3 1 2 3 2 1 2 3 2 1 3 3 1 3 2 2 2 1 2 7 7 5 6 7 6 6 6 5 5 5 6 7 7 5 6 6 6 5 6 6 4 6 5 6 7 5 6 6 6 6 6 6 6 6 5 5 6 6 4 6 5 6 6 5 6 8 6 5 6 5 4 6 4 7 7 7 4 5 6 2 2 2 2 2 3 3 2 3 2 3 2 3 3 3 3 3 3 2 1 3 2 3 3 3 3 3 2 2 2 2 3 3 3 3 2 1 2 2 2 2 2 3 2 3 3 3 2 3 3 3 4 3 4 3 2 3 3 3 3 1 2 4 3 3 3 3 2 2 2 2 4 3 3 3 3 3 3 3 2 3 3 3 3 3 3 3 2 2 2 4 3 3 4 5 5 5 5 5 4 2 3 5 5 5 4 5 4 3 4 3 4 4 4 5 7 5 4 5 3 5 6 4 4 4 3 5 4 4 2 6 4 5 6 4 4 4 5 4 4 4 5 5 4 6 4 6 5 5 6 3 3 3 3 2 2 2 2 2 3 3 3 3 3 3 2 3 2 2 2 3 2 2 3 1 3 3 3 3 3 8 7 7 7 6 6 7 6 6 5 4 5 7 7 6 </vcount>
          <v>0 0 2 1 3 2 13 3 2 4 9 5 10 6 4 7 6 8 7 9 3 10 8 11 16 12 14 13 15 14 12 15 17 16 18 17 4 18 6 19 9 20 3 21 7 22 8 23 13 24 15 25 16 26 11 27 12 28 14 29 17 30 2 31 10 32 18 33 1 34 5 35 0 36 3 37 4 38 6 39 7 40 9 41 0 42 2 43 4 44 6 45 9 46 10 47 4 48 6 49 9 50 2 51 10 52 18 53 0 54 2 55 10 56 12 57 14 58 17 59 18 60 0 61 3 62 7 63 8 64 13 65 15 66 16 67 3 68 7 69 8 70 0 71 11 72 12 73 13 74 14 75 15 76 16 77 17 78 13 79 15 80 16 81 11 82 14 83 17 84 9 85 10 86 10 87 18 88 6 89 6 90 9 91 7 92 8 93 6 94 7 95 15 96 16 97 8 98 16 99 17 100 18 101 14 102 2 103 9 104 10 105 3 106 4 107 6 108 7 109 3 110 8 111 13 112 16 113 11 114 13 115 14 116 15 117 12 118 17 119 18 120 1 121 2 122 4 123 6 124 9 125 1 126 2 127 5 128 10 129 12 130 18 131 1 132 3 133 4 134 7 135 8 136 3 137 13 138 15 139 16 140 5 141 11 142 12 143 13 144 14 145 17 146 0 147 2 148 3 149 4 150 6 151 7 152 0 153 2 154 4 155 9 156 10 157 4 158 6 159 7 160 2 161 9 162 10 163 0 164 2 165 10 166 12 167 17 168 18 169 0 170 3 171 7 172 8 173 13 174 15 175 16 176 3 177 7 178 8 179 16 180 0 181 3 182 11 183 12 184 13 185 14 186 15 187 16 188 17 189 13 190 14 191 15 192 16 193 12 194 14 195 17 196 18 197 2 198 9 199 10 200 2 201 10 202 18 203 4 204 6 205 7 206 4 207 6 208 9 209 8 210 16 211 7 212 8 213 14 214 15 215 15 216 16 217 12 218 17 219 18 220 11 221 14 222 17 223 2 224 4 225 6 226 9 227 3 228 4 229 6 230 7 231 3 232 8 233 13 234 16 235 11 236 14 237 15 238 17 239 2 240 10 241 12 242 18 243 1 244 2 245 4 246 6 247 9 248 0 249 1 250 2 251 5 252 12 253 3 254 4 255 7 256 8 257 13 258 15 259 16 260 11 261 12 262 14 263 17 264 0 265 3 266 4 267 6 268 7 269 0 270 2 271 4 272 9 273 10 274 12 275 2 276 4 277 6 278 9 279 10 280 10 281 17 282 18 283 0 284 2 285 10 286 12 287 14 288 17 289 18 290 0 291 3 292 7 293 8 294 13 295 16 296 3 297 4 298 6 299 7 300 0 301 11 302 13 303 14 304 15 305 3 306 8 307 13 308 15 309 16 310 14 311 15 312 17 313 10 314 18 315 17 316 18 317 4 318 6 319 9 320 9 321 10 322 3 323 7 324 8 325 4 326 6 327 7 328 13 329 15 330 16 331 8 332 16 333 14 334 17 335 14 336 15 337 2 338 9 339 10 340 4 341 6 342 9 343 3 344 7 345 8 346 13 347 15 348 16 349 11 350 12 351 14 352 17 353 18 354 1 355 2 356 4 357 5 358 2 359 10 360 12 361 18 362 0 363 1 364 3 365 4 366 5 367 13 368 0 369 1 370 3 371 5 372 13 373 5 374 11 375 12 376 13 377 2 378 5 379 12 380 18 381 2 382 10 383 12 384 17 385 18 386 11 387 12 388 17 389 18 390 5 391 11 392 12 393 13 394 15 395 11 396 14 397 15 398 11 399 13 400 14 401 15 402 16 403 1 404 3 405 5 406 8 407 13 408 16 409 3 410 8 411 13 412 16 413 3 414 7 415 8 416 13 417 16 418 1 419 3 420 4 421 7 422 1 423 3 424 4 425 6 426 7 427 4 428 6 429 1 430 2 431 4 432 5 433 9 434 1 435 2 436 4 437 6 438 9 439 10 440 2 441 9 442 10 443 12 444 17 445 18 446 12 447 17 448 18 449 12 450 17 451 18 452 11 453 14 454 15 455 11 456 14 457 15 458 14 459 15 460 8 461 16 462 8 463 16 464 8 465 16 466 4 467 6 468 7 469 4 470 6 471 7 472 4 473 6 474 7 475 2 476 9 477 10 478 2 479 9 480 10 481 2 482 9 483 10 484 11 485 14 486 17 487 14 488 17 489 14 490 17 491 13 492 15 493 16 494 13 495 15 496 16 497 15 498 16 499 3 500 7 501 8 502 3 503 7 504 8 505 7 506 8 507 4 508 6 509 9 510 4 511 6 512 9 513 4 514 6 515 9 516 10 517 18 518 10 519 18 520 10 521 18 522 0 523 11 524 12 525 14 526 17 527 18 528 0 529 11 530 12 531 13 532 14 533 15 534 17 535 18 536 0 537 11 538 12 539 13 540 14 541 15 542 17 543 0 544 13 545 14 546 15 547 16 548 0 549 3 550 8 551 13 552 14 553 15 554 16 555 0 556 3 557 8 558 13 559 15 560 16 561 0 562 3 563 7 564 8 565 16 566 0 567 3 568 4 569 6 570 7 571 8 572 0 573 3 574 4 575 6 576 7 577 8 578 0 579 2 580 10 581 12 582 17 583 18 584 0 585 2 586 9 587 10 588 18 589 0 590 2 591 9 592 10 593 12 594 17 595 18 596 0 597 2 598 4 599 6 600 7 601 9 602 0 603 2 604 3 605 4 606 6 607 7 608 9 609 10 610 0 611 2 612 4 613 6 614 9 615 10 616 0 617 2 618 3 619 4 620 7 621 2 622 9 623 10 624 4 625 6 626 7 627 2 628 9 629 10 630 12 631 17 632 18 633 0 634 3 635 13 636 3 637 8 638 16 639 0 640 3 641 12 642 13 643 14 644 15 645 12 646 17 647 18 648 2 649 9 650 10 651 2 652 10 653 18 654 4 655 6 656 7 657 4 658 6 659 9 660 3 661 8 662 16 663 3 664 7 665 8 666 14 667 15 668 13 669 15 670 16 671 12 672 17 673 18 674 11 675 14 676 17 677 2 678 4 679 6 680 9 681 3 682 7 683 8 684 13 685 15 686 16 687 11 688 14 689 17 690 2 691 10 692 12 693 18 694 1 695 2 696 4 697 6 698 9 699 0 700 1 701 2 702 5 703 12 704 3 705 7 706 8 707 13 708 15 709 16 710 11 711 12 712 14 713 17 714 0 715 3 716 4 717 6 718 7 719 0 720 2 721 4 722 6 723 9 724 10 725 18 726 2 727 4 728 6 729 9 730 2 731 10 732 18 733 0 734 2 735 10 736 11 737 12 738 14 739 17 740 18 741 0 742 3 743 7 744 8 745 13 746 16 747 3 748 7 749 8 750 0 751 11 752 13 753 14 754 15 755 16 756 8 757 13 758 15 759 16 760 11 761 14 762 17 763 10 764 18 765 4 766 6 767 9 768 9 769 3 770 7 771 8 772 4 773 6 774 7 775 13 776 15 777 16 778 8 779 16 780 17 781 14 782 15 783 2 784 9 785 10 786 4 787 6 788 7 789 3 790 8 791 16 792 11 793 13 794 14 795 15 796 12 797 17 798 18 799 1 800 2 801 4 802 9 803 2 804 10 805 12 806 18 807 1 808 3 809 4 810 7 811 3 812 5 813 13 814 5 815 11 816 12 817 13 818 17 819 5 820 11 821 12 822 17 823 2 824 12 825 17 826 18 827 12 828 17 829 18 830 5 831 11 832 13 833 11 834 13 835 14 836 15 837 11 838 13 839 14 840 15 841 3 842 3 843 8 844 13 845 16 846 3 847 8 848 13 849 16 850 1 851 2 852 3 853 4 854 6 855 9 856 1 857 3 858 4 859 6 860 7 861 1 862 3 863 4 864 6 865 7 866 1 867 2 868 5 869 10 870 12 871 1 872 2 873 4 874 9 875 10 876 2 877 9 878 10 879 12 880 17 881 18 882 12 883 17 884 18 885 12 886 17 887 18 888 11 889 14 890 15 891 14 892 15 893 15 894 3 895 8 896 13 897 16 898 8 899 16 900 8 901 3 902 4 903 6 904 7 905 4 906 6 907 7 908 4 909 6 910 7 911 2 912 9 913 10 914 2 915 9 916 10 917 2 918 9 919 10 920 14 921 17 922 14 923 17 924 14 925 17 926 16 927 13 928 15 929 16 930 13 931 15 932 16 933 7 934 8 935 3 936 7 937 8 938 3 939 7 940 8 941 4 942 6 943 9 944 4 945 6 946 9 947 4 948 6 949 9 950 10 951 18 952 2 953 10 954 18 955 2 956 10 957 18 958 0 959 11 960 12 961 14 962 17 963 18 964 0 965 11 966 12 967 13 968 14 969 15 970 17 971 0 972 11 973 12 974 13 975 14 976 15 977 17 978 0 979 13 980 15 981 16 982 0 983 3 984 8 985 13 986 15 987 16 988 0 989 3 990 8 991 13 992 15 993 16 994 0 995 3 996 7 997 8 998 0 999 3 1000 4 1001 6 1002 7 1003 8 1004 0 1005 3 1006 4 1007 6 1008 7 1009 8 1010 0 1011 2 1012 10 1013 12 1014 17 1015 18 1016 0 1017 2 1018 9 1019 10 1020 18 1021 0 1022 2 1023 4 1024 9 1025 10 1026 12 1027 18 1028 0 1029 2 1030 4 1031 6 1032 9 1033 0 1034 2 1035 4 1036 6 1037 9 1038 10 1039 0 1040 2 1041 4 1042 6 1043 9 1044 10 1045 0 1046 2 1047 3 1048 4 1049 6 1050 7 1051 8 1052 9 1053 0 1054 2 1055 4 1056 6 1057 9 1058 10 1059 4 1060 6 1061 9 1062 2 1063 10 1064 18 1065 0 1066 2 1067 10 1068 12 1069 17 1070 18 1071 0 1072 3 1073 7 1074 8 1075 13 1076 15 1077 16 1078 3 1079 7 1080 8 1081 0 1082 11 1083 12 1084 13 1085 14 1086 15 1087 16 1088 17 1089 13 1090 15 1091 16 1092 12 1093 14 1094 17 1095 2 1096 9 1097 10 1098 10 1099 18 1100 6 1101 7 1102 4 1103 6 1104 9 1105 8 1106 7 1107 15 1108 16 1109 17 1110 18 1111 14 1112 17 1113 2 1114 4 1115 9 1116 10 1117 3 1118 4 1119 6 1120 7 1121 3 1122 8 1123 13 1124 16 1125 11 1126 14 1127 15 1128 12 1129 17 1130 18 1131 1 1132 2 1133 4 1134 6 1135 9 1136 0 1137 1 1138 2 1139 5 1140 10 1141 12 1142 18 1143 1 1144 3 1145 4 1146 7 1147 8 1148 3 1149 13 1150 15 1151 16 1152 5 1153 11 1154 12 1155 14 1156 17 1157 0 1158 4 1159 6 1160 7 1161 0 1162 2 1163 4 1164 12 1165 2 1166 9 1167 10 1168 12 1169 17 1170 18 1171 0 1172 2 1173 12 1174 13 1175 3 1176 8 1177 16 1178 4 1179 6 1180 7 1181 11 1182 13 1183 14 1184 15 1185 3 1186 8 1187 16 1188 14 1189 15 1190 2 1191 10 1192 18 1193 12 1194 17 1195 18 1196 4 1197 6 1198 9 1199 2 1200 9 1201 10 1202 3 1203 7 1204 8 1205 4 1206 6 1207 7 1208 13 1209 15 1210 16 1211 3 1212 8 1213 16 1214 11 1215 12 1216 14 1217 17 1218 14 1219 15 1220 2 1221 10 1222 18 1223 4 1224 6 1225 9 1226 3 1227 7 1228 8 1229 13 1230 15 1231 16 1232 11 1233 12 1234 14 1235 17 1236 1 1237 2 1238 5 1239 2 1240 10 1241 12 1242 18 1243 0 1244 1 1245 3 1246 5 1247 13 1248 0 1249 1 1250 3 1251 5 1252 13 1253 5 1254 1 1255 2 1256 5 1257 10 1258 12 1259 18 1260 2 1261 5 1262 10 1263 12 1264 18 1265 5 1266 11 1267 12 1268 14 1269 17 1270 5 1271 11 1272 12 1273 13 1274 5 1275 11 1276 12 1277 13 1278 14 1279 17 1280 11 1281 13 1282 15 1283 16 1284 3 1285 5 1286 8 1287 13 1288 16 1289 3 1290 8 1291 13 1292 15 1293 16 1294 3 1295 7 1296 8 1297 1 1298 3 1299 4 1300 7 1301 1 1302 3 1303 4 1304 6 1305 7 1306 8 1307 1 1308 4 1309 6 1310 9 1311 1 1312 2 1313 4 1314 9 1315 1 1316 2 1317 4 1318 6 1319 9 1320 2 1321 10 1322 12 1323 18 1324 18 1325 17 1326 18 1327 12 1328 17 1329 18 1330 11 1331 14 1332 15 1333 11 1334 14 1335 15 1336 11 1337 13 1338 14 1339 15 1340 8 1341 16 1342 8 1343 16 1344 3 1345 8 1346 16 1347 4 1348 6 1349 7 1350 4 1351 6 1352 7 1353 4 1354 6 1355 7 1356 9 1357 9 1358 10 1359 2 1360 9 1361 10 1362 14 1363 17 1364 17 1365 14 1366 17 1367 13 1368 15 1369 16 1370 15 1371 16 1372 16 1373 3 1374 7 1375 8 1376 3 1377 7 1378 8 1379 7 1380 4 1381 6 1382 9 1383 6 1384 9 1385 6 1386 9 1387 10 1388 18 1389 10 1390 10 1391 18 1392 0 1393 2 1394 11 1395 12 1396 14 1397 17 1398 18 1399 0 1400 2 1401 11 1402 12 1403 14 1404 17 1405 18 1406 0 1407 11 1408 12 1409 14 1410 17 1411 0 1412 11 1413 13 1414 14 1415 15 1416 16 1417 0 1418 3 1419 11 1420 13 1421 14 1422 15 1423 16 1424 0 1425 3 1426 8 1427 13 1428 15 1429 16 1430 0 1431 3 1432 7 1433 8 1434 13 1435 16 1436 0 1437 3 1438 7 1439 8 1440 13 1441 16 1442 0 1443 3 1444 4 1445 7 1446 8 1447 0 1448 2 1449 10 1450 12 1451 18 1452 0 1453 2 1454 9 1455 10 1456 18 1457 0 1458 2 1459 10 1460 12 1461 17 1462 18 1463 0 1464 2 1465 3 1466 4 1467 6 1468 7 1469 9 1470 0 1471 2 1472 3 1473 4 1474 6 1475 7 1476 9 1477 0 1478 2 1479 4 1480 6 1481 9 1482 0 1483 2 1484 4 1485 6 1486 9 1487 10 1488 0 1489 2 1490 4 1491 6 1492 9 1493 10 1494 0 1495 2 1496 4 1497 6 1498 9 1499 10 1500 0 1501 2 1502 4 1503 6 1504 9 1505 0 1506 2 1507 4 1508 6 1509 7 1510 9 1511 0 1512 2 1513 4 1514 6 1515 9 1516 10 1517 0 1518 4 1519 6 1520 7 1521 0 1522 3 1523 4 1524 6 1525 7 1526 9 1527 0 1528 4 1529 6 1530 7 1531 9 1532 0 1533 2 1534 10 1535 12 1536 17 1537 18 1538 0 1539 2 1540 4 1541 9 1542 10 1543 12 1544 18 1545 0 1546 2 1547 10 1548 12 1549 18 1550 0 1551 2 1552 10 1553 12 1554 17 1555 18 1556 0 1557 2 1558 9 1559 10 1560 12 1561 18 1562 0 1563 2 1564 9 1565 10 1566 12 1567 18 1568 0 1569 2 1570 10 1571 12 1572 17 1573 18 1574 0 1575 2 1576 10 1577 12 1578 17 1579 18 1580 0 1581 2 1582 10 1583 12 1584 17 1585 18 1586 0 1587 3 1588 4 1589 6 1590 7 1591 8 1592 0 1593 3 1594 4 1595 6 1596 7 1597 8 1598 0 1599 3 1600 4 1601 6 1602 7 1603 0 1604 3 1605 4 1606 7 1607 8 1608 0 1609 3 1610 4 1611 7 1612 8 1613 16 1614 0 1615 3 1616 4 1617 6 1618 7 1619 8 1620 3 1621 7 1622 8 1623 16 1624 0 1625 3 1626 7 1627 8 1628 13 1629 16 1630 0 1631 3 1632 7 1633 8 1634 16 1635 0 1636 3 1637 8 1638 13 1639 15 1640 16 1641 0 1642 3 1643 8 1644 13 1645 15 1646 16 1647 0 1648 3 1649 8 1650 13 1651 16 1652 0 1653 3 1654 8 1655 13 1656 15 1657 16 1658 0 1659 3 1660 8 1661 11 1662 13 1663 14 1664 15 1665 16 1666 0 1667 3 1668 8 1669 13 1670 15 1671 16 1672 11 1673 13 1674 14 1675 15 1676 16 1677 0 1678 11 1679 13 1680 14 1681 15 1682 16 1683 0 1684 13 1685 14 1686 15 1687 16 1688 11 1689 14 1690 15 1691 17 1692 0 1693 11 1694 13 1695 14 1696 15 1697 17 1698 11 1699 13 1700 14 1701 15 1702 0 1703 11 1704 12 1705 14 1706 15 1707 17 1708 18 1709 0 1710 11 1711 12 1712 13 1713 14 1714 17 1715 18 1716 0 1717 11 1718 12 1719 13 1720 14 1721 15 1722 17 1723 0 1724 12 1725 17 1726 18 1727 0 1728 12 1729 14 1730 17 1731 18 1732 0 1733 11 1734 12 1735 14 1736 17 1737 18 1738 10 1739 18 1740 10 1741 18 1742 17 1743 18 1744 10 1745 18 1746 10 1747 18 1748 2 1749 10 1750 18 1751 2 1752 10 1753 18 1754 10 1755 18 1756 2 1757 10 1758 18 1759 6 1760 9 1761 4 1762 6 1763 9 1764 9 1765 10 1766 4 1767 6 1768 9 1769 4 1770 6 1771 9 1772 4 1773 6 1774 9 1775 4 1776 6 1777 9 1778 4 1779 6 1780 9 1781 4 1782 6 1783 9 1784 6 1785 7 1786 7 1787 4 1788 6 1789 7 1790 7 1791 8 1792 3 1793 7 1794 8 1795 3 1796 7 1797 8 1798 3 1799 7 1800 8 1801 3 1802 7 1803 8 1804 3 1805 7 1806 8 1807 8 1808 16 1809 8 1810 16 1811 8 1812 16 1813 15 1814 16 1815 13 1816 15 1817 16 1818 13 1819 15 1820 16 1821 13 1822 15 1823 16 1824 13 1825 15 1826 16 1827 15 1828 16 1829 14 1830 14 1831 17 1832 14 1833 15 1834 14 1835 17 1836 14 1837 17 1838 14 1839 17 1840 11 1841 14 1842 17 1843 14 1844 17 1845 11 1846 14 1847 17 1848 2 1849 9 1850 10 1851 2 1852 9 1853 10 1854 2 1855 10 1856 2 1857 9 1858 10 1859 2 1860 9 1861 10 1862 2 1863 9 1864 10 1865 2 1866 4 1867 6 1868 9 1869 4 1870 6 1871 9 1872 2 1873 4 1874 9 1875 10 1876 4 1877 6 1878 7 1879 4 1880 6 1881 4 1882 6 1883 9 1884 4 1885 6 1886 7 1887 4 1888 6 1889 7 1890 4 1891 6 1892 7 1893 7 1894 6 1895 7 1896 3 1897 4 1898 6 1899 7 1900 3 1901 7 1902 8 1903 3 1904 7 1905 8 1906 3 1907 7 1908 8 1909 3 1910 8 1911 16 1912 8 1913 16 1914 8 1915 16 1916 8 1917 16 1918 8 1919 16 1920 3 1921 8 1922 13 1923 16 1924 13 1925 15 1926 16 1927 13 1928 15 1929 16 1930 13 1931 15 1932 16 1933 11 1934 14 1935 15 1936 11 1937 14 1938 15 1939 11 1940 14 1941 15 1942 11 1943 14 1944 17 1945 11 1946 14 1947 11 1948 14 1949 15 1950 12 1951 17 1952 18 1953 12 1954 17 1955 18 1956 12 1957 14 1958 17 1959 12 1960 17 1961 18 1962 12 1963 17 1964 18 1965 12 1966 17 1967 18 1968 10 1969 18 1970 10 1971 18 1972 12 1973 18 1974 2 1975 10 1976 12 1977 18 1978 2 1979 9 1980 10 1981 2 1982 10 1983 18 1984 1 1985 2 1986 9 1987 10 1988 1 1989 2 1990 4 1991 9 1992 10 1993 1 1994 2 1995 4 1996 9 1997 10 1998 0 1999 1 2000 2 2001 5 2002 12 2003 1 2004 2 2005 4 2006 5 2007 9 2008 0 2009 1 2010 2 2011 5 2012 12 2013 1 2014 4 2015 6 2016 9 2017 4 2018 6 2019 4 2020 6 2021 9 2022 1 2023 3 2024 4 2025 6 2026 7 2027 1 2028 3 2029 4 2030 6 2031 7 2032 1 2033 3 2034 4 2035 6 2036 7 2037 1 2038 3 2039 4 2040 5 2041 1 2042 3 2043 4 2044 5 2045 7 2046 1 2047 2 2048 3 2049 4 2050 3 2051 7 2052 8 2053 3 2054 7 2055 8 2056 16 2057 3 2058 7 2059 8 2060 3 2061 8 2062 13 2063 16 2064 3 2065 8 2066 13 2067 16 2068 3 2069 8 2070 13 2071 16 2072 0 2073 1 2074 3 2075 5 2076 13 2077 0 2078 1 2079 3 2080 5 2081 8 2082 13 2083 16 2084 0 2085 1 2086 3 2087 5 2088 13 2089 11 2090 13 2091 15 2092 16 2093 11 2094 13 2095 14 2096 15 2097 16 2098 13 2099 15 2100 16 2101 5 2102 11 2103 13 2104 14 2105 15 2106 5 2107 11 2108 12 2109 13 2110 14 2111 15 2112 11 2113 13 2114 14 2115 15 2116 5 2117 11 2118 12 2119 13 2120 5 2121 11 2122 12 2123 13 2124 5 2125 11 2126 13 2127 11 2128 12 2129 14 2130 17 2131 18 2132 11 2133 12 2134 17 2135 18 2136 11 2137 12 2138 14 2139 17 2140 12 2141 17 2142 2 2143 5 2144 10 2145 12 2146 17 2147 18 2148 2 2149 12 2150 17 2151 18 2152 0 2153 1 2154 2 2155 5 2156 12 2157 0 2158 1 2159 2 2160 5 2161 12 2162 18 2163 2 2164 5 2165 11 2166 12 2167 2 2168 10 2169 12 2170 18 2171 2 2172 10 2173 12 2174 18 2175 2 2176 10 2177 12 2178 17 2179 18 2180 11 2181 12 2182 14 2183 17 2184 11 2185 12 2186 14 2187 17 2188 11 2189 14 2190 15 2191 17 2192 3 2193 8 2194 13 2195 15 2196 16 2197 3 2198 8 2199 13 2200 15 2201 16 2202 3 2203 8 2204 13 2205 16 2206 1 2207 3 2208 4 2209 6 2210 7 2211 8 2212 3 2213 4 2214 7 2215 8 2216 1 2217 3 2218 4 2219 6 2220 7 2221 8 2222 1 2223 2 2224 4 2225 6 2226 9 2227 1 2228 2 2229 4 2230 6 2231 9 2232 1 2233 2 2234 4 2235 6 2236 9 2237 10 2238 12 2239 17 2240 18 2241 12 2242 17 2243 18 2244 12 2245 17 2246 18 2247 11 2248 14 2249 15 2250 14 2251 15 2252 14 2253 15 2254 8 2255 16 2256 8 2257 16 2258 8 2259 16 2260 4 2261 6 2262 7 2263 4 2264 6 2265 7 2266 4 2267 6 2268 7 2269 2 2270 9 2271 10 2272 2 2273 9 2274 10 2275 2 2276 9 2277 10 2278 17 2279 18 2280 12 2281 17 2282 18 2283 14 2284 17 2285 15 2286 16 2287 14 2288 15 2289 13 2290 15 2291 16 2292 7 2293 8 2294 7 2295 8 2296 3 2297 7 2298 8 2299 6 2300 4 2301 6 2302 7 2303 4 2304 6 2305 9 2306 2 2307 9 2308 10 2309 2 2310 9 2311 10 2312 2 2313 9 2314 10 2315 0 2316 2 2317 11 2318 12 2319 13 2320 14 2321 17 2322 18 2323 0 2324 2 2325 11 2326 12 2327 13 2328 14 2329 17 2330 0 2331 11 2332 12 2333 13 2334 14 2335 15 2336 17 2337 0 2338 3 2339 11 2340 13 2341 14 2342 15 2343 16 2344 0 2345 3 2346 8 2347 13 2348 15 2349 16 2350 0 2351 3 2352 8 2353 13 2354 15 2355 16 2356 0 2357 3 2358 4 2359 7 2360 8 2361 13 2362 16 2363 0 2364 3 2365 4 2366 7 2367 8 2368 13 2369 0 2370 3 2371 4 2372 6 2373 7 2374 8 2375 0 2376 2 2377 9 2378 10 2379 18 2380 0 2381 2 2382 9 2383 10 2384 0 2385 2 2386 9 2387 10 2388 18 2389 0 2390 2 2391 3 2392 4 2393 6 2394 7 2395 9 2396 0 2397 2 2398 3 2399 4 2400 6 2401 7 2402 9 2403 0 2404 2 2405 4 2406 6 2407 9 2408 10 2409</v>
        </vertex_weights>
      </skin>
    </controller>
  </library_controllers>
  <library_visual_scenes>
    <visual_scene id="Scene" name="Scene">
      <node id="Armature" name="Armature" type="NODE">
        <matrix sid="transform">2.565589 0 0 0 0 2.565589 0 0 0 0 2.565589 0 0 0 0 1</matrix>
        <node id="Armature_center" name="center" sid="center" type="JOINT">
          <matrix sid="transform">1 0 0 0 0 0 -1 0 0 1 0 0 0 0 0 1</matrix>
          <node id="Armature_top" name="top" sid="top" type="JOINT">
            <matrix sid="transform">1 0 0 0 0 1 0 2.560632 0 0 1 1.729086 0 0 0 1</matrix>
            <node id="Armature_side_01" name="side_01" sid="side_01" type="JOINT">
              <matrix sid="transform">0.8394289 0.5434695 5.66382e-8 4.955121 -0.5434695 0.839429 -3.66691e-8 -0.9228485 -6.74723e-8 -3.55271e-15 1 -1.19209e-7 0 0 0 1</matrix>
              <extra>
                <technique profile="blender">
                  <layer sid="layer" type="string">0</layer>
                  <roll sid="roll" type="float">0.5745647</roll>
                  <tip_x sid="tip_x" type="float">0.5434694</tip_x>
                  <tip_y sid="tip_y" type="float">0</tip_y>
                  <tip_z sid="tip_z" type="float">0.8394289</tip_z>
                </technique>
              </extra>
            </node>
            <node id="Armature_side_03" name="side_03" sid="side_03" type="JOINT">
              <matrix sid="transform">0.9515904 -0.3073692 4.45823e-8 -4.096436 0.3073692 0.9515904 1.44004e-8 -0.8997345 -4.68503e-8 0 1 -1.19209e-7 0 0 0 1</matrix>
              <extra>
                <technique profile="blender">
                  <layer sid="layer" type="string">0</layer>
                  <roll sid="roll" type="float">-0.3124271</roll>
                  <tip_x sid="tip_x" type="float">-0.3073692</tip_x>
                  <tip_y sid="tip_y" type="float">0</tip_y>
                  <tip_z sid="tip_z" type="float">0.9515905</tip_z>
                </technique>
              </extra>
            </node>
            <node id="Armature_front_01" name="front_01" sid="front_01" type="JOINT">
              <matrix sid="transform">1 7.10543e-15 2.38419e-7 -2.81356e-16 1.31731e-7 0.8335011 -0.5525179 -1.183867 -1.98722e-7 0.5525179 0.833501 4.528224 0 0 0 1</matrix>
              <extra>
                <technique profile="blender">
                  <layer sid="layer" type="string">0</layer>
                  <roll sid="roll" type="float">2.38419e-7</roll>
                  <tip_x sid="tip_x" type="float">0</tip_x>
                  <tip_y sid="tip_y" type="float">-0.5525179</tip_y>
                  <tip_z sid="tip_z" type="float">0.8335011</tip_z>
                </technique>
              </extra>
            </node>
            <node id="Armature_back_01" name="back_01" sid="back_01" type="JOINT">
              <matrix sid="transform">1 0 0 0 0 0.6492261 0.7605954 -0.1667347 0 -0.7605954 0.6492262 -2.888864 0 0 0 1</matrix>
              <extra>
                <technique profile="blender">
                  <layer sid="layer" type="string">0</layer>
                  <tip_x sid="tip_x" type="float">0</tip_x>
                  <tip_y sid="tip_y" type="float">0.7605955</tip_y>
                  <tip_z sid="tip_z" type="float">0.6492262</tip_z>
                </technique>
              </extra>
            </node>
            <extra>
              <technique profile="blender">
                <layer sid="layer" type="string">0</layer>
                <tip_x sid="tip_x" type="float">0</tip_x>
                <tip_y sid="tip_y" type="float">0</tip_y>
                <tip_z sid="tip_z" type="float">1</tip_z>
              </technique>
            </extra>
          </node>
          <node id="Armature_front_02" name="front_02" sid="front_02" type="JOINT">
            <matrix sid="transform">1 0 4.29339e-6 -6.88737e-16 4.29319e-6 0.009778737 -0.9999522 -0.04605377 -4.1984e-8 0.9999522 0.009778738 8.36984 0 0 0 1</matrix>
            <node id="Armature_front_04" name="front_04" sid="front_04" type="JOINT">
              <matrix sid="transform">0.807327 -0.590104 -6.14798e-4 -5.463995 0.5901041 0.807325 0.001887683 -2.01331 -6.17587e-4 -0.001886772 0.999998 -0.019712 0 0 0 1</matrix>
              <node id="Armature_side_04" name="side_04" sid="side_04" type="JOINT">
                <matrix sid="transform">-0.02456231 -0.8069789 0.5900692 -4.830955 0.03239326 0.5892949 0.8072684 -2.19869 -0.9991734 0.03894269 0.01166619 -0.1556401 0 0 0 1</matrix>
                <extra>
                  <technique profile="blender">
                    <layer sid="layer" type="string">0</layer>
                    <roll sid="roll" type="float">-1.609141</roll>
                    <tip_x sid="tip_x" type="float">-0.9992657</tip_x>
                    <tip_y sid="tip_y" type="float">2.38419e-7</tip_y>
                    <tip_z sid="tip_z" type="float">-0.03833526</tip_z>
                  </technique>
                </extra>
              </node>
              <extra>
                <technique profile="blender">
                  <layer sid="layer" type="string">0</layer>
                  <roll sid="roll" type="float">-3.105254</roll>
                  <tip_x sid="tip_x" type="float">-0.5901041</tip_x>
                  <tip_y sid="tip_y" type="float">-0.8072682</tip_y>
                  <tip_z sid="tip_z" type="float">0.009778738</tip_z>
                </technique>
              </extra>
            </node>
            <node id="Armature_front_03" name="front_03" sid="front_03" type="JOINT">
              <matrix sid="transform">0.7925712 0.6097789 6.90438e-4 5.511177 -0.609779 0.792569 0.002024926 -1.682833 6.87538e-4 -0.002025914 0.9999978 -0.01643308 0 0 0 1</matrix>
              <node id="Armature_side_02" name="side_02" sid="side_02" type="JOINT">
                <matrix sid="transform">-0.03883433 0.7916471 -0.6097435 4.995935 -0.04474639 0.608214 0.7925111 -2.410149 0.9982433 0.05806049 0.01180369 -0.1299574 0 0 0 1</matrix>
                <extra>
                  <technique profile="blender">
                    <layer sid="layer" type="string">0</layer>
                    <roll sid="roll" type="float">1.628199</roll>
                    <tip_x sid="tip_x" type="float">0.9983521</tip_x>
                    <tip_y sid="tip_y" type="float">0</tip_y>
                    <tip_z sid="tip_z" type="float">-0.05737078</tip_z>
                  </technique>
                </extra>
              </node>
              <extra>
                <technique profile="blender">
                  <layer sid="layer" type="string">0</layer>
                  <roll sid="roll" type="float">3.106202</roll>
                  <tip_x sid="tip_x" type="float">0.6097794</tip_x>
                  <tip_y sid="tip_y" type="float">-0.7925119</tip_y>
                  <tip_z sid="tip_z" type="float">0.009778738</tip_z>
                </technique>
              </extra>
            </node>
            <extra>
              <technique profile="blender">
                <layer sid="layer" type="string">0</layer>
                <roll sid="roll" type="float">4.29153e-6</roll>
                <tip_x sid="tip_x" type="float">0</tip_x>
                <tip_y sid="tip_y" type="float">-0.9999523</tip_y>
                <tip_z sid="tip_z" type="float">0.009778738</tip_z>
              </technique>
            </extra>
          </node>
          <node id="Armature_back_02" name="back_02" sid="back_02" type="JOINT">
            <matrix sid="transform">1 0 0 -2.74323e-16 0 0.4947076 0.8690594 1.577839 0 -0.8690594 0.4947076 -6.275382 0 0 0 1</matrix>
            <node id="Armature_back_middle_01" name="back_middle_01" sid="back_middle_01" type="JOINT">
              <matrix sid="transform">0.9083072 0.3683847 0.1981687 3.160995 -0.1732606 0.7625173 -0.6233363 -2.496885 -0.3807346 0.531846 0.7564263 1.70902 0 0 0 1</matrix>
              <extra>
                <technique profile="blender">
                  <layer sid="layer" type="string">0</layer>
                  <roll sid="roll" type="float">0.454767</roll>
                  <tip_x sid="tip_x" type="float">0.3683846</tip_x>
                  <tip_y sid="tip_y" type="float">0.3995645</tip_y>
                  <tip_z sid="tip_z" type="float">0.8394289</tip_z>
                </technique>
              </extra>
            </node>
            <node id="Armature_back_middle_02" name="back_middle_02" sid="back_middle_02" type="JOINT">
              <matrix sid="transform">0.915275 -0.3497591 0.1998509 -3.132297 0.402581 0.7767708 -0.4843093 -2.636155 0.0141532 0.5237323 0.8517652 1.788299 0 0 0 1</matrix>
              <extra>
                <technique profile="blender">
                  <layer sid="layer" type="string">0</layer>
                  <roll sid="roll" type="float">-0.008198738</roll>
                  <tip_x sid="tip_x" type="float">-0.3497591</tip_x>
                  <tip_y sid="tip_y" type="float">0.4159658</tip_y>
                  <tip_z sid="tip_z" type="float">0.8394289</tip_z>
                </technique>
              </extra>
            </node>
            <extra>
              <technique profile="blender">
                <layer sid="layer" type="string">0</layer>
                <tip_x sid="tip_x" type="float">0</tip_x>
                <tip_y sid="tip_y" type="float">0.8690596</tip_y>
                <tip_z sid="tip_z" type="float">0.4947077</tip_z>
              </technique>
            </extra>
          </node>
          <node id="Armature_back_03" name="back_03" sid="back_03" type="JOINT">
            <matrix sid="transform">1 0 0 -6.79476e-16 0 0.03746975 0.9992979 -0.01818979 0 -0.9992979 0.03746957 -7.958884 0 0 0 1</matrix>
            <node id="Armature_back_side_04" name="back_side_04" sid="back_side_04" type="JOINT">
              <matrix sid="transform">-0.05245586 -0.5819115 -0.8115585 -4.340883 0.04695736 0.8103411 -0.5840738 -0.9673967 0.9975187 -0.06874679 -0.01518214 0.1117145 0 0 0 1</matrix>
              <node id="Armature_back_side_03" name="back_side_03" sid="back_side_03" type="JOINT">
                <matrix sid="transform">0.9999207 0.0122755 -0.0027934 0.1470932 -0.01227525 0.9014181 -0.4327753 -0.8557005 -0.002794515 0.4327753 0.9014974 4.849004 0 0 0 1</matrix>
                <extra>
                  <technique profile="blender">
                    <layer sid="layer" type="string">0</layer>
                    <roll sid="roll" type="float">-1.613136</roll>
                    <tip_x sid="tip_x" type="float">-0.8764134</tip_x>
                    <tip_y sid="tip_y" type="float">0.4800341</tip_y>
                    <tip_z sid="tip_z" type="float">-0.03833526</tip_z>
                  </technique>
                </extra>
              </node>
              <extra>
                <technique profile="blender">
                  <layer sid="layer" type="string">0</layer>
                  <roll sid="roll" type="float">-1.620207</roll>
                  <tip_x sid="tip_x" type="float">-0.5819125</tip_x>
                  <tip_y sid="tip_y" type="float">0.8123493</tip_y>
                  <tip_z sid="tip_z" type="float">-0.03833526</tip_z>
                </technique>
              </extra>
            </node>
            <node id="Armature_back_side_02" name="back_side_02" sid="back_side_02" type="JOINT">
              <matrix sid="transform">-0.07888491 0.5782124 0.8120639 4.447797 -0.05156026 0.8111458 -0.5825671 -0.912302 -0.9955496 -0.08782588 -0.03417435 0.07954782 0 0 0 1</matrix>
              <node id="Armature_back_side_01" name="back_side_01" sid="back_side_01" type="JOINT">
                <matrix sid="transform">0.9998895 -0.01467873 0.002356213 -0.2121963 0.01467866 0.9496458 -0.3129813 -1.25204 0.002356604 0.3129814 0.9497563 5.061614 0 0 0 1</matrix>
                <extra>
                  <technique profile="blender">
                    <layer sid="layer" type="string">0</layer>
                    <roll sid="roll" type="float">1.63748</roll>
                    <tip_x sid="tip_x" type="float">0.8044152</tip_x>
                    <tip_y sid="tip_y" type="float">0.5912902</tip_y>
                    <tip_z sid="tip_z" type="float">-0.05737078</tip_z>
                  </technique>
                </extra>
              </node>
              <extra>
                <technique profile="blender">
                  <layer sid="layer" type="string">0</layer>
                  <roll sid="roll" type="float">1.645216</roll>
                  <tip_x sid="tip_x" type="float">0.5782123</tip_x>
                  <tip_y sid="tip_y" type="float">0.8138666</tip_y>
                  <tip_z sid="tip_z" type="float">-0.05737078</tip_z>
                </technique>
              </extra>
            </node>
            <extra>
              <technique profile="blender">
                <layer sid="layer" type="string">0</layer>
                <tip_x sid="tip_x" type="float">0</tip_x>
                <tip_y sid="tip_y" type="float">0.9992976</tip_y>
                <tip_z sid="tip_z" type="float">0.03746974</tip_z>
              </technique>
            </extra>
          </node>
          <extra>
            <technique profile="blender">
              <layer sid="layer" type="string">0</layer>
              <tip_x sid="tip_x" type="float">0</tip_x>
              <tip_y sid="tip_y" type="float">0</tip_y>
              <tip_z sid="tip_z" type="float">1</tip_z>
            </technique>
          </extra>
        </node>
        <node id="Icosphere" name="Icosphere" type="NODE">
          <matrix sid="transform">1 0 0 0 0 1 0 0 0 0 1 0 0 0 0 1</matrix>
          <instance_controller url="#Armature_Icosphere-skin">
            <skeleton>#Armature_center</skeleton>
          </instance_controller>
        </node>
      </node>
    </visual_scene>
  </library_visual_scenes>
  <scene>
    <instance_visual_scene url="#Scene"/>
  </scene>
</COLLADA>