<?xml version="1.0" encoding="utf-8"?>
<COLLADA xmlns="http://www.collada.org/2005/11/COLLADASchema" version="1.4.1" xmlns:xsi="http://www.w3.org/2001/XMLSchema-instance">
  <asset>
    <contributor>
      <author>Blender User</author>
      <authoring_tool>Blender 2.83.5</authoring_tool>
    </contributor>
    <created>2025-12-31T09:52:08</created>
    <modified>2025-12-31T09:52:08</modified>
    <unit name="meter" meter="1"/>
    <up_axis>Z_UP</up_axis>
  </asset>
  <library_effects>
    <effect id="Material-effect">
      <profile_COMMON>
        <technique sid="common">
          <lambert>
            <emission>
              <color sid="emission">0 0 0 1</color>
            </emission>
            <diffuse>
              <color sid="diffuse">0.8 0.8 0.8 1</color>
            </diffuse>
            <index_of_refraction>
              <float sid="ior">1.45</float>
            </index_of_refraction>
          </lambert>
        </technique>
      </profile_COMMON>
    </effect>
  </library_effects>
  <library_images/>
  <library_materials>
    <material id="Material-material" name="Material">
      <instance_effect url="#Material-effect"/>
    </material>
  </library_materials>
  <library_geometries>
    <geometry id="Cube-mesh" name="Cube">
      <mesh>
        <source id="Cube-mesh-positions">
          <float_array id="Cube-mesh-positions-array" count="1158">3.984263 3.984263 7.982043 3.984263 3.984263 0.01351714 3.984263 -3.984263 7.982043 3.984263 -3.984263 0.01351714 -3.984263 3.984263 7.982043 -3.984263 3.984263 0.01351714 -3.984263 -3.984263 7.982043 -3.984263 -3.984263 0.01351714 -3.984263 0 0.01351714 0 3.984263 0.01351714 3.984263 3.984263 3.99778 -3.984263 -3.984263 3.99778 3.984263 -3.984263 3.99778 -3.984263 3.984263 3.99778 0 -3.984263 7.982043 3.984263 0 7.982043 0 -3.984263 0.01351714 -3.984263 0 7.982043 0 3.984263 7.982043 3.984263 0 0.01351714 0 3.984263 3.99778 3.984263 0 3.99778 0 0 0.01351714 -3.984263 0 3.99778 0 -3.984263 3.99778 0 0 7.982043 -3.984263 -1.992131 0.01351714 -1.992131 3.984263 0.01351714 3.984263 3.984263 2.005649 -3.984263 -3.984263 5.989912 3.984263 -3.984263 2.005649 -3.984263 3.984263 2.005649 -1.992131 -3.984263 7.982043 3.984263 -1.992131 7.982043 1.992131 -3.984263 0.01351714 -3.984263 1.992131 7.982043 1.992131 3.984263 7.982043 3.984263 1.992131 0.01351714 -3.984263 1.992131 0.01351714 1.992131 3.984263 0.01351714 3.984263 3.984263 5.989912 -3.984263 -3.984263 2.005649 3.984263 -3.984263 5.989912 -3.984263 3.984263 5.989912 1.992131 -3.984263 7.982043 3.984263 1.992131 7.982043 -1.992131 -3.984263 0.01351714 -3.984263 -1.992131 7.982043 -1.992131 3.984263 7.982043 3.984263 -1.992131 0.01351714 1.992131 3.984263 3.99778 -1.992131 3.984263 3.99778 0 3.984263 2.005649 0 3.984263 5.989912 3.984263 -1.992131 3.99778 3.984263 1.992131 3.99778 3.984263 0 2.005649 3.984263 0 5.989912 0 -1.992131 0.01351714 0 1.992131 0.01351714 -1.992131 0 0.01351714 1.992131 0 0.01351714 -3.984263 1.992131 3.99778 -3.984263 -1.992131 3.99778 -3.984263 0 2.005649 -3.984263 0 5.989912 -1.992131 -3.984263 3.99778 1.992131 -3.984263 3.99778 0 -3.984263 2.005649 0 -3.984263 5.989912 0 -1.992131 7.982043 0 1.992131 7.982043 1.992131 0 7.982043 -1.992131 0 7.982043 -1.992131 1.992131 7.982043 1.992131 1.992131 7.982043 1.992131 -1.992131 7.982043 1.992131 -3.984263 5.989912 1.992131 -3.984263 2.005649 -1.992131 -3.984263 2.005649 -3.984263 -1.992131 5.989912 -3.984263 -1.992131 2.005649 -3.984263 1.992131 2.005649 1.992131 1.992131 0.01351714 -1.992131 1.992131 0.01351714 -1.992131 -1.992131 0.01351714 3.984263 1.992131 5.989912 3.984263 1.992131 2.005649 3.984263 -1.992131 2.005649 -1.992131 3.984263 5.989912 -1.992131 3.984263 2.005649 1.992131 3.984263 2.005649 1.992131 3.984263 5.989912 3.984263 -1.992131 5.989912 1.992131 -1.992131 0.01351714 -3.984263 1.992131 5.989912 -1.992131 -3.984263 5.989912 -1.992131 -1.992131 7.982043 -3.984263 -2.988197 0.01351714 -2.988197 3.984263 0.01351714 3.984263 3.984263 1.009583 -3.984263 -3.984263 6.985977 3.984263 -3.984263 1.009583 -3.984263 3.984263 1.009583 -2.988197 -3.984263 7.982043 3.984263 -2.988197 7.982043 2.988197 -3.984263 0.01351714 -3.984263 2.988197 7.982043 2.988197 3.984263 7.982043 3.984263 2.988197 0.01351714 -3.984263 0.9960657 0.01351714 0.9960657 3.984263 0.01351714 3.984263 3.984263 4.993846 -3.984263 -3.984263 3.001714 3.984263 -3.984263 4.993846 -3.984263 3.984263 4.993846 0.9960657 -3.984263 7.982043 3.984263 0.9960657 7.982043 -0.9960657 -3.984263 0.01351714 -3.984263 -0.9960657 7.982043 -0.9960657 3.984263 7.982043 3.984263 -0.9960657 0.01351714 2.988197 3.984263 3.99778 -0.9960657 3.984263 3.99778 0 3.984263 1.009583 0 3.984263 4.993846 3.984263 -2.988197 3.99778 3.984263 0.9960657 3.99778 3.984263 0 1.009583 3.984263 0 4.993846 0 -2.988197 0.01351714 0 0.9960657 0.01351714 -2.988197 0 0.01351714 0.9960657 0 0.01351714 -3.984263 2.988197 3.99778 -3.984263 -0.9960657 3.99778 -3.984263 0 1.009583 -3.984263 0 4.993846 -2.988197 -3.984263 3.99778 0.9960657 -3.984263 3.99778 0 -3.984263 1.009583 0 -3.984263 4.993846 0 -2.988197 7.982043 0 0.9960657 7.982043 2.988197 0 7.982043 -0.9960657 0 7.982043 -3.984263 -0.9960657 0.01351714 -0.9960657 3.984263 0.01351714 3.984263 3.984263 3.001714 -3.984263 -3.984263 4.993846 3.984263 -3.984263 3.001714 -3.984263 3.984263 3.001714 -0.9960657 -3.984263 7.982043 3.984263 -0.9960657 7.982043 0.9960657 -3.984263 0.01351714 -3.984263 0.9960657 7.982043 0.9960657 3.984263 7.982043 3.984263 0.9960657 0.01351714 -3.984263 2.988197 0.01351714 2.988197 3.984263 0.01351714 3.984263 3.984263 6.985977 -3.984263 -3.984263 1.009583 3.984263 -3.984263 6.985977 -3.984263 3.984263 6.985977 2.988197 -3.984263 7.982043 3.984263 2.988197 7.982043 -2.988197 -3.984263 0.01351714 -3.984263 -2.988197 7.982043 -2.988197 3.984263 7.982043 3.984263 -2.988197 0.01351714 0.9960657 3.984263 3.99778 -2.988197 3.984263 3.99778 0 3.984263 3.001714 0 3.984263 6.985977 3.984263 -0.9960657 3.99778 3.984263 2.988197 3.99778 3.984263 0 3.001714 3.984263 0 6.985977 0 -0.9960657 0.01351714 0 2.988197 0.01351714 -0.9960657 0 0.01351714 2.988197 0 0.01351714 -3.984263 0.9960657 3.99778 -3.984263 -2.988197 3.99778 -3.984263 0 3.001714 -3.984263 0 6.985977 -0.9960657 -3.984263 3.99778 2.988197 -3.984263 3.99778 0 -3.984263 3.001714 0 -3.984263 6.985977 0 -0.9960657 7.982043 0 2.988197 7.982043 0.9960657 0 7.982043 -2.988197 0 7.982043 -1.992131 0.9960657 7.982043 -1.992131 2.988197 7.982043 -0.9960657 1.992131 7.982043 -2.988197 1.992131 7.982043 1.992131 0.9960657 7.982043 1.992131 2.988197 7.982043 2.988197 1.992131 7.982043 0.9960657 1.992131 7.982043 1.992131 -2.988197 7.982043 1.992131 -0.9960657 7.982043 2.988197 -1.992131 7.982043 0.9960657 -1.992131 7.982043 0.9960657 -3.984263 5.989912 2.988197 -3.984263 5.989912 1.992131 -3.984263 4.993846 1.992131 -3.984263 6.985977 0.9960657 -3.984263 2.005649 2.988197 -3.984263 2.005649 1.992131 -3.984263 1.009583 1.992131 -3.984263 3.001714 -2.988197 -3.984263 2.005649 -0.9960657 -3.984263 2.005649 -1.992131 -3.984263 1.009583 -1.992131 -3.984263 3.001714 -3.984263 -0.9960657 5.989912 -3.984263 -2.988197 5.989912 -3.984263 -1.992131 4.993846 -3.984263 -1.992131 6.985977 -3.984263 -0.9960657 2.005649 -3.984263 -2.988197 2.005649 -3.984263 -1.992131 1.009583 -3.984263 -1.992131 3.001714 -3.984263 2.988197 2.005649 -3.984263 0.9960657 2.005649 -3.984263 1.992131 1.009583 -3.984263 1.992131 3.001714 1.992131 0.9960657 0.01351714 1.992131 2.988197 0.01351714 0.9960657 1.992131 0.01351714 2.988197 1.992131 0.01351714 -1.992131 0.9960657 0.01351714 -1.992131 2.988197 0.01351714 -2.988197 1.992131 0.01351714 -0.9960657 1.992131 0.01351714 -1.992131 -2.988197 0.01351714 -1.992131 -0.9960657 0.01351714 -2.988197 -1.992131 0.01351714 -0.9960657 -1.992131 0.01351714 3.984263 0.9960657 5.989912 3.984263 2.988197 5.989912 3.984263 1.992131 4.993846 3.984263 1.992131 6.985977 3.984263 0.9960657 2.005649 3.984263 2.988197 2.005649 3.984263 1.992131 1.009583 3.984263 1.992131 3.001714 3.984263 -2.988197 2.005649 3.984263 -0.9960657 2.005649 3.984263 -1.992131 1.009583 3.984263 -1.992131 3.001714 -0.9960657 3.984263 5.989912 -2.988197 3.984263 5.989912 -1.992131 3.984263 4.993846 -1.992131 3.984263 6.985977 -0.9960657 3.984263 2.005649 -2.988197 3.984263 2.005649 -1.992131 3.984263 1.009583 -1.992131 3.984263 3.001714 2.988197 3.984263 2.005649 0.9960657 3.984263 2.005649 1.992131 3.984263 1.009583 1.992131 3.984263 3.001714 2.988197 3.984263 5.989912 0.9960657 3.984263 5.989912 1.992131 3.984263 4.993846 1.992131 3.984263 6.985977 3.984263 -2.988197 5.989912 3.984263 -0.9960657 5.989912 3.984263 -1.992131 4.993846 3.984263 -1.992131 6.985977 1.992131 -2.988197 0.01351714 1.992131 -0.9960657 0.01351714 0.9960657 -1.992131 0.01351714 2.988197 -1.992131 0.01351714 -3.984263 2.988197 5.989912 -3.984263 0.9960657 5.989912 -3.984263 1.992131 4.993846 -3.984263 1.992131 6.985977 -2.988197 -3.984263 5.989912 -0.9960657 -3.984263 5.989912 -1.992131 -3.984263 4.993846 -1.992131 -3.984263 6.985977 -1.992131 -2.988197 7.982043 -1.992131 -0.9960657 7.982043 -0.9960657 -1.992131 7.982043 -2.988197 -1.992131 7.982043 -2.988197 -0.9960657 7.982043 -0.9960657 -0.9960657 7.982043 -0.9960657 -2.988197 7.982043 -0.9960657 -3.984263 6.985977 -0.9960657 -3.984263 4.993846 -2.988197 -3.984263 4.993846 -3.984263 0.9960657 6.985977 -3.984263 0.9960657 4.993846 -3.984263 2.988197 4.993846 2.988197 -0.9960657 0.01351714 0.9960657 -0.9960657 0.01351714 0.9960657 -2.988197 0.01351714 3.984263 -0.9960657 6.985977 3.984263 -0.9960657 4.993846 3.984263 -2.988197 4.993846 0.9960657 3.984263 6.985977 0.9960657 3.984263 4.993846 2.988197 3.984263 4.993846 0.9960657 3.984263 3.001714 0.9960657 3.984263 1.009583 2.988197 3.984263 1.009583 -2.988197 3.984263 3.001714 -2.988197 3.984263 1.009583 -0.9960657 3.984263 1.009583 -2.988197 3.984263 6.985977 -2.988197 3.984263 4.993846 -0.9960657 3.984263 4.993846 3.984263 -0.9960657 3.001714 3.984263 -0.9960657 1.009583 3.984263 -2.988197 1.009583 3.984263 2.988197 3.001714 3.984263 2.988197 1.009583 3.984263 0.9960657 1.009583 3.984263 2.988197 6.985977 3.984263 2.988197 4.993846 3.984263 0.9960657 4.993846 -0.9960657 -0.9960657 0.01351714 -2.988197 -0.9960657 0.01351714 -2.988197 -2.988197 0.01351714 -0.9960657 2.988197 0.01351714 -2.988197 2.988197 0.01351714 -2.988197 0.9960657 0.01351714 2.988197 2.988197 0.01351714 0.9960657 2.988197 0.01351714 0.9960657 0.9960657 0.01351714 -3.984263 0.9960657 3.001714 -3.984263 0.9960657 1.009583 -3.984263 2.988197 1.009583 -3.984263 -2.988197 3.001714 -3.984263 -2.988197 1.009583 -3.984263 -0.9960657 1.009583 -3.984263 -2.988197 6.985977 -3.984263 -2.988197 4.993846 -3.984263 -0.9960657 4.993846 -0.9960657 -3.984263 3.001714 -0.9960657 -3.984263 1.009583 -2.988197 -3.984263 1.009583 2.988197 -3.984263 3.001714 2.988197 -3.984263 1.009583 0.9960657 -3.984263 1.009583 2.988197 -3.984263 6.985977 2.988197 -3.984263 4.993846 0.9960657 -3.984263 4.993846 0.9960657 -0.9960657 7.982043 2.988197 -0.9960657 7.982043 2.988197 -2.988197 7.982043 0.9960657 2.988197 7.982043 2.988197 2.988197 7.982043 2.988197 0.9960657 7.982043 -2.988197 2.988197 7.982043 -0.9960657 2.988197 7.982043 -0.9960657 0.9960657 7.982043 -2.988197 0.9960657 7.982043 0.9960657 0.9960657 7.982043 0.9960657 -2.988197 7.982043 0.9960657 -3.984263 6.985977 0.9960657 -3.984263 3.001714 -2.988197 -3.984263 3.001714 -3.984263 -0.9960657 6.985977 -3.984263 -0.9960657 3.001714 -3.984263 2.988197 3.001714 2.988197 0.9960657 0.01351714 -0.9960657 0.9960657 0.01351714 -0.9960657 -2.988197 0.01351714 3.984263 0.9960657 6.985977 3.984263 0.9960657 3.001714 3.984263 -2.988197 3.001714 -0.9960657 3.984263 6.985977 -0.9960657 3.984263 3.001714 2.988197 3.984263 3.001714 2.988197 3.984263 6.985977 3.984263 -2.988197 6.985977 2.988197 -2.988197 0.01351714 -3.984263 2.988197 6.985977 -2.988197 -3.984263 6.985977 -2.988197 -2.988197 7.982043</float_array>
          <technique_common>
            <accessor source="#Cube-mesh-positions-array" count="386" stride="3">
              <param name="X" type="float"/>
              <param name="Y" type="float"/>
              <param name="Z" type="float"/>
            </accessor>
          </technique_common>
        </source>
        <source id="Cube-mesh-normals">
          <float_array id="Cube-mesh-normals-array" count="18">0 0 1 0 -1 0 -1 0 0 0 0 -1 1 0 0 0 1 0</float_array>
          <technique_common>
            <accessor source="#Cube-mesh-normals-array" count="6" stride="3">
              <param name="X" type="float"/>
              <param name="Y" type="float"/>
              <param name="Z" type="float"/>
            </accessor>
          </technique_common>
        </source>
        <source id="Cube-mesh-map-0">
          <float_array id="Cube-mesh-map-0-array" count="4608">0.875 0.71875 0.84375 0.75 0.84375 0.71875 0.625 0.96875 0.59375 1 0.59375 0.96875 0.625 0.21875 0.59375 0.25 0.59375 0.21875 0.375 0.71875 0.34375 0.75 0.34375 0.71875 0.625 0.71875 0.59375 0.75 0.59375 0.71875 0.625 0.46875 0.59375 0.5 0.59375 0.46875 0.5 0.46875 0.46875 0.5 0.46875 0.46875 0.5 0.34375 0.46875 0.375 0.46875 0.34375 0.625 0.34375 0.59375 0.375 0.59375 0.34375 0.5 0.71875 0.46875 0.75 0.46875 0.71875 0.5 0.59375 0.46875 0.625 0.46875 0.59375 0.625 0.59375 0.59375 0.625 0.59375 0.59375 0.25 0.71875 0.21875 0.75 0.21875 0.71875 0.25 0.59375 0.21875 0.625 0.21875 0.59375 0.375 0.59375 0.34375 0.625 0.34375 0.59375 0.5 0.21875 0.46875 0.25 0.46875 0.21875 0.5 0.09375 0.46875 0.125 0.46875 0.09375 0.625 0.09375 0.59375 0.125 0.59375 0.09375 0.5 0.96875 0.46875 1 0.46875 0.96875 0.5 0.84375 0.46875 0.875 0.46875 0.84375 0.625 0.84375 0.59375 0.875 0.59375 0.84375 0.75 0.71875 0.71875 0.75 0.71875 0.71875 0.75 0.59375 0.71875 0.625 0.71875 0.59375 0.875 0.59375 0.84375 0.625 0.84375 0.59375 0.8125 0.59375 0.78125 0.625 0.78125 0.59375 0.8125 0.53125 0.78125 0.5625 0.78125 0.53125 0.875 0.53125 0.84375 0.5625 0.84375 0.53125 0.6875 0.59375 0.65625 0.625 0.65625 0.59375 0.6875 0.53125 0.65625 0.5625 0.65625 0.53125 0.75 0.53125 0.71875 0.5625 0.71875 0.53125 0.6875 0.71875 0.65625 0.75 0.65625 0.71875 0.6875 0.65625 0.65625 0.6875 0.65625 0.65625 0.75 0.65625 0.71875 0.6875 0.71875 0.65625 0.5625 0.84375 0.53125 0.875 0.53125 0.84375 0.5625 0.78125 0.53125 0.8125 0.53125 0.78125 0.625 0.78125 0.59375 0.8125 0.59375 0.78125 0.4375 0.84375 0.40625 0.875 0.40625 0.84375 0.4375 0.78125 0.40625 0.8125 0.40625 0.78125 0.5 0.78125 0.46875 0.8125 0.46875 0.78125 0.4375 0.96875 0.40625 1 0.40625 0.96875 0.4375 0.90625 0.40625 0.9375 0.40625 0.90625 0.5 0.90625 0.46875 0.9375 0.46875 0.90625 0.5625 0.09375 0.53125 0.125 0.53125 0.09375 0.5625 0.03125 0.53125 0.0625 0.53125 0.03125 0.625 0.03125 0.59375 0.0625 0.59375 0.03125 0.4375 0.09375 0.40625 0.125 0.40625 0.09375 0.4375 0.03125 0.40625 0.0625 0.40625 0.03125 0.5 0.03125 0.46875 0.0625 0.46875 0.03125 0.4375 0.21875 0.40625 0.25 0.40625 0.21875 0.4375 0.15625 0.40625 0.1875 0.40625 0.15625 0.5 0.15625 0.46875 0.1875 0.46875 0.15625 0.3125 0.59375 0.28125 0.625 0.28125 0.59375 0.3125 0.53125 0.28125 0.5625 0.28125 0.53125 0.375 0.53125 0.34375 0.5625 0.34375 0.53125 0.1875 0.59375 0.15625 0.625 0.15625 0.59375 0.1875 0.53125 0.15625 0.5625 0.15625 0.53125 0.25 0.53125 0.21875 0.5625 0.21875 0.53125 0.1875 0.71875 0.15625 0.75 0.15625 0.71875 0.1875 0.65625 0.15625 0.6875 0.15625 0.65625 0.25 0.65625 0.21875 0.6875 0.21875 0.65625 0.5625 0.59375 0.53125 0.625 0.53125 0.59375 0.5625 0.53125 0.53125 0.5625 0.53125 0.53125 0.625 0.53125 0.59375 0.5625 0.59375 0.53125 0.4375 0.59375 0.40625 0.625 0.40625 0.59375 0.4375 0.53125 0.40625 0.5625 0.40625 0.53125 0.5 0.53125 0.46875 0.5625 0.46875 0.53125 0.4375 0.71875 0.40625 0.75 0.40625 0.71875 0.4375 0.65625 0.40625 0.6875 0.40625 0.65625 0.5 0.65625 0.46875 0.6875 0.46875 0.65625 0.5625 0.34375 0.53125 0.375 0.53125 0.34375 0.5625 0.28125 0.53125 0.3125 0.53125 0.28125 0.625 0.28125 0.59375 0.3125 0.59375 0.28125 0.4375 0.34375 0.40625 0.375 0.40625 0.34375 0.4375 0.28125 0.40625 0.3125 0.40625 0.28125 0.5 0.28125 0.46875 0.3125 0.46875 0.28125 0.4375 0.46875 0.40625 0.5 0.40625 0.46875 0.4375 0.40625 0.40625 0.4375 0.40625 0.40625 0.5 0.40625 0.46875 0.4375 0.46875 0.40625 0.5625 0.46875 0.53125 0.5 0.53125 0.46875 0.5625 0.40625 0.53125 0.4375 0.53125 0.40625 0.625 0.40625 0.59375 0.4375 0.59375 0.40625 0.5625 0.71875 0.53125 0.75 0.53125 0.71875 0.5625 0.65625 0.53125 0.6875 0.53125 0.65625 0.625 0.65625 0.59375 0.6875 0.59375 0.65625 0.3125 0.71875 0.28125 0.75 0.28125 0.71875 0.3125 0.65625 0.28125 0.6875 0.28125 0.65625 0.375 0.65625 0.34375 0.6875 0.34375 0.65625 0.5625 0.21875 0.53125 0.25 0.53125 0.21875 0.5625 0.15625 0.53125 0.1875 0.53125 0.15625 0.625 0.15625 0.59375 0.1875 0.59375 0.15625 0.5625 0.96875 0.53125 1 0.53125 0.96875 0.5625 0.90625 0.53125 0.9375 0.53125 0.90625 0.625 0.90625 0.59375 0.9375 0.59375 0.90625 0.8125 0.71875 0.78125 0.75 0.78125 0.71875 0.8125 0.65625 0.78125 0.6875 0.78125 0.65625 0.875 0.65625 0.84375 0.6875 0.84375 0.65625 0.84375 0.65625 0.8125 0.6875 0.8125 0.65625 0.84375 0.625 0.8125 0.65625 0.8125 0.625 0.875 0.625 0.84375 0.65625 0.84375 0.625 0.78125 0.65625 0.75 0.6875 0.75 0.65625 0.78125 0.625 0.75 0.65625 0.75 0.625 0.8125 0.625 0.78125 0.65625 0.78125 0.625 0.78125 0.71875 0.75 0.75 0.75 0.71875 0.78125 0.6875 0.75 0.71875 0.75 0.6875 0.8125 0.6875 0.78125 0.71875 0.78125 0.6875 0.59375 0.90625 0.5625 0.9375 0.5625 0.90625 0.59375 0.875 0.5625 0.90625 0.5625 0.875 0.625 0.875 0.59375 0.90625 0.59375 0.875 0.53125 0.90625 0.5 0.9375 0.5 0.90625 0.53125 0.875 0.5 0.90625 0.5 0.875 0.5625 0.875 0.53125 0.90625 0.53125 0.875 0.53125 0.96875 0.5 1 0.5 0.96875 0.53125 0.9375 0.5 0.96875 0.5 0.9375 0.5625 0.9375 0.53125 0.96875 0.53125 0.9375 0.59375 0.15625 0.5625 0.1875 0.5625 0.15625 0.59375 0.125 0.5625 0.15625 0.5625 0.125 0.625 0.125 0.59375 0.15625 0.59375 0.125 0.53125 0.15625 0.5 0.1875 0.5 0.15625 0.53125 0.125 0.5 0.15625 0.5 0.125 0.5625 0.125 0.53125 0.15625 0.53125 0.125 0.53125 0.21875 0.5 0.25 0.5 0.21875 0.53125 0.1875 0.5 0.21875 0.5 0.1875 0.5625 0.1875 0.53125 0.21875 0.53125 0.1875 0.34375 0.65625 0.3125 0.6875 0.3125 0.65625 0.34375 0.625 0.3125 0.65625 0.3125 0.625 0.375 0.625 0.34375 0.65625 0.34375 0.625 0.28125 0.65625 0.25 0.6875 0.25 0.65625 0.28125 0.625 0.25 0.65625 0.25 0.625 0.3125 0.625 0.28125 0.65625 0.28125 0.625 0.28125 0.71875 0.25 0.75 0.25 0.71875 0.28125 0.6875 0.25 0.71875 0.25 0.6875 0.3125 0.6875 0.28125 0.71875 0.28125 0.6875 0.59375 0.65625 0.5625 0.6875 0.5625 0.65625 0.59375 0.625 0.5625 0.65625 0.5625 0.625 0.625 0.625 0.59375 0.65625 0.59375 0.625 0.53125 0.65625 0.5 0.6875 0.5 0.65625 0.53125 0.625 0.5 0.65625 0.5 0.625 0.5625 0.625 0.53125 0.65625 0.53125 0.625 0.53125 0.71875 0.5 0.75 0.5 0.71875 0.53125 0.6875 0.5 0.71875 0.5 0.6875 0.5625 0.6875 0.53125 0.71875 0.53125 0.6875 0.59375 0.40625 0.5625 0.4375 0.5625 0.40625 0.59375 0.375 0.5625 0.40625 0.5625 0.375 0.625 0.375 0.59375 0.40625 0.59375 0.375 0.53125 0.40625 0.5 0.4375 0.5 0.40625 0.53125 0.375 0.5 0.40625 0.5 0.375 0.5625 0.375 0.53125 0.40625 0.53125 0.375 0.53125 0.46875 0.5 0.5 0.5 0.46875 0.53125 0.4375 0.5 0.46875 0.5 0.4375 0.5625 0.4375 0.53125 0.46875 0.53125 0.4375 0.46875 0.40625 0.4375 0.4375 0.4375 0.40625 0.46875 0.375 0.4375 0.40625 0.4375 0.375 0.5 0.375 0.46875 0.40625 0.46875 0.375 0.40625 0.40625 0.375 0.4375 0.375 0.40625 0.40625 0.375 0.375 0.40625 0.375 0.375 0.4375 0.375 0.40625 0.40625 0.40625 0.375 0.40625 0.46875 0.375 0.5 0.375 0.46875 0.40625 0.4375 0.375 0.46875 0.375 0.4375 0.4375 0.4375 0.40625 0.46875 0.40625 0.4375 0.46875 0.28125 0.4375 0.3125 0.4375 0.28125 0.46875 0.25 0.4375 0.28125 0.4375 0.25 0.5 0.25 0.46875 0.28125 0.46875 0.25 0.40625 0.28125 0.375 0.3125 0.375 0.28125 0.40625 0.25 0.375 0.28125 0.375 0.25 0.4375 0.25 0.40625 0.28125 0.40625 0.25 0.40625 0.34375 0.375 0.375 0.375 0.34375 0.40625 0.3125 0.375 0.34375 0.375 0.3125 0.4375 0.3125 0.40625 0.34375 0.40625 0.3125 0.59375 0.28125 0.5625 0.3125 0.5625 0.28125 0.59375 0.25 0.5625 0.28125 0.5625 0.25 0.625 0.25 0.59375 0.28125 0.59375 0.25 0.53125 0.28125 0.5 0.3125 0.5 0.28125 0.53125 0.25 0.5 0.28125 0.5 0.25 0.5625 0.25 0.53125 0.28125 0.53125 0.25 0.53125 0.34375 0.5 0.375 0.5 0.34375 0.53125 0.3125 0.5 0.34375 0.5 0.3125 0.5625 0.3125 0.53125 0.34375 0.53125 0.3125 0.46875 0.65625 0.4375 0.6875 0.4375 0.65625 0.46875 0.625 0.4375 0.65625 0.4375 0.625 0.5 0.625 0.46875 0.65625 0.46875 0.625 0.40625 0.65625 0.375 0.6875 0.375 0.65625 0.40625 0.625 0.375 0.65625 0.375 0.625 0.4375 0.625 0.40625 0.65625 0.40625 0.625 0.40625 0.71875 0.375 0.75 0.375 0.71875 0.40625 0.6875 0.375 0.71875 0.375 0.6875 0.4375 0.6875 0.40625 0.71875 0.40625 0.6875 0.46875 0.53125 0.4375 0.5625 0.4375 0.53125 0.46875 0.5 0.4375 0.53125 0.4375 0.5 0.5 0.5 0.46875 0.53125 0.46875 0.5 0.40625 0.53125 0.375 0.5625 0.375 0.53125 0.40625 0.5 0.375 0.53125 0.375 0.5 0.4375 0.5 0.40625 0.53125 0.40625 0.5 0.40625 0.59375 0.375 0.625 0.375 0.59375 0.40625 0.5625 0.375 0.59375 0.375 0.5625 0.4375 0.5625 0.40625 0.59375 0.40625 0.5625 0.59375 0.53125 0.5625 0.5625 0.5625 0.53125 0.59375 0.5 0.5625 0.53125 0.5625 0.5 0.625 0.5 0.59375 0.53125 0.59375 0.5 0.53125 0.53125 0.5 0.5625 0.5 0.53125 0.53125 0.5 0.5 0.53125 0.5 0.5 0.5625 0.5 0.53125 0.53125 0.53125 0.5 0.53125 0.59375 0.5 0.625 0.5 0.59375 0.53125 0.5625 0.5 0.59375 0.5 0.5625 0.5625 0.5625 0.53125 0.59375 0.53125 0.5625 0.21875 0.65625 0.1875 0.6875 0.1875 0.65625 0.21875 0.625 0.1875 0.65625 0.1875 0.625 0.25 0.625 0.21875 0.65625 0.21875 0.625 0.15625 0.65625 0.125 0.6875 0.125 0.65625 0.15625 0.625 0.125 0.65625 0.125 0.625 0.1875 0.625 0.15625 0.65625 0.15625 0.625 0.15625 0.71875 0.125 0.75 0.125 0.71875 0.15625 0.6875 0.125 0.71875 0.125 0.6875 0.1875 0.6875 0.15625 0.71875 0.15625 0.6875 0.21875 0.53125 0.1875 0.5625 0.1875 0.53125 0.21875 0.5 0.1875 0.53125 0.1875 0.5 0.25 0.5 0.21875 0.53125 0.21875 0.5 0.15625 0.53125 0.125 0.5625 0.125 0.53125 0.15625 0.5 0.125 0.53125 0.125 0.5 0.1875 0.5 0.15625 0.53125 0.15625 0.5 0.15625 0.59375 0.125 0.625 0.125 0.59375 0.15625 0.5625 0.125 0.59375 0.125 0.5625 0.1875 0.5625 0.15625 0.59375 0.15625 0.5625 0.34375 0.53125 0.3125 0.5625 0.3125 0.53125 0.34375 0.5 0.3125 0.53125 0.3125 0.5 0.375 0.5 0.34375 0.53125 0.34375 0.5 0.28125 0.53125 0.25 0.5625 0.25 0.53125 0.28125 0.5 0.25 0.53125 0.25 0.5 0.3125 0.5 0.28125 0.53125 0.28125 0.5 0.28125 0.59375 0.25 0.625 0.25 0.59375 0.28125 0.5625 0.25 0.59375 0.25 0.5625 0.3125 0.5625 0.28125 0.59375 0.28125 0.5625 0.46875 0.15625 0.4375 0.1875 0.4375 0.15625 0.46875 0.125 0.4375 0.15625 0.4375 0.125 0.5 0.125 0.46875 0.15625 0.46875 0.125 0.40625 0.15625 0.375 0.1875 0.375 0.15625 0.40625 0.125 0.375 0.15625 0.375 0.125 0.4375 0.125 0.40625 0.15625 0.40625 0.125 0.40625 0.21875 0.375 0.25 0.375 0.21875 0.40625 0.1875 0.375 0.21875 0.375 0.1875 0.4375 0.1875 0.40625 0.21875 0.40625 0.1875 0.46875 0.03125 0.4375 0.0625 0.4375 0.03125 0.46875 0 0.4375 0.03125 0.4375 0 0.5 0 0.46875 0.03125 0.46875 0 0.40625 0.03125 0.375 0.0625 0.375 0.03125 0.40625 0 0.375 0.03125 0.375 0 0.4375 0 0.40625 0.03125 0.40625 0 0.40625 0.09375 0.375 0.125 0.375 0.09375 0.40625 0.0625 0.375 0.09375 0.375 0.0625 0.4375 0.0625 0.40625 0.09375 0.40625 0.0625 0.59375 0.03125 0.5625 0.0625 0.5625 0.03125 0.59375 0 0.5625 0.03125 0.5625 0 0.625 0 0.59375 0.03125 0.59375 0 0.53125 0.03125 0.5 0.0625 0.5 0.03125 0.53125 0 0.5 0.03125 0.5 0 0.5625 0 0.53125 0.03125 0.53125 0 0.53125 0.09375 0.5 0.125 0.5 0.09375 0.53125 0.0625 0.5 0.09375 0.5 0.0625 0.5625 0.0625 0.53125 0.09375 0.53125 0.0625 0.46875 0.90625 0.4375 0.9375 0.4375 0.90625 0.46875 0.875 0.4375 0.90625 0.4375 0.875 0.5 0.875 0.46875 0.90625 0.46875 0.875 0.40625 0.90625 0.375 0.9375 0.375 0.90625 0.40625 0.875 0.375 0.90625 0.375 0.875 0.4375 0.875 0.40625 0.90625 0.40625 0.875 0.40625 0.96875 0.375 1 0.375 0.96875 0.40625 0.9375 0.375 0.96875 0.375 0.9375 0.4375 0.9375 0.40625 0.96875 0.40625 0.9375 0.46875 0.78125 0.4375 0.8125 0.4375 0.78125 0.46875 0.75 0.4375 0.78125 0.4375 0.75 0.5 0.75 0.46875 0.78125 0.46875 0.75 0.40625 0.78125 0.375 0.8125 0.375 0.78125 0.40625 0.75 0.375 0.78125 0.375 0.75 0.4375 0.75 0.40625 0.78125 0.40625 0.75 0.40625 0.84375 0.375 0.875 0.375 0.84375 0.40625 0.8125 0.375 0.84375 0.375 0.8125 0.4375 0.8125 0.40625 0.84375 0.40625 0.8125 0.59375 0.78125 0.5625 0.8125 0.5625 0.78125 0.59375 0.75 0.5625 0.78125 0.5625 0.75 0.625 0.75 0.59375 0.78125 0.59375 0.75 0.53125 0.78125 0.5 0.8125 0.5 0.78125 0.53125 0.75 0.5 0.78125 0.5 0.75 0.5625 0.75 0.53125 0.78125 0.53125 0.75 0.53125 0.84375 0.5 0.875 0.5 0.84375 0.53125 0.8125 0.5 0.84375 0.5 0.8125 0.5625 0.8125 0.53125 0.84375 0.53125 0.8125 0.71875 0.65625 0.6875 0.6875 0.6875 0.65625 0.71875 0.625 0.6875 0.65625 0.6875 0.625 0.75 0.625 0.71875 0.65625 0.71875 0.625 0.65625 0.65625 0.625 0.6875 0.625 0.65625 0.65625 0.625 0.625 0.65625 0.625 0.625 0.6875 0.625 0.65625 0.65625 0.65625 0.625 0.65625 0.71875 0.625 0.75 0.625 0.71875 0.65625 0.6875 0.625 0.71875 0.625 0.6875 0.6875 0.6875 0.65625 0.71875 0.65625 0.6875 0.71875 0.53125 0.6875 0.5625 0.6875 0.53125 0.71875 0.5 0.6875 0.53125 0.6875 0.5 0.75 0.5 0.71875 0.53125 0.71875 0.5 0.65625 0.53125 0.625 0.5625 0.625 0.53125 0.65625 0.5 0.625 0.53125 0.625 0.5 0.6875 0.5 0.65625 0.53125 0.65625 0.5 0.65625 0.59375 0.625 0.625 0.625 0.59375 0.65625 0.5625 0.625 0.59375 0.625 0.5625 0.6875 0.5625 0.65625 0.59375 0.65625 0.5625 0.84375 0.53125 0.8125 0.5625 0.8125 0.53125 0.84375 0.5 0.8125 0.53125 0.8125 0.5 0.875 0.5 0.84375 0.53125 0.84375 0.5 0.78125 0.53125 0.75 0.5625 0.75 0.53125 0.78125 0.5 0.75 0.53125 0.75 0.5 0.8125 0.5 0.78125 0.53125 0.78125 0.5 0.78125 0.59375 0.75 0.625 0.75 0.59375 0.78125 0.5625 0.75 0.59375 0.75 0.5625 0.8125 0.5625 0.78125 0.59375 0.78125 0.5625 0.84375 0.59375 0.8125 0.625 0.8125 0.59375 0.84375 0.5625 0.8125 0.59375 0.8125 0.5625 0.875 0.5625 0.84375 0.59375 0.84375 0.5625 0.71875 0.59375 0.6875 0.625 0.6875 0.59375 0.71875 0.5625 0.6875 0.59375 0.6875 0.5625 0.75 0.5625 0.71875 0.59375 0.71875 0.5625 0.71875 0.71875 0.6875 0.75 0.6875 0.71875 0.71875 0.6875 0.6875 0.71875 0.6875 0.6875 0.75 0.6875 0.71875 0.71875 0.71875 0.6875 0.59375 0.84375 0.5625 0.875 0.5625 0.84375 0.59375 0.8125 0.5625 0.84375 0.5625 0.8125 0.625 0.8125 0.59375 0.84375 0.59375 0.8125 0.46875 0.84375 0.4375 0.875 0.4375 0.84375 0.46875 0.8125 0.4375 0.84375 0.4375 0.8125 0.5 0.8125 0.46875 0.84375 0.46875 0.8125 0.46875 0.96875 0.4375 1 0.4375 0.96875 0.46875 0.9375 0.4375 0.96875 0.4375 0.9375 0.5 0.9375 0.46875 0.96875 0.46875 0.9375 0.59375 0.09375 0.5625 0.125 0.5625 0.09375 0.59375 0.0625 0.5625 0.09375 0.5625 0.0625 0.625 0.0625 0.59375 0.09375 0.59375 0.0625 0.46875 0.09375 0.4375 0.125 0.4375 0.09375 0.46875 0.0625 0.4375 0.09375 0.4375 0.0625 0.5 0.0625 0.46875 0.09375 0.46875 0.0625 0.46875 0.21875 0.4375 0.25 0.4375 0.21875 0.46875 0.1875 0.4375 0.21875 0.4375 0.1875 0.5 0.1875 0.46875 0.21875 0.46875 0.1875 0.34375 0.59375 0.3125 0.625 0.3125 0.59375 0.34375 0.5625 0.3125 0.59375 0.3125 0.5625 0.375 0.5625 0.34375 0.59375 0.34375 0.5625 0.21875 0.59375 0.1875 0.625 0.1875 0.59375 0.21875 0.5625 0.1875 0.59375 0.1875 0.5625 0.25 0.5625 0.21875 0.59375 0.21875 0.5625 0.21875 0.71875 0.1875 0.75 0.1875 0.71875 0.21875 0.6875 0.1875 0.71875 0.1875 0.6875 0.25 0.6875 0.21875 0.71875 0.21875 0.6875 0.59375 0.59375 0.5625 0.625 0.5625 0.59375 0.59375 0.5625 0.5625 0.59375 0.5625 0.5625 0.625 0.5625 0.59375 0.59375 0.59375 0.5625 0.46875 0.59375 0.4375 0.625 0.4375 0.59375 0.46875 0.5625 0.4375 0.59375 0.4375 0.5625 0.5 0.5625 0.46875 0.59375 0.46875 0.5625 0.46875 0.71875 0.4375 0.75 0.4375 0.71875 0.46875 0.6875 0.4375 0.71875 0.4375 0.6875 0.5 0.6875 0.46875 0.71875 0.46875 0.6875 0.59375 0.34375 0.5625 0.375 0.5625 0.34375 0.59375 0.3125 0.5625 0.34375 0.5625 0.3125 0.625 0.3125 0.59375 0.34375 0.59375 0.3125 0.46875 0.34375 0.4375 0.375 0.4375 0.34375 0.46875 0.3125 0.4375 0.34375 0.4375 0.3125 0.5 0.3125 0.46875 0.34375 0.46875 0.3125 0.46875 0.46875 0.4375 0.5 0.4375 0.46875 0.46875 0.4375 0.4375 0.46875 0.4375 0.4375 0.5 0.4375 0.46875 0.46875 0.46875 0.4375 0.59375 0.46875 0.5625 0.5 0.5625 0.46875 0.59375 0.4375 0.5625 0.46875 0.5625 0.4375 0.625 0.4375 0.59375 0.46875 0.59375 0.4375 0.59375 0.71875 0.5625 0.75 0.5625 0.71875 0.59375 0.6875 0.5625 0.71875 0.5625 0.6875 0.625 0.6875 0.59375 0.71875 0.59375 0.6875 0.34375 0.71875 0.3125 0.75 0.3125 0.71875 0.34375 0.6875 0.3125 0.71875 0.3125 0.6875 0.375 0.6875 0.34375 0.71875 0.34375 0.6875 0.59375 0.21875 0.5625 0.25 0.5625 0.21875 0.59375 0.1875 0.5625 0.21875 0.5625 0.1875 0.625 0.1875 0.59375 0.21875 0.59375 0.1875 0.59375 0.96875 0.5625 1 0.5625 0.96875 0.59375 0.9375 0.5625 0.96875 0.5625 0.9375 0.625 0.9375 0.59375 0.96875 0.59375 0.9375 0.84375 0.71875 0.8125 0.75 0.8125 0.71875 0.84375 0.6875 0.8125 0.71875 0.8125 0.6875 0.875 0.6875 0.84375 0.71875 0.84375 0.6875 0.875 0.71875 0.875 0.75 0.84375 0.75 0.625 0.96875 0.625 1 0.59375 1 0.625 0.21875 0.625 0.25 0.59375 0.25 0.375 0.71875 0.375 0.75 0.34375 0.75 0.625 0.71875 0.625 0.75 0.59375 0.75 0.625 0.46875 0.625 0.5 0.59375 0.5 0.5 0.46875 0.5 0.5 0.46875 0.5 0.5 0.34375 0.5 0.375 0.46875 0.375 0.625 0.34375 0.625 0.375 0.59375 0.375 0.5 0.71875 0.5 0.75 0.46875 0.75 0.5 0.59375 0.5 0.625 0.46875 0.625 0.625 0.59375 0.625 0.625 0.59375 0.625 0.25 0.71875 0.25 0.75 0.21875 0.75 0.25 0.59375 0.25 0.625 0.21875 0.625 0.375 0.59375 0.375 0.625 0.34375 0.625 0.5 0.21875 0.5 0.25 0.46875 0.25 0.5 0.09375 0.5 0.125 0.46875 0.125 0.625 0.09375 0.625 0.125 0.59375 0.125 0.5 0.96875 0.5 1 0.46875 1 0.5 0.84375 0.5 0.875 0.46875 0.875 0.625 0.84375 0.625 0.875 0.59375 0.875 0.75 0.71875 0.75 0.75 0.71875 0.75 0.75 0.59375 0.75 0.625 0.71875 0.625 0.875 0.59375 0.875 0.625 0.84375 0.625 0.8125 0.59375 0.8125 0.625 0.78125 0.625 0.8125 0.53125 0.8125 0.5625 0.78125 0.5625 0.875 0.53125 0.875 0.5625 0.84375 0.5625 0.6875 0.59375 0.6875 0.625 0.65625 0.625 0.6875 0.53125 0.6875 0.5625 0.65625 0.5625 0.75 0.53125 0.75 0.5625 0.71875 0.5625 0.6875 0.71875 0.6875 0.75 0.65625 0.75 0.6875 0.65625 0.6875 0.6875 0.65625 0.6875 0.75 0.65625 0.75 0.6875 0.71875 0.6875 0.5625 0.84375 0.5625 0.875 0.53125 0.875 0.5625 0.78125 0.5625 0.8125 0.53125 0.8125 0.625 0.78125 0.625 0.8125 0.59375 0.8125 0.4375 0.84375 0.4375 0.875 0.40625 0.875 0.4375 0.78125 0.4375 0.8125 0.40625 0.8125 0.5 0.78125 0.5 0.8125 0.46875 0.8125 0.4375 0.96875 0.4375 1 0.40625 1 0.4375 0.90625 0.4375 0.9375 0.40625 0.9375 0.5 0.90625 0.5 0.9375 0.46875 0.9375 0.5625 0.09375 0.5625 0.125 0.53125 0.125 0.5625 0.03125 0.5625 0.0625 0.53125 0.0625 0.625 0.03125 0.625 0.0625 0.59375 0.0625 0.4375 0.09375 0.4375 0.125 0.40625 0.125 0.4375 0.03125 0.4375 0.0625 0.40625 0.0625 0.5 0.03125 0.5 0.0625 0.46875 0.0625 0.4375 0.21875 0.4375 0.25 0.40625 0.25 0.4375 0.15625 0.4375 0.1875 0.40625 0.1875 0.5 0.15625 0.5 0.1875 0.46875 0.1875 0.3125 0.59375 0.3125 0.625 0.28125 0.625 0.3125 0.53125 0.3125 0.5625 0.28125 0.5625 0.375 0.53125 0.375 0.5625 0.34375 0.5625 0.1875 0.59375 0.1875 0.625 0.15625 0.625 0.1875 0.53125 0.1875 0.5625 0.15625 0.5625 0.25 0.53125 0.25 0.5625 0.21875 0.5625 0.1875 0.71875 0.1875 0.75 0.15625 0.75 0.1875 0.65625 0.1875 0.6875 0.15625 0.6875 0.25 0.65625 0.25 0.6875 0.21875 0.6875 0.5625 0.59375 0.5625 0.625 0.53125 0.625 0.5625 0.53125 0.5625 0.5625 0.53125 0.5625 0.625 0.53125 0.625 0.5625 0.59375 0.5625 0.4375 0.59375 0.4375 0.625 0.40625 0.625 0.4375 0.53125 0.4375 0.5625 0.40625 0.5625 0.5 0.53125 0.5 0.5625 0.46875 0.5625 0.4375 0.71875 0.4375 0.75 0.40625 0.75 0.4375 0.65625 0.4375 0.6875 0.40625 0.6875 0.5 0.65625 0.5 0.6875 0.46875 0.6875 0.5625 0.34375 0.5625 0.375 0.53125 0.375 0.5625 0.28125 0.5625 0.3125 0.53125 0.3125 0.625 0.28125 0.625 0.3125 0.59375 0.3125 0.4375 0.34375 0.4375 0.375 0.40625 0.375 0.4375 0.28125 0.4375 0.3125 0.40625 0.3125 0.5 0.28125 0.5 0.3125 0.46875 0.3125 0.4375 0.46875 0.4375 0.5 0.40625 0.5 0.4375 0.40625 0.4375 0.4375 0.40625 0.4375 0.5 0.40625 0.5 0.4375 0.46875 0.4375 0.5625 0.46875 0.5625 0.5 0.53125 0.5 0.5625 0.40625 0.5625 0.4375 0.53125 0.4375 0.625 0.40625 0.625 0.4375 0.59375 0.4375 0.5625 0.71875 0.5625 0.75 0.53125 0.75 0.5625 0.65625 0.5625 0.6875 0.53125 0.6875 0.625 0.65625 0.625 0.6875 0.59375 0.6875 0.3125 0.71875 0.3125 0.75 0.28125 0.75 0.3125 0.65625 0.3125 0.6875 0.28125 0.6875 0.375 0.65625 0.375 0.6875 0.34375 0.6875 0.5625 0.21875 0.5625 0.25 0.53125 0.25 0.5625 0.15625 0.5625 0.1875 0.53125 0.1875 0.625 0.15625 0.625 0.1875 0.59375 0.1875 0.5625 0.96875 0.5625 1 0.53125 1 0.5625 0.90625 0.5625 0.9375 0.53125 0.9375 0.625 0.90625 0.625 0.9375 0.59375 0.9375 0.8125 0.71875 0.8125 0.75 0.78125 0.75 0.8125 0.65625 0.8125 0.6875 0.78125 0.6875 0.875 0.65625 0.875 0.6875 0.84375 0.6875 0.84375 0.65625 0.84375 0.6875 0.8125 0.6875 0.84375 0.625 0.84375 0.65625 0.8125 0.65625 0.875 0.625 0.875 0.65625 0.84375 0.65625 0.78125 0.65625 0.78125 0.6875 0.75 0.6875 0.78125 0.625 0.78125 0.65625 0.75 0.65625 0.8125 0.625 0.8125 0.65625 0.78125 0.65625 0.78125 0.71875 0.78125 0.75 0.75 0.75 0.78125 0.6875 0.78125 0.71875 0.75 0.71875 0.8125 0.6875 0.8125 0.71875 0.78125 0.71875 0.59375 0.90625 0.59375 0.9375 0.5625 0.9375 0.59375 0.875 0.59375 0.90625 0.5625 0.90625 0.625 0.875 0.625 0.90625 0.59375 0.90625 0.53125 0.90625 0.53125 0.9375 0.5 0.9375 0.53125 0.875 0.53125 0.90625 0.5 0.90625 0.5625 0.875 0.5625 0.90625 0.53125 0.90625 0.53125 0.96875 0.53125 1 0.5 1 0.53125 0.9375 0.53125 0.96875 0.5 0.96875 0.5625 0.9375 0.5625 0.96875 0.53125 0.96875 0.59375 0.15625 0.59375 0.1875 0.5625 0.1875 0.59375 0.125 0.59375 0.15625 0.5625 0.15625 0.625 0.125 0.625 0.15625 0.59375 0.15625 0.53125 0.15625 0.53125 0.1875 0.5 0.1875 0.53125 0.125 0.53125 0.15625 0.5 0.15625 0.5625 0.125 0.5625 0.15625 0.53125 0.15625 0.53125 0.21875 0.53125 0.25 0.5 0.25 0.53125 0.1875 0.53125 0.21875 0.5 0.21875 0.5625 0.1875 0.5625 0.21875 0.53125 0.21875 0.34375 0.65625 0.34375 0.6875 0.3125 0.6875 0.34375 0.625 0.34375 0.65625 0.3125 0.65625 0.375 0.625 0.375 0.65625 0.34375 0.65625 0.28125 0.65625 0.28125 0.6875 0.25 0.6875 0.28125 0.625 0.28125 0.65625 0.25 0.65625 0.3125 0.625 0.3125 0.65625 0.28125 0.65625 0.28125 0.71875 0.28125 0.75 0.25 0.75 0.28125 0.6875 0.28125 0.71875 0.25 0.71875 0.3125 0.6875 0.3125 0.71875 0.28125 0.71875 0.59375 0.65625 0.59375 0.6875 0.5625 0.6875 0.59375 0.625 0.59375 0.65625 0.5625 0.65625 0.625 0.625 0.625 0.65625 0.59375 0.65625 0.53125 0.65625 0.53125 0.6875 0.5 0.6875 0.53125 0.625 0.53125 0.65625 0.5 0.65625 0.5625 0.625 0.5625 0.65625 0.53125 0.65625 0.53125 0.71875 0.53125 0.75 0.5 0.75 0.53125 0.6875 0.53125 0.71875 0.5 0.71875 0.5625 0.6875 0.5625 0.71875 0.53125 0.71875 0.59375 0.40625 0.59375 0.4375 0.5625 0.4375 0.59375 0.375 0.59375 0.40625 0.5625 0.40625 0.625 0.375 0.625 0.40625 0.59375 0.40625 0.53125 0.40625 0.53125 0.4375 0.5 0.4375 0.53125 0.375 0.53125 0.40625 0.5 0.40625 0.5625 0.375 0.5625 0.40625 0.53125 0.40625 0.53125 0.46875 0.53125 0.5 0.5 0.5 0.53125 0.4375 0.53125 0.46875 0.5 0.46875 0.5625 0.4375 0.5625 0.46875 0.53125 0.46875 0.46875 0.40625 0.46875 0.4375 0.4375 0.4375 0.46875 0.375 0.46875 0.40625 0.4375 0.40625 0.5 0.375 0.5 0.40625 0.46875 0.40625 0.40625 0.40625 0.40625 0.4375 0.375 0.4375 0.40625 0.375 0.40625 0.40625 0.375 0.40625 0.4375 0.375 0.4375 0.40625 0.40625 0.40625 0.40625 0.46875 0.40625 0.5 0.375 0.5 0.40625 0.4375 0.40625 0.46875 0.375 0.46875 0.4375 0.4375 0.4375 0.46875 0.40625 0.46875 0.46875 0.28125 0.46875 0.3125 0.4375 0.3125 0.46875 0.25 0.46875 0.28125 0.4375 0.28125 0.5 0.25 0.5 0.28125 0.46875 0.28125 0.40625 0.28125 0.40625 0.3125 0.375 0.3125 0.40625 0.25 0.40625 0.28125 0.375 0.28125 0.4375 0.25 0.4375 0.28125 0.40625 0.28125 0.40625 0.34375 0.40625 0.375 0.375 0.375 0.40625 0.3125 0.40625 0.34375 0.375 0.34375 0.4375 0.3125 0.4375 0.34375 0.40625 0.34375 0.59375 0.28125 0.59375 0.3125 0.5625 0.3125 0.59375 0.25 0.59375 0.28125 0.5625 0.28125 0.625 0.25 0.625 0.28125 0.59375 0.28125 0.53125 0.28125 0.53125 0.3125 0.5 0.3125 0.53125 0.25 0.53125 0.28125 0.5 0.28125 0.5625 0.25 0.5625 0.28125 0.53125 0.28125 0.53125 0.34375 0.53125 0.375 0.5 0.375 0.53125 0.3125 0.53125 0.34375 0.5 0.34375 0.5625 0.3125 0.5625 0.34375 0.53125 0.34375 0.46875 0.65625 0.46875 0.6875 0.4375 0.6875 0.46875 0.625 0.46875 0.65625 0.4375 0.65625 0.5 0.625 0.5 0.65625 0.46875 0.65625 0.40625 0.65625 0.40625 0.6875 0.375 0.6875 0.40625 0.625 0.40625 0.65625 0.375 0.65625 0.4375 0.625 0.4375 0.65625 0.40625 0.65625 0.40625 0.71875 0.40625 0.75 0.375 0.75 0.40625 0.6875 0.40625 0.71875 0.375 0.71875 0.4375 0.6875 0.4375 0.71875 0.40625 0.71875 0.46875 0.53125 0.46875 0.5625 0.4375 0.5625 0.46875 0.5 0.46875 0.53125 0.4375 0.53125 0.5 0.5 0.5 0.53125 0.46875 0.53125 0.40625 0.53125 0.40625 0.5625 0.375 0.5625 0.40625 0.5 0.40625 0.53125 0.375 0.53125 0.4375 0.5 0.4375 0.53125 0.40625 0.53125 0.40625 0.59375 0.40625 0.625 0.375 0.625 0.40625 0.5625 0.40625 0.59375 0.375 0.59375 0.4375 0.5625 0.4375 0.59375 0.40625 0.59375 0.59375 0.53125 0.59375 0.5625 0.5625 0.5625 0.59375 0.5 0.59375 0.53125 0.5625 0.53125 0.625 0.5 0.625 0.53125 0.59375 0.53125 0.53125 0.53125 0.53125 0.5625 0.5 0.5625 0.53125 0.5 0.53125 0.53125 0.5 0.53125 0.5625 0.5 0.5625 0.53125 0.53125 0.53125 0.53125 0.59375 0.53125 0.625 0.5 0.625 0.53125 0.5625 0.53125 0.59375 0.5 0.59375 0.5625 0.5625 0.5625 0.59375 0.53125 0.59375 0.21875 0.65625 0.21875 0.6875 0.1875 0.6875 0.21875 0.625 0.21875 0.65625 0.1875 0.65625 0.25 0.625 0.25 0.65625 0.21875 0.65625 0.15625 0.65625 0.15625 0.6875 0.125 0.6875 0.15625 0.625 0.15625 0.65625 0.125 0.65625 0.1875 0.625 0.1875 0.65625 0.15625 0.65625 0.15625 0.71875 0.15625 0.75 0.125 0.75 0.15625 0.6875 0.15625 0.71875 0.125 0.71875 0.1875 0.6875 0.1875 0.71875 0.15625 0.71875 0.21875 0.53125 0.21875 0.5625 0.1875 0.5625 0.21875 0.5 0.21875 0.53125 0.1875 0.53125 0.25 0.5 0.25 0.53125 0.21875 0.53125 0.15625 0.53125 0.15625 0.5625 0.125 0.5625 0.15625 0.5 0.15625 0.53125 0.125 0.53125 0.1875 0.5 0.1875 0.53125 0.15625 0.53125 0.15625 0.59375 0.15625 0.625 0.125 0.625 0.15625 0.5625 0.15625 0.59375 0.125 0.59375 0.1875 0.5625 0.1875 0.59375 0.15625 0.59375 0.34375 0.53125 0.34375 0.5625 0.3125 0.5625 0.34375 0.5 0.34375 0.53125 0.3125 0.53125 0.375 0.5 0.375 0.53125 0.34375 0.53125 0.28125 0.53125 0.28125 0.5625 0.25 0.5625 0.28125 0.5 0.28125 0.53125 0.25 0.53125 0.3125 0.5 0.3125 0.53125 0.28125 0.53125 0.28125 0.59375 0.28125 0.625 0.25 0.625 0.28125 0.5625 0.28125 0.59375 0.25 0.59375 0.3125 0.5625 0.3125 0.59375 0.28125 0.59375 0.46875 0.15625 0.46875 0.1875 0.4375 0.1875 0.46875 0.125 0.46875 0.15625 0.4375 0.15625 0.5 0.125 0.5 0.15625 0.46875 0.15625 0.40625 0.15625 0.40625 0.1875 0.375 0.1875 0.40625 0.125 0.40625 0.15625 0.375 0.15625 0.4375 0.125 0.4375 0.15625 0.40625 0.15625 0.40625 0.21875 0.40625 0.25 0.375 0.25 0.40625 0.1875 0.40625 0.21875 0.375 0.21875 0.4375 0.1875 0.4375 0.21875 0.40625 0.21875 0.46875 0.03125 0.46875 0.0625 0.4375 0.0625 0.46875 0 0.46875 0.03125 0.4375 0.03125 0.5 0 0.5 0.03125 0.46875 0.03125 0.40625 0.03125 0.40625 0.0625 0.375 0.0625 0.40625 0 0.40625 0.03125 0.375 0.03125 0.4375 0 0.4375 0.03125 0.40625 0.03125 0.40625 0.09375 0.40625 0.125 0.375 0.125 0.40625 0.0625 0.40625 0.09375 0.375 0.09375 0.4375 0.0625 0.4375 0.09375 0.40625 0.09375 0.59375 0.03125 0.59375 0.0625 0.5625 0.0625 0.59375 0 0.59375 0.03125 0.5625 0.03125 0.625 0 0.625 0.03125 0.59375 0.03125 0.53125 0.03125 0.53125 0.0625 0.5 0.0625 0.53125 0 0.53125 0.03125 0.5 0.03125 0.5625 0 0.5625 0.03125 0.53125 0.03125 0.53125 0.09375 0.53125 0.125 0.5 0.125 0.53125 0.0625 0.53125 0.09375 0.5 0.09375 0.5625 0.0625 0.5625 0.09375 0.53125 0.09375 0.46875 0.90625 0.46875 0.9375 0.4375 0.9375 0.46875 0.875 0.46875 0.90625 0.4375 0.90625 0.5 0.875 0.5 0.90625 0.46875 0.90625 0.40625 0.90625 0.40625 0.9375 0.375 0.9375 0.40625 0.875 0.40625 0.90625 0.375 0.90625 0.4375 0.875 0.4375 0.90625 0.40625 0.90625 0.40625 0.96875 0.40625 1 0.375 1 0.40625 0.9375 0.40625 0.96875 0.375 0.96875 0.4375 0.9375 0.4375 0.96875 0.40625 0.96875 0.46875 0.78125 0.46875 0.8125 0.4375 0.8125 0.46875 0.75 0.46875 0.78125 0.4375 0.78125 0.5 0.75 0.5 0.78125 0.46875 0.78125 0.40625 0.78125 0.40625 0.8125 0.375 0.8125 0.40625 0.75 0.40625 0.78125 0.375 0.78125 0.4375 0.75 0.4375 0.78125 0.40625 0.78125 0.40625 0.84375 0.40625 0.875 0.375 0.875 0.40625 0.8125 0.40625 0.84375 0.375 0.84375 0.4375 0.8125 0.4375 0.84375 0.40625 0.84375 0.59375 0.78125 0.59375 0.8125 0.5625 0.8125 0.59375 0.75 0.59375 0.78125 0.5625 0.78125 0.625 0.75 0.625 0.78125 0.59375 0.78125 0.53125 0.78125 0.53125 0.8125 0.5 0.8125 0.53125 0.75 0.53125 0.78125 0.5 0.78125 0.5625 0.75 0.5625 0.78125 0.53125 0.78125 0.53125 0.84375 0.53125 0.875 0.5 0.875 0.53125 0.8125 0.53125 0.84375 0.5 0.84375 0.5625 0.8125 0.5625 0.84375 0.53125 0.84375 0.71875 0.65625 0.71875 0.6875 0.6875 0.6875 0.71875 0.625 0.71875 0.65625 0.6875 0.65625 0.75 0.625 0.75 0.65625 0.71875 0.65625 0.65625 0.65625 0.65625 0.6875 0.625 0.6875 0.65625 0.625 0.65625 0.65625 0.625 0.65625 0.6875 0.625 0.6875 0.65625 0.65625 0.65625 0.65625 0.71875 0.65625 0.75 0.625 0.75 0.65625 0.6875 0.65625 0.71875 0.625 0.71875 0.6875 0.6875 0.6875 0.71875 0.65625 0.71875 0.71875 0.53125 0.71875 0.5625 0.6875 0.5625 0.71875 0.5 0.71875 0.53125 0.6875 0.53125 0.75 0.5 0.75 0.53125 0.71875 0.53125 0.65625 0.53125 0.65625 0.5625 0.625 0.5625 0.65625 0.5 0.65625 0.53125 0.625 0.53125 0.6875 0.5 0.6875 0.53125 0.65625 0.53125 0.65625 0.59375 0.65625 0.625 0.625 0.625 0.65625 0.5625 0.65625 0.59375 0.625 0.59375 0.6875 0.5625 0.6875 0.59375 0.65625 0.59375 0.84375 0.53125 0.84375 0.5625 0.8125 0.5625 0.84375 0.5 0.84375 0.53125 0.8125 0.53125 0.875 0.5 0.875 0.53125 0.84375 0.53125 0.78125 0.53125 0.78125 0.5625 0.75 0.5625 0.78125 0.5 0.78125 0.53125 0.75 0.53125 0.8125 0.5 0.8125 0.53125 0.78125 0.53125 0.78125 0.59375 0.78125 0.625 0.75 0.625 0.78125 0.5625 0.78125 0.59375 0.75 0.59375 0.8125 0.5625 0.8125 0.59375 0.78125 0.59375 0.84375 0.59375 0.84375 0.625 0.8125 0.625 0.84375 0.5625 0.84375 0.59375 0.8125 0.59375 0.875 0.5625 0.875 0.59375 0.84375 0.59375 0.71875 0.59375 0.71875 0.625 0.6875 0.625 0.71875 0.5625 0.71875 0.59375 0.6875 0.59375 0.75 0.5625 0.75 0.59375 0.71875 0.59375 0.71875 0.71875 0.71875 0.75 0.6875 0.75 0.71875 0.6875 0.71875 0.71875 0.6875 0.71875 0.75 0.6875 0.75 0.71875 0.71875 0.71875 0.59375 0.84375 0.59375 0.875 0.5625 0.875 0.59375 0.8125 0.59375 0.84375 0.5625 0.84375 0.625 0.8125 0.625 0.84375 0.59375 0.84375 0.46875 0.84375 0.46875 0.875 0.4375 0.875 0.46875 0.8125 0.46875 0.84375 0.4375 0.84375 0.5 0.8125 0.5 0.84375 0.46875 0.84375 0.46875 0.96875 0.46875 1 0.4375 1 0.46875 0.9375 0.46875 0.96875 0.4375 0.96875 0.5 0.9375 0.5 0.96875 0.46875 0.96875 0.59375 0.09375 0.59375 0.125 0.5625 0.125 0.59375 0.0625 0.59375 0.09375 0.5625 0.09375 0.625 0.0625 0.625 0.09375 0.59375 0.09375 0.46875 0.09375 0.46875 0.125 0.4375 0.125 0.46875 0.0625 0.46875 0.09375 0.4375 0.09375 0.5 0.0625 0.5 0.09375 0.46875 0.09375 0.46875 0.21875 0.46875 0.25 0.4375 0.25 0.46875 0.1875 0.46875 0.21875 0.4375 0.21875 0.5 0.1875 0.5 0.21875 0.46875 0.21875 0.34375 0.59375 0.34375 0.625 0.3125 0.625 0.34375 0.5625 0.34375 0.59375 0.3125 0.59375 0.375 0.5625 0.375 0.59375 0.34375 0.59375 0.21875 0.59375 0.21875 0.625 0.1875 0.625 0.21875 0.5625 0.21875 0.59375 0.1875 0.59375 0.25 0.5625 0.25 0.59375 0.21875 0.59375 0.21875 0.71875 0.21875 0.75 0.1875 0.75 0.21875 0.6875 0.21875 0.71875 0.1875 0.71875 0.25 0.6875 0.25 0.71875 0.21875 0.71875 0.59375 0.59375 0.59375 0.625 0.5625 0.625 0.59375 0.5625 0.59375 0.59375 0.5625 0.59375 0.625 0.5625 0.625 0.59375 0.59375 0.59375 0.46875 0.59375 0.46875 0.625 0.4375 0.625 0.46875 0.5625 0.46875 0.59375 0.4375 0.59375 0.5 0.5625 0.5 0.59375 0.46875 0.59375 0.46875 0.71875 0.46875 0.75 0.4375 0.75 0.46875 0.6875 0.46875 0.71875 0.4375 0.71875 0.5 0.6875 0.5 0.71875 0.46875 0.71875 0.59375 0.34375 0.59375 0.375 0.5625 0.375 0.59375 0.3125 0.59375 0.34375 0.5625 0.34375 0.625 0.3125 0.625 0.34375 0.59375 0.34375 0.46875 0.34375 0.46875 0.375 0.4375 0.375 0.46875 0.3125 0.46875 0.34375 0.4375 0.34375 0.5 0.3125 0.5 0.34375 0.46875 0.34375 0.46875 0.46875 0.46875 0.5 0.4375 0.5 0.46875 0.4375 0.46875 0.46875 0.4375 0.46875 0.5 0.4375 0.5 0.46875 0.46875 0.46875 0.59375 0.46875 0.59375 0.5 0.5625 0.5 0.59375 0.4375 0.59375 0.46875 0.5625 0.46875 0.625 0.4375 0.625 0.46875 0.59375 0.46875 0.59375 0.71875 0.59375 0.75 0.5625 0.75 0.59375 0.6875 0.59375 0.71875 0.5625 0.71875 0.625 0.6875 0.625 0.71875 0.59375 0.71875 0.34375 0.71875 0.34375 0.75 0.3125 0.75 0.34375 0.6875 0.34375 0.71875 0.3125 0.71875 0.375 0.6875 0.375 0.71875 0.34375 0.71875 0.59375 0.21875 0.59375 0.25 0.5625 0.25 0.59375 0.1875 0.59375 0.21875 0.5625 0.21875 0.625 0.1875 0.625 0.21875 0.59375 0.21875 0.59375 0.96875 0.59375 1 0.5625 1 0.59375 0.9375 0.59375 0.96875 0.5625 0.96875 0.625 0.9375 0.625 0.96875 0.59375 0.96875 0.84375 0.71875 0.84375 0.75 0.8125 0.75 0.84375 0.6875 0.84375 0.71875 0.8125 0.71875 0.875 0.6875 0.875 0.71875 0.84375 0.71875</float_array>
          <technique_common>
            <accessor source="#Cube-mesh-map-0-array" count="2304" stride="2">
              <param name="S" type="float"/>
              <param name="T" type="float"/>
            </accessor>
          </technique_common>
        </source>
        <vertices id="Cube-mesh-vertices">
          <input semantic="POSITION" source="#Cube-mesh-positions"/>
        </vertices>
        <triangles material="Material-material" count="768">
          <input semantic="VERTEX" source="#Cube-mesh-vertices" offset="0"/>
          <input semantic="NORMAL" source="#Cube-mesh-normals" offset="1"/>
          <input semantic="TEXCOORD" source="#Cube-mesh-map-0" offset="2" set="0"/>
          <p>167 0 0 104 0 1 385 0 2 104 1 3 101 1 4 384 1 5 107 2 6 163 2 7 383 2 8 169 3 9 106 3 10 382 3 11 105 4 12 162 4 13 381 4 14 108 5 15 160 5 16 380 5 17 122 5 18 148 5 19 379 5 20 123 5 21 172 5 22 378 5 23 120 5 24 173 5 25 377 5 26 126 4 27 150 4 28 376 4 29 127 4 30 176 4 31 375 4 32 117 4 33 177 4 34 374 4 35 130 3 36 118 3 37 373 3 38 131 3 39 180 3 40 372 3 41 157 3 42 181 3 43 371 3 44 134 2 45 151 2 46 370 2 47 135 2 48 184 2 49 369 2 50 119 2 51 185 2 52 368 2 53 138 1 54 113 1 55 367 1 56 139 1 57 188 1 58 366 1 59 116 1 60 189 1 61 365 1 62 142 0 63 116 0 64 364 0 65 143 0 66 192 0 67 363 0 68 155 0 69 193 0 70 362 0 71 194 0 72 145 0 73 361 0 74 195 0 75 196 0 76 360 0 77 107 0 78 197 0 79 359 0 80 198 0 81 144 0 82 358 0 83 199 0 84 200 0 85 357 0 86 191 0 87 201 0 88 356 0 89 202 0 90 164 0 91 355 0 92 203 0 93 204 0 94 354 0 95 190 0 96 205 0 97 353 0 98 206 1 99 141 1 100 352 1 101 207 1 102 208 1 103 351 1 104 164 1 105 209 1 106 350 1 107 210 1 108 140 1 109 349 1 110 211 1 111 212 1 112 348 1 113 187 1 114 213 1 115 347 1 116 214 1 117 161 1 118 346 1 119 215 1 120 216 1 121 345 1 122 186 1 123 217 1 124 344 1 125 218 2 126 137 2 127 343 2 128 219 2 129 220 2 130 342 2 131 167 2 132 221 2 133 341 2 134 222 2 135 136 2 136 340 2 137 223 2 138 224 2 139 339 2 140 183 2 141 225 2 142 338 2 143 226 2 144 103 2 145 337 2 146 227 2 147 228 2 148 336 2 149 182 2 150 229 2 151 335 2 152 230 3 153 133 3 154 334 3 155 231 3 156 232 3 157 333 3 158 109 3 159 233 3 160 332 3 161 234 3 162 132 3 163 331 3 164 235 3 165 236 3 166 330 3 167 179 3 168 237 3 169 329 3 170 238 3 171 166 3 172 328 3 173 239 3 174 240 3 175 327 3 176 178 3 177 241 3 178 326 3 179 242 4 180 129 4 181 325 4 182 243 4 183 244 4 184 324 4 185 165 4 186 245 4 187 323 4 188 246 4 189 128 4 190 322 4 191 247 4 192 248 4 193 321 4 194 175 4 195 249 4 196 320 4 197 250 4 198 102 4 199 319 4 200 251 4 201 252 4 202 318 4 203 174 4 204 253 4 205 317 4 206 254 5 207 125 5 208 316 5 209 255 5 210 256 5 211 315 5 212 168 5 213 257 5 214 314 5 215 258 5 216 124 5 217 313 5 218 259 5 219 260 5 220 312 5 221 171 5 222 261 5 223 311 5 224 262 5 225 100 5 226 310 5 227 263 5 228 264 5 229 309 5 230 170 5 231 265 5 232 308 5 233 266 5 234 112 5 235 307 5 236 267 5 237 268 5 238 306 5 239 156 5 240 269 5 241 305 5 242 270 4 243 114 4 244 304 4 245 271 4 246 272 4 247 303 4 248 153 4 249 273 4 250 302 4 251 274 3 252 154 3 253 301 3 254 275 3 255 276 3 256 300 3 257 121 3 258 277 3 259 299 3 260 278 2 261 115 2 262 298 2 263 279 2 264 280 2 265 297 2 266 155 2 267 281 2 268 296 2 269 282 1 270 149 1 271 295 1 272 283 1 273 284 1 274 294 1 275 152 1 276 285 1 277 293 1 278 286 0 279 152 0 280 292 0 281 287 0 282 288 0 283 291 0 284 119 0 285 289 0 286 290 0 287 290 0 288 97 0 289 287 0 290 193 0 291 287 0 292 73 0 293 17 0 294 290 0 295 193 0 296 291 0 297 70 0 298 190 0 299 145 0 300 190 0 301 25 0 302 73 0 303 291 0 304 145 0 305 292 0 306 14 0 307 142 0 308 288 0 309 142 0 310 70 0 311 97 0 312 292 0 313 288 0 314 293 1 315 96 1 316 283 1 317 189 1 318 283 1 319 69 1 320 14 1 321 293 1 322 189 1 323 294 1 324 66 1 325 186 1 326 141 1 327 186 1 328 24 1 329 69 1 330 294 1 331 141 1 332 295 1 333 11 1 334 138 1 335 284 1 336 138 1 337 66 1 338 96 1 339 295 1 340 284 1 341 296 2 342 95 2 343 279 2 344 185 2 345 279 2 346 65 2 347 17 2 348 296 2 349 185 2 350 297 2 351 62 2 352 182 2 353 137 2 354 182 2 355 23 2 356 65 2 357 297 2 358 137 2 359 298 2 360 13 2 361 134 2 362 280 2 363 134 2 364 62 2 365 95 2 366 298 2 367 280 2 368 299 3 369 94 3 370 275 3 371 181 3 372 275 3 373 61 3 374 19 3 375 299 3 376 181 3 377 300 3 378 58 3 379 178 3 380 133 3 381 178 3 382 22 3 383 61 3 384 300 3 385 133 3 386 301 3 387 16 3 388 130 3 389 276 3 390 130 3 391 58 3 392 94 3 393 301 3 394 276 3 395 302 4 396 93 4 397 271 4 398 177 4 399 271 4 400 57 4 401 15 4 402 302 4 403 177 4 404 303 4 405 54 4 406 174 4 407 129 4 408 174 4 409 21 4 410 57 4 411 303 4 412 129 4 413 304 4 414 12 4 415 126 4 416 272 4 417 126 4 418 54 4 419 93 4 420 304 4 421 272 4 422 305 5 423 92 5 424 267 5 425 173 5 426 267 5 427 53 5 428 18 5 429 305 5 430 173 5 431 306 5 432 50 5 433 170 5 434 125 5 435 170 5 436 20 5 437 53 5 438 306 5 439 125 5 440 307 5 441 10 5 442 122 5 443 268 5 444 122 5 445 50 5 446 92 5 447 307 5 448 268 5 449 308 5 450 91 5 451 263 5 452 172 5 453 263 5 454 52 5 455 20 5 456 308 5 457 172 5 458 309 5 459 39 5 460 111 5 461 124 5 462 111 5 463 9 5 464 52 5 465 309 5 466 124 5 467 310 5 468 1 5 469 159 5 470 264 5 471 159 5 472 39 5 473 91 5 474 310 5 475 264 5 476 311 5 477 90 5 478 259 5 479 151 5 480 259 5 481 31 5 482 13 5 483 311 5 484 151 5 485 312 5 486 27 5 487 99 5 488 103 5 489 99 5 490 5 5 491 31 5 492 312 5 493 103 5 494 313 5 495 9 5 496 147 5 497 260 5 498 147 5 499 27 5 500 90 5 501 313 5 502 260 5 503 314 5 504 89 5 505 255 5 506 163 5 507 255 5 508 43 5 509 4 5 510 314 5 511 163 5 512 315 5 513 51 5 514 171 5 515 115 5 516 171 5 517 13 5 518 43 5 519 315 5 520 115 5 521 316 5 522 20 5 523 123 5 524 256 5 525 123 5 526 51 5 527 89 5 528 316 5 529 256 5 530 317 4 531 88 4 532 251 4 533 176 4 534 251 4 535 56 4 536 21 4 537 317 4 538 176 4 539 318 4 540 49 4 541 121 4 542 128 4 543 121 4 544 19 4 545 56 4 546 318 4 547 128 4 548 319 4 549 3 4 550 169 4 551 252 4 552 169 4 553 49 4 554 88 4 555 319 4 556 252 4 557 320 4 558 87 4 559 247 4 560 148 4 561 247 4 562 28 4 563 10 4 564 320 4 565 148 4 566 321 4 567 37 4 568 109 4 569 100 4 570 109 4 571 1 4 572 28 4 573 321 4 574 100 4 575 322 4 576 19 4 577 157 4 578 248 4 579 157 4 580 37 4 581 87 4 582 322 4 583 248 4 584 323 4 585 86 4 586 243 4 587 160 4 588 243 4 589 40 4 590 0 4 591 323 4 592 160 4 593 324 4 594 55 4 595 175 4 596 112 4 597 175 4 598 10 4 599 40 4 600 324 4 601 112 4 602 325 4 603 21 4 604 127 4 605 244 4 606 127 4 607 55 4 608 86 4 609 325 4 610 244 4 611 326 3 612 85 3 613 239 3 614 180 3 615 239 3 616 60 3 617 22 3 618 326 3 619 180 3 620 327 3 621 26 3 622 146 3 623 132 3 624 146 3 625 8 3 626 60 3 627 327 3 628 132 3 629 328 3 630 7 3 631 98 3 632 240 3 633 98 3 634 26 3 635 85 3 636 328 3 637 240 3 638 329 3 639 84 3 640 235 3 641 147 3 642 235 3 643 27 3 644 9 3 645 329 3 646 147 3 647 330 3 648 38 3 649 158 3 650 99 3 651 158 3 652 5 3 653 27 3 654 330 3 655 99 3 656 331 3 657 8 3 658 110 3 659 236 3 660 110 3 661 38 3 662 84 3 663 331 3 664 236 3 665 332 3 666 83 3 667 231 3 668 159 3 669 231 3 670 39 3 671 1 3 672 332 3 673 159 3 674 333 3 675 59 3 676 179 3 677 111 3 678 179 3 679 9 3 680 39 3 681 333 3 682 111 3 683 334 3 684 22 3 685 131 3 686 232 3 687 131 3 688 59 3 689 83 3 690 334 3 691 232 3 692 335 2 693 82 2 694 227 2 695 184 2 696 227 2 697 64 2 698 23 2 699 335 2 700 184 2 701 336 2 702 38 2 703 110 2 704 136 2 705 110 2 706 8 2 707 64 2 708 336 2 709 136 2 710 337 2 711 5 2 712 158 2 713 228 2 714 158 2 715 38 2 716 82 2 717 337 2 718 228 2 719 338 2 720 81 2 721 223 2 722 113 2 723 223 2 724 41 2 725 11 2 726 338 2 727 113 2 728 339 2 729 26 2 730 98 2 731 161 2 732 98 2 733 7 2 734 41 2 735 339 2 736 161 2 737 340 2 738 8 2 739 146 2 740 224 2 741 146 2 742 26 2 743 81 2 744 340 2 745 224 2 746 341 2 747 80 2 748 219 2 749 101 2 750 219 2 751 29 2 752 6 2 753 341 2 754 101 2 755 342 2 756 63 2 757 183 2 758 149 2 759 183 2 760 11 2 761 29 2 762 342 2 763 149 2 764 343 2 765 23 2 766 135 2 767 220 2 768 135 2 769 63 2 770 80 2 771 343 2 772 220 2 773 344 1 774 79 1 775 215 1 776 188 1 777 215 1 778 68 1 779 24 1 780 344 1 781 188 1 782 345 1 783 46 1 784 118 1 785 140 1 786 118 1 787 16 1 788 68 1 789 345 1 790 140 1 791 346 1 792 7 1 793 166 1 794 216 1 795 166 1 796 46 1 797 79 1 798 346 1 799 216 1 800 347 1 801 78 1 802 211 1 803 150 1 804 211 1 805 30 1 806 12 1 807 347 1 808 150 1 809 348 1 810 34 1 811 106 1 812 102 1 813 106 1 814 3 1 815 30 1 816 348 1 817 102 1 818 349 1 819 16 1 820 154 1 821 212 1 822 154 1 823 34 1 824 78 1 825 349 1 826 212 1 827 350 1 828 77 1 829 207 1 830 162 1 831 207 1 832 42 1 833 2 1 834 350 1 835 162 1 836 351 1 837 67 1 838 187 1 839 114 1 840 187 1 841 12 1 842 42 1 843 351 1 844 114 1 845 352 1 846 24 1 847 139 1 848 208 1 849 139 1 850 67 1 851 77 1 852 352 1 853 208 1 854 353 0 855 76 0 856 203 0 857 192 0 858 203 0 859 72 0 860 25 0 861 353 0 862 192 0 863 354 0 864 33 0 865 153 0 866 144 0 867 153 0 868 15 0 869 72 0 870 354 0 871 144 0 872 355 0 873 2 0 874 105 0 875 204 0 876 105 0 877 33 0 878 76 0 879 355 0 880 204 0 881 356 0 882 75 0 883 199 0 884 156 0 885 199 0 886 36 0 887 18 0 888 356 0 889 156 0 890 357 0 891 45 0 892 165 0 893 108 0 894 165 0 895 0 0 896 36 0 897 357 0 898 108 0 899 358 0 900 15 0 901 117 0 902 200 0 903 117 0 904 45 0 905 75 0 906 358 0 907 200 0 908 359 0 909 74 0 910 195 0 911 168 0 912 195 0 913 48 0 914 4 0 915 359 0 916 168 0 917 360 0 918 71 0 919 191 0 920 120 0 921 191 0 922 18 0 923 48 0 924 360 0 925 120 0 926 361 0 927 25 0 928 143 0 929 196 0 930 143 0 931 71 0 932 74 0 933 361 0 934 196 0 935 362 0 936 73 0 937 194 0 938 197 0 939 194 0 940 74 0 941 35 0 942 362 0 943 197 0 944 363 0 945 72 0 946 198 0 947 201 0 948 198 0 949 75 0 950 71 0 951 363 0 952 201 0 953 364 0 954 44 0 955 202 0 956 205 0 957 202 0 958 76 0 959 70 0 960 364 0 961 205 0 962 365 1 963 69 1 964 206 1 965 209 1 966 206 1 967 77 1 968 44 1 969 365 1 970 209 1 971 366 1 972 68 1 973 210 1 974 213 1 975 210 1 976 78 1 977 67 1 978 366 1 979 213 1 980 367 1 981 41 1 982 214 1 983 217 1 984 214 1 985 79 1 986 66 1 987 367 1 988 217 1 989 368 2 990 65 2 991 218 2 992 221 2 993 218 2 994 80 2 995 47 2 996 368 2 997 221 2 998 369 2 999 64 2 1000 222 2 1001 225 2 1002 222 2 1003 81 2 1004 63 2 1005 369 2 1006 225 2 1007 370 2 1008 31 2 1009 226 2 1010 229 2 1011 226 2 1012 82 2 1013 62 2 1014 370 2 1015 229 2 1016 371 3 1017 61 3 1018 230 3 1019 233 3 1020 230 3 1021 83 3 1022 37 3 1023 371 3 1024 233 3 1025 372 3 1026 60 3 1027 234 3 1028 237 3 1029 234 3 1030 84 3 1031 59 3 1032 372 3 1033 237 3 1034 373 3 1035 46 3 1036 238 3 1037 241 3 1038 238 3 1039 85 3 1040 58 3 1041 373 3 1042 241 3 1043 374 4 1044 57 4 1045 242 4 1046 245 4 1047 242 4 1048 86 4 1049 45 4 1050 374 4 1051 245 4 1052 375 4 1053 56 4 1054 246 4 1055 249 4 1056 246 4 1057 87 4 1058 55 4 1059 375 4 1060 249 4 1061 376 4 1062 30 4 1063 250 4 1064 253 4 1065 250 4 1066 88 4 1067 54 4 1068 376 4 1069 253 4 1070 377 5 1071 53 5 1072 254 5 1073 257 5 1074 254 5 1075 89 5 1076 48 5 1077 377 5 1078 257 5 1079 378 5 1080 52 5 1081 258 5 1082 261 5 1083 258 5 1084 90 5 1085 51 5 1086 378 5 1087 261 5 1088 379 5 1089 28 5 1090 262 5 1091 265 5 1092 262 5 1093 91 5 1094 50 5 1095 379 5 1096 265 5 1097 380 5 1098 40 5 1099 266 5 1100 269 5 1101 266 5 1102 92 5 1103 36 5 1104 380 5 1105 269 5 1106 381 4 1107 42 4 1108 270 4 1109 273 4 1110 270 4 1111 93 4 1112 33 4 1113 381 4 1114 273 4 1115 382 3 1116 34 3 1117 274 3 1118 277 3 1119 274 3 1120 94 3 1121 49 3 1122 382 3 1123 277 3 1124 383 2 1125 43 2 1126 278 2 1127 281 2 1128 278 2 1129 95 2 1130 35 2 1131 383 2 1132 281 2 1133 384 1 1134 29 1 1135 282 1 1136 285 1 1137 282 1 1138 96 1 1139 32 1 1140 384 1 1141 285 1 1142 385 0 1143 32 0 1144 286 0 1145 289 0 1146 286 0 1147 97 0 1148 47 0 1149 385 0 1150 289 0 1151 167 0 1152 6 0 1153 104 0 1154 104 1 1155 6 1 1156 101 1 1157 107 2 1158 4 2 1159 163 2 1160 169 3 1161 3 3 1162 106 3 1163 105 4 1164 2 4 1165 162 4 1166 108 5 1167 0 5 1168 160 5 1169 122 5 1170 10 5 1171 148 5 1172 123 5 1173 20 5 1174 172 5 1175 120 5 1176 18 5 1177 173 5 1178 126 4 1179 12 4 1180 150 4 1181 127 4 1182 21 4 1183 176 4 1184 117 4 1185 15 4 1186 177 4 1187 130 3 1188 16 3 1189 118 3 1190 131 3 1191 22 3 1192 180 3 1193 157 3 1194 19 3 1195 181 3 1196 134 2 1197 13 2 1198 151 2 1199 135 2 1200 23 2 1201 184 2 1202 119 2 1203 17 2 1204 185 2 1205 138 1 1206 11 1 1207 113 1 1208 139 1 1209 24 1 1210 188 1 1211 116 1 1212 14 1 1213 189 1 1214 142 0 1215 14 0 1216 116 0 1217 143 0 1218 25 0 1219 192 0 1220 155 0 1221 17 0 1222 193 0 1223 194 0 1224 73 0 1225 145 0 1226 195 0 1227 74 0 1228 196 0 1229 107 0 1230 35 0 1231 197 0 1232 198 0 1233 72 0 1234 144 0 1235 199 0 1236 75 0 1237 200 0 1238 191 0 1239 71 0 1240 201 0 1241 202 0 1242 44 0 1243 164 0 1244 203 0 1245 76 0 1246 204 0 1247 190 0 1248 70 0 1249 205 0 1250 206 1 1251 69 1 1252 141 1 1253 207 1 1254 77 1 1255 208 1 1256 164 1 1257 44 1 1258 209 1 1259 210 1 1260 68 1 1261 140 1 1262 211 1 1263 78 1 1264 212 1 1265 187 1 1266 67 1 1267 213 1 1268 214 1 1269 41 1 1270 161 1 1271 215 1 1272 79 1 1273 216 1 1274 186 1 1275 66 1 1276 217 1 1277 218 2 1278 65 2 1279 137 2 1280 219 2 1281 80 2 1282 220 2 1283 167 2 1284 47 2 1285 221 2 1286 222 2 1287 64 2 1288 136 2 1289 223 2 1290 81 2 1291 224 2 1292 183 2 1293 63 2 1294 225 2 1295 226 2 1296 31 2 1297 103 2 1298 227 2 1299 82 2 1300 228 2 1301 182 2 1302 62 2 1303 229 2 1304 230 3 1305 61 3 1306 133 3 1307 231 3 1308 83 3 1309 232 3 1310 109 3 1311 37 3 1312 233 3 1313 234 3 1314 60 3 1315 132 3 1316 235 3 1317 84 3 1318 236 3 1319 179 3 1320 59 3 1321 237 3 1322 238 3 1323 46 3 1324 166 3 1325 239 3 1326 85 3 1327 240 3 1328 178 3 1329 58 3 1330 241 3 1331 242 4 1332 57 4 1333 129 4 1334 243 4 1335 86 4 1336 244 4 1337 165 4 1338 45 4 1339 245 4 1340 246 4 1341 56 4 1342 128 4 1343 247 4 1344 87 4 1345 248 4 1346 175 4 1347 55 4 1348 249 4 1349 250 4 1350 30 4 1351 102 4 1352 251 4 1353 88 4 1354 252 4 1355 174 4 1356 54 4 1357 253 4 1358 254 5 1359 53 5 1360 125 5 1361 255 5 1362 89 5 1363 256 5 1364 168 5 1365 48 5 1366 257 5 1367 258 5 1368 52 5 1369 124 5 1370 259 5 1371 90 5 1372 260 5 1373 171 5 1374 51 5 1375 261 5 1376 262 5 1377 28 5 1378 100 5 1379 263 5 1380 91 5 1381 264 5 1382 170 5 1383 50 5 1384 265 5 1385 266 5 1386 40 5 1387 112 5 1388 267 5 1389 92 5 1390 268 5 1391 156 5 1392 36 5 1393 269 5 1394 270 4 1395 42 4 1396 114 4 1397 271 4 1398 93 4 1399 272 4 1400 153 4 1401 33 4 1402 273 4 1403 274 3 1404 34 3 1405 154 3 1406 275 3 1407 94 3 1408 276 3 1409 121 3 1410 49 3 1411 277 3 1412 278 2 1413 43 2 1414 115 2 1415 279 2 1416 95 2 1417 280 2 1418 155 2 1419 35 2 1420 281 2 1421 282 1 1422 29 1 1423 149 1 1424 283 1 1425 96 1 1426 284 1 1427 152 1 1428 32 1 1429 285 1 1430 286 0 1431 32 0 1432 152 0 1433 287 0 1434 97 0 1435 288 0 1436 119 0 1437 47 0 1438 289 0 1439 290 0 1440 289 0 1441 97 0 1442 193 0 1443 290 0 1444 287 0 1445 17 0 1446 119 0 1447 290 0 1448 291 0 1449 288 0 1450 70 0 1451 145 0 1452 291 0 1453 190 0 1454 73 0 1455 287 0 1456 291 0 1457 292 0 1458 152 0 1459 14 0 1460 288 0 1461 292 0 1462 142 0 1463 97 0 1464 286 0 1465 292 0 1466 293 1 1467 285 1 1468 96 1 1469 189 1 1470 293 1 1471 283 1 1472 14 1 1473 152 1 1474 293 1 1475 294 1 1476 284 1 1477 66 1 1478 141 1 1479 294 1 1480 186 1 1481 69 1 1482 283 1 1483 294 1 1484 295 1 1485 149 1 1486 11 1 1487 284 1 1488 295 1 1489 138 1 1490 96 1 1491 282 1 1492 295 1 1493 296 2 1494 281 2 1495 95 2 1496 185 2 1497 296 2 1498 279 2 1499 17 2 1500 155 2 1501 296 2 1502 297 2 1503 280 2 1504 62 2 1505 137 2 1506 297 2 1507 182 2 1508 65 2 1509 279 2 1510 297 2 1511 298 2 1512 115 2 1513 13 2 1514 280 2 1515 298 2 1516 134 2 1517 95 2 1518 278 2 1519 298 2 1520 299 3 1521 277 3 1522 94 3 1523 181 3 1524 299 3 1525 275 3 1526 19 3 1527 121 3 1528 299 3 1529 300 3 1530 276 3 1531 58 3 1532 133 3 1533 300 3 1534 178 3 1535 61 3 1536 275 3 1537 300 3 1538 301 3 1539 154 3 1540 16 3 1541 276 3 1542 301 3 1543 130 3 1544 94 3 1545 274 3 1546 301 3 1547 302 4 1548 273 4 1549 93 4 1550 177 4 1551 302 4 1552 271 4 1553 15 4 1554 153 4 1555 302 4 1556 303 4 1557 272 4 1558 54 4 1559 129 4 1560 303 4 1561 174 4 1562 57 4 1563 271 4 1564 303 4 1565 304 4 1566 114 4 1567 12 4 1568 272 4 1569 304 4 1570 126 4 1571 93 4 1572 270 4 1573 304 4 1574 305 5 1575 269 5 1576 92 5 1577 173 5 1578 305 5 1579 267 5 1580 18 5 1581 156 5 1582 305 5 1583 306 5 1584 268 5 1585 50 5 1586 125 5 1587 306 5 1588 170 5 1589 53 5 1590 267 5 1591 306 5 1592 307 5 1593 112 5 1594 10 5 1595 268 5 1596 307 5 1597 122 5 1598 92 5 1599 266 5 1600 307 5 1601 308 5 1602 265 5 1603 91 5 1604 172 5 1605 308 5 1606 263 5 1607 20 5 1608 170 5 1609 308 5 1610 309 5 1611 264 5 1612 39 5 1613 124 5 1614 309 5 1615 111 5 1616 52 5 1617 263 5 1618 309 5 1619 310 5 1620 100 5 1621 1 5 1622 264 5 1623 310 5 1624 159 5 1625 91 5 1626 262 5 1627 310 5 1628 311 5 1629 261 5 1630 90 5 1631 151 5 1632 311 5 1633 259 5 1634 13 5 1635 171 5 1636 311 5 1637 312 5 1638 260 5 1639 27 5 1640 103 5 1641 312 5 1642 99 5 1643 31 5 1644 259 5 1645 312 5 1646 313 5 1647 124 5 1648 9 5 1649 260 5 1650 313 5 1651 147 5 1652 90 5 1653 258 5 1654 313 5 1655 314 5 1656 257 5 1657 89 5 1658 163 5 1659 314 5 1660 255 5 1661 4 5 1662 168 5 1663 314 5 1664 315 5 1665 256 5 1666 51 5 1667 115 5 1668 315 5 1669 171 5 1670 43 5 1671 255 5 1672 315 5 1673 316 5 1674 125 5 1675 20 5 1676 256 5 1677 316 5 1678 123 5 1679 89 5 1680 254 5 1681 316 5 1682 317 4 1683 253 4 1684 88 4 1685 176 4 1686 317 4 1687 251 4 1688 21 4 1689 174 4 1690 317 4 1691 318 4 1692 252 4 1693 49 4 1694 128 4 1695 318 4 1696 121 4 1697 56 4 1698 251 4 1699 318 4 1700 319 4 1701 102 4 1702 3 4 1703 252 4 1704 319 4 1705 169 4 1706 88 4 1707 250 4 1708 319 4 1709 320 4 1710 249 4 1711 87 4 1712 148 4 1713 320 4 1714 247 4 1715 10 4 1716 175 4 1717 320 4 1718 321 4 1719 248 4 1720 37 4 1721 100 4 1722 321 4 1723 109 4 1724 28 4 1725 247 4 1726 321 4 1727 322 4 1728 128 4 1729 19 4 1730 248 4 1731 322 4 1732 157 4 1733 87 4 1734 246 4 1735 322 4 1736 323 4 1737 245 4 1738 86 4 1739 160 4 1740 323 4 1741 243 4 1742 0 4 1743 165 4 1744 323 4 1745 324 4 1746 244 4 1747 55 4 1748 112 4 1749 324 4 1750 175 4 1751 40 4 1752 243 4 1753 324 4 1754 325 4 1755 129 4 1756 21 4 1757 244 4 1758 325 4 1759 127 4 1760 86 4 1761 242 4 1762 325 4 1763 326 3 1764 241 3 1765 85 3 1766 180 3 1767 326 3 1768 239 3 1769 22 3 1770 178 3 1771 326 3 1772 327 3 1773 240 3 1774 26 3 1775 132 3 1776 327 3 1777 146 3 1778 60 3 1779 239 3 1780 327 3 1781 328 3 1782 166 3 1783 7 3 1784 240 3 1785 328 3 1786 98 3 1787 85 3 1788 238 3 1789 328 3 1790 329 3 1791 237 3 1792 84 3 1793 147 3 1794 329 3 1795 235 3 1796 9 3 1797 179 3 1798 329 3 1799 330 3 1800 236 3 1801 38 3 1802 99 3 1803 330 3 1804 158 3 1805 27 3 1806 235 3 1807 330 3 1808 331 3 1809 132 3 1810 8 3 1811 236 3 1812 331 3 1813 110 3 1814 84 3 1815 234 3 1816 331 3 1817 332 3 1818 233 3 1819 83 3 1820 159 3 1821 332 3 1822 231 3 1823 1 3 1824 109 3 1825 332 3 1826 333 3 1827 232 3 1828 59 3 1829 111 3 1830 333 3 1831 179 3 1832 39 3 1833 231 3 1834 333 3 1835 334 3 1836 133 3 1837 22 3 1838 232 3 1839 334 3 1840 131 3 1841 83 3 1842 230 3 1843 334 3 1844 335 2 1845 229 2 1846 82 2 1847 184 2 1848 335 2 1849 227 2 1850 23 2 1851 182 2 1852 335 2 1853 336 2 1854 228 2 1855 38 2 1856 136 2 1857 336 2 1858 110 2 1859 64 2 1860 227 2 1861 336 2 1862 337 2 1863 103 2 1864 5 2 1865 228 2 1866 337 2 1867 158 2 1868 82 2 1869 226 2 1870 337 2 1871 338 2 1872 225 2 1873 81 2 1874 113 2 1875 338 2 1876 223 2 1877 11 2 1878 183 2 1879 338 2 1880 339 2 1881 224 2 1882 26 2 1883 161 2 1884 339 2 1885 98 2 1886 41 2 1887 223 2 1888 339 2 1889 340 2 1890 136 2 1891 8 2 1892 224 2 1893 340 2 1894 146 2 1895 81 2 1896 222 2 1897 340 2 1898 341 2 1899 221 2 1900 80 2 1901 101 2 1902 341 2 1903 219 2 1904 6 2 1905 167 2 1906 341 2 1907 342 2 1908 220 2 1909 63 2 1910 149 2 1911 342 2 1912 183 2 1913 29 2 1914 219 2 1915 342 2 1916 343 2 1917 137 2 1918 23 2 1919 220 2 1920 343 2 1921 135 2 1922 80 2 1923 218 2 1924 343 2 1925 344 1 1926 217 1 1927 79 1 1928 188 1 1929 344 1 1930 215 1 1931 24 1 1932 186 1 1933 344 1 1934 345 1 1935 216 1 1936 46 1 1937 140 1 1938 345 1 1939 118 1 1940 68 1 1941 215 1 1942 345 1 1943 346 1 1944 161 1 1945 7 1 1946 216 1 1947 346 1 1948 166 1 1949 79 1 1950 214 1 1951 346 1 1952 347 1 1953 213 1 1954 78 1 1955 150 1 1956 347 1 1957 211 1 1958 12 1 1959 187 1 1960 347 1 1961 348 1 1962 212 1 1963 34 1 1964 102 1 1965 348 1 1966 106 1 1967 30 1 1968 211 1 1969 348 1 1970 349 1 1971 140 1 1972 16 1 1973 212 1 1974 349 1 1975 154 1 1976 78 1 1977 210 1 1978 349 1 1979 350 1 1980 209 1 1981 77 1 1982 162 1 1983 350 1 1984 207 1 1985 2 1 1986 164 1 1987 350 1 1988 351 1 1989 208 1 1990 67 1 1991 114 1 1992 351 1 1993 187 1 1994 42 1 1995 207 1 1996 351 1 1997 352 1 1998 141 1 1999 24 1 2000 208 1 2001 352 1 2002 139 1 2003 77 1 2004 206 1 2005 352 1 2006 353 0 2007 205 0 2008 76 0 2009 192 0 2010 353 0 2011 203 0 2012 25 0 2013 190 0 2014 353 0 2015 354 0 2016 204 0 2017 33 0 2018 144 0 2019 354 0 2020 153 0 2021 72 0 2022 203 0 2023 354 0 2024 355 0 2025 164 0 2026 2 0 2027 204 0 2028 355 0 2029 105 0 2030 76 0 2031 202 0 2032 355 0 2033 356 0 2034 201 0 2035 75 0 2036 156 0 2037 356 0 2038 199 0 2039 18 0 2040 191 0 2041 356 0 2042 357 0 2043 200 0 2044 45 0 2045 108 0 2046 357 0 2047 165 0 2048 36 0 2049 199 0 2050 357 0 2051 358 0 2052 144 0 2053 15 0 2054 200 0 2055 358 0 2056 117 0 2057 75 0 2058 198 0 2059 358 0 2060 359 0 2061 197 0 2062 74 0 2063 168 0 2064 359 0 2065 195 0 2066 4 0 2067 107 0 2068 359 0 2069 360 0 2070 196 0 2071 71 0 2072 120 0 2073 360 0 2074 191 0 2075 48 0 2076 195 0 2077 360 0 2078 361 0 2079 145 0 2080 25 0 2081 196 0 2082 361 0 2083 143 0 2084 74 0 2085 194 0 2086 361 0 2087 362 0 2088 193 0 2089 73 0 2090 197 0 2091 362 0 2092 194 0 2093 35 0 2094 155 0 2095 362 0 2096 363 0 2097 192 0 2098 72 0 2099 201 0 2100 363 0 2101 198 0 2102 71 0 2103 143 0 2104 363 0 2105 364 0 2106 116 0 2107 44 0 2108 205 0 2109 364 0 2110 202 0 2111 70 0 2112 142 0 2113 364 0 2114 365 1 2115 189 1 2116 69 1 2117 209 1 2118 365 1 2119 206 1 2120 44 1 2121 116 1 2122 365 1 2123 366 1 2124 188 1 2125 68 1 2126 213 1 2127 366 1 2128 210 1 2129 67 1 2130 139 1 2131 366 1 2132 367 1 2133 113 1 2134 41 1 2135 217 1 2136 367 1 2137 214 1 2138 66 1 2139 138 1 2140 367 1 2141 368 2 2142 185 2 2143 65 2 2144 221 2 2145 368 2 2146 218 2 2147 47 2 2148 119 2 2149 368 2 2150 369 2 2151 184 2 2152 64 2 2153 225 2 2154 369 2 2155 222 2 2156 63 2 2157 135 2 2158 369 2 2159 370 2 2160 151 2 2161 31 2 2162 229 2 2163 370 2 2164 226 2 2165 62 2 2166 134 2 2167 370 2 2168 371 3 2169 181 3 2170 61 3 2171 233 3 2172 371 3 2173 230 3 2174 37 3 2175 157 3 2176 371 3 2177 372 3 2178 180 3 2179 60 3 2180 237 3 2181 372 3 2182 234 3 2183 59 3 2184 131 3 2185 372 3 2186 373 3 2187 118 3 2188 46 3 2189 241 3 2190 373 3 2191 238 3 2192 58 3 2193 130 3 2194 373 3 2195 374 4 2196 177 4 2197 57 4 2198 245 4 2199 374 4 2200 242 4 2201 45 4 2202 117 4 2203 374 4 2204 375 4 2205 176 4 2206 56 4 2207 249 4 2208 375 4 2209 246 4 2210 55 4 2211 127 4 2212 375 4 2213 376 4 2214 150 4 2215 30 4 2216 253 4 2217 376 4 2218 250 4 2219 54 4 2220 126 4 2221 376 4 2222 377 5 2223 173 5 2224 53 5 2225 257 5 2226 377 5 2227 254 5 2228 48 5 2229 120 5 2230 377 5 2231 378 5 2232 172 5 2233 52 5 2234 261 5 2235 378 5 2236 258 5 2237 51 5 2238 123 5 2239 378 5 2240 379 5 2241 148 5 2242 28 5 2243 265 5 2244 379 5 2245 262 5 2246 50 5 2247 122 5 2248 379 5 2249 380 5 2250 160 5 2251 40 5 2252 269 5 2253 380 5 2254 266 5 2255 36 5 2256 108 5 2257 380 5 2258 381 4 2259 162 4 2260 42 4 2261 273 4 2262 381 4 2263 270 4 2264 33 4 2265 105 4 2266 381 4 2267 382 3 2268 106 3 2269 34 3 2270 277 3 2271 382 3 2272 274 3 2273 49 3 2274 169 3 2275 382 3 2276 383 2 2277 163 2 2278 43 2 2279 281 2 2280 383 2 2281 278 2 2282 35 2 2283 107 2 2284 383 2 2285 384 1 2286 101 1 2287 29 1 2288 285 1 2289 384 1 2290 282 1 2291 32 1 2292 104 1 2293 384 1 2294 385 0 2295 104 0 2296 32 0 2297 289 0 2298 385 0 2299 286 0 2300 47 0 2301 167 0 2302 385 0 2303</p>
        </triangles>
      </mesh>
    </geometry>
  </library_geometries>
  <library_controllers>
    <controller id="Armature_Cube-skin" name="Armature">
      <skin source="#Cube-mesh">
        <bind_shape_matrix>1 0 0 0 0 1 0 0 0 0 1 0 0 0 0 1</bind_shape_matrix>
        <source id="Armature_Cube-skin-joints">
          <Name_array id="Armature_Cube-skin-joints-array" count="10">center top_center top_center_west top_center_east top_center_south top_center_north top_center_nw top_center_ne top_center_se top_center_sw</Name_array>
          <technique_common>
            <accessor source="#Armature_Cube-skin-joints-array" count="10" stride="1">
              <param name="JOINT" type="name"/>
            </accessor>
          </technique_common>
        </source>
        <source id="Armature_Cube-skin-bind_poses">
          <float_array id="Armature_Cube-skin-bind_poses-array" count="160">1 0 0 0 0 0 1 -3.99778 0 -1 0 0 0 0 0 1 1 0 0 0 0 0 1 -7.05164 0 -1 0 0 0 0 0 1 1 2.73503e-7 3.90603e-7 -2.03914e-6 0 -0.8191521 0.5735763 -6.900253 4.76838e-7 -0.5735763 -0.8191521 4.276372 0 0 0 1 1 0 0 0 0 0.8191518 0.5735767 -6.972498 0 -0.5735768 0.8191518 -4.265655 0 0 0 1 0.6427879 4.60735e-7 -0.7660443 3.567094 0.7660443 0 0.6427878 -7.225822 2.96155e-7 -1 -3.52944e-7 1.66323e-6 0 0 0 1 0.5735762 -4.93166e-7 0.8191522 -4.249619 -0.8191522 0 0.573576 -6.881516 -2.82868e-7 -1 -4.03978e-7 2.11771e-6 0 0 0 1 0.7264571 0.0304526 0.6865369 -2.429754 -0.5868241 -0.4924035 0.6427879 -8.505276 0.3576277 -0.8698341 -0.3398396 0.6406012 0 0 0 1 0.7763089 0.4797071 0.4089323 -2.11574 -0.627507 0.526541 0.5735763 -8.199095 0.05982893 -0.7018801 0.709778 -2.643772 0 0 0 1 0.7264568 0.03045356 -0.686537 2.418296 0.5868239 0.4924036 0.6427879 -8.517417 0.3576285 -0.8698341 0.339839 -0.6642826 0 0 0 1 0.7459543 -0.04273259 -0.6646249 2.084511 0.5416755 -0.5416755 0.6427873 -8.521623 -0.3874789 -0.839501 -0.380918 1.22132 0 0 0 1</float_array>
          <technique_common>
            <accessor source="#Armature_Cube-skin-bind_poses-array" count="10" stride="16">
              <param name="TRANSFORM" type="float4x4"/>
            </accessor>
          </technique_common>
        </source>
        <source id="Armature_Cube-skin-weights">
          <float_array id="Armature_Cube-skin-weights-array" count="1337">0.4999271 0.5000729 0.9193133 0.08068662 1 0.9188492 0.08115077 0.499951 0.500049 0.9192523 0.08074766 0.5020227 0.4979773 0.9189352 0.08106476 0.9580251 0.00898379 0.01649051 0.01650047 0.9667439 1.42916e-4 0.01671761 0.01639556 0.5660749 0.03441011 0.04541647 0.3540985 0.5583353 0.04551368 0.04300403 0.353147 0.556468 0.04588383 0.04369324 0.3539549 0.5686777 0.03377616 0.04380679 0.3537393 0.4998605 0.5001395 0.3936362 0.05943733 0.5469264 0.957239 0.01065242 0.01605868 0.01604992 0.001789271 0.3695042 0.05628156 0.05768436 0.5147405 0.3982567 0.04512035 0.04340869 0.5132141 0.9572975 0.01024073 0.01602256 0.01643919 0.6585923 0.1658689 0.08821833 0.08732038 0.6186121 0.2084643 0.08608049 0.08684307 1 0.6207591 0.2040414 0.08748769 0.08771175 0.6199073 0.2085732 0.08589446 0.08562505 0.5 0.5 0.9370812 0.003362536 0.05955618 0.9404304 0.05956947 0.8304872 0.006638109 0.0158267 0.1470479 0.10839 0.01429778 0.01337206 0.6790862 0.1848539 0.821702 0.01624739 0.01514291 0.1469076 0.8320414 0.006237149 0.01443159 0.1472898 0.2852953 0.6697899 0.04491478 0.002454221 0.2593442 0.7382016 0.9356461 0.004934847 0.05941909 0.2013872 0.5907872 0.2078256 0.2652128 0.6598802 0.074907 0.936231 0.004560708 0.05920833 0.9372039 0.00336045 0.0594356 0.940569 0.05943107 0.1264542 0.01170384 0.01679772 0.7746451 0.07039898 0.8229678 0.01606392 0.01424449 0.1467237 0.1304609 0.01801246 0.01487153 0.836655 0.1349932 0.01290559 0.01878196 0.7856315 0.04768747 0.3100865 0.6899135 5.26468e-4 0.2309911 0.6364364 0.132046 0.9357683 0.004857122 0.05937457 2.49968e-5 0.002215683 0.2292263 0.6295211 0.1390118 0.2479152 0.6926596 0.05942505 0.9360657 0.004363 0.05957138 0.6338168 0.1137432 0.01071721 0.2417227 0.6344209 0.1127014 0.2429752 0.009902477 0.8317137 0.05866146 0.05497968 0.054645 0.1759545 0.5375033 0.08273589 0.08107775 0.1227285 0.6179273 0.1301072 0.009001255 0.2429643 0.6191158 0.1306329 0.2406019 0.009649217 0.8206114 0.07049524 0.05424493 0.05464851 0.1605182 0.6510402 0.08656108 0.1018806 1 1 1 1 0.6204206 0.127514 0.01052618 0.2415394 0.6191108 0.1279824 0.2421221 0.01078456 0.8214094 0.0690639 0.05475342 0.05477327 0.1573574 0.6021719 0.08628362 0.08710467 0.06708234 0.619255 0.1314352 0.2416846 0.007625222 0.6186921 0.1319673 0.007849872 0.2414907 0.8207273 0.07084274 0.05424177 0.05418807 0.1474881 0.577282 0.07540231 0.1998274 0.154581 0.5184863 0.01214575 0.01293915 0.02692472 0.2749229 0.1929214 0.5990775 0.01787459 0.01759451 0.04504853 0.04111152 0.08637189 0.1823165 0.01974213 0.01720547 0.5727893 0.04357486 0.1643716 0.1728224 0.0169304 0.01347237 0.5677764 0.03740227 0.04136687 0.1502292 0.09906893 0.2186451 0.2195459 0.46274 0.1026396 0.2290455 0.2246426 0.4436722 0.1005207 0.2380107 0.2225462 0.4389222 0.1922108 0.2618383 0.5459508 0.8308178 0.05903214 0.11015 0.8310265 0.05889666 0.1100767 0.1917329 0.2474133 0.5428063 0.01804745 0.8317216 0.05744642 0.1104279 4.04028e-4 0.8322404 0.05732858 3.27749e-4 0.1101033 0.9847969 0.01520311 0.984563 0.01543694 0.9846458 0.01535415 0.1930421 0.2552182 0.546431 0.005308628 0.8316373 0.05860298 0.1097555 4.22467e-6 0.8309549 0.05844038 0.1106047 0.2026857 0.2361226 0.5611917 0.8421024 0.04695594 0.1108765 6.51257e-5 0.841525 0.04745256 5.02295e-4 0.1105201 0.204618 0.2432385 0.5521435 0.1913042 0.2535793 0.5551165 0.9846053 0.01539468 0.193856 0.2461521 0.5504429 0.009549021 0.1917207 0.2584748 0.5498045 0.09925043 0.2352699 0.2258368 0.4396429 0.9278287 0.07217127 0.928084 0.07191592 0.8936856 0.002877056 0.1034373 0.4928462 0.5071538 0.8904087 0.003271996 0.002458274 0.103861 0.8946725 0.001701891 0.1036255 0.02613675 0.4712169 0.5026463 0.04895836 0.9510416 0.9277877 0.07221227 0.02205228 0.4704561 0.5074915 0.02550357 0.4698472 0.5046492 0.9281568 0.07184314 0.9530512 0.007430791 0.03951805 0.9604918 0.03950816 0.3283653 0.03582757 0.04523617 0.5905708 0.7169498 0.03172981 0.02952927 0.221791 0.3201312 0.04556584 0.0427134 0.5915895 0.3321874 0.03546553 0.04441201 0.587935 0.4256779 0.5743222 0.004835784 0.3037288 0.1616132 0.5298221 0.9517651 0.009043335 0.03919148 0.006354868 0.2963533 0.1583677 0.0205729 0.5183512 0.3544824 0.1264871 0.002135336 0.5168951 0.9518384 0.008594453 0.03956711 0.5927048 0.07343333 0.00515443 0.3287075 0.6488926 0.1497364 0.1504421 0.05092871 0.9011881 0.02645385 0.03640562 0.03595238 0.4849603 0.3098917 0.1032947 0.1018533 0.5818727 0.00561589 0.08230239 0.330209 0.6231924 0.178486 0.1480269 0.05029451 0.8876554 0.0413227 0.03521788 0.03580409 0.3869842 0.4135332 0.09926819 0.1002144 1 1 1 1 0.5895217 0.08168762 0.3287907 0.6243363 0.174751 0.1495249 0.05138772 0.8886731 0.0394836 0.03591811 0.03592509 0.3910796 0.4045805 0.1019126 0.1024273 0.583674 0.08355063 0.003752171 0.3290231 0.6241105 0.179501 0.04839575 0.1479926 0.8876867 0.0418663 0.03524309 0.03520387 0.3908776 0.4117953 0.09891366 0.09841334 0.4844073 0.5155927 0.3235204 0.1036332 0.02393227 0.02428954 0.005150496 0.003993451 0.5154804 0.001487612 0.4746832 0.0074597 0.5163694 0.32224 0.02564215 0.0233435 0.1050693 0.003401994 0.00513035 0.5151726 0.9529931 0.007438898 0.039568 0.9601711 0.03982901 0.7250264 0.02105158 0.03154325 0.2223786 0.3224896 0.04515236 0.04279589 0.5895621 0.7154031 0.0319972 0.03043895 0.2221607 0.7270119 0.02051568 0.02993762 0.2225346 0.3785724 0.1087194 0.5127082 0.005051255 0.353722 0.02243053 0.6187961 0.9516913 0.00908935 0.03921937 0.006076931 0.2942343 0.01926249 0.1622646 0.5181617 0.3549934 0.003404319 0.1207407 0.5208616 0.9522457 0.008699774 0.03905445 0.9280459 0.07195407 0.9281903 0.07180964 0.4964708 0.5035293 0.8914313 0.003149509 0.001647531 0.1037716 1 0.001798152 0.485404 0.512798 0.06155544 0.9384445 0.02650773 0.4689824 0.5045098 0.9278701 0.0721299 0.02703005 0.4661049 0.506865 0.01339173 0.4788236 0.5077846 0.9277282 0.07227182 0.6488299 0.150402 0.05153983 0.149228 0.5942117 0.0727058 0.004216551 0.3288659 0.7655381 0.09501469 0.06999289 0.06945425 0.022435 0.4167763 0.0294528 0.02856707 0.5027688 0.6228709 0.1782865 0.04939693 0.1494456 0.5876625 0.08344417 0.3288933 0.7459308 0.1159453 0.06878131 0.06934243 0.01173365 0.4394434 0.0283913 0.5204316 1 1 1 1 0.6248122 0.1744136 0.05117207 0.1496021 0.5838004 0.005481958 0.08144545 0.329272 0.7471883 0.1135399 0.06959694 0.06967478 0.01676279 0.4158825 0.03106546 0.03161674 0.5046724 0.6243943 0.1792041 0.1483564 0.04804503 0.5824299 0.08394575 0.004115819 0.3295084 0.7463626 0.1163251 0.0687195 0.06859272 0.01377987 0.4503406 0.01905089 0.5168285 0.3238987 0.1081732 0.0234673 0.02424848 0.002274513 0.5179377 0.4974868 0.5025131 0.3242169 0.02602893 0.0242663 0.1037521 0.004640638 0.517095 0.4736843 0.001767575 0.002727031 0.521821 0.1747986 0.1020796 0.5141238 0.1724126 0.03658527 0.01767605 0.2544537 0.06575965 0.6330695 0.02904087 0.1794585 0.5110995 0.1048006 0.172655 0.03198635 0.02081179 0.06919902 0.2585182 0.6421983 0.009272634 0.1667693 0.09925395 0.4762823 0.1569083 0.1007859 0.0235266 0.2759518 0.07330673 0.6115693 0.01564556 0.02641683 0.07672768 0.2656944 0.6176469 0.01351398 0.1709007 0.4869386 0.10007 0.1563834 0.08570718 0.02209299 0.294305 0.07422226 0.6093797 0.1835428 0.1142075 0.525989 0.1762607 0.02523845 0.0811333 0.2662937 0.6273344 0.1660298 0.5046676 0.09792047 0.2313821 0.1827203 0.5250828 0.02645057 0.2657464 0.1463876 0.09508806 0.7585243 0.4309074 0.196122 0.00393331 0.3690371 0.06591171 0.2875701 0.6465181 0.8294716 0.06792223 0.02303123 0.07957476 0.8227719 0.04083454 0.1363935 0.8909725 0.02951216 0.07951533 0.747578 0.08733075 0.00485289 0.1602383 0.8232345 0.04057258 0.1361929 0.8296314 0.06784617 0.0796011 0.02292126 0.8911696 0.02937233 0.07945793 0.7480003 0.08707761 0.1602163 0.004705727 0.1834044 0.5090617 0.2290223 0.03806644 0.04044508 0.1104166 0.06821662 0.5609479 0.2604188 0.4316052 0.1893745 0.3702518 0.008768498 0.05620771 0.2156741 0.5360313 0.1920869 0.8296563 0.06612664 0.07999271 0.02422434 0.8251042 0.0382688 0.1366269 0.8928934 0.02732825 0.07977837 0.7479009 0.08485114 0.1605813 0.006666779 0.8258419 0.0381872 0.1359708 0.8299179 0.06605345 0.02412885 0.07989966 0.8931533 0.02727389 0.07957273 0.7487613 0.08462595 0.006520628 0.160092 1 0.9630422 0.0369578 1 0.9630796 0.0369203 1 0.962792 0.03720796 0.9628033 0.03719663 1 0.9628673 0.03713268 1 0.9627748 0.03722524 1 0.1839628 0.5319109 0.2293648 0.05476135 0.1124057 0.07031983 0.5659178 0.2513567 0.4314448 0.1933612 0.3681696 0.007024407 0.05421984 0.2149903 0.5257755 0.2050144 0.8292732 0.06749552 0.07941395 0.02381724 0.8242395 0.04011267 0.1356478 0.8917861 0.02897393 0.0792399 0.7478753 0.08657991 0.1595618 0.005982875 0.8235907 0.03962117 0.136788 0.8292737 0.06743329 0.02324599 0.08004701 0.8914867 0.02871358 0.07979965 0.7472244 0.08632642 0.005443274 0.1610058 0.1923213 0.4656481 0.2209932 0.03325313 0.08778411 0.1374731 0.07538515 0.6731241 0.1140175 0.4488741 0.170885 0.3731231 0.007117807 0.06319624 0.2376984 0.6373485 0.06175678 0.839261 0.05662858 0.0802232 0.02388709 0.8357675 0.02695965 0.1372728 0.9031782 0.01655721 0.0802645 0.7591294 0.07385855 0.1608676 0.006144404 0.8353959 0.02748388 0.1371203 0.8389507 0.05677217 0.02443927 0.07983779 0.9030894 0.01684927 0.08006143 0.7586253 0.07434815 0.006738841 0.1602876 0.152262 0.08674263 0.7539963 0.006999015 0.1942626 0.4717131 0.03536856 0.2182609 0.08039474 0.4485576 0.1733635 0.008231341 0.3698475 0.06522226 0.2485891 0.6091316 0.07705682 0.145828 0.09078431 0.7633877 0.1867868 0.541783 0.03374916 0.2376809 0.4295405 0.1921713 0.006260573 0.3720275 0.06601166 0.2656533 0.6683351 0.9628021 0.03719788 1 1 0.9627003 0.03729975 0.1313056 0.07907193 0.6440371 0.1455852 0.189271 0.5231764 0.03820365 0.2380647 0.01128411 0.4331856 0.1882644 0.008329808 0.37022 0.05024892 0.1890605 0.4914731 0.2692174 0.1376019 0.08700448 0.7106719 0.0647217 0.1902007 0.5456461 0.2325729 0.03158032 0.4314355 0.194885 0.3700677 0.003611743 0.05917149 0.2576353 0.6049793 0.07821375 0.02000254 0.2838058 0.07319051 0.6096783 0.01332288 0.1711824 0.1065474 0.5062096 0.1612184 0.05484205 0.1653671 0.5031844 0.09930181 0.1511915 0.08095508 0.02341681 0.07868009 0.2675833 0.6132857 0.01703411 0.02656275 0.01708072 0.4351962 0.127175 0.3939852 0.2452746 0.1041911 0.1013513 0.04394817 0.5052348 0.02185529 0.4339146 0.01203846 0.10716 0.4250317 0.03470098 0.4004881 0.128019 0.4367918 0.4383594 0.3131228 0.1981165 0.05040127 0.3527794 0.09987407 0.5473465 0.03465765 0.3476207 0.007857918 0.1338766 0.475987 0.4397684 0.3049904 0.05373269 0.2015084 0.3576859 0.09759056 0.5447236 0.9833854 0.01661461 1 0.9835655 0.01643455 0.03558498 0.3894493 0.005458235 0.5695074 0.4361276 0.311697 0.05205833 0.2001169 0.3511428 0.09809601 0.5507611 0.03468644 0.3370836 0.00339359 0.1158054 0.5090308 0.4758152 0.2697124 0.05412352 0.2003489 0.3624005 0.09010428 0.5474951 0.7636013 0.08941245 0.03859817 0.1083881 0.9036024 0.02401763 0.01144522 0.06093454 0.8969777 0.006570696 0.09645146 0.7387576 0.05432295 5.35597e-4 0.2063838 0.8971623 0.006244122 0.09659355 0.9039084 0.02385306 0.06118655 0.01105195 0.004053533 0.01937615 0.4671647 0.5094056 0.3643256 0.08880406 0.5468703 0.4756755 0.2682647 0.2027986 0.05326122 0.7481042 0.1064354 0.03679877 0.1086615 0.8908774 0.03791129 0.01055145 0.06065976 0.8875724 0.01612788 0.0962997 0.7316405 0.06287312 0.2054863 0.8879174 0.01648139 0.09560108 0.8907439 0.03803479 0.0602259 0.01099538 0.006763279 0.02767866 0.459218 0.50634 0.3549184 0.09957641 0.5455051 0.4369838 0.312255 0.1981837 0.05257743 1 0.9834111 0.01658886 0.942706 0.05729401 0.9833573 0.01664268 0.9428232 0.05717676 0.9833982 0.0166018 0.9429381 0.05706185 0.9836038 0.01639622 1 0.7491578 0.1041859 0.0381211 0.1085351 0.8920332 0.03619307 0.01117581 0.06059795 0.8891207 0.01502805 0.09585118 0.730095 0.001842558 0.06159681 0.2064655 0.8887376 0.01504552 0.09621697 0.8918719 0.03623527 0.06067037 0.0112223 0.007270038 0.02786606 0.4595738 0.50529 0.3535969 0.09764808 0.5487549 0.4392743 0.3057475 0.2008776 0.05410051 0.7488711 0.1070222 0.1079685 0.03613811 0.8907541 0.03850185 0.06035321 0.01039081 0.887205 0.01682662 0.09596836 0.7291796 0.06342333 8.25076e-4 0.2065719 0.8869287 0.0169782 0.09609299 0.8906143 0.03858304 0.01044577 0.06035679 0.00925517 0.05767422 0.9330705 0.3509842 0.1006126 0.5484032 0.4381894 0.313774 0.05083227 0.1972043 0.2689775 0.1144134 0.1091636 0.5074455 0.03444659 0.02192693 0.5005598 0.4430666 0.06596767 0.05886626 0.8751659 0.02639305 0.4502725 0.01352292 0.1180883 0.3917231 0.03125107 0.03016203 0.4528523 0.4857345 0.035106 0.0196523 0.5037865 0.1525228 0.2889325 0.02263134 0.02300041 0.510329 0.4440393 0.02164256 0.3814465 0.009795248 0.1054189 0.4816966 0.2451176 0.09938412 0.1006891 0.04666578 0.5081432 0.02336865 0.01124095 0.3860496 0.1174117 0.461929 0.2420731 0.09882032 0.09825688 0.04439949 0.5164502 0.02296221 0.4498111 0.01213347 0.5150932 0.03741824 0.4303491 0.5322326 0.7486403 0.1071692 0.03634208 0.1078484 0.7301748 0.06321674 2.88165e-4 0.2063202 0.03367775 0.3384897 0.1276794 0.008350908 0.4918023 0.7487433 0.1043319 0.1086055 0.03831934 0.7328394 0.0615397 0.2056209 0.9837042 0.01629585 1 0.9835931 0.01640689 0.03100878 0.336297 0.1206023 0.5120919 0.7482187 0.106543 0.1077139 0.03752434 0.7286694 0.001986443 0.06241542 0.2069286 0.03547912 0.3466043 0.1236765 0.002470612 0.4917693 0.7640088 0.08913344 0.1090649 0.0377928 0.7375907 0.05473399 0.001550436 0.2061247 0.004910647 0.02548521 0.4878196 0.4817845 0.006139159 0.04869437 0.9451663 0.9426425 0.05735749 0.009488642 0.02771633 0.4555559 0.5072391 0.00195074 0.024863 0.4737845 0.4994016 0.03293335 0.03114783 0.46425 0.4716687</float_array>
          <technique_common>
            <accessor source="#Armature_Cube-skin-weights-array" count="1337" stride="1">
              <param name="WEIGHT" type="float"/>
            </accessor>
          </technique_common>
        </source>
        <joints>
          <input semantic="JOINT" source="#Armature_Cube-skin-joints"/>
          <input semantic="INV_BIND_MATRIX" source="#Armature_Cube-skin-bind_poses"/>
        </joints>
        <vertex_weights count="386">
          <input semantic="JOINT" source="#Armature_Cube-skin-joints" offset="0"/>
          <input semantic="WEIGHT" source="#Armature_Cube-skin-weights" offset="1"/>
          <vcount>2 2 1 2 2 2 2 2 4 4 4 4 4 4 2 3 4 5 4 4 4 4 1 4 4 2 3 2 4 5 4 4 3 3 3 3 3 3 3 2 5 4 4 5 2 4 3 5 3 3 4 4 4 5 4 4 4 4 1 1 1 1 4 4 4 5 4 4 4 4 6 7 6 7 4 4 4 3 3 3 4 4 4 2 2 2 4 4 3 3 4 4 3 3 2 4 3 4 2 2 3 2 4 3 3 2 2 3 3 2 3 2 4 4 4 4 2 4 3 5 4 3 4 4 4 4 4 4 4 4 1 1 1 1 3 4 4 4 4 4 4 4 2 7 4 7 3 2 4 4 4 4 3 4 3 5 4 3 2 2 2 4 1 3 2 3 2 3 3 2 4 4 4 5 4 3 4 4 1 1 1 1 4 4 4 5 4 4 4 4 6 2 6 4 5 5 5 5 5 5 5 5 4 4 4 4 4 3 4 3 4 3 3 4 3 4 3 4 5 4 4 4 4 3 3 4 3 4 3 4 1 2 1 2 1 2 2 1 2 1 2 1 4 4 4 4 4 3 3 4 3 4 3 4 5 4 4 4 4 3 3 4 3 4 3 4 4 5 4 4 3 4 4 3 2 1 1 2 4 5 4 4 4 4 4 4 5 5 5 5 5 5 5 4 4 3 5 4 3 2 1 2 4 4 3 5 4 3 4 4 3 4 3 4 4 3 4 4 4 3 3 3 4 4 3 4 1 2 2 2 2 2 2 2 1 4 4 3 4 3 4 4 3 4 4 4 3 4 3 4 3 3 4 4 4 3 5 4 5 4 5 5 5 5 4 3 4 4 5 4 3 2 1 2 4 4 4 5 4 4 4 3 2 4 4 4 </vcount>
          <v>8 0 9 1 0 2 8 3 9 4 0 5 9 6 7 7 9 8 0 9 7 10 6 11 9 12 0 13 6 14 0 15 5 16 6 17 7 18 0 19 3 20 7 21 8 22 0 23 3 24 4 25 8 26 0 27 2 28 5 29 6 30 0 31 2 32 4 33 9 34 0 35 3 36 5 37 7 38 2 39 9 40 4 41 8 42 9 43 0 44 2 45 6 46 9 47 0 48 5 49 6 50 7 51 9 52 3 53 7 54 8 55 9 56 0 57 4 58 8 59 9 60 0 61 3 62 7 63 8 64 0 65 4 66 8 67 9 68 0 69 0 70 5 71 6 72 7 73 0 74 2 75 6 76 9 77 1 78 9 79 0 80 5 81 6 82 0 83 7 84 0 85 3 86 4 87 8 88 0 89 2 90 5 91 6 92 9 93 0 94 2 95 4 96 9 97 0 98 3 99 5 100 7 101 2 102 6 103 9 104 2 105 4 106 9 107 0 108 2 109 9 110 5 111 7 112 9 113 3 114 8 115 9 116 0 117 4 118 8 119 0 120 5 121 7 122 0 123 8 124 0 125 3 126 4 127 8 128 9 129 0 130 2 131 5 132 6 133 0 134 2 135 4 136 9 137 0 138 3 139 5 140 7 141 9 142 2 143 9 144 3 145 4 146 8 147 9 148 0 149 2 150 6 151 0 152 2 153 5 154 6 155 9 156 3 157 7 158 9 159 0 160 4 161 9 162 0 163 3 164 7 165 8 166 0 167 3 168 7 169 8 170 0 171 3 172 7 173 8 174 0 175 3 176 7 177 8 178 9 179 0 180 4 181 8 182 9 183 0 184 4 185 8 186 9 187 0 188 4 189 8 190 9 191 0 192 4 193 8 194 9 195 0 196 0 197 0 198 0 199 0 200 5 201 6 202 7 203 0 204 5 205 6 206 7 207 0 208 5 209 6 210 7 211 0 212 5 213 6 214 7 215 9 216 0 217 2 218 6 219 9 220 0 221 2 222 6 223 9 224 0 225 2 226 6 227 9 228 0 229 2 230 6 231 9 232 1 233 2 234 4 235 5 236 6 237 9 238 1 239 3 240 4 241 5 242 7 243 8 244 9 245 1 246 2 247 3 248 4 249 8 250 9 251 1 252 2 253 3 254 5 255 6 256 7 257 9 258 1 259 3 260 5 261 7 262 1 263 3 264 4 265 8 266 1 267 2 268 4 269 9 270 0 271 2 272 9 273 0 274 2 275 9 276 0 277 2 278 6 279 0 280 5 281 6 282 9 283 0 284 5 285 6 286 7 287 0 288 5 289 6 290 7 291 0 292 8 293 0 294 7 295 0 296 6 297 0 298 4 299 8 300 9 301 0 302 4 303 8 304 9 305 0 306 4 307 9 308 0 309 3 310 7 311 0 312 3 313 7 314 8 315 0 316 3 317 7 318 8 319 0 320 3 321 8 322 0 323 4 324 9 325 0 326 9 327 0 328 5 329 7 330 9 331 0 332 2 333 6 334 1 335 2 336 5 337 6 338 0 339 6 340 0 341 7 342 0 343 4 344 8 345 6 346 9 347 0 348 2 349 4 350 9 351 0 352 5 353 7 354 2 355 6 356 9 357 4 358 9 359 0 360 9 361 5 362 7 363 9 364 3 365 8 366 9 367 0 368 8 369 0 370 5 371 7 372 0 373 8 374 0 375 3 376 4 377 8 378 0 379 2 380 5 381 6 382 0 383 2 384 4 385 9 386 0 387 3 388 5 389 7 390 2 391 9 392 0 393 4 394 8 395 9 396 0 397 2 398 6 399 0 400 5 401 6 402 7 403 9 404 3 405 7 406 8 407 9 408 0 409 4 410 9 411 0 412 3 413 4 414 8 415 0 416 3 417 7 418 8 419 0 420 3 421 7 422 8 423 0 424 3 425 7 426 8 427 0 428 2 429 4 430 9 431 0 432 4 433 8 434 9 435 0 436 4 437 8 438 9 439 0 440 4 441 8 442 9 443 0 444 0 445 0 446 0 447 0 448 5 449 7 450 0 451 5 452 6 453 7 454 0 455 5 456 6 457 7 458 0 459 5 460 6 461 7 462 0 463 2 464 5 465 6 466 0 467 2 468 6 469 9 470 0 471 2 472 6 473 9 474 0 475 2 476 6 477 9 478 2 479 9 480 1 481 3 482 4 483 5 484 7 485 8 486 9 487 1 488 4 489 8 490 9 491 1 492 2 493 3 494 5 495 6 496 7 497 9 498 0 499 5 500 6 501 0 502 7 503 0 504 3 505 4 506 8 507 0 508 2 509 5 510 6 511 0 512 2 513 4 514 9 515 0 516 3 517 5 518 7 519 2 520 6 521 9 522 0 523 4 524 8 525 9 526 0 527 2 528 9 529 0 530 5 531 6 532 7 533 9 534 3 535 7 536 8 537 9 538 0 539 4 540 8 541 0 542 7 543 0 544 8 545 8 546 9 547 0 548 2 549 5 550 6 551 9 552 0 553 7 554 9 555 2 556 9 557 4 558 8 559 9 560 0 561 6 562 5 563 6 564 9 565 3 566 7 567 9 568 0 569 9 570 0 571 3 572 7 573 8 574 0 575 3 576 5 577 7 578 0 579 3 580 7 581 8 582 0 583 3 584 7 585 8 586 9 587 0 588 4 589 8 590 9 591 0 592 4 593 8 594 0 595 4 596 8 597 9 598 0 599 4 600 8 601 9 602 0 603 0 604 0 605 0 606 0 607 5 608 6 609 7 610 0 611 2 612 5 613 6 614 0 615 5 616 6 617 7 618 0 619 5 620 6 621 7 622 9 623 0 624 2 625 6 626 9 627 0 628 2 629 4 630 9 631 0 632 2 633 6 634 9 635 0 636 2 637 6 638 9 639 1 640 2 641 4 642 5 643 6 644 9 645 3 646 9 647 1 648 2 649 3 650 4 651 8 652 9 653 5 654 6 655 7 656 9 657 1 658 3 659 5 660 7 661 9 662 1 663 3 664 5 665 7 666 9 667 1 668 3 669 5 670 7 671 9 672 1 673 3 674 5 675 7 676 9 677 1 678 3 679 4 680 8 681 9 682 1 683 3 684 4 685 8 686 9 687 1 688 3 689 4 690 8 691 9 692 1 693 3 694 4 695 8 696 9 697 1 698 2 699 4 700 9 701 1 702 2 703 4 704 9 705 1 706 2 707 4 708 9 709 1 710 2 711 4 712 9 713 0 714 2 715 6 716 9 717 0 718 2 719 9 720 0 721 2 722 6 723 9 724 0 725 2 726 9 727 0 728 2 729 6 730 9 731 0 732 2 733 9 734 0 735 2 736 9 737 0 738 2 739 6 740 9 741 0 742 2 743 6 744 0 745 2 746 6 747 9 748 0 749 2 750 6 751 0 752 2 753 6 754 9 755 0 756 5 757 6 758 7 759 9 760 0 761 5 762 6 763 9 764 0 765 5 766 6 767 7 768 0 769 5 770 6 771 9 772 0 773 5 774 6 775 7 776 0 777 5 778 6 779 0 780 5 781 6 782 0 783 5 784 6 785 7 786 0 787 5 788 7 789 0 790 5 791 6 792 7 793 0 794 5 795 7 796 0 797 5 798 6 799 7 800 0 801 0 802 8 803 0 804 0 805 8 806 0 807 0 808 7 809 0 810 7 811 0 812 0 813 6 814 0 815 0 816 6 817 0 818 0 819 4 820 8 821 9 822 0 823 4 824 8 825 9 826 0 827 4 828 8 829 9 830 0 831 4 832 8 833 9 834 0 835 4 836 8 837 9 838 0 839 4 840 8 841 0 842 4 843 8 844 0 845 4 846 8 847 9 848 0 849 4 850 9 851 0 852 4 853 8 854 9 855 0 856 4 857 9 858 0 859 4 860 8 861 9 862 0 863 3 864 7 865 8 866 9 867 0 868 3 869 7 870 9 871 0 872 3 873 7 874 8 875 0 876 3 877 7 878 9 879 0 880 3 881 7 882 8 883 0 884 3 885 7 886 0 887 3 888 7 889 0 890 3 891 7 892 8 893 0 894 3 895 8 896 0 897 3 898 7 899 8 900 0 901 3 902 8 903 0 904 3 905 7 906 8 907 0 908 3 909 8 910 9 911 0 912 3 913 7 914 8 915 9 916 0 917 3 918 7 919 8 920 0 921 3 922 8 923 9 924 0 925 4 926 9 927 0 928 4 929 8 930 9 931 0 932 4 933 8 934 9 935 0 936 4 937 9 938 0 939 9 940 0 941 0 942 0 943 9 944 0 945 5 946 7 947 9 948 0 949 5 950 6 951 7 952 9 953 0 954 5 955 6 956 7 957 0 958 5 959 7 960 9 961 0 962 2 963 6 964 9 965 0 966 2 967 6 968 9 969 0 970 2 971 6 972 9 973 0 974 2 975 6 976 9 977 1 978 2 979 5 980 6 981 9 982 1 983 2 984 5 985 6 986 9 987 1 988 2 989 5 990 6 991 9 992 1 993 2 994 5 995 6 996 9 997 1 998 2 999 5 1000 6 1001 9 1002 1 1003 2 1004 5 1005 6 1006 9 1007 1 1008 2 1009 5 1010 6 1011 9 1012 0 1013 2 1014 6 1015 9 1016 0 1017 2 1018 6 1019 9 1020 0 1021 2 1022 6 1023 0 1024 5 1025 6 1026 7 1027 9 1028 0 1029 5 1030 6 1031 7 1032 0 1033 5 1034 7 1035 0 1036 9 1037 0 1038 0 1039 9 1040 0 1041 4 1042 8 1043 9 1044 0 1045 4 1046 8 1047 9 1048 0 1049 4 1050 9 1051 0 1052 3 1053 7 1054 8 1055 9 1056 0 1057 3 1058 7 1059 8 1060 0 1061 3 1062 8 1063 0 1064 3 1065 7 1066 8 1067 0 1068 3 1069 7 1070 8 1071 0 1072 3 1073 8 1074 0 1075 3 1076 5 1077 7 1078 0 1079 3 1080 7 1081 0 1082 3 1083 7 1084 8 1085 0 1086 3 1087 7 1088 9 1089 0 1090 3 1091 7 1092 0 1093 3 1094 7 1095 8 1096 0 1097 4 1098 8 1099 9 1100 0 1101 4 1102 8 1103 9 1104 0 1105 4 1106 9 1107 0 1108 4 1109 8 1110 0 1111 4 1112 8 1113 0 1114 4 1115 8 1116 9 1117 0 1118 4 1119 8 1120 9 1121 0 1122 4 1123 8 1124 0 1125 4 1126 8 1127 9 1128 0 1129 0 1130 6 1131 0 1132 6 1133 0 1134 7 1135 0 1136 7 1137 0 1138 7 1139 0 1140 8 1141 0 1142 8 1143 0 1144 0 1145 5 1146 6 1147 7 1148 0 1149 5 1150 6 1151 7 1152 0 1153 5 1154 7 1155 0 1156 2 1157 5 1158 6 1159 0 1160 5 1161 6 1162 0 1163 5 1164 6 1165 7 1166 0 1167 5 1168 6 1169 9 1170 0 1171 5 1172 6 1173 0 1174 5 1175 6 1176 7 1177 0 1178 2 1179 6 1180 9 1181 0 1182 2 1183 6 1184 9 1185 0 1186 2 1187 6 1188 0 1189 2 1190 4 1191 9 1192 0 1193 2 1194 9 1195 0 1196 2 1197 6 1198 9 1199 0 1200 2 1201 9 1202 0 1203 2 1204 9 1205 0 1206 2 1207 6 1208 9 1209 1 1210 2 1211 4 1212 9 1213 1 1214 2 1215 4 1216 9 1217 2 1218 4 1219 9 1220 1 1221 3 1222 4 1223 8 1224 9 1225 3 1226 4 1227 8 1228 9 1229 1 1230 3 1231 4 1232 8 1233 9 1234 3 1235 5 1236 7 1237 9 1238 1 1239 3 1240 5 1241 7 1242 9 1243 1 1244 3 1245 5 1246 7 1247 9 1248 1 1249 3 1250 5 1251 7 1252 9 1253 1 1254 3 1255 4 1256 8 1257 9 1258 1 1259 2 1260 4 1261 9 1262 0 1263 2 1264 9 1265 0 1266 2 1267 6 1268 9 1269 0 1270 2 1271 5 1272 6 1273 0 1274 5 1275 6 1276 7 1277 9 1278 0 1279 5 1280 6 1281 7 1282 0 1283 5 1284 7 1285 0 1286 8 1287 0 1288 0 1289 6 1290 0 1291 4 1292 8 1293 9 1294 0 1295 4 1296 8 1297 9 1298 0 1299 2 1300 4 1301 9 1302 0 1303 3 1304 7 1305 8 1306 9 1307 0 1308 3 1309 7 1310 8 1311 0 1312 3 1313 4 1314 8 1315 0 1316 3 1317 8 1318 9 1319 0 1320 4 1321 9 1322 0 1323 9 1324 0 1325 5 1326 7 1327 9 1328 0 1329 2 1330 6 1331 9 1332 2 1333 5 1334 6 1335 9 1336</v>
        </vertex_weights>
      </skin>
    </controller>
  </library_controllers>
  <library_animations>
    <animation id="action_container-Armature" name="Armature">
      <animation id="Armature_ArmatureAction_transform" name="Armature">
        <source id="Armature_ArmatureAction_transform-input">
          <float_array id="Armature_ArmatureAction_transform-input-array" count="30">0.04166662 0.08333331 0.125 0.1666666 0.2083333 0.25 0.2916666 0.3333333 0.375 0.4166666 0.4583333 0.5 0.5416667 0.5833333 0.625 0.6666667 0.7083333 0.75 0.7916667 0.8333333 0.875 0.9166667 0.9583333 1 1.041667 1.083333 1.125 1.166667 1.208333 1.25</float_array>
          <technique_common>
            <accessor source="#Armature_ArmatureAction_transform-input-array" count="30" stride="1">
              <param name="TIME" type="float"/>
            </accessor>
          </technique_common>
        </source>
        <source id="Armature_ArmatureAction_transform-output">
          <float_array id="Armature_ArmatureAction_transform-output-array" count="480">1 0 0 0 0 1 0 0 0 0 1 0 0 0 0 1 1 0 0 0 0 1 0 0.01045553 0 0 1 0 0 0 0 1 1 0 0 0 0 1 0 0.04083808 0 0 1 0 0 0 0 1 1 0 0 0 0 1 0 0.08967157 0 0 1 0 0 0 0 1 1 0 0 0 0 1 0 0.1554799 0 0 1 0 0 0 0 1 1 0 0 0 0 1 0 0.2367871 0 0 1 0 0 0 0 1 1 0 0 0 0 1 0 0.332117 0 0 1 0 0 0 0 1 1 0 0 0 0 1 0 0.4399935 0 0 1 0 0 0 0 1 1 0 0 0 0 1 0 0.5589405 0 0 1 0 0 0 0 1 1 0 0 0 0 1 0 0.6874822 0 0 1 0 0 0 0 1 1 0 0 0 0 1 0 0.824142 0 0 1 0 0 0 0 1 1 0 0 0 0 1 0 0.9674444 0 0 1 0 0 0 0 1 1 0 0 0 0 1 0 1.115913 0 0 1 0 0 0 0 1 1 0 0 0 0 1 0 1.268072 0 0 1 0 0 0 0 1 1 0 0 0 0 1 0 1.422445 0 0 1 0 0 0 0 1 1 0 0 0 0 1 0 1.577556 0 0 1 0 0 0 0 1 1 0 0 0 0 1 0 1.731928 0 0 1 0 0 0 0 1 1 0 0 0 0 1 0 1.884087 0 0 1 0 0 0 0 1 1 0 0 0 0 1 0 2.032556 0 0 1 0 0 0 0 1 1 0 0 0 0 1 0 2.175858 0 0 1 0 0 0 0 1 1 0 0 0 0 1 0 2.312518 0 0 1 0 0 0 0 1 1 0 0 0 0 1 0 2.44106 0 0 1 0 0 0 0 1 1 0 0 0 0 1 0 2.560007 0 0 1 0 0 0 0 1 1 0 0 0 0 1 0 2.667883 0 0 1 0 0 0 0 1 1 0 0 0 0 1 0 2.763213 0 0 1 0 0 0 0 1 1 0 0 0 0 1 0 2.84452 0 0 1 0 0 0 0 1 1 0 0 0 0 1 0 2.910329 0 0 1 0 0 0 0 1 1 0 0 0 0 1 0 2.959162 0 0 1 0 0 0 0 1 1 0 0 0 0 1 0 2.989545 0 0 1 0 0 0 0 1 1 0 0 0 0 1 0 3 0 0 1 0 0 0 0 1</float_array>
          <technique_common>
            <accessor source="#Armature_ArmatureAction_transform-output-array" count="30" stride="16">
              <param name="TRANSFORM" type="float4x4"/>
            </accessor>
          </technique_common>
        </source>
        <source id="Armature_ArmatureAction_transform-interpolation">
          <Name_array id="Armature_ArmatureAction_transform-interpolation-array" count="30">LINEAR LINEAR LINEAR LINEAR LINEAR LINEAR LINEAR LINEAR LINEAR LINEAR LINEAR LINEAR LINEAR LINEAR LINEAR LINEAR LINEAR LINEAR LINEAR LINEAR LINEAR LINEAR LINEAR LINEAR LINEAR LINEAR LINEAR LINEAR LINEAR LINEAR</Name_array>
          <technique_common>
            <accessor source="#Armature_ArmatureAction_transform-interpolation-array" count="30" stride="1">
              <param name="INTERPOLATION" type="name"/>
            </accessor>
          </technique_common>
        </source>
        <sampler id="Armature_ArmatureAction_transform-sampler">
          <input semantic="INPUT" source="#Armature_ArmatureAction_transform-input"/>
          <input semantic="OUTPUT" source="#Armature_ArmatureAction_transform-output"/>
          <input semantic="INTERPOLATION" source="#Armature_ArmatureAction_transform-interpolation"/>
        </sampler>
        <channel source="#Armature_ArmatureAction_transform-sampler" target="Armature/transform"/>
      </animation>
      <animation id="Armature_ArmatureAction_center_pose_matrix" name="Armature">
        <source id="Armature_ArmatureAction_center_pose_matrix-input">
          <float_array id="Armature_ArmatureAction_center_pose_matrix-input-array" count="30">0.04166662 0.08333331 0.125 0.1666666 0.2083333 0.25 0.2916666 0.3333333 0.375 0.4166666 0.4583333 0.5 0.5416667 0.5833333 0.625 0.6666667 0.7083333 0.75 0.7916667 0.8333333 0.875 0.9166667 0.9583333 1 1.041667 1.083333 1.125 1.166667 1.208333 1.25</float_array>
          <technique_common>
            <accessor source="#Armature_ArmatureAction_center_pose_matrix-input-array" count="30" stride="1">
              <param name="TIME" type="float"/>
            </accessor>
          </technique_common>
        </source>
        <source id="Armature_ArmatureAction_center_pose_matrix-output">
          <float_array id="Armature_ArmatureAction_center_pose_matrix-output-array" count="480">1 0 0 0 0 0 -1 0 0 1 0 3.99778 0 0 0 1 1 0 0 0 0 0 -1 0 0 1 0 3.99778 0 0 0 1 1 0 0 0 0 0 -1 0 0 1 0 3.99778 0 0 0 1 1 0 0 0 0 0 -1 0 0 1 0 3.99778 0 0 0 1 1 0 0 0 0 0 -1 0 0 1 0 3.99778 0 0 0 1 1 0 0 0 0 0 -1 0 0 1 0 3.99778 0 0 0 1 1 0 0 0 0 0 -1 0 0 1 0 3.99778 0 0 0 1 1 0 0 0 0 0 -1 0 0 1 0 3.99778 0 0 0 1 1 0 0 0 0 0 -1 0 0 1 0 3.99778 0 0 0 1 1 0 0 0 0 0 -1 0 0 1 0 3.99778 0 0 0 1 1 0 0 0 0 0 -1 0 0 1 0 3.99778 0 0 0 1 1 0 0 0 0 0 -1 0 0 1 0 3.99778 0 0 0 1 1 0 0 0 0 0 -1 0 0 1 0 3.99778 0 0 0 1 1 0 0 0 0 0 -1 0 0 1 0 3.99778 0 0 0 1 1 0 0 0 0 0 -1 0 0 1 0 3.99778 0 0 0 1 1 0 0 0 0 0 -1 -0.03822223 0 1 0 3.99778 0 0 0 1 1 0 0 0 0 0 -1 -0.1457778 0 1 0 3.99778 0 0 0 1 1 0 0 0 0 0 -1 -0.312 0 1 0 3.99778 0 0 0 1 1 0 0 0 0 0 -1 -0.5262223 0 1 0 3.99778 0 0 0 1 1 0 0 0 0 0 -1 -0.7777779 0 1 0 3.99778 0 0 0 1 1 0 0 0 0 0 -1 -1.056 0 1 0 3.99778 0 0 0 1 1 0 0 0 0 0 -1 -1.350222 0 1 0 3.99778 0 0 0 1 1 0 0 0 0 0 -1 -1.649778 0 1 0 3.99778 0 0 0 1 1 0 0 0 0 0 -1 -1.944 0 1 0 3.99778 0 0 0 1 1 0 0 0 0 0 -1 -2.222223 0 1 0 3.99778 0 0 0 1 1 0 0 0 0 0 -1 -2.473778 0 1 0 3.99778 0 0 0 1 1 0 0 0 0 0 -1 -2.688 0 1 0 3.99778 0 0 0 1 1 0 0 0 0 0 -1 -2.854222 0 1 0 3.99778 0 0 0 1 1 0 0 0 0 0 -1 -2.961777 0 1 0 3.99778 0 0 0 1 1 0 0 0 0 0 -1 -3 0 1 0 3.99778 0 0 0 1</float_array>
          <technique_common>
            <accessor source="#Armature_ArmatureAction_center_pose_matrix-output-array" count="30" stride="16">
              <param name="TRANSFORM" type="float4x4"/>
            </accessor>
          </technique_common>
        </source>
        <source id="Armature_ArmatureAction_center_pose_matrix-interpolation">
          <Name_array id="Armature_ArmatureAction_center_pose_matrix-interpolation-array" count="30">LINEAR LINEAR LINEAR LINEAR LINEAR LINEAR LINEAR LINEAR LINEAR LINEAR LINEAR LINEAR LINEAR LINEAR LINEAR LINEAR LINEAR LINEAR LINEAR LINEAR LINEAR LINEAR LINEAR LINEAR LINEAR LINEAR LINEAR LINEAR LINEAR LINEAR</Name_array>
          <technique_common>
            <accessor source="#Armature_ArmatureAction_center_pose_matrix-interpolation-array" count="30" stride="1">
              <param name="INTERPOLATION" type="name"/>
            </accessor>
          </technique_common>
        </source>
        <sampler id="Armature_ArmatureAction_center_pose_matrix-sampler">
          <input semantic="INPUT" source="#Armature_ArmatureAction_center_pose_matrix-input"/>
          <input semantic="OUTPUT" source="#Armature_ArmatureAction_center_pose_matrix-output"/>
          <input semantic="INTERPOLATION" source="#Armature_ArmatureAction_center_pose_matrix-interpolation"/>
        </sampler>
        <channel source="#Armature_ArmatureAction_center_pose_matrix-sampler" target="Armature_center/transform"/>
      </animation>
      <animation id="Armature_ArmatureAction_top_center_pose_matrix" name="Armature">
        <source id="Armature_ArmatureAction_top_center_pose_matrix-input">
          <float_array id="Armature_ArmatureAction_top_center_pose_matrix-input-array" count="30">0.04166662 0.08333331 0.125 0.1666666 0.2083333 0.25 0.2916666 0.3333333 0.375 0.4166666 0.4583333 0.5 0.5416667 0.5833333 0.625 0.6666667 0.7083333 0.75 0.7916667 0.8333333 0.875 0.9166667 0.9583333 1 1.041667 1.083333 1.125 1.166667 1.208333 1.25</float_array>
          <technique_common>
            <accessor source="#Armature_ArmatureAction_top_center_pose_matrix-input-array" count="30" stride="1">
              <param name="TIME" type="float"/>
            </accessor>
          </technique_common>
        </source>
        <source id="Armature_ArmatureAction_top_center_pose_matrix-output">
          <float_array id="Armature_ArmatureAction_top_center_pose_matrix-output-array" count="480">1 0 0 0 0 1 0 3.053859 0 0 1 0 0 0 0 1 1 0 0 0 0 1 0 3.053859 0 0 1 0.04373177 0 0 0 1 1 0 0 0 0 1 0 3.053859 0 0 1 0.1661807 0 0 0 1 1 0 0 0 0 1 0 3.053859 0 0 1 0.3542273 0 0 0 1 1 0 0 0 0 1 0 3.053859 0 0 1 0.5947521 0 0 0 1 1 0 0 0 0 1 0 3.053859 0 0 1 0.8746355 0 0 0 1 1 0 0 0 0 1 0 3.053859 0 0 1 1.180758 0 0 0 1 1 0 0 0 0 1 0 3.053859 0 0 1 1.5 0 0 0 1 1 0 0 0 0 1 0 3.053859 0 0 1 1.819242 0 0 0 1 1 0 0 0 0 1 0 3.053859 0 0 1 2.125364 0 0 0 1 1 0 0 0 0 1 0 3.053859 0 0 1 2.405247 0 0 0 1 1 0 0 0 0 1 0 3.053859 0 0 1 2.645772 0 0 0 1 1 0 0 0 0 1 0 3.053859 0 0 1 2.833819 0 0 0 1 1 0 0 0 0 1 0 3.053859 0 0 1 2.956268 0 0 0 1 1 0 0 0 0 1 0 3.053859 0 0 1 3 0 0 0 1 1 0 0 0 0 1 0 3.053859 0 0 1 2.961778 0 0 0 1 1 0 0 0 0 1 0 3.053859 0 0 1 2.854222 0 0 0 1 1 0 0 0 0 1 0 3.053859 0 0 1 2.688 0 0 0 1 1 0 0 0 0 1 0 3.053859 0 0 1 2.473778 0 0 0 1 1 0 0 0 0 1 0 3.053859 0 0 1 2.222222 0 0 0 1 1 0 0 0 0 1 0 3.053859 0 0 1 1.944 0 0 0 1 1 0 0 0 0 1 0 3.053859 0 0 1 1.649778 0 0 0 1 1 0 0 0 0 1 0 3.053859 0 0 1 1.350222 0 0 0 1 1 0 0 0 0 1 0 3.053859 0 0 1 1.056 0 0 0 1 1 0 0 0 0 1 0 3.053859 0 0 1 0.7777774 0 0 0 1 1 0 0 0 0 1 0 3.053859 0 0 1 0.5262222 0 0 0 1 1 0 0 0 0 1 0 3.053859 0 0 1 0.3119998 0 0 0 1 1 0 0 0 0 1 0 3.053859 0 0 1 0.1457777 0 0 0 1 1 0 0 0 0 1 0 3.053859 0 0 1 0.03822279 0 0 0 1 1 0 0 0 0 1 0 3.053859 0 0 1 0 0 0 0 1</float_array>
          <technique_common>
            <accessor source="#Armature_ArmatureAction_top_center_pose_matrix-output-array" count="30" stride="16">
              <param name="TRANSFORM" type="float4x4"/>
            </accessor>
          </technique_common>
        </source>
        <source id="Armature_ArmatureAction_top_center_pose_matrix-interpolation">
          <Name_array id="Armature_ArmatureAction_top_center_pose_matrix-interpolation-array" count="30">LINEAR LINEAR LINEAR LINEAR LINEAR LINEAR LINEAR LINEAR LINEAR LINEAR LINEAR LINEAR LINEAR LINEAR LINEAR LINEAR LINEAR LINEAR LINEAR LINEAR LINEAR LINEAR LINEAR LINEAR LINEAR LINEAR LINEAR LINEAR LINEAR LINEAR</Name_array>
          <technique_common>
            <accessor source="#Armature_ArmatureAction_top_center_pose_matrix-interpolation-array" count="30" stride="1">
              <param name="INTERPOLATION" type="name"/>
            </accessor>
          </technique_common>
        </source>
        <sampler id="Armature_ArmatureAction_top_center_pose_matrix-sampler">
          <input semantic="INPUT" source="#Armature_ArmatureAction_top_center_pose_matrix-input"/>
          <input semantic="OUTPUT" source="#Armature_ArmatureAction_top_center_pose_matrix-output"/>
          <input semantic="INTERPOLATION" source="#Armature_ArmatureAction_top_center_pose_matrix-interpolation"/>
        </sampler>
        <channel source="#Armature_ArmatureAction_top_center_pose_matrix-sampler" target="Armature_top_center/transform"/>
      </animation>
    </animation>
  </library_animations>
  <library_visual_scenes>
    <visual_scene id="Scene" name="Scene">
      <node id="Armature" name="Armature" type="NODE">
        <matrix sid="transform">1 0 0 0 0 1 0 3 0 0 1 0 0 0 0 1</matrix>
        <node id="Armature_center" name="center" sid="center" type="JOINT">
          <matrix sid="transform">1 0 0 0 0 0 -1 0 0 1 0 3.99778 0 0 0 1</matrix>
          <node id="Armature_top_center" name="top_center" sid="top_center" type="JOINT">
            <matrix sid="transform">1 0 0 0 0 1 0 3.053859 0 0 1 0 0 0 0 1</matrix>
            <node id="Armature_top_center_west" name="top_center_west" sid="top_center_west" type="JOINT">
              <matrix sid="transform">1 0 4.76838e-7 0 3.90603e-7 0.5735763 -0.8191521 0.4091816 -2.73503e-7 0.8191521 0.5735763 3.199531 0 0 0 1</matrix>
              <extra>
                <technique profile="blender">
                  <layer sid="layer" type="string">0</layer>
                  <roll sid="roll" type="float">4.76838e-7</roll>
                  <tip_x sid="tip_x" type="float">0</tip_x>
                  <tip_y sid="tip_y" type="float">-0.8191516</tip_y>
                  <tip_z sid="tip_z" type="float">0.573576</tip_z>
                </technique>
              </extra>
            </node>
            <node id="Armature_top_center_east" name="top_center_east" sid="top_center_east" type="JOINT">
              <matrix sid="transform">1 0 0 0 0 0.5735767 0.8191518 0.441843 0 -0.8191518 0.5735767 -3.264854 0 0 0 1</matrix>
              <extra>
                <technique profile="blender">
                  <layer sid="layer" type="string">0</layer>
                  <tip_x sid="tip_x" type="float">0</tip_x>
                  <tip_y sid="tip_y" type="float">0.8191521</tip_y>
                  <tip_z sid="tip_z" type="float">0.5735769</tip_z>
                </technique>
              </extra>
            </node>
            <node id="Armature_top_center_south" name="top_center_south" sid="top_center_south" type="JOINT">
              <matrix sid="transform">0.6427878 0.7660443 2.96155e-7 3.242415 -0.7660443 0.6427879 -3.52944e-7 0.3255835 -4.60735e-7 0 1 -1.97477e-8 0 0 0 1</matrix>
              <extra>
                <technique profile="blender">
                  <layer sid="layer" type="string">0</layer>
                  <roll sid="roll" type="float">0.8726648</roll>
                  <tip_x sid="tip_x" type="float">0.7660444</tip_x>
                  <tip_y sid="tip_y" type="float">0</tip_y>
                  <tip_z sid="tip_z" type="float">0.6427879</tip_z>
                </technique>
              </extra>
            </node>
            <node id="Armature_top_center_north" name="top_center_north" sid="top_center_north" type="JOINT">
              <matrix sid="transform">0.5735761 -0.8191523 -2.82868e-7 -3.199531 0.8191523 0.5735763 -4.03978e-7 0.3765202 4.93166e-7 1.42109e-14 1 -2.19419e-8 0 0 0 1</matrix>
              <extra>
                <technique profile="blender">
                  <layer sid="layer" type="string">0</layer>
                  <roll sid="roll" type="float">-0.9599317</roll>
                  <tip_x sid="tip_x" type="float">-0.8191519</tip_x>
                  <tip_y sid="tip_y" type="float">0</tip_y>
                  <tip_z sid="tip_z" type="float">0.573576</tip_z>
                </technique>
              </extra>
            </node>
            <node id="Armature_top_center_nw" name="top_center_nw" sid="top_center_nw" type="JOINT">
              <matrix sid="transform">0.7264571 -0.5868242 0.3576277 -3.455086 0.6865368 0.6427879 -0.3398397 0.3012657 -0.03045264 0.4924035 0.8698342 3.556818 0 0 0 1</matrix>
              <extra>
                <technique profile="blender">
                  <layer sid="layer" type="string">0</layer>
                  <roll sid="roll" type="float">-0.7049207</roll>
                  <tip_x sid="tip_x" type="float">-0.5868242</tip_x>
                  <tip_y sid="tip_y" type="float">-0.4924035</tip_y>
                  <tip_z sid="tip_z" type="float">0.6427879</tip_z>
                </technique>
              </extra>
            </node>
            <node id="Armature_top_center_ne" name="top_center_ne" sid="top_center_ne" type="JOINT">
              <matrix sid="transform">0.776309 -0.627507 0.05982899 -3.344347 0.4089322 0.5735762 0.709778 0.3928509 -0.4797071 -0.5265409 0.7018802 -3.476483 0 0 0 1</matrix>
              <extra>
                <technique profile="blender">
                  <layer sid="layer" type="string">0</layer>
                  <roll sid="roll" type="float">-0.2307309</roll>
                  <tip_x sid="tip_x" type="float">-0.6275067</tip_x>
                  <tip_y sid="tip_y" type="float">0.5265408</tip_y>
                  <tip_z sid="tip_z" type="float">0.573576</tip_z>
                </technique>
              </extra>
            </node>
            <node id="Armature_top_center_se" name="top_center_se" sid="top_center_se" type="JOINT">
              <matrix sid="transform">0.7264568 0.586824 0.3576285 3.479003 -0.6865371 0.642788 0.339839 0.3092527 -0.03045359 -0.4924036 0.8698341 -3.542545 0 0 0 1</matrix>
              <extra>
                <technique profile="blender">
                  <layer sid="layer" type="string">0</layer>
                  <roll sid="roll" type="float">0.7749124</roll>
                  <tip_x sid="tip_x" type="float">0.5868239</tip_x>
                  <tip_y sid="tip_y" type="float">0.4924035</tip_y>
                  <tip_z sid="tip_z" type="float">0.6427879</tip_z>
                </technique>
              </extra>
            </node>
            <node id="Armature_top_center_sw" name="top_center_sw" sid="top_center_sw" type="JOINT">
              <matrix sid="transform">0.7459543 0.5416754 -0.3874789 3.534239 -0.6646248 0.6427873 -0.3809179 0.2765913 0.04273257 0.5416754 0.8395008 3.501578 0 0 0 1</matrix>
              <extra>
                <technique profile="blender">
                  <layer sid="layer" type="string">0</layer>
                  <roll sid="roll" type="float">0.6493809</roll>
                  <tip_x sid="tip_x" type="float">0.5416756</tip_x>
                  <tip_y sid="tip_y" type="float">-0.5416756</tip_y>
                  <tip_z sid="tip_z" type="float">0.6427875</tip_z>
                </technique>
              </extra>
            </node>
            <extra>
              <technique profile="blender">
                <layer sid="layer" type="string">0</layer>
                <tip_x sid="tip_x" type="float">0</tip_x>
                <tip_y sid="tip_y" type="float">0</tip_y>
                <tip_z sid="tip_z" type="float">1</tip_z>
              </technique>
            </extra>
          </node>
          <extra>
            <technique profile="blender">
              <layer sid="layer" type="string">0</layer>
              <tip_x sid="tip_x" type="float">0</tip_x>
              <tip_y sid="tip_y" type="float">0</tip_y>
              <tip_z sid="tip_z" type="float">0.9999998</tip_z>
            </technique>
          </extra>
        </node>
        <node id="Cube" name="Cube" type="NODE">
          <matrix sid="transform">1 0 0 0 0 1 0 0 0 0 1 0 0 0 0 1</matrix>
          <instance_controller url="#Armature_Cube-skin">
            <skeleton>#Armature_center</skeleton>
            <bind_material>
              <technique_common>
                <instance_material symbol="Material-material" target="#Material-material">
                  <bind_vertex_input semantic="UVMap" input_semantic="TEXCOORD" input_set="0"/>
                </instance_material>
              </technique_common>
            </bind_material>
          </instance_controller>
        </node>
      </node>
    </visual_scene>
  </library_visual_scenes>
  <scene>
    <instance_visual_scene url="#Scene"/>
  </scene>
</COLLADA>